stable_identity,review_id,domain,filename,original_final_status,family_id,category,categories,representative
provider-logo::+ N NEWS.png,AUX-PROV-46C43ED0F394,provider-logo,+ N NEWS.png,REVIEW,AUX-RF-0805,E_MIXED_CHROMATIC_UNSAFE_RECOLOUR,E_MIXED_CHROMATIC_UNSAFE_RECOLOUR,true
provider-logo::1 Cent.png,AUX-PROV-6D64A1AFE468,provider-logo,1 Cent.png,SOURCE-UNRESOLVED,AUX-RF-1207,J_SOURCE_UNRESOLVED_BLACK_ONLY,J_SOURCE_UNRESOLVED_BLACK_ONLY,true
provider-logo::1+1 INTERNATIONAL.png,AUX-PROV-EB91D12CE4F4,provider-logo,1+1 INTERNATIONAL.png,REVIEW,AUX-RF-0234,C_BLACK_AND_WHITE_CONTRAST,C_BLACK_AND_WHITE_CONTRAST|E_MIXED_CHROMATIC_UNSAFE_RECOLOUR,true
provider-logo::1+1 MEDIA.png,AUX-PROV-32D33957E87C,provider-logo,1+1 MEDIA.png,REVIEW,AUX-RF-0548,C_BLACK_AND_WHITE_CONTRAST,C_BLACK_AND_WHITE_CONTRAST|E_MIXED_CHROMATIC_UNSAFE_RECOLOUR,true
provider-logo::1PLUS1 MEDIA.png,AUX-PROV-9853844B3CB8,provider-logo,1PLUS1 MEDIA.png,REVIEW,AUX-RF-0313,C_BLACK_AND_WHITE_CONTRAST,C_BLACK_AND_WHITE_CONTRAST|E_MIXED_CHROMATIC_UNSAFE_RECOLOUR,true
provider-logo::1USD.png,AUX-PROV-985E6EEA1F4C,provider-logo,1USD.png,SOURCE-UNRESOLVED,AUX-RF-1210,J_SOURCE_UNRESOLVED_BLACK_ONLY,J_SOURCE_UNRESOLVED_BLACK_ONLY,true
provider-logo::249TV.png,AUX-PROV-0C42B6BF807A,provider-logo,249TV.png,REVIEW,AUX-RF-0306,C_BLACK_AND_WHITE_CONTRAST,C_BLACK_AND_WHITE_CONTRAST|D_COMPONENT_MASK_AMBIGUOUS|E_MIXED_CHROMATIC_UNSAFE_RECOLOUR,true
provider-logo::24H.png,AUX-PROV-4D14D4965903,provider-logo,24H.png,REVIEW,AUX-RF-0372,C_BLACK_AND_WHITE_CONTRAST,C_BLACK_AND_WHITE_CONTRAST|E_MIXED_CHROMATIC_UNSAFE_RECOLOUR,true
provider-logo::2M.png,AUX-PROV-EEB89897AAEB,provider-logo,2M.png,REVIEW,AUX-RF-0501,C_BLACK_AND_WHITE_CONTRAST,C_BLACK_AND_WHITE_CONTRAST|D_COMPONENT_MASK_AMBIGUOUS|E_MIXED_CHROMATIC_UNSAFE_RECOLOUR,true
provider-logo::365 TV.png,AUX-PROV-4F9128036AB1,provider-logo,365 TV.png,REVIEW,AUX-RF-0892,E_MIXED_CHROMATIC_UNSAFE_RECOLOUR,E_MIXED_CHROMATIC_UNSAFE_RECOLOUR,true
provider-logo::7 GOLD.png,AUX-PROV-05408B6C2202,provider-logo,7 GOLD.png,REVIEW,AUX-RF-0683,D_COMPONENT_MASK_AMBIGUOUS,D_COMPONENT_MASK_AMBIGUOUS|E_MIXED_CHROMATIC_UNSAFE_RECOLOUR,true
provider-logo::70.80.TV.png,AUX-PROV-C4AFEFEDCAE6,provider-logo,70.80.TV.png,REVIEW,AUX-RF-0673,D_COMPONENT_MASK_AMBIGUOUS,D_COMPONENT_MASK_AMBIGUOUS|E_MIXED_CHROMATIC_UNSAFE_RECOLOUR,true
provider-logo::82xCANAL+.png,AUX-PROV-FC33A0DBAD22,provider-logo,82xCANAL+.png,REVIEW,AUX-RF-0040,C_BLACK_AND_WHITE_CONTRAST,C_BLACK_AND_WHITE_CONTRAST|D_COMPONENT_MASK_AMBIGUOUS|E_MIXED_CHROMATIC_UNSAFE_RECOLOUR,true
provider-logo::A HR.png,AUX-PROV-A55C145AA09E,provider-logo,A HR.png,REVIEW,AUX-RF-0293,C_BLACK_AND_WHITE_CONTRAST,C_BLACK_AND_WHITE_CONTRAST|E_MIXED_CHROMATIC_UNSAFE_RECOLOUR,true
provider-logo::A PLUS LIVE.png,AUX-PROV-F0BFCDF3AB5E,provider-logo,A PLUS LIVE.png,REVIEW,AUX-RF-0004,C_BLACK_AND_WHITE_CONTRAST,C_BLACK_AND_WHITE_CONTRAST|D_COMPONENT_MASK_AMBIGUOUS|E_MIXED_CHROMATIC_UNSAFE_RECOLOUR,true
provider-logo::A! BG.png,AUX-PROV-00767B9277B5,provider-logo,A! BG.png,REVIEW,AUX-RF-0654,C_BLACK_AND_WHITE_CONTRAST,C_BLACK_AND_WHITE_CONTRAST|E_MIXED_CHROMATIC_UNSAFE_RECOLOUR,true
provider-logo::A1 BG.png,AUX-PROV-A68286E398E7,provider-logo,A1 BG.png,REVIEW,AUX-RF-0471,C_BLACK_AND_WHITE_CONTRAST,C_BLACK_AND_WHITE_CONTRAST|E_MIXED_CHROMATIC_UNSAFE_RECOLOUR,true
provider-logo::A1 BOADCASTING.png,AUX-PROV-BEC2F74D4AE0,provider-logo,A1 BOADCASTING.png,REVIEW,AUX-RF-0207,C_BLACK_AND_WHITE_CONTRAST,C_BLACK_AND_WHITE_CONTRAST|D_COMPONENT_MASK_AMBIGUOUS|E_MIXED_CHROMATIC_UNSAFE_RECOLOUR,true
provider-logo::A1 BROADCASTING.png,AUX-PROV-D8F653971A0D,provider-logo,A1 BROADCASTING.png,REVIEW,AUX-RF-0388,C_BLACK_AND_WHITE_CONTRAST,C_BLACK_AND_WHITE_CONTRAST|D_COMPONENT_MASK_AMBIGUOUS|E_MIXED_CHROMATIC_UNSAFE_RECOLOUR,true
provider-logo::A1 BROADCSTING.png,AUX-PROV-2F380D92D45C,provider-logo,A1 BROADCSTING.png,REVIEW,AUX-RF-0388,C_BLACK_AND_WHITE_CONTRAST,C_BLACK_AND_WHITE_CONTRAST|D_COMPONENT_MASK_AMBIGUOUS|E_MIXED_CHROMATIC_UNSAFE_RECOLOUR,false
provider-logo::A1 BULGARIA.png,AUX-PROV-2FBA4321BA95,provider-logo,A1 BULGARIA.png,REVIEW,AUX-RF-0541,C_BLACK_AND_WHITE_CONTRAST,C_BLACK_AND_WHITE_CONTRAST|E_MIXED_CHROMATIC_UNSAFE_RECOLOUR,true
provider-logo::A1 GB.png,AUX-PROV-DDB037860287,provider-logo,A1 GB.png,REVIEW,AUX-RF-0471,C_BLACK_AND_WHITE_CONTRAST,C_BLACK_AND_WHITE_CONTRAST|E_MIXED_CHROMATIC_UNSAFE_RECOLOUR,false
provider-logo::A1 HR.png,AUX-PROV-796832E28810,provider-logo,A1 HR.png,REVIEW,AUX-RF-0471,C_BLACK_AND_WHITE_CONTRAST,C_BLACK_AND_WHITE_CONTRAST|E_MIXED_CHROMATIC_UNSAFE_RECOLOUR,false
provider-logo::A1 HRVATSKA.png,AUX-PROV-3AFC4F8A179D,provider-logo,A1 HRVATSKA.png,REVIEW,AUX-RF-0541,C_BLACK_AND_WHITE_CONTRAST,C_BLACK_AND_WHITE_CONTRAST|E_MIXED_CHROMATIC_UNSAFE_RECOLOUR,false
provider-logo::A1.png,AUX-PROV-95E2A7D95749,provider-logo,A1.png,REVIEW,AUX-RF-0388,C_BLACK_AND_WHITE_CONTRAST,C_BLACK_AND_WHITE_CONTRAST|D_COMPONENT_MASK_AMBIGUOUS|E_MIXED_CHROMATIC_UNSAFE_RECOLOUR,false
provider-logo::A1BG.png,AUX-PROV-05D5BA268183,provider-logo,A1BG.png,REVIEW,AUX-RF-0471,C_BLACK_AND_WHITE_CONTRAST,C_BLACK_AND_WHITE_CONTRAST|E_MIXED_CHROMATIC_UNSAFE_RECOLOUR,false
provider-logo::AB SAT.png,AUX-PROV-F39A166D0735,provider-logo,AB SAT.png,REVIEW,AUX-RF-0276,C_BLACK_AND_WHITE_CONTRAST,C_BLACK_AND_WHITE_CONTRAST|D_COMPONENT_MASK_AMBIGUOUS|E_MIXED_CHROMATIC_UNSAFE_RECOLOUR,true
provider-logo::AB.png,AUX-PROV-DCA91EDB259E,provider-logo,AB.png,SOURCE-UNRESOLVED,AUX-RF-1162,I_SOURCE_UNRESOLVED_BW,I_SOURCE_UNRESOLVED_BW,true
provider-logo::ABS.png,AUX-PROV-ED907646747F,provider-logo,ABS.png,REVIEW,AUX-RF-0819,E_MIXED_CHROMATIC_UNSAFE_RECOLOUR,E_MIXED_CHROMATIC_UNSAFE_RECOLOUR,true
provider-logo::ABSAT.png,AUX-PROV-44E7F887335A,provider-logo,ABSAT.png,SOURCE-UNRESOLVED,AUX-RF-1162,I_SOURCE_UNRESOLVED_BW,I_SOURCE_UNRESOLVED_BW,false
provider-logo::ACAN GROUP.png,AUX-PROV-3B4126CF091B,provider-logo,ACAN GROUP.png,REVIEW,AUX-RF-0222,C_BLACK_AND_WHITE_CONTRAST,C_BLACK_AND_WHITE_CONTRAST|E_MIXED_CHROMATIC_UNSAFE_RECOLOUR,true
provider-logo::ACANGROUP.png,AUX-PROV-EE5436712BA5,provider-logo,ACANGROUP.png,REVIEW,AUX-RF-0074,C_BLACK_AND_WHITE_CONTRAST,C_BLACK_AND_WHITE_CONTRAST|E_MIXED_CHROMATIC_UNSAFE_RECOLOUR,true
provider-logo::ACBN.png,AUX-PROV-9460A95A14A8,provider-logo,ACBN.png,REVIEW,AUX-RF-0682,D_COMPONENT_MASK_AMBIGUOUS,D_COMPONENT_MASK_AMBIGUOUS|E_MIXED_CHROMATIC_UNSAFE_RECOLOUR,true
provider-logo::ACISPORT_TV.png,AUX-PROV-C90D3D41F57A,provider-logo,ACISPORT_TV.png,SOURCE-UNRESOLVED,AUX-RF-1221,J_SOURCE_UNRESOLVED_BLACK_ONLY,J_SOURCE_UNRESOLVED_BLACK_ONLY,true
provider-logo::ADN ITALIA.png,AUX-PROV-13387134A82E,provider-logo,ADN ITALIA.png,REVIEW,AUX-RF-0521,C_BLACK_AND_WHITE_CONTRAST,C_BLACK_AND_WHITE_CONTRAST|D_COMPONENT_MASK_AMBIGUOUS|E_MIXED_CHROMATIC_UNSAFE_RECOLOUR,true
provider-logo::ADTEC DIGITAL.png,AUX-PROV-DA0EA30B87B2,provider-logo,ADTEC DIGITAL.png,REVIEW,AUX-RF-0512,C_BLACK_AND_WHITE_CONTRAST,C_BLACK_AND_WHITE_CONTRAST|D_COMPONENT_MASK_AMBIGUOUS|E_MIXED_CHROMATIC_UNSAFE_RECOLOUR,true
provider-logo::ADTV NETWORK.png,AUX-PROV-DA9E4064678B,provider-logo,ADTV NETWORK.png,SOURCE-UNRESOLVED,AUX-RF-1159,I_SOURCE_UNRESOLVED_BW,I_SOURCE_UNRESOLVED_BW,true
provider-logo::ADTV.png,AUX-PROV-F9C047674CDB,provider-logo,ADTV.png,REVIEW,AUX-RF-0535,C_BLACK_AND_WHITE_CONTRAST,C_BLACK_AND_WHITE_CONTRAST|E_MIXED_CHROMATIC_UNSAFE_RECOLOUR,true
provider-logo::AFRO MUSIC.png,AUX-PROV-32AA4DE5EB01,provider-logo,AFRO MUSIC.png,REVIEW,AUX-RF-0693,D_COMPONENT_MASK_AMBIGUOUS,D_COMPONENT_MASK_AMBIGUOUS|E_MIXED_CHROMATIC_UNSAFE_RECOLOUR,true
provider-logo::AH-EDP.png,AUX-PROV-6E236A20892E,provider-logo,AH-EDP.png,SOURCE-UNRESOLVED,AUX-RF-1109,I_SOURCE_UNRESOLVED_BW,I_SOURCE_UNRESOLVED_BW,true
provider-logo::AI BG.png,AUX-PROV-7EF00A77E0B3,provider-logo,AI BG.png,REVIEW,AUX-RF-0292,C_BLACK_AND_WHITE_CONTRAST,C_BLACK_AND_WHITE_CONTRAST|E_MIXED_CHROMATIC_UNSAFE_RECOLOUR,true
provider-logo::AJMN.png,AUX-PROV-C1047DD28BCC,provider-logo,AJMN.png,REVIEW,AUX-RF-0076,C_BLACK_AND_WHITE_CONTRAST,C_BLACK_AND_WHITE_CONTRAST|E_MIXED_CHROMATIC_UNSAFE_RECOLOUR,true
provider-logo::AJV TV CAST.png,AUX-PROV-4629C73D0343,provider-logo,AJV TV CAST.png,REVIEW,AUX-RF-0209,C_BLACK_AND_WHITE_CONTRAST,C_BLACK_AND_WHITE_CONTRAST|E_MIXED_CHROMATIC_UNSAFE_RECOLOUR,true
provider-logo::AJV-OTTCAST.png,AUX-PROV-FBD155737171,provider-logo,AJV-OTTCAST.png,REVIEW,AUX-RF-0366,C_BLACK_AND_WHITE_CONTRAST,C_BLACK_AND_WHITE_CONTRAST|D_COMPONENT_MASK_AMBIGUOUS|E_MIXED_CHROMATIC_UNSAFE_RECOLOUR,true
provider-logo::AL ARABIYA.png,AUX-PROV-CA9B915CA2CB,provider-logo,AL ARABIYA.png,REVIEW,AUX-RF-0841,E_MIXED_CHROMATIC_UNSAFE_RECOLOUR,E_MIXED_CHROMATIC_UNSAFE_RECOLOUR,true
provider-logo::AL DAWRI AL KASS.png,AUX-PROV-C54B6B7B7E58,provider-logo,AL DAWRI AL KASS.png,REVIEW,AUX-RF-0629,C_BLACK_AND_WHITE_CONTRAST,C_BLACK_AND_WHITE_CONTRAST|E_MIXED_CHROMATIC_UNSAFE_RECOLOUR,true
provider-logo::AL DAWRI ALKASS.png,AUX-PROV-AC73EE5A22FC,provider-logo,AL DAWRI ALKASS.png,REVIEW,AUX-RF-0629,C_BLACK_AND_WHITE_CONTRAST,C_BLACK_AND_WHITE_CONTRAST|E_MIXED_CHROMATIC_UNSAFE_RECOLOUR,false
provider-logo::AL JAZEERA BALKANS.png,AUX-PROV-B818F7C16D29,provider-logo,AL JAZEERA BALKANS.png,SOURCE-UNRESOLVED,AUX-RF-0972,I_SOURCE_UNRESOLVED_BW,I_SOURCE_UNRESOLVED_BW,true
provider-logo::AL JAZEERA CHILDREN.png,AUX-PROV-D0DC7C631F00,provider-logo,AL JAZEERA CHILDREN.png,SOURCE-UNRESOLVED,AUX-RF-0972,I_SOURCE_UNRESOLVED_BW,I_SOURCE_UNRESOLVED_BW,false
provider-logo::AL JAZEERA.png,AUX-PROV-F77057DC985B,provider-logo,AL JAZEERA.png,REVIEW,AUX-RF-0817,E_MIXED_CHROMATIC_UNSAFE_RECOLOUR,E_MIXED_CHROMATIC_UNSAFE_RECOLOUR,true
provider-logo::AL M.png,AUX-PROV-CEE81FDC8B61,provider-logo,AL M.png,REVIEW,AUX-RF-0504,C_BLACK_AND_WHITE_CONTRAST,C_BLACK_AND_WHITE_CONTRAST|E_MIXED_CHROMATIC_UNSAFE_RECOLOUR,true
provider-logo::AL MAJD.png,AUX-PROV-432B09F59964,provider-logo,AL MAJD.png,REVIEW,AUX-RF-0166,C_BLACK_AND_WHITE_CONTRAST,C_BLACK_AND_WHITE_CONTRAST|D_COMPONENT_MASK_AMBIGUOUS|E_MIXED_CHROMATIC_UNSAFE_RECOLOUR,true
provider-logo::AL MANAR.png,AUX-PROV-01D28BF15CE4,provider-logo,AL MANAR.png,REVIEW,AUX-RF-0032,C_BLACK_AND_WHITE_CONTRAST,C_BLACK_AND_WHITE_CONTRAST|D_COMPONENT_MASK_AMBIGUOUS|E_MIXED_CHROMATIC_UNSAFE_RECOLOUR,true
provider-logo::AL-FORAT HD1.png,AUX-PROV-239369A5FEA7,provider-logo,AL-FORAT HD1.png,REVIEW,AUX-RF-0661,D_COMPONENT_MASK_AMBIGUOUS,D_COMPONENT_MASK_AMBIGUOUS|E_MIXED_CHROMATIC_UNSAFE_RECOLOUR,true
provider-logo::ALBSAT.png,AUX-PROV-0BBED53EE07D,provider-logo,ALBSAT.png,REVIEW,AUX-RF-0186,C_BLACK_AND_WHITE_CONTRAST,C_BLACK_AND_WHITE_CONTRAST|E_MIXED_CHROMATIC_UNSAFE_RECOLOUR,true
provider-logo::ALCAD.png,AUX-PROV-41646D8B1172,provider-logo,ALCAD.png,REVIEW,AUX-RF-0043,C_BLACK_AND_WHITE_CONTRAST,C_BLACK_AND_WHITE_CONTRAST|E_MIXED_CHROMATIC_UNSAFE_RECOLOUR,true
provider-logo::ALDAWRI ALKASS.png,AUX-PROV-4FECFB4205D4,provider-logo,ALDAWRI ALKASS.png,REVIEW,AUX-RF-0629,C_BLACK_AND_WHITE_CONTRAST,C_BLACK_AND_WHITE_CONTRAST|E_MIXED_CHROMATIC_UNSAFE_RECOLOUR,false
provider-logo::ALDEWAN.png,AUX-PROV-EBBC54EF9E0F,provider-logo,ALDEWAN.png,REVIEW,AUX-RF-0442,C_BLACK_AND_WHITE_CONTRAST,C_BLACK_AND_WHITE_CONTRAST|E_MIXED_CHROMATIC_UNSAFE_RECOLOUR,true
provider-logo::ALERT SYSTEM TV.png,AUX-PROV-67D7D3B0CE54,provider-logo,ALERT SYSTEM TV.png,REVIEW,AUX-RF-0143,C_BLACK_AND_WHITE_CONTRAST,C_BLACK_AND_WHITE_CONTRAST|E_MIXED_CHROMATIC_UNSAFE_RECOLOUR,true
provider-logo::ALEVI MEDYA GRUBU.png,AUX-PROV-AAA9F84E1BD3,provider-logo,ALEVI MEDYA GRUBU.png,REVIEW,AUX-RF-0148,C_BLACK_AND_WHITE_CONTRAST,C_BLACK_AND_WHITE_CONTRAST|E_MIXED_CHROMATIC_UNSAFE_RECOLOUR,true
provider-logo::ALKAFEEL.png,AUX-PROV-0B1E5DF605AE,provider-logo,ALKAFEEL.png,REVIEW,AUX-RF-0108,C_BLACK_AND_WHITE_CONTRAST,C_BLACK_AND_WHITE_CONTRAST|D_COMPONENT_MASK_AMBIGUOUS|E_MIXED_CHROMATIC_UNSAFE_RECOLOUR,true
provider-logo::ALKASS SPORTS CHANNELS.png,AUX-PROV-605AF4561EA4,provider-logo,ALKASS SPORTS CHANNELS.png,REVIEW,AUX-RF-0775,E_MIXED_CHROMATIC_UNSAFE_RECOLOUR,E_MIXED_CHROMATIC_UNSAFE_RECOLOUR,true
provider-logo::ALLENTE DENMARK.png,AUX-PROV-35827F052F8A,provider-logo,ALLENTE DENMARK.png,SOURCE-UNRESOLVED,AUX-RF-1219,J_SOURCE_UNRESOLVED_BLACK_ONLY,J_SOURCE_UNRESOLVED_BLACK_ONLY,true
provider-logo::ALLENTE FINLAND.png,AUX-PROV-7C09AFC74445,provider-logo,ALLENTE FINLAND.png,SOURCE-UNRESOLVED,AUX-RF-1219,J_SOURCE_UNRESOLVED_BLACK_ONLY,J_SOURCE_UNRESOLVED_BLACK_ONLY,false
provider-logo::ALLENTE NORWAY.png,AUX-PROV-D8A8EDCE9B00,provider-logo,ALLENTE NORWAY.png,SOURCE-UNRESOLVED,AUX-RF-1219,J_SOURCE_UNRESOLVED_BLACK_ONLY,J_SOURCE_UNRESOLVED_BLACK_ONLY,false
provider-logo::ALLENTE SWEDEN.png,AUX-PROV-DAA449608A51,provider-logo,ALLENTE SWEDEN.png,SOURCE-UNRESOLVED,AUX-RF-1219,J_SOURCE_UNRESOLVED_BLACK_ONLY,J_SOURCE_UNRESOLVED_BLACK_ONLY,false
provider-logo::ALMAJD.png,AUX-PROV-6DFA70A7CDFB,provider-logo,ALMAJD.png,REVIEW,AUX-RF-0166,C_BLACK_AND_WHITE_CONTRAST,C_BLACK_AND_WHITE_CONTRAST|D_COMPONENT_MASK_AMBIGUOUS|E_MIXED_CHROMATIC_UNSAFE_RECOLOUR,false
provider-logo::ALMASIRAH.png,AUX-PROV-9FA975AD0140,provider-logo,ALMASIRAH.png,REVIEW,AUX-RF-0399,C_BLACK_AND_WHITE_CONTRAST,C_BLACK_AND_WHITE_CONTRAST|D_COMPONENT_MASK_AMBIGUOUS|E_MIXED_CHROMATIC_UNSAFE_RECOLOUR,true
provider-logo::ALSIRAT.png,AUX-PROV-02D881777B12,provider-logo,ALSIRAT.png,REVIEW,AUX-RF-0667,D_COMPONENT_MASK_AMBIGUOUS,D_COMPONENT_MASK_AMBIGUOUS|E_MIXED_CHROMATIC_UNSAFE_RECOLOUR,true
provider-logo::ALSUMARIA TV.png,AUX-PROV-68337A6233E9,provider-logo,ALSUMARIA TV.png,REVIEW,AUX-RF-0146,C_BLACK_AND_WHITE_CONTRAST,C_BLACK_AND_WHITE_CONTRAST|E_MIXED_CHROMATIC_UNSAFE_RECOLOUR,true
provider-logo::AMAGI.png,AUX-PROV-2564D3FFA901,provider-logo,AMAGI.png,REVIEW,AUX-RF-0253,C_BLACK_AND_WHITE_CONTRAST,C_BLACK_AND_WHITE_CONTRAST|E_MIXED_CHROMATIC_UNSAFE_RECOLOUR,true
provider-logo::AMAZING TV.png,AUX-PROV-9974A054AB03,provider-logo,AMAZING TV.png,SOURCE-UNRESOLVED,AUX-RF-1016,I_SOURCE_UNRESOLVED_BW,I_SOURCE_UNRESOLVED_BW,true
provider-logo::AMB.png,AUX-PROV-F265520C234F,provider-logo,AMB.png,REVIEW,AUX-RF-0815,E_MIXED_CHROMATIC_UNSAFE_RECOLOUR,E_MIXED_CHROMATIC_UNSAFE_RECOLOUR,true
provider-logo::AMC BREAK.png,AUX-PROV-1D541CDA6F09,provider-logo,AMC BREAK.png,REVIEW,AUX-RF-0783,E_MIXED_CHROMATIC_UNSAFE_RECOLOUR,E_MIXED_CHROMATIC_UNSAFE_RECOLOUR,true
provider-logo::AMC HD.png,AUX-PROV-C47DD131BF1C,provider-logo,AMC HD.png,REVIEW,AUX-RF-0187,C_BLACK_AND_WHITE_CONTRAST,C_BLACK_AND_WHITE_CONTRAST|D_COMPONENT_MASK_AMBIGUOUS|E_MIXED_CHROMATIC_UNSAFE_RECOLOUR,true
provider-logo::AMC.png,AUX-PROV-022A464DF713,provider-logo,AMC.png,REVIEW,AUX-RF-0575,C_BLACK_AND_WHITE_CONTRAST,C_BLACK_AND_WHITE_CONTRAST|D_COMPONENT_MASK_AMBIGUOUS|E_MIXED_CHROMATIC_UNSAFE_RECOLOUR,true
provider-logo::AMCN-IBERIA.png,AUX-PROV-8E888676CCCE,provider-logo,AMCN-IBERIA.png,REVIEW,AUX-RF-0114,C_BLACK_AND_WHITE_CONTRAST,C_BLACK_AND_WHITE_CONTRAST|E_MIXED_CHROMATIC_UNSAFE_RECOLOUR,true
provider-logo::AMERICAN FORCE NETWORK.png,AUX-PROV-DC52EFC6579F,provider-logo,AMERICAN FORCE NETWORK.png,SOURCE-UNRESOLVED,AUX-RF-1028,I_SOURCE_UNRESOLVED_BW,I_SOURCE_UNRESOLVED_BW,true
provider-logo::ANTENA 1.png,AUX-PROV-6EA9E652FFD5,provider-logo,ANTENA 1.png,REVIEW,AUX-RF-0059,C_BLACK_AND_WHITE_CONTRAST,C_BLACK_AND_WHITE_CONTRAST|E_MIXED_CHROMATIC_UNSAFE_RECOLOUR,true
provider-logo::ANTENA 2.png,AUX-PROV-0FDCA9A734EF,provider-logo,ANTENA 2.png,REVIEW,AUX-RF-0519,C_BLACK_AND_WHITE_CONTRAST,C_BLACK_AND_WHITE_CONTRAST|E_MIXED_CHROMATIC_UNSAFE_RECOLOUR,true
provider-logo::ANTENA 3.png,AUX-PROV-5CEA1031081D,provider-logo,ANTENA 3.png,REVIEW,AUX-RF-0606,C_BLACK_AND_WHITE_CONTRAST,C_BLACK_AND_WHITE_CONTRAST|E_MIXED_CHROMATIC_UNSAFE_RECOLOUR,true
provider-logo::ANTENA GROUP.png,AUX-PROV-C863D7E6624D,provider-logo,ANTENA GROUP.png,REVIEW,AUX-RF-0601,C_BLACK_AND_WHITE_CONTRAST,C_BLACK_AND_WHITE_CONTRAST|E_MIXED_CHROMATIC_UNSAFE_RECOLOUR,true
provider-logo::ANTENNA HUNGARIA  GLOBECAST.png,AUX-PROV-3DA526C2B5C7,provider-logo,ANTENNA HUNGARIA  GLOBECAST.png,REVIEW,AUX-RF-0645,C_BLACK_AND_WHITE_CONTRAST,C_BLACK_AND_WHITE_CONTRAST|E_MIXED_CHROMATIC_UNSAFE_RECOLOUR,true
provider-logo::ANTENNA HUNGARIA.png,AUX-PROV-99ED849E1464,provider-logo,ANTENNA HUNGARIA.png,REVIEW,AUX-RF-0645,C_BLACK_AND_WHITE_CONTRAST,C_BLACK_AND_WHITE_CONTRAST|E_MIXED_CHROMATIC_UNSAFE_RECOLOUR,false
provider-logo::ANTIK TV.png,AUX-PROV-6B8D5998CF0D,provider-logo,ANTIK TV.png,SOURCE-UNRESOLVED,AUX-RF-1202,J_SOURCE_UNRESOLVED_BLACK_ONLY,J_SOURCE_UNRESOLVED_BLACK_ONLY,true
provider-logo::ANTIK.png,AUX-PROV-A3245FD1E4E7,provider-logo,ANTIK.png,REVIEW,AUX-RF-0152,C_BLACK_AND_WHITE_CONTRAST,C_BLACK_AND_WHITE_CONTRAST|E_MIXED_CHROMATIC_UNSAFE_RECOLOUR,true
provider-logo::ANTIKSAT.png,AUX-PROV-C37270F54112,provider-logo,ANTIKSAT.png,SOURCE-UNRESOLVED,AUX-RF-0982,I_SOURCE_UNRESOLVED_BW,I_SOURCE_UNRESOLVED_BW,true
provider-logo::ARABSAT LEBANON.png,AUX-PROV-13EA987BEA1B,provider-logo,ARABSAT LEBANON.png,SOURCE-UNRESOLVED,AUX-RF-1061,I_SOURCE_UNRESOLVED_BW,I_SOURCE_UNRESOLVED_BW,true
provider-logo::ARABSAT.png,AUX-PROV-94BF7054C33F,provider-logo,ARABSAT.png,REVIEW,AUX-RF-0374,C_BLACK_AND_WHITE_CONTRAST,C_BLACK_AND_WHITE_CONTRAST|E_MIXED_CHROMATIC_UNSAFE_RECOLOUR,true
provider-logo::ARGIVA.png,AUX-PROV-788A2F2ED57D,provider-logo,ARGIVA.png,SOURCE-UNRESOLVED,AUX-RF-0978,I_SOURCE_UNRESOLVED_BW,I_SOURCE_UNRESOLVED_BW,true
provider-logo::ARQIVA FRANCE.png,AUX-PROV-45A762DD2112,provider-logo,ARQIVA FRANCE.png,SOURCE-UNRESOLVED,AUX-RF-0978,I_SOURCE_UNRESOLVED_BW,I_SOURCE_UNRESOLVED_BW,false
provider-logo::ARQIVA LTD.png,AUX-PROV-DC0ABAE8D58A,provider-logo,ARQIVA LTD.png,REVIEW,AUX-RF-0419,C_BLACK_AND_WHITE_CONTRAST,C_BLACK_AND_WHITE_CONTRAST|E_MIXED_CHROMATIC_UNSAFE_RECOLOUR,true
provider-logo::ARQIVA.png,AUX-PROV-E30F18326FFD,provider-logo,ARQIVA.png,REVIEW,AUX-RF-0419,C_BLACK_AND_WHITE_CONTRAST,C_BLACK_AND_WHITE_CONTRAST|E_MIXED_CHROMATIC_UNSAFE_RECOLOUR,false
provider-logo::ASC.png,AUX-PROV-9018F85EC6F2,provider-logo,ASC.png,SOURCE-UNRESOLVED,AUX-RF-0958,I_SOURCE_UNRESOLVED_BW,I_SOURCE_UNRESOLVED_BW,true
provider-logo::ASIA BROADCAST SATELLITE.png,AUX-PROV-927489E19A07,provider-logo,ASIA BROADCAST SATELLITE.png,SOURCE-UNRESOLVED,AUX-RF-1050,I_SOURCE_UNRESOLVED_BW,I_SOURCE_UNRESOLVED_BW,true
provider-logo::ASSOCIATED PRESS.png,AUX-PROV-B3AE0D0CAE21,provider-logo,ASSOCIATED PRESS.png,REVIEW,AUX-RF-0407,C_BLACK_AND_WHITE_CONTRAST,C_BLACK_AND_WHITE_CONTRAST|D_COMPONENT_MASK_AMBIGUOUS|E_MIXED_CHROMATIC_UNSAFE_RECOLOUR,true
provider-logo::ASSOCIAZIONE_DREAMER.png,AUX-PROV-8A813AE707AE,provider-logo,ASSOCIAZIONE_DREAMER.png,SOURCE-UNRESOLVED,AUX-RF-1217,J_SOURCE_UNRESOLVED_BLACK_ONLY,J_SOURCE_UNRESOLVED_BLACK_ONLY,true
provider-logo::ATV+.png,AUX-PROV-7DD237E5254B,provider-logo,ATV+.png,REVIEW,AUX-RF-0591,C_BLACK_AND_WHITE_CONTRAST,C_BLACK_AND_WHITE_CONTRAST|D_COMPONENT_MASK_AMBIGUOUS|E_MIXED_CHROMATIC_UNSAFE_RECOLOUR,true
provider-logo::ATV.png,AUX-PROV-C25E51ACEBA3,provider-logo,ATV.png,REVIEW,AUX-RF-0591,C_BLACK_AND_WHITE_CONTRAST,C_BLACK_AND_WHITE_CONTRAST|D_COMPONENT_MASK_AMBIGUOUS|E_MIXED_CHROMATIC_UNSAFE_RECOLOUR,false
provider-logo::AUSTRIASAT MAGYARORSZAG.png,AUX-PROV-6FDBDDA7EDDE,provider-logo,AUSTRIASAT MAGYARORSZAG.png,SOURCE-UNRESOLVED,AUX-RF-1015,I_SOURCE_UNRESOLVED_BW,I_SOURCE_UNRESOLVED_BW,true
provider-logo::AUSTRIASAT MAGYARORSZG.png,AUX-PROV-B23AE4CD72B7,provider-logo,AUSTRIASAT MAGYARORSZG.png,SOURCE-UNRESOLVED,AUX-RF-1015,I_SOURCE_UNRESOLVED_BW,I_SOURCE_UNRESOLVED_BW,false
provider-logo::AUSTRIASAT.png,AUX-PROV-3F6C31B81685,provider-logo,AUSTRIASAT.png,SOURCE-UNRESOLVED,AUX-RF-1015,I_SOURCE_UNRESOLVED_BW,I_SOURCE_UNRESOLVED_BW,false
provider-logo::AVERS.png,AUX-PROV-734718D04A40,provider-logo,AVERS.png,REVIEW,AUX-RF-0095,C_BLACK_AND_WHITE_CONTRAST,C_BLACK_AND_WHITE_CONTRAST|E_MIXED_CHROMATIC_UNSAFE_RECOLOUR,true
provider-logo::AXN MOVIES HD.png,AUX-PROV-2D9FBA3A9614,provider-logo,AXN MOVIES HD.png,REVIEW,AUX-RF-0883,E_MIXED_CHROMATIC_UNSAFE_RECOLOUR,E_MIXED_CHROMATIC_UNSAFE_RECOLOUR,true
provider-logo::AXN WHITE HD.png,AUX-PROV-7F735D3ACE5F,provider-logo,AXN WHITE HD.png,REVIEW,AUX-RF-0831,E_MIXED_CHROMATIC_UNSAFE_RECOLOUR,E_MIXED_CHROMATIC_UNSAFE_RECOLOUR,true
provider-logo::AXN.png,AUX-PROV-90C8C544AB57,provider-logo,AXN.png,REVIEW,AUX-RF-0750,E_MIXED_CHROMATIC_UNSAFE_RECOLOUR,E_MIXED_CHROMATIC_UNSAFE_RECOLOUR,true
provider-logo::BABY TV.png,AUX-PROV-853AC6395071,provider-logo,BABY TV.png,REVIEW,AUX-RF-0722,D_COMPONENT_MASK_AMBIGUOUS,D_COMPONENT_MASK_AMBIGUOUS|E_MIXED_CHROMATIC_UNSAFE_RECOLOUR,true
provider-logo::BAHRAIN TV.png,AUX-PROV-9DEDD1D39B1C,provider-logo,BAHRAIN TV.png,REVIEW,AUX-RF-0379,C_BLACK_AND_WHITE_CONTRAST,C_BLACK_AND_WHITE_CONTRAST|E_MIXED_CHROMATIC_UNSAFE_RECOLOUR,true
provider-logo::BARROWA.png,AUX-PROV-8797C766B0BF,provider-logo,BARROWA.png,REVIEW,AUX-RF-0367,C_BLACK_AND_WHITE_CONTRAST,C_BLACK_AND_WHITE_CONTRAST|D_COMPONENT_MASK_AMBIGUOUS|E_MIXED_CHROMATIC_UNSAFE_RECOLOUR,true
provider-logo::BASIS 1.png,AUX-PROV-08D6377CCCDC,provider-logo,BASIS 1.png,REVIEW,AUX-RF-0144,C_BLACK_AND_WHITE_CONTRAST,C_BLACK_AND_WHITE_CONTRAST|E_MIXED_CHROMATIC_UNSAFE_RECOLOUR,true
provider-logo::BASIS 2.png,AUX-PROV-D2292661935F,provider-logo,BASIS 2.png,REVIEW,AUX-RF-0144,C_BLACK_AND_WHITE_CONTRAST,C_BLACK_AND_WHITE_CONTRAST|E_MIXED_CHROMATIC_UNSAFE_RECOLOUR,false
provider-logo::BASMEDIA.png,AUX-PROV-CC9D9607C22E,provider-logo,BASMEDIA.png,REVIEW,AUX-RF-0172,C_BLACK_AND_WHITE_CONTRAST,C_BLACK_AND_WHITE_CONTRAST|E_MIXED_CHROMATIC_UNSAFE_RECOLOUR,true
provider-logo::BAYYINATTV.png,AUX-PROV-73A7CB97433B,provider-logo,BAYYINATTV.png,REVIEW,AUX-RF-0243,C_BLACK_AND_WHITE_CONTRAST,C_BLACK_AND_WHITE_CONTRAST|E_MIXED_CHROMATIC_UNSAFE_RECOLOUR,true
provider-logo::BBC WORLD SERVICE.png,AUX-PROV-EE3FFB53236F,provider-logo,BBC WORLD SERVICE.png,REVIEW,AUX-RF-0054,C_BLACK_AND_WHITE_CONTRAST,C_BLACK_AND_WHITE_CONTRAST|E_MIXED_CHROMATIC_UNSAFE_RECOLOUR,true
provider-logo::BBC WORLD.png,AUX-PROV-CC98165AB240,provider-logo,BBC WORLD.png,SOURCE-UNRESOLVED,AUX-RF-1096,I_SOURCE_UNRESOLVED_BW,I_SOURCE_UNRESOLVED_BW,true
provider-logo::BBC.png,AUX-PROV-2A66546E7CE0,provider-logo,BBC.png,REVIEW,AUX-RF-0104,C_BLACK_AND_WHITE_CONTRAST,C_BLACK_AND_WHITE_CONTRAST|D_COMPONENT_MASK_AMBIGUOUS|E_MIXED_CHROMATIC_UNSAFE_RECOLOUR,true
provider-logo::BCE.png,AUX-PROV-D41F81F3F95E,provider-logo,BCE.png,REVIEW,AUX-RF-0900,E_MIXED_CHROMATIC_UNSAFE_RECOLOUR,E_MIXED_CHROMATIC_UNSAFE_RECOLOUR,true
provider-logo::BELINTERSAT.png,AUX-PROV-E89A8A20FD42,provider-logo,BELINTERSAT.png,REVIEW,AUX-RF-0281,C_BLACK_AND_WHITE_CONTRAST,C_BLACK_AND_WHITE_CONTRAST|E_MIXED_CHROMATIC_UNSAFE_RECOLOUR,true
provider-logo::BENGHAZI TV.png,AUX-PROV-E96A0E52E6DC,provider-logo,BENGHAZI TV.png,REVIEW,AUX-RF-0762,E_MIXED_CHROMATIC_UNSAFE_RECOLOUR,E_MIXED_CHROMATIC_UNSAFE_RECOLOUR,true
provider-logo::BES.png,AUX-PROV-A9A71ECA0DC4,provider-logo,BES.png,REVIEW,AUX-RF-0135,C_BLACK_AND_WHITE_CONTRAST,C_BLACK_AND_WHITE_CONTRAST|E_MIXED_CHROMATIC_UNSAFE_RECOLOUR,true
provider-logo::BFBS.png,AUX-PROV-803FF6EFF6C1,provider-logo,BFBS.png,REVIEW,AUX-RF-0574,C_BLACK_AND_WHITE_CONTRAST,C_BLACK_AND_WHITE_CONTRAST|D_COMPONENT_MASK_AMBIGUOUS|E_MIXED_CHROMATIC_UNSAFE_RECOLOUR,true
provider-logo::BHS TELECOM.png,AUX-PROV-B07B205C13DB,provider-logo,BHS TELECOM.png,REVIEW,AUX-RF-0305,C_BLACK_AND_WHITE_CONTRAST,C_BLACK_AND_WHITE_CONTRAST|D_COMPONENT_MASK_AMBIGUOUS|E_MIXED_CHROMATIC_UNSAFE_RECOLOUR,true
provider-logo::BIG-BANG.TV.png,AUX-PROV-0E92C3087227,provider-logo,BIG-BANG.TV.png,REVIEW,AUX-RF-0823,E_MIXED_CHROMATIC_UNSAFE_RECOLOUR,E_MIXED_CHROMATIC_UNSAFE_RECOLOUR,true
provider-logo::BLACKSEATV.png,AUX-PROV-EBCEEA4A2773,provider-logo,BLACKSEATV.png,REVIEW,AUX-RF-0656,C_BLACK_AND_WHITE_CONTRAST,C_BLACK_AND_WHITE_CONTRAST|D_COMPONENT_MASK_AMBIGUOUS|E_MIXED_CHROMATIC_UNSAFE_RECOLOUR,true
provider-logo::BLAZE.png,AUX-PROV-E5E53043F7AA,provider-logo,BLAZE.png,REVIEW,AUX-RF-0509,C_BLACK_AND_WHITE_CONTRAST,C_BLACK_AND_WHITE_CONTRAST|E_MIXED_CHROMATIC_UNSAFE_RECOLOUR,true
provider-logo::BLOOMBERG HT.png,AUX-PROV-E417871B0BE9,provider-logo,BLOOMBERG HT.png,REVIEW,AUX-RF-0753,E_MIXED_CHROMATIC_UNSAFE_RECOLOUR,E_MIXED_CHROMATIC_UNSAFE_RECOLOUR,true
provider-logo::BLOOMBERG TV.png,AUX-PROV-621309CB7AED,provider-logo,BLOOMBERG TV.png,REVIEW,AUX-RF-0165,C_BLACK_AND_WHITE_CONTRAST,C_BLACK_AND_WHITE_CONTRAST|E_MIXED_CHROMATIC_UNSAFE_RECOLOUR,true
provider-logo::BLOOMBERG.png,AUX-PROV-1C5B5A4EB62A,provider-logo,BLOOMBERG.png,REVIEW,AUX-RF-0165,C_BLACK_AND_WHITE_CONTRAST,C_BLACK_AND_WHITE_CONTRAST|E_MIXED_CHROMATIC_UNSAFE_RECOLOUR,false
provider-logo::BLOOMBERGHT HD.png,AUX-PROV-14E2B10502B7,provider-logo,BLOOMBERGHT HD.png,REVIEW,AUX-RF-0183,C_BLACK_AND_WHITE_CONTRAST,C_BLACK_AND_WHITE_CONTRAST|E_MIXED_CHROMATIC_UNSAFE_RECOLOUR,true
provider-logo::BP.png,AUX-PROV-2C6FA13EAE23,provider-logo,BP.png,REVIEW,AUX-RF-0862,E_MIXED_CHROMATIC_UNSAFE_RECOLOUR,E_MIXED_CHROMATIC_UNSAFE_RECOLOUR,true
provider-logo::BRT HD.png,AUX-PROV-C3EC2B8003DA,provider-logo,BRT HD.png,REVIEW,AUX-RF-0676,D_COMPONENT_MASK_AMBIGUOUS,D_COMPONENT_MASK_AMBIGUOUS|E_MIXED_CHROMATIC_UNSAFE_RECOLOUR,true
provider-logo::BSKYB.png,AUX-PROV-6B6A745F6098,provider-logo,BSKYB.png,REVIEW,AUX-RF-0652,C_BLACK_AND_WHITE_CONTRAST,C_BLACK_AND_WHITE_CONTRAST|E_MIXED_CHROMATIC_UNSAFE_RECOLOUR,true
provider-logo::BSS.png,AUX-PROV-674427137482,provider-logo,BSS.png,SOURCE-UNRESOLVED,AUX-RF-0996,I_SOURCE_UNRESOLVED_BW,I_SOURCE_UNRESOLVED_BW,true
provider-logo::BT MEDIA & BROADCAST.png,AUX-PROV-1B732B1665FF,provider-logo,BT MEDIA & BROADCAST.png,SOURCE-UNRESOLVED,AUX-RF-0938,I_SOURCE_UNRESOLVED_BW,I_SOURCE_UNRESOLVED_BW,true
provider-logo::BTB.png,AUX-PROV-DB29C024D947,provider-logo,BTB.png,REVIEW,AUX-RF-0760,E_MIXED_CHROMATIC_UNSAFE_RECOLOUR,E_MIXED_CHROMATIC_UNSAFE_RECOLOUR,true
provider-logo::BULGARIA SAT.png,AUX-PROV-E29E490DE490,provider-logo,BULGARIA SAT.png,REVIEW,AUX-RF-0589,C_BLACK_AND_WHITE_CONTRAST,C_BLACK_AND_WHITE_CONTRAST|E_MIXED_CHROMATIC_UNSAFE_RECOLOUR,true
provider-logo::BULGARIASAT.png,AUX-PROV-86D8EB930E1C,provider-logo,BULGARIASAT.png,REVIEW,AUX-RF-0589,C_BLACK_AND_WHITE_CONTRAST,C_BLACK_AND_WHITE_CONTRAST|E_MIXED_CHROMATIC_UNSAFE_RECOLOUR,false
provider-logo::BULSATCOM.png,AUX-PROV-3AAAD007C682,provider-logo,BULSATCOM.png,REVIEW,AUX-RF-0644,C_BLACK_AND_WHITE_CONTRAST,C_BLACK_AND_WHITE_CONTRAST|E_MIXED_CHROMATIC_UNSAFE_RECOLOUR,true
provider-logo::BULSAYCOM.png,AUX-PROV-1A0C4CD7F8BF,provider-logo,BULSAYCOM.png,REVIEW,AUX-RF-0176,C_BLACK_AND_WHITE_CONTRAST,C_BLACK_AND_WHITE_CONTRAST|E_MIXED_CHROMATIC_UNSAFE_RECOLOUR,true
provider-logo::C0xCANAL+.png,AUX-PROV-F6CADDCA021B,provider-logo,C0xCANAL+.png,REVIEW,AUX-RF-0372,C_BLACK_AND_WHITE_CONTRAST,C_BLACK_AND_WHITE_CONTRAST|E_MIXED_CHROMATIC_UNSAFE_RECOLOUR,false
provider-logo::C3T.png,AUX-PROV-AEDBD74669A5,provider-logo,C3T.png,REVIEW,AUX-RF-0161,C_BLACK_AND_WHITE_CONTRAST,C_BLACK_AND_WHITE_CONTRAST|D_COMPONENT_MASK_AMBIGUOUS|E_MIXED_CHROMATIC_UNSAFE_RECOLOUR,true
provider-logo::CABOVISAO.png,AUX-PROV-FCA572DE3E4E,provider-logo,CABOVISAO.png,SOURCE-UNRESOLVED,AUX-RF-1152,I_SOURCE_UNRESOLVED_BW,I_SOURCE_UNRESOLVED_BW,true
provider-logo::CACOC.png,AUX-PROV-9EE4D1E48438,provider-logo,CACOC.png,REVIEW,AUX-RF-0893,E_MIXED_CHROMATIC_UNSAFE_RECOLOUR,E_MIXED_CHROMATIC_UNSAFE_RECOLOUR,true
provider-logo::CADENA 100.png,AUX-PROV-2CAB71335DC5,provider-logo,CADENA 100.png,REVIEW,AUX-RF-0425,C_BLACK_AND_WHITE_CONTRAST,C_BLACK_AND_WHITE_CONTRAST|E_MIXED_CHROMATIC_UNSAFE_RECOLOUR,true
provider-logo::CANAL +.png,AUX-PROV-1674EB20880D,provider-logo,CANAL +.png,REVIEW,AUX-RF-0372,C_BLACK_AND_WHITE_CONTRAST,C_BLACK_AND_WHITE_CONTRAST|E_MIXED_CHROMATIC_UNSAFE_RECOLOUR,false
provider-logo::CANAL 11 HD.png,AUX-PROV-9291693FFA21,provider-logo,CANAL 11 HD.png,REVIEW,AUX-RF-0581,C_BLACK_AND_WHITE_CONTRAST,C_BLACK_AND_WHITE_CONTRAST|E_MIXED_CHROMATIC_UNSAFE_RECOLOUR,true
provider-logo::CANAL BBC ENTERTAINMENT.png,AUX-PROV-BA099EE6EEA5,provider-logo,CANAL BBC ENTERTAINMENT.png,REVIEW,AUX-RF-0044,C_BLACK_AND_WHITE_CONTRAST,C_BLACK_AND_WHITE_CONTRAST|E_MIXED_CHROMATIC_UNSAFE_RECOLOUR,true
provider-logo::CANAL DE TESTES.png,AUX-PROV-28E9DF376E33,provider-logo,CANAL DE TESTES.png,REVIEW,AUX-RF-0827,E_MIXED_CHROMATIC_UNSAFE_RECOLOUR,E_MIXED_CHROMATIC_UNSAFE_RECOLOUR,true
provider-logo::CANAL DIGITAAL.png,AUX-PROV-26424AD4D14D,provider-logo,CANAL DIGITAAL.png,SOURCE-UNRESOLVED,AUX-RF-0904,I_SOURCE_UNRESOLVED_BW,I_SOURCE_UNRESOLVED_BW,true
provider-logo::CANAL DIGITAL DENMARK.png,AUX-PROV-2A0F9E6835E9,provider-logo,CANAL DIGITAL DENMARK.png,SOURCE-UNRESOLVED,AUX-RF-0975,I_SOURCE_UNRESOLVED_BW,I_SOURCE_UNRESOLVED_BW,true
provider-logo::CANAL DIGITAL FINLAND.png,AUX-PROV-71043E5F1CD5,provider-logo,CANAL DIGITAL FINLAND.png,SOURCE-UNRESOLVED,AUX-RF-0975,I_SOURCE_UNRESOLVED_BW,I_SOURCE_UNRESOLVED_BW,false
provider-logo::CANAL DIGITAL NORWAY.png,AUX-PROV-DA7355BF91C4,provider-logo,CANAL DIGITAL NORWAY.png,SOURCE-UNRESOLVED,AUX-RF-0975,I_SOURCE_UNRESOLVED_BW,I_SOURCE_UNRESOLVED_BW,false
provider-logo::CANAL DIGITAL SWEDEN.png,AUX-PROV-60879B4799FB,provider-logo,CANAL DIGITAL SWEDEN.png,SOURCE-UNRESOLVED,AUX-RF-0975,I_SOURCE_UNRESOLVED_BW,I_SOURCE_UNRESOLVED_BW,false
provider-logo::CANAL FOX COMEDY.png,AUX-PROV-69167980C652,provider-logo,CANAL FOX COMEDY.png,REVIEW,AUX-RF-0437,C_BLACK_AND_WHITE_CONTRAST,C_BLACK_AND_WHITE_CONTRAST|E_MIXED_CHROMATIC_UNSAFE_RECOLOUR,true
provider-logo::CANAL FOX MOVIES.png,AUX-PROV-7E9F520A8456,provider-logo,CANAL FOX MOVIES.png,REVIEW,AUX-RF-0835,E_MIXED_CHROMATIC_UNSAFE_RECOLOUR,E_MIXED_CHROMATIC_UNSAFE_RECOLOUR,true
provider-logo::CANAL HISTRIA.png,AUX-PROV-948DCC018976,provider-logo,CANAL HISTRIA.png,REVIEW,AUX-RF-0674,D_COMPONENT_MASK_AMBIGUOUS,D_COMPONENT_MASK_AMBIGUOUS|E_MIXED_CHROMATIC_UNSAFE_RECOLOUR,true
provider-logo::CANAL OFICIAL NOS ALIVE.png,AUX-PROV-7040970BECA0,provider-logo,CANAL OFICIAL NOS ALIVE.png,REVIEW,AUX-RF-0030,C_BLACK_AND_WHITE_CONTRAST,C_BLACK_AND_WHITE_CONTRAST|D_COMPONENT_MASK_AMBIGUOUS|E_MIXED_CHROMATIC_UNSAFE_RECOLOUR,true
provider-logo::CANAL PLUS.png,AUX-PROV-04881230C664,provider-logo,CANAL PLUS.png,REVIEW,AUX-RF-0230,C_BLACK_AND_WHITE_CONTRAST,C_BLACK_AND_WHITE_CONTRAST|D_COMPONENT_MASK_AMBIGUOUS|E_MIXED_CHROMATIC_UNSAFE_RECOLOUR,true
provider-logo::CANAL Q.png,AUX-PROV-AB9A70BD7959,provider-logo,CANAL Q.png,REVIEW,AUX-RF-0199,C_BLACK_AND_WHITE_CONTRAST,C_BLACK_AND_WHITE_CONTRAST|E_MIXED_CHROMATIC_UNSAFE_RECOLOUR,true
provider-logo::CANAL+ FRANCE.png,AUX-PROV-A7FE2954F12D,provider-logo,CANAL+ FRANCE.png,SOURCE-UNRESOLVED,AUX-RF-1205,J_SOURCE_UNRESOLVED_BLACK_ONLY,J_SOURCE_UNRESOLVED_BLACK_ONLY,true
provider-logo::CANAL+.png,AUX-PROV-43DED4012DE4,provider-logo,CANAL+.png,REVIEW,AUX-RF-0012,C_BLACK_AND_WHITE_CONTRAST,C_BLACK_AND_WHITE_CONTRAST|E_MIXED_CHROMATIC_UNSAFE_RECOLOUR,true
provider-logo::CANALDIGITAAL.png,AUX-PROV-0327340063D0,provider-logo,CANALDIGITAAL.png,SOURCE-UNRESOLVED,AUX-RF-0904,I_SOURCE_UNRESOLVED_BW,I_SOURCE_UNRESOLVED_BW,false
provider-logo::CANALE 10.png,AUX-PROV-616ACBABD05E,provider-logo,CANALE 10.png,REVIEW,AUX-RF-0454,C_BLACK_AND_WHITE_CONTRAST,C_BLACK_AND_WHITE_CONTRAST|E_MIXED_CHROMATIC_UNSAFE_RECOLOUR,true
provider-logo::CANALE 21.png,AUX-PROV-12FB66F446F2,provider-logo,CANALE 21.png,REVIEW,AUX-RF-0124,C_BLACK_AND_WHITE_CONTRAST,C_BLACK_AND_WHITE_CONTRAST|D_COMPONENT_MASK_AMBIGUOUS|E_MIXED_CHROMATIC_UNSAFE_RECOLOUR,true
provider-logo::CANALE 58.png,AUX-PROV-782014FFD2BF,provider-logo,CANALE 58.png,REVIEW,AUX-RF-0260,C_BLACK_AND_WHITE_CONTRAST,C_BLACK_AND_WHITE_CONTRAST|D_COMPONENT_MASK_AMBIGUOUS|E_MIXED_CHROMATIC_UNSAFE_RECOLOUR,true
provider-logo::CANALE 8.png,AUX-PROV-77F7CE344D08,provider-logo,CANALE 8.png,REVIEW,AUX-RF-0849,E_MIXED_CHROMATIC_UNSAFE_RECOLOUR,E_MIXED_CHROMATIC_UNSAFE_RECOLOUR,true
provider-logo::CANALE 9.png,AUX-PROV-6F5C5C7E4436,provider-logo,CANALE 9.png,REVIEW,AUX-RF-0300,C_BLACK_AND_WHITE_CONTRAST,C_BLACK_AND_WHITE_CONTRAST|D_COMPONENT_MASK_AMBIGUOUS|E_MIXED_CHROMATIC_UNSAFE_RECOLOUR,true
provider-logo::CANALE ITALIA.png,AUX-PROV-AF0FA4BDBE26,provider-logo,CANALE ITALIA.png,REVIEW,AUX-RF-0429,C_BLACK_AND_WHITE_CONTRAST,C_BLACK_AND_WHITE_CONTRAST|D_COMPONENT_MASK_AMBIGUOUS|E_MIXED_CHROMATIC_UNSAFE_RECOLOUR,true
provider-logo::CANALPLUS.png,AUX-PROV-E8134EC021D2,provider-logo,CANALPLUS.png,REVIEW,AUX-RF-0230,C_BLACK_AND_WHITE_CONTRAST,C_BLACK_AND_WHITE_CONTRAST|D_COMPONENT_MASK_AMBIGUOUS|E_MIXED_CHROMATIC_UNSAFE_RECOLOUR,false
provider-logo::CANALSAT FRANCE.png,AUX-PROV-1CA654959954,provider-logo,CANALSAT FRANCE.png,SOURCE-UNRESOLVED,AUX-RF-1012,I_SOURCE_UNRESOLVED_BW,I_SOURCE_UNRESOLVED_BW,true
provider-logo::CANALSATELLITE.png,AUX-PROV-EB1927B91045,provider-logo,CANALSATELLITE.png,SOURCE-UNRESOLVED,AUX-RF-1012,I_SOURCE_UNRESOLVED_BW,I_SOURCE_UNRESOLVED_BW,false
provider-logo::CAPRI.png,AUX-PROV-1276EFB532E3,provider-logo,CAPRI.png,REVIEW,AUX-RF-0539,C_BLACK_AND_WHITE_CONTRAST,C_BLACK_AND_WHITE_CONTRAST|D_COMPONENT_MASK_AMBIGUOUS|E_MIXED_CHROMATIC_UNSAFE_RECOLOUR,true
provider-logo::CARTOON NETWORK.png,AUX-PROV-EFE73628B821,provider-logo,CARTOON NETWORK.png,REVIEW,AUX-RF-0432,C_BLACK_AND_WHITE_CONTRAST,C_BLACK_AND_WHITE_CONTRAST|D_COMPONENT_MASK_AMBIGUOUS|E_MIXED_CHROMATIC_UNSAFE_RECOLOUR,true
provider-logo::CARTV.png,AUX-PROV-6509D99CF9E0,provider-logo,CARTV.png,REVIEW,AUX-RF-0506,C_BLACK_AND_WHITE_CONTRAST,C_BLACK_AND_WHITE_CONTRAST|E_MIXED_CHROMATIC_UNSAFE_RECOLOUR,true
provider-logo::CASA E COZINHA HD.png,AUX-PROV-07D47AEE3C2D,provider-logo,CASA E COZINHA HD.png,REVIEW,AUX-RF-0173,C_BLACK_AND_WHITE_CONTRAST,C_BLACK_AND_WHITE_CONTRAST|E_MIXED_CHROMATIC_UNSAFE_RECOLOUR,true
provider-logo::CASTOR BROADCAST.png,AUX-PROV-00F85D7480FF,provider-logo,CASTOR BROADCAST.png,REVIEW,AUX-RF-0829,E_MIXED_CHROMATIC_UNSAFE_RECOLOUR,E_MIXED_CHROMATIC_UNSAFE_RECOLOUR,true
provider-logo::CASTORNETWORKS.png,AUX-PROV-30D41E062FD5,provider-logo,CASTORNETWORKS.png,REVIEW,AUX-RF-0345,C_BLACK_AND_WHITE_CONTRAST,C_BLACK_AND_WHITE_CONTRAST|E_MIXED_CHROMATIC_UNSAFE_RECOLOUR,true
provider-logo::CATALANTV.png,AUX-PROV-3C68F6E9E8CD,provider-logo,CATALANTV.png,REVIEW,AUX-RF-0614,C_BLACK_AND_WHITE_CONTRAST,C_BLACK_AND_WHITE_CONTRAST|E_MIXED_CHROMATIC_UNSAFE_RECOLOUR,true
provider-logo::CAZPES.png,AUX-PROV-3F92325B4146,provider-logo,CAZPES.png,REVIEW,AUX-RF-0372,C_BLACK_AND_WHITE_CONTRAST,C_BLACK_AND_WHITE_CONTRAST|E_MIXED_CHROMATIC_UNSAFE_RECOLOUR,false
provider-logo::CDG.png,AUX-PROV-78C5D26E57DE,provider-logo,CDG.png,REVIEW,AUX-RF-0789,E_MIXED_CHROMATIC_UNSAFE_RECOLOUR,E_MIXED_CHROMATIC_UNSAFE_RECOLOUR,true
provider-logo::CESKA TELEVIZE.png,AUX-PROV-0A5B396E6B74,provider-logo,CESKA TELEVIZE.png,REVIEW,AUX-RF-0739,E_MIXED_CHROMATIC_UNSAFE_RECOLOUR,E_MIXED_CHROMATIC_UNSAFE_RECOLOUR,true
provider-logo::CESKE RADIOKOMUNIKACE S.R.O..png,AUX-PROV-7BF0BDBB23FC,provider-logo,CESKE RADIOKOMUNIKACE S.R.O..png,REVIEW,AUX-RF-0763,E_MIXED_CHROMATIC_UNSAFE_RECOLOUR,E_MIXED_CHROMATIC_UNSAFE_RECOLOUR,true
provider-logo::CESKE RADIOKOMUNIKACE.png,AUX-PROV-FA1545B9D2F0,provider-logo,CESKE RADIOKOMUNIKACE.png,REVIEW,AUX-RF-0763,E_MIXED_CHROMATIC_UNSAFE_RECOLOUR,E_MIXED_CHROMATIC_UNSAFE_RECOLOUR,false
provider-logo::CESKY ROZHLAS.png,AUX-PROV-0F48B4F37A8F,provider-logo,CESKY ROZHLAS.png,REVIEW,AUX-RF-0368,C_BLACK_AND_WHITE_CONTRAST,C_BLACK_AND_WHITE_CONTRAST|E_MIXED_CHROMATIC_UNSAFE_RECOLOUR,true
provider-logo::CGTN.png,AUX-PROV-9E85CD4EBBEC,provider-logo,CGTN.png,REVIEW,AUX-RF-0576,C_BLACK_AND_WHITE_CONTRAST,C_BLACK_AND_WHITE_CONTRAST|E_MIXED_CHROMATIC_UNSAFE_RECOLOUR,true
provider-logo::CHAFR.png,AUX-PROV-34C8BD9E8773,provider-logo,CHAFR.png,REVIEW,AUX-RF-0088,C_BLACK_AND_WHITE_CONTRAST,C_BLACK_AND_WHITE_CONTRAST|E_MIXED_CHROMATIC_UNSAFE_RECOLOUR,true
provider-logo::CHANNEL 5 BROADCASTING LTD.png,AUX-PROV-CD65EDA5F569,provider-logo,CHANNEL 5 BROADCASTING LTD.png,REVIEW,AUX-RF-0445,C_BLACK_AND_WHITE_CONTRAST,C_BLACK_AND_WHITE_CONTRAST|E_MIXED_CHROMATIC_UNSAFE_RECOLOUR,true
provider-logo::CHANNEL 5 UKRAINE.png,AUX-PROV-E6906F641227,provider-logo,CHANNEL 5 UKRAINE.png,REVIEW,AUX-RF-0445,C_BLACK_AND_WHITE_CONTRAST,C_BLACK_AND_WHITE_CONTRAST|E_MIXED_CHROMATIC_UNSAFE_RECOLOUR,false
provider-logo::CINER MEDYA.png,AUX-PROV-D88BBA47C74B,provider-logo,CINER MEDYA.png,REVIEW,AUX-RF-0240,C_BLACK_AND_WHITE_CONTRAST,C_BLACK_AND_WHITE_CONTRAST|E_MIXED_CHROMATIC_UNSAFE_RECOLOUR,true
provider-logo::CL13.png,AUX-PROV-D52AAB153E46,provider-logo,CL13.png,REVIEW,AUX-RF-0372,C_BLACK_AND_WHITE_CONTRAST,C_BLACK_AND_WHITE_CONTRAST|E_MIXED_CHROMATIC_UNSAFE_RECOLOUR,false
provider-logo::CMA30.png,AUX-PROV-047A4E39EBE2,provider-logo,CMA30.png,REVIEW,AUX-RF-0372,C_BLACK_AND_WHITE_CONTRAST,C_BLACK_AND_WHITE_CONTRAST|E_MIXED_CHROMATIC_UNSAFE_RECOLOUR,false
provider-logo::CMT.png,AUX-PROV-61DE45070B9C,provider-logo,CMT.png,REVIEW,AUX-RF-0353,C_BLACK_AND_WHITE_CONTRAST,C_BLACK_AND_WHITE_CONTRAST|E_MIXED_CHROMATIC_UNSAFE_RECOLOUR,true
provider-logo::CMTV.png,AUX-PROV-2538939AE191,provider-logo,CMTV.png,REVIEW,AUX-RF-0854,E_MIXED_CHROMATIC_UNSAFE_RECOLOUR,E_MIXED_CHROMATIC_UNSAFE_RECOLOUR,true
provider-logo::CNBC.png,AUX-PROV-2DF00AE2FDEC,provider-logo,CNBC.png,REVIEW,AUX-RF-0664,D_COMPONENT_MASK_AMBIGUOUS,D_COMPONENT_MASK_AMBIGUOUS|E_MIXED_CHROMATIC_UNSAFE_RECOLOUR,true
provider-logo::CNH.png,AUX-PROV-ADB0DB2C889B,provider-logo,CNH.png,REVIEW,AUX-RF-0169,C_BLACK_AND_WHITE_CONTRAST,C_BLACK_AND_WHITE_CONTRAST|D_COMPONENT_MASK_AMBIGUOUS|E_MIXED_CHROMATIC_UNSAFE_RECOLOUR,true
provider-logo::CNN PORTUGAL.png,AUX-PROV-D6203D0C9E97,provider-logo,CNN PORTUGAL.png,REVIEW,AUX-RF-0901,G_SOURCE_QC_ALPHA_BACKGROUND,G_SOURCE_QC_ALPHA_BACKGROUND,true
provider-logo::CONNECTO.TV.png,AUX-PROV-796F00339E49,provider-logo,CONNECTO.TV.png,REVIEW,AUX-RF-0627,C_BLACK_AND_WHITE_CONTRAST,C_BLACK_AND_WHITE_CONTRAST|D_COMPONENT_MASK_AMBIGUOUS|E_MIXED_CHROMATIC_UNSAFE_RECOLOUR,false
provider-logo::CONNECTO.png,AUX-PROV-76CABB89BE5A,provider-logo,CONNECTO.png,REVIEW,AUX-RF-0627,C_BLACK_AND_WHITE_CONTRAST,C_BLACK_AND_WHITE_CONTRAST|D_COMPONENT_MASK_AMBIGUOUS|E_MIXED_CHROMATIC_UNSAFE_RECOLOUR,true
provider-logo::CONTACTANOS.png,AUX-PROV-CC5D0A402AE1,provider-logo,CONTACTANOS.png,REVIEW,AUX-RF-0372,C_BLACK_AND_WHITE_CONTRAST,C_BLACK_AND_WHITE_CONTRAST|E_MIXED_CHROMATIC_UNSAFE_RECOLOUR,false
provider-logo::COPE SAT 2.png,AUX-PROV-5019D1653C0A,provider-logo,COPE SAT 2.png,REVIEW,AUX-RF-0081,C_BLACK_AND_WHITE_CONTRAST,C_BLACK_AND_WHITE_CONTRAST|E_MIXED_CHROMATIC_UNSAFE_RECOLOUR,true
provider-logo::COPE.png,AUX-PROV-2254F3BB78B7,provider-logo,COPE.png,REVIEW,AUX-RF-0081,C_BLACK_AND_WHITE_CONTRAST,C_BLACK_AND_WHITE_CONTRAST|E_MIXED_CHROMATIC_UNSAFE_RECOLOUR,false
provider-logo::COSMO.png,AUX-PROV-81AF8A481A97,provider-logo,COSMO.png,REVIEW,AUX-RF-0056,C_BLACK_AND_WHITE_CONTRAST,C_BLACK_AND_WHITE_CONTRAST|E_MIXED_CHROMATIC_UNSAFE_RECOLOUR,true
provider-logo::COSMOTE TV.png,AUX-PROV-78E5433697F2,provider-logo,COSMOTE TV.png,SOURCE-UNRESOLVED,AUX-RF-1209,J_SOURCE_UNRESOLVED_BLACK_ONLY,J_SOURCE_UNRESOLVED_BLACK_ONLY,true
provider-logo::CREACAST.png,AUX-PROV-6331AE9883F6,provider-logo,CREACAST.png,REVIEW,AUX-RF-0160,C_BLACK_AND_WHITE_CONTRAST,C_BLACK_AND_WHITE_CONTRAST|E_MIXED_CHROMATIC_UNSAFE_RECOLOUR,true
provider-logo::CSAT.png,AUX-PROV-2410EA832C07,provider-logo,CSAT.png,REVIEW,AUX-RF-0461,C_BLACK_AND_WHITE_CONTRAST,C_BLACK_AND_WHITE_CONTRAST|D_COMPONENT_MASK_AMBIGUOUS|E_MIXED_CHROMATIC_UNSAFE_RECOLOUR,true
provider-logo::CYFROWY POLSAT S. A..png,AUX-PROV-A0001F24109A,provider-logo,CYFROWY POLSAT S. A..png,REVIEW,AUX-RF-0696,D_COMPONENT_MASK_AMBIGUOUS,D_COMPONENT_MASK_AMBIGUOUS|E_MIXED_CHROMATIC_UNSAFE_RECOLOUR,true
provider-logo::CYFROWY POLSAT S.A..png,AUX-PROV-1408666F4463,provider-logo,CYFROWY POLSAT S.A..png,REVIEW,AUX-RF-0639,C_BLACK_AND_WHITE_CONTRAST,C_BLACK_AND_WHITE_CONTRAST|E_MIXED_CHROMATIC_UNSAFE_RECOLOUR,true
provider-logo::CYFROWY POLSAT S.A.png,AUX-PROV-2742BEA92801,provider-logo,CYFROWY POLSAT S.A.png,REVIEW,AUX-RF-0639,C_BLACK_AND_WHITE_CONTRAST,C_BLACK_AND_WHITE_CONTRAST|E_MIXED_CHROMATIC_UNSAFE_RECOLOUR,false
provider-logo::CYFROWY POLSAT SA.png,AUX-PROV-EB9EC9CAFC66,provider-logo,CYFROWY POLSAT SA.png,REVIEW,AUX-RF-0639,C_BLACK_AND_WHITE_CONTRAST,C_BLACK_AND_WHITE_CONTRAST|E_MIXED_CHROMATIC_UNSAFE_RECOLOUR,false
provider-logo::CYFROWY POLSAT.png,AUX-PROV-0663DC4DC890,provider-logo,CYFROWY POLSAT.png,REVIEW,AUX-RF-0639,C_BLACK_AND_WHITE_CONTRAST,C_BLACK_AND_WHITE_CONTRAST|E_MIXED_CHROMATIC_UNSAFE_RECOLOUR,false
provider-logo::D-SMART.png,AUX-PROV-692777D64F85,provider-logo,D-SMART.png,SOURCE-UNRESOLVED,AUX-RF-0980,I_SOURCE_UNRESOLVED_BW,I_SOURCE_UNRESOLVED_BW,true
provider-logo::DALKOM SOMALIA.png,AUX-PROV-8B7446C68374,provider-logo,DALKOM SOMALIA.png,REVIEW,AUX-RF-0549,C_BLACK_AND_WHITE_CONTRAST,C_BLACK_AND_WHITE_CONTRAST|D_COMPONENT_MASK_AMBIGUOUS|E_MIXED_CHROMATIC_UNSAFE_RECOLOUR,true
provider-logo::DALSAT GLOBAL.png,AUX-PROV-6E7CF45740DE,provider-logo,DALSAT GLOBAL.png,REVIEW,AUX-RF-0363,C_BLACK_AND_WHITE_CONTRAST,C_BLACK_AND_WHITE_CONTRAST|D_COMPONENT_MASK_AMBIGUOUS|E_MIXED_CHROMATIC_UNSAFE_RECOLOUR,true
provider-logo::DASTO SEMTEL.png,AUX-PROV-19DC9B333E27,provider-logo,DASTO SEMTEL.png,REVIEW,AUX-RF-0193,C_BLACK_AND_WHITE_CONTRAST,C_BLACK_AND_WHITE_CONTRAST|E_MIXED_CHROMATIC_UNSAFE_RECOLOUR,true
provider-logo::DBS.png,AUX-PROV-48A71A4F5F49,provider-logo,DBS.png,REVIEW,AUX-RF-0248,C_BLACK_AND_WHITE_CONTRAST,C_BLACK_AND_WHITE_CONTRAST|E_MIXED_CHROMATIC_UNSAFE_RECOLOUR,true
provider-logo::DCH.png,AUX-PROV-C7B0C76DF17D,provider-logo,DCH.png,REVIEW,AUX-RF-0372,C_BLACK_AND_WHITE_CONTRAST,C_BLACK_AND_WHITE_CONTRAST|E_MIXED_CHROMATIC_UNSAFE_RECOLOUR,false
provider-logo::DEMIROREN MEDYA.png,AUX-PROV-CED2400AE3A2,provider-logo,DEMIROREN MEDYA.png,REVIEW,AUX-RF-0214,C_BLACK_AND_WHITE_CONTRAST,C_BLACK_AND_WHITE_CONTRAST|E_MIXED_CHROMATIC_UNSAFE_RECOLOUR,true
provider-logo::DEUTSCHE WELLE.png,AUX-PROV-9D0AB684C0FF,provider-logo,DEUTSCHE WELLE.png,REVIEW,AUX-RF-0024,C_BLACK_AND_WHITE_CONTRAST,C_BLACK_AND_WHITE_CONTRAST|E_MIXED_CHROMATIC_UNSAFE_RECOLOUR,true
provider-logo::DGB2.png,AUX-PROV-29759BBEE5B0,provider-logo,DGB2.png,REVIEW,AUX-RF-0810,E_MIXED_CHROMATIC_UNSAFE_RECOLOUR,E_MIXED_CHROMATIC_UNSAFE_RECOLOUR,true
provider-logo::DGB3.png,AUX-PROV-D3765E15DFC4,provider-logo,DGB3.png,SOURCE-UNRESOLVED,AUX-RF-1198,J_SOURCE_UNRESOLVED_BLACK_ONLY,J_SOURCE_UNRESOLVED_BLACK_ONLY,true
provider-logo::DIGEA GREECE.png,AUX-PROV-31B39B71EFE1,provider-logo,DIGEA GREECE.png,SOURCE-UNRESOLVED,AUX-RF-1216,J_SOURCE_UNRESOLVED_BLACK_ONLY,J_SOURCE_UNRESOLVED_BLACK_ONLY,true
provider-logo::DIGEA.png,AUX-PROV-177977C53D36,provider-logo,DIGEA.png,REVIEW,AUX-RF-0405,C_BLACK_AND_WHITE_CONTRAST,C_BLACK_AND_WHITE_CONTRAST|E_MIXED_CHROMATIC_UNSAFE_RECOLOUR,true
provider-logo::DIGI TV.png,AUX-PROV-7280234B28C5,provider-logo,DIGI TV.png,SOURCE-UNRESOLVED,AUX-RF-0912,I_SOURCE_UNRESOLVED_BW,I_SOURCE_UNRESOLVED_BW,true
provider-logo::DIGI.png,AUX-PROV-9F0F544D19D5,provider-logo,DIGI.png,REVIEW,AUX-RF-0266,C_BLACK_AND_WHITE_CONTRAST,C_BLACK_AND_WHITE_CONTRAST|E_MIXED_CHROMATIC_UNSAFE_RECOLOUR,true
provider-logo::DIGIT ALB.png,AUX-PROV-B6A05E35EFD3,provider-logo,DIGIT ALB.png,SOURCE-UNRESOLVED,AUX-RF-1136,I_SOURCE_UNRESOLVED_BW,I_SOURCE_UNRESOLVED_BW,true
provider-logo::DIGITAL +.png,AUX-PROV-4C34150BD4ED,provider-logo,DIGITAL +.png,REVIEW,AUX-RF-0372,C_BLACK_AND_WHITE_CONTRAST,C_BLACK_AND_WHITE_CONTRAST|E_MIXED_CHROMATIC_UNSAFE_RECOLOUR,false
provider-logo::DIGITAL FREE.png,AUX-PROV-905DEA1F3C8E,provider-logo,DIGITAL FREE.png,SOURCE-UNRESOLVED,AUX-RF-1137,I_SOURCE_UNRESOLVED_BW,I_SOURCE_UNRESOLVED_BW,true
provider-logo::DIGITAL PLATFORM.png,AUX-PROV-716344D40096,provider-logo,DIGITAL PLATFORM.png,REVIEW,AUX-RF-0103,C_BLACK_AND_WHITE_CONTRAST,C_BLACK_AND_WHITE_CONTRAST|E_MIXED_CHROMATIC_UNSAFE_RECOLOUR,true
provider-logo::DIGITAL PLUS.png,AUX-PROV-62038CE4C56A,provider-logo,DIGITAL PLUS.png,REVIEW,AUX-RF-0902,G_SOURCE_QC_ALPHA_BACKGROUND,G_SOURCE_QC_ALPHA_BACKGROUND,true
provider-logo::DIGITAL+.png,AUX-PROV-EE0800AD25D2,provider-logo,DIGITAL+.png,REVIEW,AUX-RF-0372,C_BLACK_AND_WHITE_CONTRAST,C_BLACK_AND_WHITE_CONTRAST|E_MIXED_CHROMATIC_UNSAFE_RECOLOUR,false
provider-logo::DIGITALB.png,AUX-PROV-128F02ECF964,provider-logo,DIGITALB.png,REVIEW,AUX-RF-0352,C_BLACK_AND_WHITE_CONTRAST,C_BLACK_AND_WHITE_CONTRAST|D_COMPONENT_MASK_AMBIGUOUS|E_MIXED_CHROMATIC_UNSAFE_RECOLOUR,true
provider-logo::DIGITALE TERRESTRE.png,AUX-PROV-31237D774E83,provider-logo,DIGITALE TERRESTRE.png,SOURCE-UNRESOLVED,AUX-RF-1023,I_SOURCE_UNRESOLVED_BW,I_SOURCE_UNRESOLVED_BW,true
provider-logo::DIGITALPLUS.png,AUX-PROV-E29CF39D9973,provider-logo,DIGITALPLUS.png,REVIEW,AUX-RF-0902,G_SOURCE_QC_ALPHA_BACKGROUND,G_SOURCE_QC_ALPHA_BACKGROUND,false
provider-logo::DIGITRK.png,AUX-PROV-BC9D0A283702,provider-logo,DIGITRK.png,SOURCE-UNRESOLVED,AUX-RF-0994,I_SOURCE_UNRESOLVED_BW,I_SOURCE_UNRESOLVED_BW,true
provider-logo::DIGITURK.png,AUX-PROV-132AC1445211,provider-logo,DIGITURK.png,SOURCE-UNRESOLVED,AUX-RF-0994,I_SOURCE_UNRESOLVED_BW,I_SOURCE_UNRESOLVED_BW,false
provider-logo::DIGITV.png,AUX-PROV-1CA329B5E5AF,provider-logo,DIGITV.png,REVIEW,AUX-RF-0266,C_BLACK_AND_WHITE_CONTRAST,C_BLACK_AND_WHITE_CONTRAST|E_MIXED_CHROMATIC_UNSAFE_RECOLOUR,false
provider-logo::DISCOVERY HD.png,AUX-PROV-4EB367179771,provider-logo,DISCOVERY HD.png,REVIEW,AUX-RF-0151,C_BLACK_AND_WHITE_CONTRAST,C_BLACK_AND_WHITE_CONTRAST|D_COMPONENT_MASK_AMBIGUOUS|E_MIXED_CHROMATIC_UNSAFE_RECOLOUR,true
provider-logo::DISCOVERY.png,AUX-PROV-3B1266952D0D,provider-logo,DISCOVERY.png,REVIEW,AUX-RF-0235,C_BLACK_AND_WHITE_CONTRAST,C_BLACK_AND_WHITE_CONTRAST|D_COMPONENT_MASK_AMBIGUOUS|E_MIXED_CHROMATIC_UNSAFE_RECOLOUR,true
provider-logo::DISNEY CHANNEL.png,AUX-PROV-D167C71B8F47,provider-logo,DISNEY CHANNEL.png,REVIEW,AUX-RF-0137,C_BLACK_AND_WHITE_CONTRAST,C_BLACK_AND_WHITE_CONTRAST|D_COMPONENT_MASK_AMBIGUOUS|E_MIXED_CHROMATIC_UNSAFE_RECOLOUR,true
provider-logo::DISNEY JUNIOR.png,AUX-PROV-ADA284509AF9,provider-logo,DISNEY JUNIOR.png,REVIEW,AUX-RF-0727,D_COMPONENT_MASK_AMBIGUOUS,D_COMPONENT_MASK_AMBIGUOUS|E_MIXED_CHROMATIC_UNSAFE_RECOLOUR,true
provider-logo::DITV MULTIMEDIA.png,AUX-PROV-AA743DB78B20,provider-logo,DITV MULTIMEDIA.png,REVIEW,AUX-RF-0158,C_BLACK_AND_WHITE_CONTRAST,C_BLACK_AND_WHITE_CONTRAST|D_COMPONENT_MASK_AMBIGUOUS|E_MIXED_CHROMATIC_UNSAFE_RECOLOUR,true
provider-logo::DIVAN TV.png,AUX-PROV-B40AC1E748C2,provider-logo,DIVAN TV.png,REVIEW,AUX-RF-0880,E_MIXED_CHROMATIC_UNSAFE_RECOLOUR,E_MIXED_CHROMATIC_UNSAFE_RECOLOUR,true
provider-logo::DJEMBA ITC BKCJ.png,AUX-PROV-EC58FEEFB992,provider-logo,DJEMBA ITC BKCJ.png,REVIEW,AUX-RF-0799,E_MIXED_CHROMATIC_UNSAFE_RECOLOUR,E_MIXED_CHROMATIC_UNSAFE_RECOLOUR,true
provider-logo::DJEMBA ITC.png,AUX-PROV-87D1E7E114B8,provider-logo,DJEMBA ITC.png,REVIEW,AUX-RF-0733,E_MIXED_CHROMATIC_UNSAFE_RECOLOUR,E_MIXED_CHROMATIC_UNSAFE_RECOLOUR,true
provider-logo::DM-SAT.png,AUX-PROV-8107AE171150,provider-logo,DM-SAT.png,REVIEW,AUX-RF-0351,C_BLACK_AND_WHITE_CONTRAST,C_BLACK_AND_WHITE_CONTRAST|D_COMPONENT_MASK_AMBIGUOUS|E_MIXED_CHROMATIC_UNSAFE_RECOLOUR,true
provider-logo::DMC.png,AUX-PROV-15A97EF8495B,provider-logo,DMC.png,REVIEW,AUX-RF-0450,C_BLACK_AND_WHITE_CONTRAST,C_BLACK_AND_WHITE_CONTRAST|D_COMPONENT_MASK_AMBIGUOUS|E_MIXED_CHROMATIC_UNSAFE_RECOLOUR,true
provider-logo::DOGAN TV.png,AUX-PROV-288522D738EB,provider-logo,DOGAN TV.png,REVIEW,AUX-RF-0079,C_BLACK_AND_WHITE_CONTRAST,C_BLACK_AND_WHITE_CONTRAST|D_COMPONENT_MASK_AMBIGUOUS|E_MIXED_CHROMATIC_UNSAFE_RECOLOUR,true
provider-logo::DOLCE.png,AUX-PROV-12CD1BC43E1B,provider-logo,DOLCE.png,REVIEW,AUX-RF-0433,C_BLACK_AND_WHITE_CONTRAST,C_BLACK_AND_WHITE_CONTRAST|E_MIXED_CHROMATIC_UNSAFE_RECOLOUR,true
provider-logo::DTK-SATELIO.png,AUX-PROV-DA47BDBD3511,provider-logo,DTK-SATELIO.png,REVIEW,AUX-RF-0694,D_COMPONENT_MASK_AMBIGUOUS,D_COMPONENT_MASK_AMBIGUOUS|E_MIXED_CHROMATIC_UNSAFE_RECOLOUR,true
provider-logo::DTRP VERKHOVNA RADA.png,AUX-PROV-BBB45200F22D,provider-logo,DTRP VERKHOVNA RADA.png,REVIEW,AUX-RF-0649,C_BLACK_AND_WHITE_CONTRAST,C_BLACK_AND_WHITE_CONTRAST|D_COMPONENT_MASK_AMBIGUOUS|E_MIXED_CHROMATIC_UNSAFE_RECOLOUR,true
provider-logo::DTVI.png,AUX-PROV-8BA9A7FD04A2,provider-logo,DTVI.png,REVIEW,AUX-RF-0309,C_BLACK_AND_WHITE_CONTRAST,C_BLACK_AND_WHITE_CONTRAST|D_COMPONENT_MASK_AMBIGUOUS|E_MIXED_CHROMATIC_UNSAFE_RECOLOUR,true
provider-logo::DU.png,AUX-PROV-C46A55EE9EA4,provider-logo,DU.png,REVIEW,AUX-RF-0735,E_MIXED_CHROMATIC_UNSAFE_RECOLOUR,E_MIXED_CHROMATIC_UNSAFE_RECOLOUR,true
provider-logo::DUHOK.png,AUX-PROV-50DC4937D488,provider-logo,DUHOK.png,REVIEW,AUX-RF-0181,C_BLACK_AND_WHITE_CONTRAST,C_BLACK_AND_WHITE_CONTRAST|D_COMPONENT_MASK_AMBIGUOUS|E_MIXED_CHROMATIC_UNSAFE_RECOLOUR,true
provider-logo::DVB-T EUROPE.png,AUX-PROV-6797BE38356F,provider-logo,DVB-T EUROPE.png,SOURCE-UNRESOLVED,AUX-RF-1023,I_SOURCE_UNRESOLVED_BW,I_SOURCE_UNRESOLVED_BW,false
provider-logo::DVB-T.png,AUX-PROV-C3D7C872B501,provider-logo,DVB-T.png,SOURCE-UNRESOLVED,AUX-RF-1023,I_SOURCE_UNRESOLVED_BW,I_SOURCE_UNRESOLVED_BW,false
provider-logo::DW.png,AUX-PROV-32C5567B4FCB,provider-logo,DW.png,REVIEW,AUX-RF-0496,C_BLACK_AND_WHITE_CONTRAST,C_BLACK_AND_WHITE_CONTRAST|E_MIXED_CHROMATIC_UNSAFE_RECOLOUR,true
provider-logo::DZAIR.png,AUX-PROV-C4E801C08AAD,provider-logo,DZAIR.png,REVIEW,AUX-RF-0666,D_COMPONENT_MASK_AMBIGUOUS,D_COMPONENT_MASK_AMBIGUOUS|E_MIXED_CHROMATIC_UNSAFE_RECOLOUR,true
provider-logo::E TV MARCHE.png,AUX-PROV-B3EB7CFFAA4C,provider-logo,E TV MARCHE.png,REVIEW,AUX-RF-0705,D_COMPONENT_MASK_AMBIGUOUS,D_COMPONENT_MASK_AMBIGUOUS|E_MIXED_CHROMATIC_UNSAFE_RECOLOUR,true
provider-logo::E TV RETE 7.png,AUX-PROV-855F631A4270,provider-logo,E TV RETE 7.png,REVIEW,AUX-RF-0689,D_COMPONENT_MASK_AMBIGUOUS,D_COMPONENT_MASK_AMBIGUOUS|E_MIXED_CHROMATIC_UNSAFE_RECOLOUR,true
provider-logo::E2.png,AUX-PROV-F8A3CF6771E6,provider-logo,E2.png,REVIEW,AUX-RF-0747,E_MIXED_CHROMATIC_UNSAFE_RECOLOUR,E_MIXED_CHROMATIC_UNSAFE_RECOLOUR,true
provider-logo::EBU-UER.png,AUX-PROV-2A69FF047D3A,provider-logo,EBU-UER.png,REVIEW,AUX-RF-0215,C_BLACK_AND_WHITE_CONTRAST,C_BLACK_AND_WHITE_CONTRAST|E_MIXED_CHROMATIC_UNSAFE_RECOLOUR,true
provider-logo::EBU.png,AUX-PROV-289728184D21,provider-logo,EBU.png,REVIEW,AUX-RF-0089,C_BLACK_AND_WHITE_CONTRAST,C_BLACK_AND_WHITE_CONTRAST|E_MIXED_CHROMATIC_UNSAFE_RECOLOUR,true
provider-logo::EDEM IPTV.png,AUX-PROV-35F634ACAF4A,provider-logo,EDEM IPTV.png,SOURCE-UNRESOLVED,AUX-RF-1195,J_SOURCE_UNRESOLVED_BLACK_ONLY,J_SOURCE_UNRESOLVED_BLACK_ONLY,true
provider-logo::EDML.png,AUX-PROV-67EA451E1890,provider-logo,EDML.png,REVIEW,AUX-RF-0715,D_COMPONENT_MASK_AMBIGUOUS,D_COMPONENT_MASK_AMBIGUOUS|E_MIXED_CHROMATIC_UNSAFE_RECOLOUR,true
provider-logo::EEC SECUNDRIO.png,AUX-PROV-12EE63AB7531,provider-logo,EEC SECUNDRIO.png,REVIEW,AUX-RF-0633,C_BLACK_AND_WHITE_CONTRAST,C_BLACK_AND_WHITE_CONTRAST|E_MIXED_CHROMATIC_UNSAFE_RECOLOUR,true
provider-logo::EISALAT.png,AUX-PROV-E4A28CAB02F2,provider-logo,EISALAT.png,REVIEW,AUX-RF-0851,E_MIXED_CHROMATIC_UNSAFE_RECOLOUR,E_MIXED_CHROMATIC_UNSAFE_RECOLOUR,true
provider-logo::ELEMEDIA.png,AUX-PROV-B9BDFFB1C88E,provider-logo,ELEMEDIA.png,REVIEW,AUX-RF-0641,C_BLACK_AND_WHITE_CONTRAST,C_BLACK_AND_WHITE_CONTRAST|D_COMPONENT_MASK_AMBIGUOUS|E_MIXED_CHROMATIC_UNSAFE_RECOLOUR,true
provider-logo::ELHIWAR.png,AUX-PROV-C4EA78105905,provider-logo,ELHIWAR.png,REVIEW,AUX-RF-0233,C_BLACK_AND_WHITE_CONTRAST,C_BLACK_AND_WHITE_CONTRAST|D_COMPONENT_MASK_AMBIGUOUS|E_MIXED_CHROMATIC_UNSAFE_RECOLOUR,true
provider-logo::ENCODER.png,AUX-PROV-7D4878F26E09,provider-logo,ENCODER.png,REVIEW,AUX-RF-0394,C_BLACK_AND_WHITE_CONTRAST,C_BLACK_AND_WHITE_CONTRAST|D_COMPONENT_MASK_AMBIGUOUS|E_MIXED_CHROMATIC_UNSAFE_RECOLOUR,true
provider-logo::ENCOMPASS.png,AUX-PROV-B880A9ADA00E,provider-logo,ENCOMPASS.png,REVIEW,AUX-RF-0318,C_BLACK_AND_WHITE_CONTRAST,C_BLACK_AND_WHITE_CONTRAST|D_COMPONENT_MASK_AMBIGUOUS|E_MIXED_CHROMATIC_UNSAFE_RECOLOUR,true
provider-logo::ENGLISH CLUB.png,AUX-PROV-962DA05E991C,provider-logo,ENGLISH CLUB.png,REVIEW,AUX-RF-0595,C_BLACK_AND_WHITE_CONTRAST,C_BLACK_AND_WHITE_CONTRAST|D_COMPONENT_MASK_AMBIGUOUS|E_MIXED_CHROMATIC_UNSAFE_RECOLOUR,true
provider-logo::ERICSOSON TV.png,AUX-PROV-8CEB33E8E98E,provider-logo,ERICSOSON TV.png,REVIEW,AUX-RF-0626,C_BLACK_AND_WHITE_CONTRAST,C_BLACK_AND_WHITE_CONTRAST|E_MIXED_CHROMATIC_UNSAFE_RECOLOUR,true
provider-logo::ERICSSON TELEVISION.png,AUX-PROV-5721E609FBD4,provider-logo,ERICSSON TELEVISION.png,REVIEW,AUX-RF-0626,C_BLACK_AND_WHITE_CONTRAST,C_BLACK_AND_WHITE_CONTRAST|E_MIXED_CHROMATIC_UNSAFE_RECOLOUR,false
provider-logo::ERICSSON.png,AUX-PROV-082FA5307D16,provider-logo,ERICSSON.png,REVIEW,AUX-RF-0458,C_BLACK_AND_WHITE_CONTRAST,C_BLACK_AND_WHITE_CONTRAST|E_MIXED_CHROMATIC_UNSAFE_RECOLOUR,true
provider-logo::ERICSSONTV.png,AUX-PROV-656B6968B8D5,provider-logo,ERICSSONTV.png,REVIEW,AUX-RF-0626,C_BLACK_AND_WHITE_CONTRAST,C_BLACK_AND_WHITE_CONTRAST|E_MIXED_CHROMATIC_UNSAFE_RECOLOUR,false
provider-logo::ERT.png,AUX-PROV-C119BB689EC1,provider-logo,ERT.png,REVIEW,AUX-RF-0543,C_BLACK_AND_WHITE_CONTRAST,C_BLACK_AND_WHITE_CONTRAST|D_COMPONENT_MASK_AMBIGUOUS|E_MIXED_CHROMATIC_UNSAFE_RECOLOUR,true
provider-logo::ERTU.png,AUX-PROV-CC5A6EE5829B,provider-logo,ERTU.png,REVIEW,AUX-RF-0732,E_MIXED_CHROMATIC_UNSAFE_RECOLOUR,E_MIXED_CHROMATIC_UNSAFE_RECOLOUR,true
provider-logo::ES RADIO.png,AUX-PROV-96FA5994554C,provider-logo,ES RADIO.png,REVIEW,AUX-RF-0646,C_BLACK_AND_WHITE_CONTRAST,C_BLACK_AND_WHITE_CONTRAST|D_COMPONENT_MASK_AMBIGUOUS|E_MIXED_CHROMATIC_UNSAFE_RECOLOUR,true
provider-logo::ESHAILSAT.png,AUX-PROV-13F1876D4EAA,provider-logo,ESHAILSAT.png,REVIEW,AUX-RF-0602,C_BLACK_AND_WHITE_CONTRAST,C_BLACK_AND_WHITE_CONTRAST|D_COMPONENT_MASK_AMBIGUOUS|E_MIXED_CHROMATIC_UNSAFE_RECOLOUR,true
provider-logo::ESHAISAT.png,AUX-PROV-FB15CF7C3E71,provider-logo,ESHAISAT.png,REVIEW,AUX-RF-0602,C_BLACK_AND_WHITE_CONTRAST,C_BLACK_AND_WHITE_CONTRAST|D_COMPONENT_MASK_AMBIGUOUS|E_MIXED_CHROMATIC_UNSAFE_RECOLOUR,false
provider-logo::ESHIALSAT.png,AUX-PROV-D64D6789539F,provider-logo,ESHIALSAT.png,REVIEW,AUX-RF-0602,C_BLACK_AND_WHITE_CONTRAST,C_BLACK_AND_WHITE_CONTRAST|D_COMPONENT_MASK_AMBIGUOUS|E_MIXED_CHROMATIC_UNSAFE_RECOLOUR,false
provider-logo::ESPANSIONE TV HD.png,AUX-PROV-381FC906F47F,provider-logo,ESPANSIONE TV HD.png,REVIEW,AUX-RF-0417,C_BLACK_AND_WHITE_CONTRAST,C_BLACK_AND_WHITE_CONTRAST|D_COMPONENT_MASK_AMBIGUOUS|E_MIXED_CHROMATIC_UNSAFE_RECOLOUR,true
provider-logo::ESPANSIONE TV.png,AUX-PROV-861642C58B6B,provider-logo,ESPANSIONE TV.png,REVIEW,AUX-RF-0026,C_BLACK_AND_WHITE_CONTRAST,C_BLACK_AND_WHITE_CONTRAST|D_COMPONENT_MASK_AMBIGUOUS|E_MIXED_CHROMATIC_UNSAFE_RECOLOUR,true
provider-logo::ESPERIA TV.png,AUX-PROV-31BD213AEDA4,provider-logo,ESPERIA TV.png,REVIEW,AUX-RF-0837,E_MIXED_CHROMATIC_UNSAFE_RECOLOUR,E_MIXED_CHROMATIC_UNSAFE_RECOLOUR,true
provider-logo::ESPN.png,AUX-PROV-90F0346FF04A,provider-logo,ESPN.png,REVIEW,AUX-RF-0321,C_BLACK_AND_WHITE_CONTRAST,C_BLACK_AND_WHITE_CONTRAST|E_MIXED_CHROMATIC_UNSAFE_RECOLOUR,true
provider-logo::ESRADIO.png,AUX-PROV-0FA01FFFF854,provider-logo,ESRADIO.png,REVIEW,AUX-RF-0157,C_BLACK_AND_WHITE_CONTRAST,C_BLACK_AND_WHITE_CONTRAST|E_MIXED_CHROMATIC_UNSAFE_RECOLOUR,true
provider-logo::ETISALAT.png,AUX-PROV-BAAE162416D0,provider-logo,ETISALAT.png,REVIEW,AUX-RF-0851,E_MIXED_CHROMATIC_UNSAFE_RECOLOUR,E_MIXED_CHROMATIC_UNSAFE_RECOLOUR,false
provider-logo::ETISLAT.png,AUX-PROV-663FD9758476,provider-logo,ETISLAT.png,REVIEW,AUX-RF-0740,E_MIXED_CHROMATIC_UNSAFE_RECOLOUR,E_MIXED_CHROMATIC_UNSAFE_RECOLOUR,true
provider-logo::ETV MARCHE.png,AUX-PROV-98BC3842397C,provider-logo,ETV MARCHE.png,REVIEW,AUX-RF-0703,D_COMPONENT_MASK_AMBIGUOUS,D_COMPONENT_MASK_AMBIGUOUS|E_MIXED_CHROMATIC_UNSAFE_RECOLOUR,true
provider-logo::EUROPA FM.png,AUX-PROV-306E42526B56,provider-logo,EUROPA FM.png,REVIEW,AUX-RF-0619,C_BLACK_AND_WHITE_CONTRAST,C_BLACK_AND_WHITE_CONTRAST|D_COMPONENT_MASK_AMBIGUOUS|E_MIXED_CHROMATIC_UNSAFE_RECOLOUR,true
provider-logo::EUROSPORT 2.png,AUX-PROV-9B0750214918,provider-logo,EUROSPORT 2.png,REVIEW,AUX-RF-0709,D_COMPONENT_MASK_AMBIGUOUS,D_COMPONENT_MASK_AMBIGUOUS|E_MIXED_CHROMATIC_UNSAFE_RECOLOUR,true
provider-logo::EUTELAST MENA.png,AUX-PROV-72D68DA185FC,provider-logo,EUTELAST MENA.png,REVIEW,AUX-RF-0522,C_BLACK_AND_WHITE_CONTRAST,C_BLACK_AND_WHITE_CONTRAST|E_MIXED_CHROMATIC_UNSAFE_RECOLOUR,true
provider-logo::EUTELSAT MENA.png,AUX-PROV-E493E9AD3ECC,provider-logo,EUTELSAT MENA.png,REVIEW,AUX-RF-0533,C_BLACK_AND_WHITE_CONTRAST,C_BLACK_AND_WHITE_CONTRAST|E_MIXED_CHROMATIC_UNSAFE_RECOLOUR,true
provider-logo::EUTELSAT.png,AUX-PROV-25D030E3AE1F,provider-logo,EUTELSAT.png,REVIEW,AUX-RF-0328,C_BLACK_AND_WHITE_CONTRAST,C_BLACK_AND_WHITE_CONTRAST|E_MIXED_CHROMATIC_UNSAFE_RECOLOUR,true
provider-logo::EXTRA.png,AUX-PROV-2DBFF69DB4C6,provider-logo,EXTRA.png,SOURCE-UNRESOLVED,AUX-RF-1212,J_SOURCE_UNRESOLVED_BLACK_ONLY,J_SOURCE_UNRESOLVED_BLACK_ONLY,true
provider-logo::EXTREMADURA FM.png,AUX-PROV-0341215D1151,provider-logo,EXTREMADURA FM.png,REVIEW,AUX-RF-0588,C_BLACK_AND_WHITE_CONTRAST,C_BLACK_AND_WHITE_CONTRAST|E_MIXED_CHROMATIC_UNSAFE_RECOLOUR,true
provider-logo::FERMO TV.png,AUX-PROV-A5DA079953F0,provider-logo,FERMO TV.png,REVIEW,AUX-RF-0734,E_MIXED_CHROMATIC_UNSAFE_RECOLOUR,E_MIXED_CHROMATIC_UNSAFE_RECOLOUR,true
provider-logo::FFMPEG.png,AUX-PROV-C8E7D8100ADB,provider-logo,FFMPEG.png,REVIEW,AUX-RF-0362,C_BLACK_AND_WHITE_CONTRAST,C_BLACK_AND_WHITE_CONTRAST|E_MIXED_CHROMATIC_UNSAFE_RECOLOUR,true
provider-logo::FM HUESCA.png,AUX-PROV-22C958DB6253,provider-logo,FM HUESCA.png,REVIEW,AUX-RF-0400,C_BLACK_AND_WHITE_CONTRAST,C_BLACK_AND_WHITE_CONTRAST|E_MIXED_CHROMATIC_UNSAFE_RECOLOUR,true
provider-logo::FM TERUEL.png,AUX-PROV-F7CDBDBDD27F,provider-logo,FM TERUEL.png,REVIEW,AUX-RF-0400,C_BLACK_AND_WHITE_CONTRAST,C_BLACK_AND_WHITE_CONTRAST|E_MIXED_CHROMATIC_UNSAFE_RECOLOUR,false
provider-logo::FM ZARAGOZA.png,AUX-PROV-936CF2FB8FEB,provider-logo,FM ZARAGOZA.png,REVIEW,AUX-RF-0400,C_BLACK_AND_WHITE_CONTRAST,C_BLACK_AND_WHITE_CONTRAST|E_MIXED_CHROMATIC_UNSAFE_RECOLOUR,false
provider-logo::FM-DVB TDF RMV.png,AUX-PROV-680C5EBE8DC3,provider-logo,FM-DVB TDF RMV.png,REVIEW,AUX-RF-0537,C_BLACK_AND_WHITE_CONTRAST,C_BLACK_AND_WHITE_CONTRAST|D_COMPONENT_MASK_AMBIGUOUS|E_MIXED_CHROMATIC_UNSAFE_RECOLOUR,true
provider-logo::FM-DVB TDF TFL.png,AUX-PROV-471F2F0DBCBD,provider-logo,FM-DVB TDF TFL.png,REVIEW,AUX-RF-0041,C_BLACK_AND_WHITE_CONTRAST,C_BLACK_AND_WHITE_CONTRAST|D_COMPONENT_MASK_AMBIGUOUS|E_MIXED_CHROMATIC_UNSAFE_RECOLOUR,true
provider-logo::FOCUS SAT.png,AUX-PROV-49920DC4D38F,provider-logo,FOCUS SAT.png,SOURCE-UNRESOLVED,AUX-RF-1140,I_SOURCE_UNRESOLVED_BW,I_SOURCE_UNRESOLVED_BW,true
provider-logo::FOTELKA.png,AUX-PROV-1146896A4CBD,provider-logo,FOTELKA.png,REVIEW,AUX-RF-0870,E_MIXED_CHROMATIC_UNSAFE_RECOLOUR,E_MIXED_CHROMATIC_UNSAFE_RECOLOUR,true
provider-logo::FOX COMEDY.png,AUX-PROV-6AFDBAF0A4CF,provider-logo,FOX COMEDY.png,REVIEW,AUX-RF-0067,C_BLACK_AND_WHITE_CONTRAST,C_BLACK_AND_WHITE_CONTRAST|E_MIXED_CHROMATIC_UNSAFE_RECOLOUR,true
provider-logo::FOX CRIME HD.png,AUX-PROV-0F6898D21F94,provider-logo,FOX CRIME HD.png,REVIEW,AUX-RF-0569,C_BLACK_AND_WHITE_CONTRAST,C_BLACK_AND_WHITE_CONTRAST|E_MIXED_CHROMATIC_UNSAFE_RECOLOUR,true
provider-logo::FOX MOVIES.png,AUX-PROV-3C8820CCDE58,provider-logo,FOX MOVIES.png,REVIEW,AUX-RF-0743,E_MIXED_CHROMATIC_UNSAFE_RECOLOUR,E_MIXED_CHROMATIC_UNSAFE_RECOLOUR,true
provider-logo::FOX NETWORKS GROUP.png,AUX-PROV-25A07698271B,provider-logo,FOX NETWORKS GROUP.png,REVIEW,AUX-RF-0609,C_BLACK_AND_WHITE_CONTRAST,C_BLACK_AND_WHITE_CONTRAST|E_MIXED_CHROMATIC_UNSAFE_RECOLOUR,true
provider-logo::FOX.png,AUX-PROV-CE62AB507043,provider-logo,FOX.png,REVIEW,AUX-RF-0505,C_BLACK_AND_WHITE_CONTRAST,C_BLACK_AND_WHITE_CONTRAST|E_MIXED_CHROMATIC_UNSAFE_RECOLOUR,true
provider-logo::FOXGE.png,AUX-PROV-4FE1B06C4645,provider-logo,FOXGE.png,REVIEW,AUX-RF-0372,C_BLACK_AND_WHITE_CONTRAST,C_BLACK_AND_WHITE_CONTRAST|E_MIXED_CHROMATIC_UNSAFE_RECOLOUR,false
provider-logo::FOXNWS.png,AUX-PROV-31B9DF28362A,provider-logo,FOXNWS.png,REVIEW,AUX-RF-0372,C_BLACK_AND_WHITE_CONTRAST,C_BLACK_AND_WHITE_CONTRAST|E_MIXED_CHROMATIC_UNSAFE_RECOLOUR,false
provider-logo::FRANCE 24 I.png,AUX-PROV-B745B83BD760,provider-logo,FRANCE 24 I.png,REVIEW,AUX-RF-0776,E_MIXED_CHROMATIC_UNSAFE_RECOLOUR,E_MIXED_CHROMATIC_UNSAFE_RECOLOUR,true
provider-logo::FRANCE 24.png,AUX-PROV-460EB3D0F758,provider-logo,FRANCE 24.png,REVIEW,AUX-RF-0784,E_MIXED_CHROMATIC_UNSAFE_RECOLOUR,E_MIXED_CHROMATIC_UNSAFE_RECOLOUR,true
provider-logo::FRANCE DTT.png,AUX-PROV-7628F3B3AA90,provider-logo,FRANCE DTT.png,SOURCE-UNRESOLVED,AUX-RF-1215,J_SOURCE_UNRESOLVED_BLACK_ONLY,J_SOURCE_UNRESOLVED_BLACK_ONLY,true
provider-logo::FRANSAT.png,AUX-PROV-CDF527C61E35,provider-logo,FRANSAT.png,SOURCE-UNRESOLVED,AUX-RF-1135,I_SOURCE_UNRESOLVED_BW,I_SOURCE_UNRESOLVED_BW,true
provider-logo::FREESAT UPC.png,AUX-PROV-AD3C7570EF3D,provider-logo,FREESAT UPC.png,SOURCE-UNRESOLVED,AUX-RF-1088,I_SOURCE_UNRESOLVED_BW,I_SOURCE_UNRESOLVED_BW,true
provider-logo::FREESAT.png,AUX-PROV-FA10BD760B1F,provider-logo,FREESAT.png,REVIEW,AUX-RF-0265,C_BLACK_AND_WHITE_CONTRAST,C_BLACK_AND_WHITE_CONTRAST|E_MIXED_CHROMATIC_UNSAFE_RECOLOUR,true
provider-logo::FT GLOBECAST.png,AUX-PROV-71E5FCB3D3D2,provider-logo,FT GLOBECAST.png,SOURCE-UNRESOLVED,AUX-RF-1077,I_SOURCE_UNRESOLVED_BW,I_SOURCE_UNRESOLVED_BW,true
provider-logo::FTV.png,AUX-PROV-4E01746EA5F6,provider-logo,FTV.png,REVIEW,AUX-RF-0475,C_BLACK_AND_WHITE_CONTRAST,C_BLACK_AND_WHITE_CONTRAST|E_MIXED_CHROMATIC_UNSAFE_RECOLOUR,true
provider-logo::FUNRADIO.png,AUX-PROV-AA2B4A4B7DD9,provider-logo,FUNRADIO.png,REVIEW,AUX-RF-0679,D_COMPONENT_MASK_AMBIGUOUS,D_COMPONENT_MASK_AMBIGUOUS|E_MIXED_CHROMATIC_UNSAFE_RECOLOUR,true
provider-logo::GAZPROM SS.png,AUX-PROV-4CFCEF90A725,provider-logo,GAZPROM SS.png,REVIEW,AUX-RF-0570,C_BLACK_AND_WHITE_CONTRAST,C_BLACK_AND_WHITE_CONTRAST|E_MIXED_CHROMATIC_UNSAFE_RECOLOUR,true
provider-logo::GAZPROM_SS.png,AUX-PROV-912D72498C8E,provider-logo,GAZPROM_SS.png,SOURCE-UNRESOLVED,AUX-RF-1013,I_SOURCE_UNRESOLVED_BW,I_SOURCE_UNRESOLVED_BW,true
provider-logo::GENIPTV.png,AUX-PROV-7A5E51AEE783,provider-logo,GENIPTV.png,SOURCE-UNRESOLVED,AUX-RF-0992,I_SOURCE_UNRESOLVED_BW,I_SOURCE_UNRESOLVED_BW,true
provider-logo::GEOTELECOM.png,AUX-PROV-615E8332705E,provider-logo,GEOTELECOM.png,REVIEW,AUX-RF-0659,C_BLACK_AND_WHITE_CONTRAST,C_BLACK_AND_WHITE_CONTRAST|D_COMPONENT_MASK_AMBIGUOUS|E_MIXED_CHROMATIC_UNSAFE_RECOLOUR,true
provider-logo::GLANZ.png,AUX-PROV-72047F726F91,provider-logo,GLANZ.png,SOURCE-UNRESOLVED,AUX-RF-1201,J_SOURCE_UNRESOLVED_BLACK_ONLY,J_SOURCE_UNRESOLVED_BLACK_ONLY,true
provider-logo::GLAS.png,AUX-PROV-78783DA9C2B8,provider-logo,GLAS.png,REVIEW,AUX-RF-0027,C_BLACK_AND_WHITE_CONTRAST,C_BLACK_AND_WHITE_CONTRAST|E_MIXED_CHROMATIC_UNSAFE_RECOLOUR,true
provider-logo::GLOBAL.png,AUX-PROV-EC332FBE7712,provider-logo,GLOBAL.png,REVIEW,AUX-RF-0369,C_BLACK_AND_WHITE_CONTRAST,C_BLACK_AND_WHITE_CONTRAST|D_COMPONENT_MASK_AMBIGUOUS|E_MIXED_CHROMATIC_UNSAFE_RECOLOUR,true
provider-logo::GLOBECAST FRANCE.png,AUX-PROV-4B58D97FD0B2,provider-logo,GLOBECAST FRANCE.png,SOURCE-UNRESOLVED,AUX-RF-1077,I_SOURCE_UNRESOLVED_BW,I_SOURCE_UNRESOLVED_BW,false
provider-logo::GLOBECAST FT.png,AUX-PROV-5D8411E9F3D5,provider-logo,GLOBECAST FT.png,SOURCE-UNRESOLVED,AUX-RF-1077,I_SOURCE_UNRESOLVED_BW,I_SOURCE_UNRESOLVED_BW,false
provider-logo::GLOBECAST ITALIA.png,AUX-PROV-A7FA4A2D999A,provider-logo,GLOBECAST ITALIA.png,REVIEW,AUX-RF-0098,C_BLACK_AND_WHITE_CONTRAST,C_BLACK_AND_WHITE_CONTRAST|E_MIXED_CHROMATIC_UNSAFE_RECOLOUR,true
provider-logo::GLOBECAST ITALY.png,AUX-PROV-00C58BA57765,provider-logo,GLOBECAST ITALY.png,REVIEW,AUX-RF-0016,C_BLACK_AND_WHITE_CONTRAST,C_BLACK_AND_WHITE_CONTRAST|E_MIXED_CHROMATIC_UNSAFE_RECOLOUR,true
provider-logo::GLOBECAST UK.png,AUX-PROV-387C1774CBC7,provider-logo,GLOBECAST UK.png,REVIEW,AUX-RF-0210,C_BLACK_AND_WHITE_CONTRAST,C_BLACK_AND_WHITE_CONTRAST|E_MIXED_CHROMATIC_UNSAFE_RECOLOUR,true
provider-logo::GLOBECAST.png,AUX-PROV-79E80328D61D,provider-logo,GLOBECAST.png,REVIEW,AUX-RF-0098,C_BLACK_AND_WHITE_CONTRAST,C_BLACK_AND_WHITE_CONTRAST|E_MIXED_CHROMATIC_UNSAFE_RECOLOUR,false
provider-logo::GLOBECAST_ITALIA.png,AUX-PROV-6E1B9441483E,provider-logo,GLOBECAST_ITALIA.png,SOURCE-UNRESOLVED,AUX-RF-1077,I_SOURCE_UNRESOLVED_BW,I_SOURCE_UNRESOLVED_BW,false
provider-logo::GLOBO.png,AUX-PROV-767E5429AF47,provider-logo,GLOBO.png,REVIEW,AUX-RF-0390,C_BLACK_AND_WHITE_CONTRAST,C_BLACK_AND_WHITE_CONTRAST|D_COMPONENT_MASK_AMBIGUOUS|E_MIXED_CHROMATIC_UNSAFE_RECOLOUR,true
provider-logo::GMA.png,AUX-PROV-51D2A8CD974A,provider-logo,GMA.png,REVIEW,AUX-RF-0430,C_BLACK_AND_WHITE_CONTRAST,C_BLACK_AND_WHITE_CONTRAST|D_COMPONENT_MASK_AMBIGUOUS|E_MIXED_CHROMATIC_UNSAFE_RECOLOUR,true
provider-logo::GMDS.png,AUX-PROV-E1B8DA017CCF,provider-logo,GMDS.png,REVIEW,AUX-RF-0347,C_BLACK_AND_WHITE_CONTRAST,C_BLACK_AND_WHITE_CONTRAST|D_COMPONENT_MASK_AMBIGUOUS|E_MIXED_CHROMATIC_UNSAFE_RECOLOUR,true
provider-logo::GOLOS DONBASU.png,AUX-PROV-C316D9218F3F,provider-logo,GOLOS DONBASU.png,REVIEW,AUX-RF-0867,E_MIXED_CHROMATIC_UNSAFE_RECOLOUR,E_MIXED_CHROMATIC_UNSAFE_RECOLOUR,true
provider-logo::GOMEL-SAT.png,AUX-PROV-E03734E646FB,provider-logo,GOMEL-SAT.png,REVIEW,AUX-RF-0298,C_BLACK_AND_WHITE_CONTRAST,C_BLACK_AND_WHITE_CONTRAST|D_COMPONENT_MASK_AMBIGUOUS|E_MIXED_CHROMATIC_UNSAFE_RECOLOUR,true
provider-logo::GOTV.png,AUX-PROV-9704F8259F10,provider-logo,GOTV.png,REVIEW,AUX-RF-0836,E_MIXED_CHROMATIC_UNSAFE_RECOLOUR,E_MIXED_CHROMATIC_UNSAFE_RECOLOUR,true
provider-logo::GOVERNANCE MINISTRIES.png,AUX-PROV-60E96F7533F5,provider-logo,GOVERNANCE MINISTRIES.png,REVIEW,AUX-RF-0842,E_MIXED_CHROMATIC_UNSAFE_RECOLOUR,E_MIXED_CHROMATIC_UNSAFE_RECOLOUR,true
provider-logo::GR1 A.png,AUX-PROV-CEFCA729F3E5,provider-logo,GR1 A.png,REVIEW,AUX-RF-0036,C_BLACK_AND_WHITE_CONTRAST,C_BLACK_AND_WHITE_CONTRAST|D_COMPONENT_MASK_AMBIGUOUS|E_MIXED_CHROMATIC_UNSAFE_RECOLOUR,true
provider-logo::GR1 B.png,AUX-PROV-DDCA3BBB163D,provider-logo,GR1 B.png,REVIEW,AUX-RF-0328,C_BLACK_AND_WHITE_CONTRAST,C_BLACK_AND_WHITE_CONTRAST|E_MIXED_CHROMATIC_UNSAFE_RECOLOUR,false
provider-logo::GR1.png,AUX-PROV-5D7BF62B8774,provider-logo,GR1.png,REVIEW,AUX-RF-0328,C_BLACK_AND_WHITE_CONTRAST,C_BLACK_AND_WHITE_CONTRAST|E_MIXED_CHROMATIC_UNSAFE_RECOLOUR,false
provider-logo::GRIDSHOT HENKBOX.png,AUX-PROV-811DFC4C6597,provider-logo,GRIDSHOT HENKBOX.png,REVIEW,AUX-RF-0125,C_BLACK_AND_WHITE_CONTRAST,C_BLACK_AND_WHITE_CONTRAST|D_COMPONENT_MASK_AMBIGUOUS|E_MIXED_CHROMATIC_UNSAFE_RECOLOUR,true
provider-logo::GROUPE M6.png,AUX-PROV-18C9ECAEA22A,provider-logo,GROUPE M6.png,REVIEW,AUX-RF-0700,D_COMPONENT_MASK_AMBIGUOUS,D_COMPONENT_MASK_AMBIGUOUS|E_MIXED_CHROMATIC_UNSAFE_RECOLOUR,true
provider-logo::GRUPPOAIR.png,AUX-PROV-089847BC7A8C,provider-logo,GRUPPOAIR.png,REVIEW,AUX-RF-0307,C_BLACK_AND_WHITE_CONTRAST,C_BLACK_AND_WHITE_CONTRAST|E_MIXED_CHROMATIC_UNSAFE_RECOLOUR,true
provider-logo::GTV.png,AUX-PROV-313D75C37060,provider-logo,GTV.png,REVIEW,AUX-RF-0495,C_BLACK_AND_WHITE_CONTRAST,C_BLACK_AND_WHITE_CONTRAST|D_COMPONENT_MASK_AMBIGUOUS|E_MIXED_CHROMATIC_UNSAFE_RECOLOUR,true
provider-logo::GUC TELEKOM MEDYA.png,AUX-PROV-418C48AAAA77,provider-logo,GUC TELEKOM MEDYA.png,REVIEW,AUX-RF-0523,C_BLACK_AND_WHITE_CONTRAST,C_BLACK_AND_WHITE_CONTRAST|E_MIXED_CHROMATIC_UNSAFE_RECOLOUR,true
provider-logo::GUC TELEKOM.png,AUX-PROV-A039C49FE9C5,provider-logo,GUC TELEKOM.png,REVIEW,AUX-RF-0523,C_BLACK_AND_WHITE_CONTRAST,C_BLACK_AND_WHITE_CONTRAST|E_MIXED_CHROMATIC_UNSAFE_RECOLOUR,false
provider-logo::GULFSAT.png,AUX-PROV-EE9ED189B907,provider-logo,GULFSAT.png,REVIEW,AUX-RF-0411,C_BLACK_AND_WHITE_CONTRAST,C_BLACK_AND_WHITE_CONTRAST|E_MIXED_CHROMATIC_UNSAFE_RECOLOUR,true
provider-logo::GUNAZ.png,AUX-PROV-42C7D4B8B9D9,provider-logo,GUNAZ.png,REVIEW,AUX-RF-0358,C_BLACK_AND_WHITE_CONTRAST,C_BLACK_AND_WHITE_CONTRAST|E_MIXED_CHROMATIC_UNSAFE_RECOLOUR,true
provider-logo::H.png,AUX-PROV-CC9FED2CEE78,provider-logo,H.png,REVIEW,AUX-RF-0723,D_COMPONENT_MASK_AMBIGUOUS,D_COMPONENT_MASK_AMBIGUOUS|E_MIXED_CHROMATIC_UNSAFE_RECOLOUR,true
provider-logo::HABERAKS TV.png,AUX-PROV-06445C919DDE,provider-logo,HABERAKS TV.png,REVIEW,AUX-RF-0312,C_BLACK_AND_WHITE_CONTRAST,C_BLACK_AND_WHITE_CONTRAST|D_COMPONENT_MASK_AMBIGUOUS|E_MIXED_CHROMATIC_UNSAFE_RECOLOUR,true
provider-logo::HABERTURK HD.png,AUX-PROV-1F1708F46185,provider-logo,HABERTURK HD.png,REVIEW,AUX-RF-0359,C_BLACK_AND_WHITE_CONTRAST,C_BLACK_AND_WHITE_CONTRAST|E_MIXED_CHROMATIC_UNSAFE_RECOLOUR,true
provider-logo::HABERTURK RADYO.png,AUX-PROV-0EA4319F0AE4,provider-logo,HABERTURK RADYO.png,REVIEW,AUX-RF-0303,C_BLACK_AND_WHITE_CONTRAST,C_BLACK_AND_WHITE_CONTRAST|D_COMPONENT_MASK_AMBIGUOUS|E_MIXED_CHROMATIC_UNSAFE_RECOLOUR,true
provider-logo::HABERTURK.png,AUX-PROV-A9C057296034,provider-logo,HABERTURK.png,REVIEW,AUX-RF-0085,C_BLACK_AND_WHITE_CONTRAST,C_BLACK_AND_WHITE_CONTRAST|E_MIXED_CHROMATIC_UNSAFE_RECOLOUR,true
provider-logo::HARMONIC - NT.png,AUX-PROV-04DAB08E0B3B,provider-logo,HARMONIC - NT.png,REVIEW,AUX-RF-0301,C_BLACK_AND_WHITE_CONTRAST,C_BLACK_AND_WHITE_CONTRAST|E_MIXED_CHROMATIC_UNSAFE_RECOLOUR,true
provider-logo::HARMONIC.png,AUX-PROV-8C90CE09B891,provider-logo,HARMONIC.png,REVIEW,AUX-RF-0301,C_BLACK_AND_WHITE_CONTRAST,C_BLACK_AND_WHITE_CONTRAST|E_MIXED_CHROMATIC_UNSAFE_RECOLOUR,false
provider-logo::HBO.png,AUX-PROV-6DC3EE4690D4,provider-logo,HBO.png,SOURCE-UNRESOLVED,AUX-RF-0957,I_SOURCE_UNRESOLVED_BW,I_SOURCE_UNRESOLVED_BW,true
provider-logo::HD AUSTRIA.png,AUX-PROV-6A0CF2479781,provider-logo,HD AUSTRIA.png,SOURCE-UNRESOLVED,AUX-RF-1015,I_SOURCE_UNRESOLVED_BW,I_SOURCE_UNRESOLVED_BW,false
provider-logo::HDT.png,AUX-PROV-014FB7F0E4D7,provider-logo,HDT.png,REVIEW,AUX-RF-0670,D_COMPONENT_MASK_AMBIGUOUS,D_COMPONENT_MASK_AMBIGUOUS|E_MIXED_CHROMATIC_UNSAFE_RECOLOUR,true
provider-logo::HELLAS SAT.png,AUX-PROV-E0EF8999F3D8,provider-logo,HELLAS SAT.png,REVIEW,AUX-RF-0821,E_MIXED_CHROMATIC_UNSAFE_RECOLOUR,E_MIXED_CHROMATIC_UNSAFE_RECOLOUR,true
provider-logo::HELLASSAT.png,AUX-PROV-9D5BBC2BDF34,provider-logo,HELLASSAT.png,REVIEW,AUX-RF-0698,D_COMPONENT_MASK_AMBIGUOUS,D_COMPONENT_MASK_AMBIGUOUS|E_MIXED_CHROMATIC_UNSAFE_RECOLOUR,true
provider-logo::HFM.png,AUX-PROV-D2F67CF85978,provider-logo,HFM.png,REVIEW,AUX-RF-0708,D_COMPONENT_MASK_AMBIGUOUS,D_COMPONENT_MASK_AMBIGUOUS|E_MIXED_CHROMATIC_UNSAFE_RECOLOUR,true
provider-logo::HIRTV  AH  HDT.png,AUX-PROV-24EE02ED65EC,provider-logo,HIRTV  AH  HDT.png,REVIEW,AUX-RF-0105,C_BLACK_AND_WHITE_CONTRAST,C_BLACK_AND_WHITE_CONTRAST|D_COMPONENT_MASK_AMBIGUOUS|E_MIXED_CHROMATIC_UNSAFE_RECOLOUR,true
provider-logo::HISPASAT.png,AUX-PROV-5D5D1586670E,provider-logo,HISPASAT.png,REVIEW,AUX-RF-0566,C_BLACK_AND_WHITE_CONTRAST,C_BLACK_AND_WHITE_CONTRAST|E_MIXED_CHROMATIC_UNSAFE_RECOLOUR,true
provider-logo::HIST.png,AUX-PROV-BF7B3D686B44,provider-logo,HIST.png,REVIEW,AUX-RF-0372,C_BLACK_AND_WHITE_CONTRAST,C_BLACK_AND_WHITE_CONTRAST|E_MIXED_CHROMATIC_UNSAFE_RECOLOUR,false
provider-logo::HIT FM.png,AUX-PROV-17B6D6B22A1F,provider-logo,HIT FM.png,REVIEW,AUX-RF-0286,C_BLACK_AND_WHITE_CONTRAST,C_BLACK_AND_WHITE_CONTRAST|E_MIXED_CHROMATIC_UNSAFE_RECOLOUR,true
provider-logo::HIT.png,AUX-PROV-48AA0DAC088D,provider-logo,HIT.png,REVIEW,AUX-RF-0710,D_COMPONENT_MASK_AMBIGUOUS,D_COMPONENT_MASK_AMBIGUOUS|E_MIXED_CHROMATIC_UNSAFE_RECOLOUR,true
provider-logo::HOLLYW.png,AUX-PROV-FC86268BE98E,provider-logo,HOLLYW.png,REVIEW,AUX-RF-0372,C_BLACK_AND_WHITE_CONTRAST,C_BLACK_AND_WHITE_CONTRAST|E_MIXED_CHROMATIC_UNSAFE_RECOLOUR,false
provider-logo::HORIZON TELEPORTS.png,AUX-PROV-1DF131126473,provider-logo,HORIZON TELEPORTS.png,REVIEW,AUX-RF-0444,C_BLACK_AND_WHITE_CONTRAST,C_BLACK_AND_WHITE_CONTRAST|E_MIXED_CHROMATIC_UNSAFE_RECOLOUR,true
provider-logo::HOT.png,AUX-PROV-C5967AD1B7B8,provider-logo,HOT.png,REVIEW,AUX-RF-0006,C_BLACK_AND_WHITE_CONTRAST,C_BLACK_AND_WHITE_CONTRAST|D_COMPONENT_MASK_AMBIGUOUS|E_MIXED_CHROMATIC_UNSAFE_RECOLOUR,true
provider-logo::HROMADSKE TV.png,AUX-PROV-8E5758477F17,provider-logo,HROMADSKE TV.png,REVIEW,AUX-RF-0825,E_MIXED_CHROMATIC_UNSAFE_RECOLOUR,E_MIXED_CHROMATIC_UNSAFE_RECOLOUR,true
provider-logo::HTB+.png,AUX-PROV-4FCCB470819E,provider-logo,HTB+.png,REVIEW,AUX-RF-0596,C_BLACK_AND_WHITE_CONTRAST,C_BLACK_AND_WHITE_CONTRAST|D_COMPONENT_MASK_AMBIGUOUS|E_MIXED_CHROMATIC_UNSAFE_RECOLOUR,true
provider-logo::HUDOBNE.png,AUX-PROV-02156C2BD3CD,provider-logo,HUDOBNE.png,SOURCE-UNRESOLVED,AUX-RF-1188,J_SOURCE_UNRESOLVED_BLACK_ONLY,J_SOURCE_UNRESOLVED_BLACK_ONLY,true
provider-logo::ICTV HD.png,AUX-PROV-1CB1024ED7B8,provider-logo,ICTV HD.png,REVIEW,AUX-RF-0527,C_BLACK_AND_WHITE_CONTRAST,C_BLACK_AND_WHITE_CONTRAST|E_MIXED_CHROMATIC_UNSAFE_RECOLOUR,true
provider-logo::ICTV UA.png,AUX-PROV-8D71B3039602,provider-logo,ICTV UA.png,REVIEW,AUX-RF-0527,C_BLACK_AND_WHITE_CONTRAST,C_BLACK_AND_WHITE_CONTRAST|E_MIXED_CHROMATIC_UNSAFE_RECOLOUR,false
provider-logo::ID INVESTIGATION DISCOVERY.png,AUX-PROV-18370D9B89B3,provider-logo,ID INVESTIGATION DISCOVERY.png,REVIEW,AUX-RF-0255,C_BLACK_AND_WHITE_CONTRAST,C_BLACK_AND_WHITE_CONTRAST|E_MIXED_CHROMATIC_UNSAFE_RECOLOUR,true
provider-logo::IDC.png,AUX-PROV-F7C6F649E02C,provider-logo,IDC.png,REVIEW,AUX-RF-0131,C_BLACK_AND_WHITE_CONTRAST,C_BLACK_AND_WHITE_CONTRAST|E_MIXED_CHROMATIC_UNSAFE_RECOLOUR,true
provider-logo::IKO MEDIA GROUP.png,AUX-PROV-B822F335C6B8,provider-logo,IKO MEDIA GROUP.png,REVIEW,AUX-RF-0097,C_BLACK_AND_WHITE_CONTRAST,C_BLACK_AND_WHITE_CONTRAST|E_MIXED_CHROMATIC_UNSAFE_RECOLOUR,true
provider-logo::IKO-MEDIA.png,AUX-PROV-723978FF94E7,provider-logo,IKO-MEDIA.png,REVIEW,AUX-RF-0097,C_BLACK_AND_WHITE_CONTRAST,C_BLACK_AND_WHITE_CONTRAST|E_MIXED_CHROMATIC_UNSAFE_RECOLOUR,false
provider-logo::IKOMG.png,AUX-PROV-23C424E8E3CB,provider-logo,IKOMG.png,REVIEW,AUX-RF-0086,C_BLACK_AND_WHITE_CONTRAST,C_BLACK_AND_WHITE_CONTRAST|E_MIXED_CHROMATIC_UNSAFE_RECOLOUR,true
provider-logo::IMAM ALI HD.png,AUX-PROV-8859BE5FB504,provider-logo,IMAM ALI HD.png,REVIEW,AUX-RF-0873,E_MIXED_CHROMATIC_UNSAFE_RECOLOUR,E_MIXED_CHROMATIC_UNSAFE_RECOLOUR,true
provider-logo::IMN.png,AUX-PROV-DC7A840E63AC,provider-logo,IMN.png,REVIEW,AUX-RF-0692,D_COMPONENT_MASK_AMBIGUOUS,D_COMPONENT_MASK_AMBIGUOUS|E_MIXED_CHROMATIC_UNSAFE_RECOLOUR,true
provider-logo::IN ARIA!.png,AUX-PROV-D8FC896B0AC0,provider-logo,IN ARIA!.png,REVIEW,AUX-RF-0518,C_BLACK_AND_WHITE_CONTRAST,C_BLACK_AND_WHITE_CONTRAST|D_COMPONENT_MASK_AMBIGUOUS|E_MIXED_CHROMATIC_UNSAFE_RECOLOUR,true
provider-logo::INARIA!.png,AUX-PROV-F9DC3EF6A3EE,provider-logo,INARIA!.png,REVIEW,AUX-RF-0518,C_BLACK_AND_WHITE_CONTRAST,C_BLACK_AND_WHITE_CONTRAST|D_COMPONENT_MASK_AMBIGUOUS|E_MIXED_CHROMATIC_UNSAFE_RECOLOUR,false
provider-logo::INARIA.png,AUX-PROV-7E38700E8FC0,provider-logo,INARIA.png,REVIEW,AUX-RF-0518,C_BLACK_AND_WHITE_CONTRAST,C_BLACK_AND_WHITE_CONTRAST|D_COMPONENT_MASK_AMBIGUOUS|E_MIXED_CHROMATIC_UNSAFE_RECOLOUR,false
provider-logo::INFOMIR.png,AUX-PROV-D4450E917C10,provider-logo,INFOMIR.png,REVIEW,AUX-RF-0813,E_MIXED_CHROMATIC_UNSAFE_RECOLOUR,E_MIXED_CHROMATIC_UNSAFE_RECOLOUR,true
provider-logo::INGEST TELECOM.png,AUX-PROV-40C9DF50155C,provider-logo,INGEST TELECOM.png,REVIEW,AUX-RF-0163,C_BLACK_AND_WHITE_CONTRAST,C_BLACK_AND_WHITE_CONTRAST|E_MIXED_CHROMATIC_UNSAFE_RECOLOUR,true
provider-logo::INTELSAT 20.png,AUX-PROV-7A1DC19BA07E,provider-logo,INTELSAT 20.png,REVIEW,AUX-RF-0123,C_BLACK_AND_WHITE_CONTRAST,C_BLACK_AND_WHITE_CONTRAST|E_MIXED_CHROMATIC_UNSAFE_RECOLOUR,true
provider-logo::INTELSAT.png,AUX-PROV-9E25C87D6334,provider-logo,INTELSAT.png,REVIEW,AUX-RF-0402,C_BLACK_AND_WHITE_CONTRAST,C_BLACK_AND_WHITE_CONTRAST|E_MIXED_CHROMATIC_UNSAFE_RECOLOUR,true
provider-logo::INTER +.png,AUX-PROV-5F13F3C033B0,provider-logo,INTER +.png,REVIEW,AUX-RF-0376,C_BLACK_AND_WHITE_CONTRAST,C_BLACK_AND_WHITE_CONTRAST|E_MIXED_CHROMATIC_UNSAFE_RECOLOUR,true
provider-logo::INTER PLUS.png,AUX-PROV-BB579B67746E,provider-logo,INTER PLUS.png,REVIEW,AUX-RF-0459,C_BLACK_AND_WHITE_CONTRAST,C_BLACK_AND_WHITE_CONTRAST|E_MIXED_CHROMATIC_UNSAFE_RECOLOUR,true
provider-logo::INTERAZ.png,AUX-PROV-32C15AA20FE7,provider-logo,INTERAZ.png,REVIEW,AUX-RF-0859,E_MIXED_CHROMATIC_UNSAFE_RECOLOUR,E_MIXED_CHROMATIC_UNSAFE_RECOLOUR,true
provider-logo::INTERCOM BL.png,AUX-PROV-74CAC99574B5,provider-logo,INTERCOM BL.png,REVIEW,AUX-RF-0428,C_BLACK_AND_WHITE_CONTRAST,C_BLACK_AND_WHITE_CONTRAST|E_MIXED_CHROMATIC_UNSAFE_RECOLOUR,true
provider-logo::INTERCOM HT.png,AUX-PROV-6315504E9E0A,provider-logo,INTERCOM HT.png,REVIEW,AUX-RF-0177,C_BLACK_AND_WHITE_CONTRAST,C_BLACK_AND_WHITE_CONTRAST|E_MIXED_CHROMATIC_UNSAFE_RECOLOUR,true
provider-logo::INTERCOM.png,AUX-PROV-8BD62E187D56,provider-logo,INTERCOM.png,REVIEW,AUX-RF-0177,C_BLACK_AND_WHITE_CONTRAST,C_BLACK_AND_WHITE_CONTRAST|E_MIXED_CHROMATIC_UNSAFE_RECOLOUR,false
provider-logo::INTERECONOMIA.png,AUX-PROV-D536535E4E13,provider-logo,INTERECONOMIA.png,REVIEW,AUX-RF-0101,C_BLACK_AND_WHITE_CONTRAST,C_BLACK_AND_WHITE_CONTRAST|E_MIXED_CHROMATIC_UNSAFE_RECOLOUR,true
provider-logo::INTERNATIONAL DATACASTING.png,AUX-PROV-19D9484CC656,provider-logo,INTERNATIONAL DATACASTING.png,REVIEW,AUX-RF-0198,C_BLACK_AND_WHITE_CONTRAST,C_BLACK_AND_WHITE_CONTRAST|D_COMPONENT_MASK_AMBIGUOUS|E_MIXED_CHROMATIC_UNSAFE_RECOLOUR,true
provider-logo::INTERNETOVERADIO.png,AUX-PROV-A308294D0E4F,provider-logo,INTERNETOVERADIO.png,REVIEW,AUX-RF-0401,C_BLACK_AND_WHITE_CONTRAST,C_BLACK_AND_WHITE_CONTRAST|D_COMPONENT_MASK_AMBIGUOUS|E_MIXED_CHROMATIC_UNSAFE_RECOLOUR,true
provider-logo::INTRALOT.png,AUX-PROV-16DC3D6A6110,provider-logo,INTRALOT.png,REVIEW,AUX-RF-0752,E_MIXED_CHROMATIC_UNSAFE_RECOLOUR,E_MIXED_CHROMATIC_UNSAFE_RECOLOUR,true
provider-logo::IPLEX.png,AUX-PROV-8C4E214F5871,provider-logo,IPLEX.png,REVIEW,AUX-RF-0394,C_BLACK_AND_WHITE_CONTRAST,C_BLACK_AND_WHITE_CONTRAST|D_COMPONENT_MASK_AMBIGUOUS|E_MIXED_CHROMATIC_UNSAFE_RECOLOUR,false
provider-logo::IPTV NTV.png,AUX-PROV-C490E00F0AAD,provider-logo,IPTV NTV.png,REVIEW,AUX-RF-0457,C_BLACK_AND_WHITE_CONTRAST,C_BLACK_AND_WHITE_CONTRAST|E_MIXED_CHROMATIC_UNSAFE_RECOLOUR,true
provider-logo::IPTV.png,AUX-PROV-959418466B89,provider-logo,IPTV.png,SOURCE-UNRESOLVED,AUX-RF-1196,J_SOURCE_UNRESOLVED_BLACK_ONLY,J_SOURCE_UNRESOLVED_BLACK_ONLY,true
provider-logo::IPTV1.png,AUX-PROV-3892DAD42AF8,provider-logo,IPTV1.png,REVIEW,AUX-RF-0175,C_BLACK_AND_WHITE_CONTRAST,C_BLACK_AND_WHITE_CONTRAST|D_COMPONENT_MASK_AMBIGUOUS|E_MIXED_CHROMATIC_UNSAFE_RECOLOUR,true
provider-logo::IPVIDEOTRANS.png,AUX-PROV-FC7839DF7671,provider-logo,IPVIDEOTRANS.png,REVIEW,AUX-RF-0365,C_BLACK_AND_WHITE_CONTRAST,C_BLACK_AND_WHITE_CONTRAST|D_COMPONENT_MASK_AMBIGUOUS|E_MIXED_CHROMATIC_UNSAFE_RECOLOUR,true
provider-logo::IQ TELEPORT.png,AUX-PROV-890F8D275CD1,provider-logo,IQ TELEPORT.png,REVIEW,AUX-RF-0871,E_MIXED_CHROMATIC_UNSAFE_RECOLOUR,E_MIXED_CHROMATIC_UNSAFE_RECOLOUR,true
provider-logo::IRAN PRESS.png,AUX-PROV-03DE6E3247F1,provider-logo,IRAN PRESS.png,REVIEW,AUX-RF-0355,C_BLACK_AND_WHITE_CONTRAST,C_BLACK_AND_WHITE_CONTRAST|D_COMPONENT_MASK_AMBIGUOUS|E_MIXED_CHROMATIC_UNSAFE_RECOLOUR,true
provider-logo::ISEEHD.png,AUX-PROV-E37C65352AF6,provider-logo,ISEEHD.png,REVIEW,AUX-RF-0707,D_COMPONENT_MASK_AMBIGUOUS,D_COMPONENT_MASK_AMBIGUOUS|E_MIXED_CHROMATIC_UNSAFE_RECOLOUR,true
provider-logo::ITALIA 3.png,AUX-PROV-46F03B3ADDD0,provider-logo,ITALIA 3.png,REVIEW,AUX-RF-0179,C_BLACK_AND_WHITE_CONTRAST,C_BLACK_AND_WHITE_CONTRAST|D_COMPONENT_MASK_AMBIGUOUS|E_MIXED_CHROMATIC_UNSAFE_RECOLOUR,true
provider-logo::ITALIA DTT.png,AUX-PROV-56E503B5A8BB,provider-logo,ITALIA DTT.png,SOURCE-UNRESOLVED,AUX-RF-1215,J_SOURCE_UNRESOLVED_BLACK_ONLY,J_SOURCE_UNRESOLVED_BLACK_ONLY,false
provider-logo::ITALIA NETWORK.png,AUX-PROV-2EA45136E373,provider-logo,ITALIA NETWORK.png,REVIEW,AUX-RF-0182,C_BLACK_AND_WHITE_CONTRAST,C_BLACK_AND_WHITE_CONTRAST|D_COMPONENT_MASK_AMBIGUOUS|E_MIXED_CHROMATIC_UNSAFE_RECOLOUR,true
provider-logo::ITV LIVE.png,AUX-PROV-9C9C40F7F845,provider-logo,ITV LIVE.png,REVIEW,AUX-RF-0439,C_BLACK_AND_WHITE_CONTRAST,C_BLACK_AND_WHITE_CONTRAST|E_MIXED_CHROMATIC_UNSAFE_RECOLOUR,true
provider-logo::ITV.png,AUX-PROV-2187EAF4E5BF,provider-logo,ITV.png,REVIEW,AUX-RF-0237,C_BLACK_AND_WHITE_CONTRAST,C_BLACK_AND_WHITE_CONTRAST|E_MIXED_CHROMATIC_UNSAFE_RECOLOUR,true
provider-logo::JASCO.png,AUX-PROV-602C02753C71,provider-logo,JASCO.png,REVIEW,AUX-RF-0812,E_MIXED_CHROMATIC_UNSAFE_RECOLOUR,E_MIXED_CHROMATIC_UNSAFE_RECOLOUR,true
provider-logo::JMC.png,AUX-PROV-8C35E7DD0BB8,provider-logo,JMC.png,REVIEW,AUX-RF-0247,C_BLACK_AND_WHITE_CONTRAST,C_BLACK_AND_WHITE_CONTRAST|E_MIXED_CHROMATIC_UNSAFE_RECOLOUR,true
provider-logo::JOJ GROUP.png,AUX-PROV-60FACD2203F5,provider-logo,JOJ GROUP.png,REVIEW,AUX-RF-0642,C_BLACK_AND_WHITE_CONTRAST,C_BLACK_AND_WHITE_CONTRAST|E_MIXED_CHROMATIC_UNSAFE_RECOLOUR,true
provider-logo::JONYE.png,AUX-PROV-CA49C89D819C,provider-logo,JONYE.png,REVIEW,AUX-RF-0140,C_BLACK_AND_WHITE_CONTRAST,C_BLACK_AND_WHITE_CONTRAST|D_COMPONENT_MASK_AMBIGUOUS|E_MIXED_CHROMATIC_UNSAFE_RECOLOUR,true
provider-logo::JOYNE.png,AUX-PROV-B001D5B4EAEA,provider-logo,JOYNE.png,REVIEW,AUX-RF-0140,C_BLACK_AND_WHITE_CONTRAST,C_BLACK_AND_WHITE_CONTRAST|D_COMPONENT_MASK_AMBIGUOUS|E_MIXED_CHROMATIC_UNSAFE_RECOLOUR,false
provider-logo::JURNALTV.png,AUX-PROV-CF5892A22CE8,provider-logo,JURNALTV.png,REVIEW,AUX-RF-0002,C_BLACK_AND_WHITE_CONTRAST,C_BLACK_AND_WHITE_CONTRAST|D_COMPONENT_MASK_AMBIGUOUS|E_MIXED_CHROMATIC_UNSAFE_RECOLOUR,true
provider-logo::KABEL DEUTSCHLAND.png,AUX-PROV-3B8C8F205F29,provider-logo,KABEL DEUTSCHLAND.png,SOURCE-UNRESOLVED,AUX-RF-1137,I_SOURCE_UNRESOLVED_BW,I_SOURCE_UNRESOLVED_BW,false
provider-logo::KABEL KIOSK.png,AUX-PROV-116C6E5323BE,provider-logo,KABEL KIOSK.png,SOURCE-UNRESOLVED,AUX-RF-0962,I_SOURCE_UNRESOLVED_BW,I_SOURCE_UNRESOLVED_BW,true
provider-logo::KABELIO SUISSE.png,AUX-PROV-402E041D1024,provider-logo,KABELIO SUISSE.png,SOURCE-UNRESOLVED,AUX-RF-1208,J_SOURCE_UNRESOLVED_BLACK_ONLY,J_SOURCE_UNRESOLVED_BLACK_ONLY,true
provider-logo::KABELIO.CH.png,AUX-PROV-DF955801A5BD,provider-logo,KABELIO.CH.png,REVIEW,AUX-RF-0568,C_BLACK_AND_WHITE_CONTRAST,C_BLACK_AND_WHITE_CONTRAST|D_COMPONENT_MASK_AMBIGUOUS|E_MIXED_CHROMATIC_UNSAFE_RECOLOUR,true
provider-logo::KABELKIOSK.png,AUX-PROV-71B223B85E52,provider-logo,KABELKIOSK.png,REVIEW,AUX-RF-0499,C_BLACK_AND_WHITE_CONTRAST,C_BLACK_AND_WHITE_CONTRAST|E_MIXED_CHROMATIC_UNSAFE_RECOLOUR,true
provider-logo::KACKAR.png,AUX-PROV-D6C175342EA6,provider-logo,KACKAR.png,REVIEW,AUX-RF-0381,C_BLACK_AND_WHITE_CONTRAST,C_BLACK_AND_WHITE_CONTRAST|D_COMPONENT_MASK_AMBIGUOUS|E_MIXED_CHROMATIC_UNSAFE_RECOLOUR,true
provider-logo::KANAL 7 AVRUPA.png,AUX-PROV-A638EF4C3E6E,provider-logo,KANAL 7 AVRUPA.png,REVIEW,AUX-RF-0377,C_BLACK_AND_WHITE_CONTRAST,C_BLACK_AND_WHITE_CONTRAST|D_COMPONENT_MASK_AMBIGUOUS|E_MIXED_CHROMATIC_UNSAFE_RECOLOUR,true
provider-logo::KANAL 7.png,AUX-PROV-EDD3453571B1,provider-logo,KANAL 7.png,REVIEW,AUX-RF-0894,E_MIXED_CHROMATIC_UNSAFE_RECOLOUR,E_MIXED_CHROMATIC_UNSAFE_RECOLOUR,true
provider-logo::KANAL D.png,AUX-PROV-A0505245C9C6,provider-logo,KANAL D.png,REVIEW,AUX-RF-0863,E_MIXED_CHROMATIC_UNSAFE_RECOLOUR,E_MIXED_CHROMATIC_UNSAFE_RECOLOUR,true
provider-logo::KARNAVAL.png,AUX-PROV-0ABBEAF19DFC,provider-logo,KARNAVAL.png,REVIEW,AUX-RF-0013,C_BLACK_AND_WHITE_CONTRAST,C_BLACK_AND_WHITE_CONTRAST|E_MIXED_CHROMATIC_UNSAFE_RECOLOUR,true
provider-logo::KARTINA SATELLITE.png,AUX-PROV-F2CD8F3AC9D2,provider-logo,KARTINA SATELLITE.png,REVIEW,AUX-RF-0768,E_MIXED_CHROMATIC_UNSAFE_RECOLOUR,E_MIXED_CHROMATIC_UNSAFE_RECOLOUR,true
provider-logo::KARTINA TV.png,AUX-PROV-D8E66C55B091,provider-logo,KARTINA TV.png,REVIEW,AUX-RF-0460,C_BLACK_AND_WHITE_CONTRAST,C_BLACK_AND_WHITE_CONTRAST|E_MIXED_CHROMATIC_UNSAFE_RECOLOUR,true
provider-logo::KATOLIKUS RADIO.png,AUX-PROV-A5A051996F55,provider-logo,KATOLIKUS RADIO.png,REVIEW,AUX-RF-0794,E_MIXED_CHROMATIC_UNSAFE_RECOLOUR,E_MIXED_CHROMATIC_UNSAFE_RECOLOUR,true
provider-logo::KD HOME.png,AUX-PROV-9BAEBF2CECCE,provider-logo,KD HOME.png,SOURCE-UNRESOLVED,AUX-RF-1137,I_SOURCE_UNRESOLVED_BW,I_SOURCE_UNRESOLVED_BW,false
provider-logo::KENTRON.png,AUX-PROV-DA7AC34E4C43,provider-logo,KENTRON.png,REVIEW,AUX-RF-0493,C_BLACK_AND_WHITE_CONTRAST,C_BLACK_AND_WHITE_CONTRAST|D_COMPONENT_MASK_AMBIGUOUS|E_MIXED_CHROMATIC_UNSAFE_RECOLOUR,true
provider-logo::KISS FM.png,AUX-PROV-D103973E34AA,provider-logo,KISS FM.png,REVIEW,AUX-RF-0045,C_BLACK_AND_WHITE_CONTRAST,C_BLACK_AND_WHITE_CONTRAST|D_COMPONENT_MASK_AMBIGUOUS|E_MIXED_CHROMATIC_UNSAFE_RECOLOUR,true
provider-logo::KISS KISS NAPOLI TV.png,AUX-PROV-EE541047B225,provider-logo,KISS KISS NAPOLI TV.png,REVIEW,AUX-RF-0528,C_BLACK_AND_WHITE_CONTRAST,C_BLACK_AND_WHITE_CONTRAST|D_COMPONENT_MASK_AMBIGUOUS|E_MIXED_CHROMATIC_UNSAFE_RECOLOUR,true
provider-logo::KRONEHIT.png,AUX-PROV-A95D40DC364F,provider-logo,KRONEHIT.png,REVIEW,AUX-RF-0888,E_MIXED_CHROMATIC_UNSAFE_RECOLOUR,E_MIXED_CHROMATIC_UNSAFE_RECOLOUR,true
provider-logo::KRTPC.png,AUX-PROV-712F171A20A8,provider-logo,KRTPC.png,REVIEW,AUX-RF-0132,C_BLACK_AND_WHITE_CONTRAST,C_BLACK_AND_WHITE_CONTRAST|D_COMPONENT_MASK_AMBIGUOUS|E_MIXED_CHROMATIC_UNSAFE_RECOLOUR,true
provider-logo::KURDISTAN 24.png,AUX-PROV-6B4BF5AFFB69,provider-logo,KURDISTAN 24.png,REVIEW,AUX-RF-0063,C_BLACK_AND_WHITE_CONTRAST,C_BLACK_AND_WHITE_CONTRAST|E_MIXED_CHROMATIC_UNSAFE_RECOLOUR,true
provider-logo::KURIAKOS TV HD.png,AUX-PROV-393A67A6A473,provider-logo,KURIAKOS TV HD.png,REVIEW,AUX-RF-0899,E_MIXED_CHROMATIC_UNSAFE_RECOLOUR,E_MIXED_CHROMATIC_UNSAFE_RECOLOUR,true
provider-logo::KUWAIT RADIO.png,AUX-PROV-25014839E517,provider-logo,KUWAIT RADIO.png,REVIEW,AUX-RF-0887,E_MIXED_CHROMATIC_UNSAFE_RECOLOUR,E_MIXED_CHROMATIC_UNSAFE_RECOLOUR,true
provider-logo::LA TV CROSSMEDIALE.png,AUX-PROV-392F14874781,provider-logo,LA TV CROSSMEDIALE.png,REVIEW,AUX-RF-0434,C_BLACK_AND_WHITE_CONTRAST,C_BLACK_AND_WHITE_CONTRAST|D_COMPONENT_MASK_AMBIGUOUS|E_MIXED_CHROMATIC_UNSAFE_RECOLOUR,true
provider-logo::LA2.png,AUX-PROV-9E0CD6C41698,provider-logo,LA2.png,REVIEW,AUX-RF-0372,C_BLACK_AND_WHITE_CONTRAST,C_BLACK_AND_WHITE_CONTRAST|E_MIXED_CHROMATIC_UNSAFE_RECOLOUR,false
provider-logo::LAC.png,AUX-PROV-548928039F98,provider-logo,LAC.png,REVIEW,AUX-RF-0194,C_BLACK_AND_WHITE_CONTRAST,C_BLACK_AND_WHITE_CONTRAST|D_COMPONENT_MASK_AMBIGUOUS|E_MIXED_CHROMATIC_UNSAFE_RECOLOUR,true
provider-logo::LANET.png,AUX-PROV-5894214CD402,provider-logo,LANET.png,REVIEW,AUX-RF-0866,E_MIXED_CHROMATIC_UNSAFE_RECOLOUR,E_MIXED_CHROMATIC_UNSAFE_RECOLOUR,true
provider-logo::LBC.png,AUX-PROV-752F893FAFB8,provider-logo,LBC.png,REVIEW,AUX-RF-0019,C_BLACK_AND_WHITE_CONTRAST,C_BLACK_AND_WHITE_CONTRAST|D_COMPONENT_MASK_AMBIGUOUS|E_MIXED_CHROMATIC_UNSAFE_RECOLOUR,true
provider-logo::LBCI.png,AUX-PROV-2BE549CC1196,provider-logo,LBCI.png,REVIEW,AUX-RF-0180,C_BLACK_AND_WHITE_CONTRAST,C_BLACK_AND_WHITE_CONTRAST|D_COMPONENT_MASK_AMBIGUOUS|E_MIXED_CHROMATIC_UNSAFE_RECOLOUR,true
provider-logo::LE CRONACHE.png,AUX-PROV-1813951D8AEE,provider-logo,LE CRONACHE.png,REVIEW,AUX-RF-0685,D_COMPONENT_MASK_AMBIGUOUS,D_COMPONENT_MASK_AMBIGUOUS|E_MIXED_CHROMATIC_UNSAFE_RECOLOUR,true
provider-logo::LIBYA ALAAN.png,AUX-PROV-60E09B2EBCF4,provider-logo,LIBYA ALAAN.png,REVIEW,AUX-RF-0772,E_MIXED_CHROMATIC_UNSAFE_RECOLOUR,E_MIXED_CHROMATIC_UNSAFE_RECOLOUR,true
provider-logo::LIFELINK TV.png,AUX-PROV-EB8CCD3719AF,provider-logo,LIFELINK TV.png,REVIEW,AUX-RF-0464,C_BLACK_AND_WHITE_CONTRAST,C_BLACK_AND_WHITE_CONTRAST|E_MIXED_CHROMATIC_UNSAFE_RECOLOUR,true
provider-logo::LIRA TV.png,AUX-PROV-CEF3F632337A,provider-logo,LIRA TV.png,REVIEW,AUX-RF-0557,C_BLACK_AND_WHITE_CONTRAST,C_BLACK_AND_WHITE_CONTRAST|D_COMPONENT_MASK_AMBIGUOUS|E_MIXED_CHROMATIC_UNSAFE_RECOLOUR,true
provider-logo::LIRATV HD.png,AUX-PROV-54FA9EF30CF5,provider-logo,LIRATV HD.png,REVIEW,AUX-RF-0188,C_BLACK_AND_WHITE_CONTRAST,C_BLACK_AND_WHITE_CONTRAST|D_COMPONENT_MASK_AMBIGUOUS|E_MIXED_CHROMATIC_UNSAFE_RECOLOUR,true
provider-logo::LUALUA.png,AUX-PROV-4610B5BC7F59,provider-logo,LUALUA.png,REVIEW,AUX-RF-0338,C_BLACK_AND_WHITE_CONTRAST,C_BLACK_AND_WHITE_CONTRAST|D_COMPONENT_MASK_AMBIGUOUS|E_MIXED_CHROMATIC_UNSAFE_RECOLOUR,true
provider-logo::M-HREE SATCOM.png,AUX-PROV-304E53F88DE3,provider-logo,M-HREE SATCOM.png,REVIEW,AUX-RF-0876,E_MIXED_CHROMATIC_UNSAFE_RECOLOUR,E_MIXED_CHROMATIC_UNSAFE_RECOLOUR,true
provider-logo::M-THREE SATCOM SRL.png,AUX-PROV-0A2FFC4B2E84,provider-logo,M-THREE SATCOM SRL.png,REVIEW,AUX-RF-0876,E_MIXED_CHROMATIC_UNSAFE_RECOLOUR,E_MIXED_CHROMATIC_UNSAFE_RECOLOUR,false
provider-logo::M-THREE SATCOM.png,AUX-PROV-A829BA926778,provider-logo,M-THREE SATCOM.png,REVIEW,AUX-RF-0876,E_MIXED_CHROMATIC_UNSAFE_RECOLOUR,E_MIXED_CHROMATIC_UNSAFE_RECOLOUR,false
provider-logo::M-THREEE SATCOM.png,AUX-PROV-42813D44FA49,provider-logo,M-THREEE SATCOM.png,REVIEW,AUX-RF-0876,E_MIXED_CHROMATIC_UNSAFE_RECOLOUR,E_MIXED_CHROMATIC_UNSAFE_RECOLOUR,false
provider-logo::M-THREESATCOM SRL.png,AUX-PROV-FB1ED98F6447,provider-logo,M-THREESATCOM SRL.png,REVIEW,AUX-RF-0876,E_MIXED_CHROMATIC_UNSAFE_RECOLOUR,E_MIXED_CHROMATIC_UNSAFE_RECOLOUR,false
provider-logo::M.-THREE SATCOM.png,AUX-PROV-135B62013349,provider-logo,M.-THREE SATCOM.png,REVIEW,AUX-RF-0876,E_MIXED_CHROMATIC_UNSAFE_RECOLOUR,E_MIXED_CHROMATIC_UNSAFE_RECOLOUR,false
provider-logo::M1 HD.png,AUX-PROV-FE49FC96871A,provider-logo,M1 HD.png,REVIEW,AUX-RF-0536,C_BLACK_AND_WHITE_CONTRAST,C_BLACK_AND_WHITE_CONTRAST|D_COMPONENT_MASK_AMBIGUOUS|E_MIXED_CHROMATIC_UNSAFE_RECOLOUR,true
provider-logo::M2 HD.png,AUX-PROV-88A63A339978,provider-logo,M2 HD.png,REVIEW,AUX-RF-0838,E_MIXED_CHROMATIC_UNSAFE_RECOLOUR,E_MIXED_CHROMATIC_UNSAFE_RECOLOUR,true
provider-logo::M7 DEUTSCHLAND.png,AUX-PROV-8CF6E8EE12CD,provider-logo,M7 DEUTSCHLAND.png,SOURCE-UNRESOLVED,AUX-RF-1194,J_SOURCE_UNRESOLVED_BLACK_ONLY,J_SOURCE_UNRESOLVED_BLACK_ONLY,true
provider-logo::M7 GROUP.png,AUX-PROV-CB4AB92C5346,provider-logo,M7 GROUP.png,REVIEW,AUX-RF-0144,C_BLACK_AND_WHITE_CONTRAST,C_BLACK_AND_WHITE_CONTRAST|E_MIXED_CHROMATIC_UNSAFE_RECOLOUR,false
provider-logo::M7.png,AUX-PROV-849840148388,provider-logo,M7.png,REVIEW,AUX-RF-0144,C_BLACK_AND_WHITE_CONTRAST,C_BLACK_AND_WHITE_CONTRAST|E_MIXED_CHROMATIC_UNSAFE_RECOLOUR,false
provider-logo::M80.png,AUX-PROV-E684E60942F9,provider-logo,M80.png,REVIEW,AUX-RF-0855,E_MIXED_CHROMATIC_UNSAFE_RECOLOUR,E_MIXED_CHROMATIC_UNSAFE_RECOLOUR,true
provider-logo::MAGIO TV.png,AUX-PROV-796371012285,provider-logo,MAGIO TV.png,SOURCE-UNRESOLVED,AUX-RF-1120,I_SOURCE_UNRESOLVED_BW,I_SOURCE_UNRESOLVED_BW,true
provider-logo::MAGTICOM.png,AUX-PROV-34CBCB5D87B4,provider-logo,MAGTICOM.png,REVIEW,AUX-RF-0075,C_BLACK_AND_WHITE_CONTRAST,C_BLACK_AND_WHITE_CONTRAST|E_MIXED_CHROMATIC_UNSAFE_RECOLOUR,true
provider-logo::MAGTISAT.png,AUX-PROV-CF66303BBD0F,provider-logo,MAGTISAT.png,REVIEW,AUX-RF-0510,C_BLACK_AND_WHITE_CONTRAST,C_BLACK_AND_WHITE_CONTRAST|E_MIXED_CHROMATIC_UNSAFE_RECOLOUR,true
provider-logo::MAGYAR TELEVIZIO.png,AUX-PROV-392A8DAA7A2A,provider-logo,MAGYAR TELEVIZIO.png,SOURCE-UNRESOLVED,AUX-RF-1155,I_SOURCE_UNRESOLVED_BW,I_SOURCE_UNRESOLVED_BW,true
provider-logo::MAINDATA.png,AUX-PROV-EE0A1BF49B27,provider-logo,MAINDATA.png,REVIEW,AUX-RF-0394,C_BLACK_AND_WHITE_CONTRAST,C_BLACK_AND_WHITE_CONTRAST|D_COMPONENT_MASK_AMBIGUOUS|E_MIXED_CHROMATIC_UNSAFE_RECOLOUR,false
provider-logo::MAJAN.png,AUX-PROV-6366BD05665B,provider-logo,MAJAN.png,REVIEW,AUX-RF-0657,C_BLACK_AND_WHITE_CONTRAST,C_BLACK_AND_WHITE_CONTRAST|D_COMPONENT_MASK_AMBIGUOUS|E_MIXED_CHROMATIC_UNSAFE_RECOLOUR,true
provider-logo::MANOTO HD.png,AUX-PROV-E256E2B36F00,provider-logo,MANOTO HD.png,REVIEW,AUX-RF-0487,C_BLACK_AND_WHITE_CONTRAST,C_BLACK_AND_WHITE_CONTRAST|D_COMPONENT_MASK_AMBIGUOUS|E_MIXED_CHROMATIC_UNSAFE_RECOLOUR,true
provider-logo::MANOTO.png,AUX-PROV-2681B30F8E6A,provider-logo,MANOTO.png,REVIEW,AUX-RF-0552,C_BLACK_AND_WHITE_CONTRAST,C_BLACK_AND_WHITE_CONTRAST|D_COMPONENT_MASK_AMBIGUOUS|E_MIXED_CHROMATIC_UNSAFE_RECOLOUR,true
provider-logo::MARGINAL.png,AUX-PROV-34B0AD21F99D,provider-logo,MARGINAL.png,REVIEW,AUX-RF-0413,C_BLACK_AND_WHITE_CONTRAST,C_BLACK_AND_WHITE_CONTRAST|D_COMPONENT_MASK_AMBIGUOUS|E_MIXED_CHROMATIC_UNSAFE_RECOLOUR,true
provider-logo::MARKIZA.png,AUX-PROV-075159DFFB2D,provider-logo,MARKIZA.png,SOURCE-UNRESOLVED,AUX-RF-1060,I_SOURCE_UNRESOLVED_BW,I_SOURCE_UNRESOLVED_BW,true
provider-logo::MASH MEDIA.png,AUX-PROV-3C0C7A18C4DA,provider-logo,MASH MEDIA.png,REVIEW,AUX-RF-0218,C_BLACK_AND_WHITE_CONTRAST,C_BLACK_AND_WHITE_CONTRAST|E_MIXED_CHROMATIC_UNSAFE_RECOLOUR,true
provider-logo::MAX TV.png,AUX-PROV-CDFD0D9AB5DD,provider-logo,MAX TV.png,SOURCE-UNRESOLVED,AUX-RF-0976,I_SOURCE_UNRESOLVED_BW,I_SOURCE_UNRESOLVED_BW,true
provider-logo::MAXTV HRVATSKA.png,AUX-PROV-FBCF23A76367,provider-logo,MAXTV HRVATSKA.png,SOURCE-UNRESOLVED,AUX-RF-0976,I_SOURCE_UNRESOLVED_BW,I_SOURCE_UNRESOLVED_BW,false
provider-logo::MAXTV SAT.png,AUX-PROV-D2D696E097A0,provider-logo,MAXTV SAT.png,SOURCE-UNRESOLVED,AUX-RF-0976,I_SOURCE_UNRESOLVED_BW,I_SOURCE_UNRESOLVED_BW,false
provider-logo::MAXXI TV.png,AUX-PROV-ED8286FA5E0E,provider-logo,MAXXI TV.png,REVIEW,AUX-RF-0211,C_BLACK_AND_WHITE_CONTRAST,C_BLACK_AND_WHITE_CONTRAST|E_MIXED_CHROMATIC_UNSAFE_RECOLOUR,true
provider-logo::MB SATELLITE.png,AUX-PROV-7354F8263E57,provider-logo,MB SATELLITE.png,REVIEW,AUX-RF-0759,E_MIXED_CHROMATIC_UNSAFE_RECOLOUR,E_MIXED_CHROMATIC_UNSAFE_RECOLOUR,true
provider-logo::MBC.png,AUX-PROV-4107107117B7,provider-logo,MBC.png,REVIEW,AUX-RF-0335,C_BLACK_AND_WHITE_CONTRAST,C_BLACK_AND_WHITE_CONTRAST|D_COMPONENT_MASK_AMBIGUOUS|E_MIXED_CHROMATIC_UNSAFE_RECOLOUR,true
provider-logo::MCA.png,AUX-PROV-DC0449EB16B2,provider-logo,MCA.png,REVIEW,AUX-RF-0290,C_BLACK_AND_WHITE_CONTRAST,C_BLACK_AND_WHITE_CONTRAST|E_MIXED_CHROMATIC_UNSAFE_RECOLOUR,true
provider-logo::MCK.png,AUX-PROV-57E5BDAF7CF2,provider-logo,MCK.png,REVIEW,AUX-RF-0290,C_BLACK_AND_WHITE_CONTRAST,C_BLACK_AND_WHITE_CONTRAST|E_MIXED_CHROMATIC_UNSAFE_RECOLOUR,false
provider-logo::MCM POP.png,AUX-PROV-C2B0D955F761,provider-logo,MCM POP.png,REVIEW,AUX-RF-0594,C_BLACK_AND_WHITE_CONTRAST,C_BLACK_AND_WHITE_CONTRAST|D_COMPONENT_MASK_AMBIGUOUS|E_MIXED_CHROMATIC_UNSAFE_RECOLOUR,true
provider-logo::MEDIA 7.png,AUX-PROV-920C2ED27654,provider-logo,MEDIA 7.png,REVIEW,AUX-RF-0133,C_BLACK_AND_WHITE_CONTRAST,C_BLACK_AND_WHITE_CONTRAST|D_COMPONENT_MASK_AMBIGUOUS|E_MIXED_CHROMATIC_UNSAFE_RECOLOUR,true
provider-logo::MEDIA BROADCAST SATELLITE.png,AUX-PROV-419E79326FD6,provider-logo,MEDIA BROADCAST SATELLITE.png,SOURCE-UNRESOLVED,AUX-RF-1042,I_SOURCE_UNRESOLVED_BW,I_SOURCE_UNRESOLVED_BW,true
provider-logo::MEDIA BROADCAST.png,AUX-PROV-3C5244FD5AC8,provider-logo,MEDIA BROADCAST.png,REVIEW,AUX-RF-0386,C_BLACK_AND_WHITE_CONTRAST,C_BLACK_AND_WHITE_CONTRAST|E_MIXED_CHROMATIC_UNSAFE_RECOLOUR,true
provider-logo::MEDIA BRODCAST.png,AUX-PROV-2325EE44F222,provider-logo,MEDIA BRODCAST.png,SOURCE-UNRESOLVED,AUX-RF-1042,I_SOURCE_UNRESOLVED_BW,I_SOURCE_UNRESOLVED_BW,false
provider-logo::MEDIA LIVE.png,AUX-PROV-F54426ABD652,provider-logo,MEDIA LIVE.png,REVIEW,AUX-RF-0256,C_BLACK_AND_WHITE_CONTRAST,C_BLACK_AND_WHITE_CONTRAST|D_COMPONENT_MASK_AMBIGUOUS|E_MIXED_CHROMATIC_UNSAFE_RECOLOUR,true
provider-logo::MEDIA TV.png,AUX-PROV-CC7746292A65,provider-logo,MEDIA TV.png,REVIEW,AUX-RF-0494,C_BLACK_AND_WHITE_CONTRAST,C_BLACK_AND_WHITE_CONTRAST|D_COMPONENT_MASK_AMBIGUOUS|E_MIXED_CHROMATIC_UNSAFE_RECOLOUR,true
provider-logo::MEDIA-LIVE.png,AUX-PROV-8A47D408BEAE,provider-logo,MEDIA-LIVE.png,REVIEW,AUX-RF-0585,C_BLACK_AND_WHITE_CONTRAST,C_BLACK_AND_WHITE_CONTRAST|D_COMPONENT_MASK_AMBIGUOUS|E_MIXED_CHROMATIC_UNSAFE_RECOLOUR,true
provider-logo::MEDIA.png,AUX-PROV-404E4C1DB1B1,provider-logo,MEDIA.png,REVIEW,AUX-RF-0378,C_BLACK_AND_WHITE_CONTRAST,C_BLACK_AND_WHITE_CONTRAST|D_COMPONENT_MASK_AMBIGUOUS|E_MIXED_CHROMATIC_UNSAFE_RECOLOUR,true
provider-logo::MEDIA7.png,AUX-PROV-BB776BFF5588,provider-logo,MEDIA7.png,REVIEW,AUX-RF-0660,C_BLACK_AND_WHITE_CONTRAST,C_BLACK_AND_WHITE_CONTRAST|D_COMPONENT_MASK_AMBIGUOUS|E_MIXED_CHROMATIC_UNSAFE_RECOLOUR,true
provider-logo::MEDIADIAPASON.png,AUX-PROV-FB51694E8B81,provider-logo,MEDIADIAPASON.png,REVIEW,AUX-RF-0018,C_BLACK_AND_WHITE_CONTRAST,C_BLACK_AND_WHITE_CONTRAST|E_MIXED_CHROMATIC_UNSAFE_RECOLOUR,true
provider-logo::MEDIAKIND.png,AUX-PROV-693046373F5D,provider-logo,MEDIAKIND.png,REVIEW,AUX-RF-0486,C_BLACK_AND_WHITE_CONTRAST,C_BLACK_AND_WHITE_CONTRAST|E_MIXED_CHROMATIC_UNSAFE_RECOLOUR,true
provider-logo::MEDIALIVE.png,AUX-PROV-9CC769B86F03,provider-logo,MEDIALIVE.png,REVIEW,AUX-RF-0256,C_BLACK_AND_WHITE_CONTRAST,C_BLACK_AND_WHITE_CONTRAST|D_COMPONENT_MASK_AMBIGUOUS|E_MIXED_CHROMATIC_UNSAFE_RECOLOUR,false
provider-logo::MEDIALOGISTIKA.png,AUX-PROV-23702F28936A,provider-logo,MEDIALOGISTIKA.png,REVIEW,AUX-RF-0412,C_BLACK_AND_WHITE_CONTRAST,C_BLACK_AND_WHITE_CONTRAST|E_MIXED_CHROMATIC_UNSAFE_RECOLOUR,true
provider-logo::MEDIALOOKS.png,AUX-PROV-1BD78FD0A963,provider-logo,MEDIALOOKS.png,REVIEW,AUX-RF-0072,C_BLACK_AND_WHITE_CONTRAST,C_BLACK_AND_WHITE_CONTRAST|E_MIXED_CHROMATIC_UNSAFE_RECOLOUR,true
provider-logo::MEDIANORDEST.png,AUX-PROV-CFA2BF5B886F,provider-logo,MEDIANORDEST.png,REVIEW,AUX-RF-0745,E_MIXED_CHROMATIC_UNSAFE_RECOLOUR,E_MIXED_CHROMATIC_UNSAFE_RECOLOUR,true
provider-logo::MEDIAPASON.png,AUX-PROV-6013BD13C40C,provider-logo,MEDIAPASON.png,REVIEW,AUX-RF-0513,C_BLACK_AND_WHITE_CONTRAST,C_BLACK_AND_WHITE_CONTRAST|E_MIXED_CHROMATIC_UNSAFE_RECOLOUR,true
provider-logo::MEDIASET.png,AUX-PROV-D5EAEF2FF285,provider-logo,MEDIASET.png,REVIEW,AUX-RF-0142,C_BLACK_AND_WHITE_CONTRAST,C_BLACK_AND_WHITE_CONTRAST|E_MIXED_CHROMATIC_UNSAFE_RECOLOUR,true
provider-logo::MEGA HITS.png,AUX-PROV-D17BB131C6C1,provider-logo,MEGA HITS.png,REVIEW,AUX-RF-0749,E_MIXED_CHROMATIC_UNSAFE_RECOLOUR,E_MIXED_CHROMATIC_UNSAFE_RECOLOUR,true
provider-logo::MEGAIMPULS TV.png,AUX-PROV-05DD90F3E0FC,provider-logo,MEGAIMPULS TV.png,REVIEW,AUX-RF-0408,C_BLACK_AND_WHITE_CONTRAST,C_BLACK_AND_WHITE_CONTRAST|D_COMPONENT_MASK_AMBIGUOUS|E_MIXED_CHROMATIC_UNSAFE_RECOLOUR,true
provider-logo::MELODIA FM.png,AUX-PROV-1B48922AC9E0,provider-logo,MELODIA FM.png,REVIEW,AUX-RF-0781,E_MIXED_CHROMATIC_UNSAFE_RECOLOUR,E_MIXED_CHROMATIC_UNSAFE_RECOLOUR,true
provider-logo::MEZZO.png,AUX-PROV-2C3E6C2EC0AA,provider-logo,MEZZO.png,REVIEW,AUX-RF-0064,C_BLACK_AND_WHITE_CONTRAST,C_BLACK_AND_WHITE_CONTRAST|E_MIXED_CHROMATIC_UNSAFE_RECOLOUR,true
provider-logo::MHD7.png,AUX-PROV-87BBCF69B78A,provider-logo,MHD7.png,REVIEW,AUX-RF-0169,C_BLACK_AND_WHITE_CONTRAST,C_BLACK_AND_WHITE_CONTRAST|D_COMPONENT_MASK_AMBIGUOUS|E_MIXED_CHROMATIC_UNSAFE_RECOLOUR,false
provider-logo::MIMYUNI.png,AUX-PROV-74DF39319E41,provider-logo,MIMYUNI.png,REVIEW,AUX-RF-0577,C_BLACK_AND_WHITE_CONTRAST,C_BLACK_AND_WHITE_CONTRAST|D_COMPONENT_MASK_AMBIGUOUS|E_MIXED_CHROMATIC_UNSAFE_RECOLOUR,true
provider-logo::MIT-XPERTS GMBH.png,AUX-PROV-441FB93B7F35,provider-logo,MIT-XPERTS GMBH.png,REVIEW,AUX-RF-0340,C_BLACK_AND_WHITE_CONTRAST,C_BLACK_AND_WHITE_CONTRAST|D_COMPONENT_MASK_AMBIGUOUS|E_MIXED_CHROMATIC_UNSAFE_RECOLOUR,true
provider-logo::MOTORI_TV.png,AUX-PROV-2EB576919BB8,provider-logo,MOTORI_TV.png,SOURCE-UNRESOLVED,AUX-RF-1223,J_SOURCE_UNRESOLVED_BLACK_ONLY,J_SOURCE_UNRESOLVED_BLACK_ONLY,true
provider-logo::MOVIESTAR+ HISPASAT.png,AUX-PROV-2ED63B6E318D,provider-logo,MOVIESTAR+ HISPASAT.png,SOURCE-UNRESOLVED,AUX-RF-1150,I_SOURCE_UNRESOLVED_BW,I_SOURCE_UNRESOLVED_BW,true
provider-logo::MOVISRTA+.png,AUX-PROV-58A7BF3EF4F5,provider-logo,MOVISRTA+.png,REVIEW,AUX-RF-0372,C_BLACK_AND_WHITE_CONTRAST,C_BLACK_AND_WHITE_CONTRAST|E_MIXED_CHROMATIC_UNSAFE_RECOLOUR,false
provider-logo::MOVISTAR+ HISPASAT.png,AUX-PROV-6A73C70CB460,provider-logo,MOVISTAR+ HISPASAT.png,SOURCE-UNRESOLVED,AUX-RF-1150,I_SOURCE_UNRESOLVED_BW,I_SOURCE_UNRESOLVED_BW,false
provider-logo::MOVISTAR+.png,AUX-PROV-EC8293FC6C37,provider-logo,MOVISTAR+.png,REVIEW,AUX-RF-0372,C_BLACK_AND_WHITE_CONTRAST,C_BLACK_AND_WHITE_CONTRAST|E_MIXED_CHROMATIC_UNSAFE_RECOLOUR,false
provider-logo::MOVISTAR.png,AUX-PROV-4FF040C49FB1,provider-logo,MOVISTAR.png,REVIEW,AUX-RF-0372,C_BLACK_AND_WHITE_CONTRAST,C_BLACK_AND_WHITE_CONTRAST|E_MIXED_CHROMATIC_UNSAFE_RECOLOUR,false
provider-logo::MOYO TV.png,AUX-PROV-0CC53A1E2900,provider-logo,MOYO TV.png,REVIEW,AUX-RF-0766,E_MIXED_CHROMATIC_UNSAFE_RECOLOUR,E_MIXED_CHROMATIC_UNSAFE_RECOLOUR,true
provider-logo::MS M.png,AUX-PROV-0E47381CC859,provider-logo,MS M.png,REVIEW,AUX-RF-0399,C_BLACK_AND_WHITE_CONTRAST,C_BLACK_AND_WHITE_CONTRAST|D_COMPONENT_MASK_AMBIGUOUS|E_MIXED_CHROMATIC_UNSAFE_RECOLOUR,false
provider-logo::MSAT GLOBAL.png,AUX-PROV-1CB012062D5E,provider-logo,MSAT GLOBAL.png,REVIEW,AUX-RF-0049,C_BLACK_AND_WHITE_CONTRAST,C_BLACK_AND_WHITE_CONTRAST|E_MIXED_CHROMATIC_UNSAFE_RECOLOUR,true
provider-logo::MTA INT..png,AUX-PROV-16B4C263F7B6,provider-logo,MTA INT..png,REVIEW,AUX-RF-0792,E_MIXED_CHROMATIC_UNSAFE_RECOLOUR,E_MIXED_CHROMATIC_UNSAFE_RECOLOUR,true
provider-logo::MTC.png,AUX-PROV-C4FADA98BBAA,provider-logo,MTC.png,REVIEW,AUX-RF-0068,C_BLACK_AND_WHITE_CONTRAST,C_BLACK_AND_WHITE_CONTRAST|D_COMPONENT_MASK_AMBIGUOUS|E_MIXED_CHROMATIC_UNSAFE_RECOLOUR,true
provider-logo::MTEL.png,AUX-PROV-703F6AA072D8,provider-logo,MTEL.png,SOURCE-UNRESOLVED,AUX-RF-1036,I_SOURCE_UNRESOLVED_BW,I_SOURCE_UNRESOLVED_BW,true
provider-logo::MTHREE SATCOM.png,AUX-PROV-54BC01DEE703,provider-logo,MTHREE SATCOM.png,REVIEW,AUX-RF-0876,E_MIXED_CHROMATIC_UNSAFE_RECOLOUR,E_MIXED_CHROMATIC_UNSAFE_RECOLOUR,false
provider-logo::MTV 00S.png,AUX-PROV-DC34482F9F51,provider-logo,MTV 00S.png,REVIEW,AUX-RF-0796,E_MIXED_CHROMATIC_UNSAFE_RECOLOUR,E_MIXED_CHROMATIC_UNSAFE_RECOLOUR,true
provider-logo::MTV INTERNATIONAL.png,AUX-PROV-899DD6F4B2FA,provider-logo,MTV INTERNATIONAL.png,SOURCE-UNRESOLVED,AUX-RF-1101,I_SOURCE_UNRESOLVED_BW,I_SOURCE_UNRESOLVED_BW,true
provider-logo::MTV PORTUGAL.png,AUX-PROV-6B2111226ADC,provider-logo,MTV PORTUGAL.png,REVIEW,AUX-RF-0073,C_BLACK_AND_WHITE_CONTRAST,C_BLACK_AND_WHITE_CONTRAST|D_COMPONENT_MASK_AMBIGUOUS|E_MIXED_CHROMATIC_UNSAFE_RECOLOUR,true
provider-logo::MTV UNLIMITED.png,AUX-PROV-54465EDAC584,provider-logo,MTV UNLIMITED.png,SOURCE-UNRESOLVED,AUX-RF-1101,I_SOURCE_UNRESOLVED_BW,I_SOURCE_UNRESOLVED_BW,false
provider-logo::MTVA.png,AUX-PROV-842030E6EEBD,provider-logo,MTVA.png,REVIEW,AUX-RF-0560,C_BLACK_AND_WHITE_CONTRAST,C_BLACK_AND_WHITE_CONTRAST|D_COMPONENT_MASK_AMBIGUOUS|E_MIXED_CHROMATIC_UNSAFE_RECOLOUR,true
provider-logo::MULTI4.png,AUX-PROV-8A01BD3DD661,provider-logo,MULTI4.png,REVIEW,AUX-RF-0328,C_BLACK_AND_WHITE_CONTRAST,C_BLACK_AND_WHITE_CONTRAST|E_MIXED_CHROMATIC_UNSAFE_RECOLOUR,false
provider-logo::MULTICHOICE.png,AUX-PROV-165F4AA1A6B1,provider-logo,MULTICHOICE.png,SOURCE-UNRESOLVED,AUX-RF-1147,I_SOURCE_UNRESOLVED_BW,I_SOURCE_UNRESOLVED_BW,true
provider-logo::MULTICHOJCE AFRICA.png,AUX-PROV-B8A22C2B8A2C,provider-logo,MULTICHOJCE AFRICA.png,SOURCE-UNRESOLVED,AUX-RF-1147,I_SOURCE_UNRESOLVED_BW,I_SOURCE_UNRESOLVED_BW,false
provider-logo::MULTISTREAM.png,AUX-PROV-4C4AE7E78BF3,provider-logo,MULTISTREAM.png,SOURCE-UNRESOLVED,AUX-RF-1211,J_SOURCE_UNRESOLVED_BLACK_ONLY,J_SOURCE_UNRESOLVED_BLACK_ONLY,true
provider-logo::MUX TV.png,AUX-PROV-C9BEE642F6BD,provider-logo,MUX TV.png,SOURCE-UNRESOLVED,AUX-RF-1077,I_SOURCE_UNRESOLVED_BW,I_SOURCE_UNRESOLVED_BW,false
provider-logo::MVIDEO.png,AUX-PROV-7AAD721AD9FB,provider-logo,MVIDEO.png,REVIEW,AUX-RF-0482,C_BLACK_AND_WHITE_CONTRAST,C_BLACK_AND_WHITE_CONTRAST|E_MIXED_CHROMATIC_UNSAFE_RECOLOUR,true
provider-logo::MY HD.png,AUX-PROV-7C7AB9553D78,provider-logo,MY HD.png,REVIEW,AUX-RF-0621,C_BLACK_AND_WHITE_CONTRAST,C_BLACK_AND_WHITE_CONTRAST|D_COMPONENT_MASK_AMBIGUOUS|E_MIXED_CHROMATIC_UNSAFE_RECOLOUR,true
provider-logo::MY TV.png,AUX-PROV-83D0FD7598B9,provider-logo,MY TV.png,REVIEW,AUX-RF-0280,C_BLACK_AND_WHITE_CONTRAST,C_BLACK_AND_WHITE_CONTRAST|E_MIXED_CHROMATIC_UNSAFE_RECOLOUR,true
provider-logo::MYEZA NETWORKS.png,AUX-PROV-B55C58B5BD22,provider-logo,MYEZA NETWORKS.png,REVIEW,AUX-RF-0903,G_SOURCE_QC_ALPHA_BACKGROUND,G_SOURCE_QC_ALPHA_BACKGROUND,true
provider-logo::MYHD.png,AUX-PROV-DCF1B2B49FFD,provider-logo,MYHD.png,REVIEW,AUX-RF-0616,C_BLACK_AND_WHITE_CONTRAST,C_BLACK_AND_WHITE_CONTRAST|D_COMPONENT_MASK_AMBIGUOUS|E_MIXED_CHROMATIC_UNSAFE_RECOLOUR,true
provider-logo::NATGEO.png,AUX-PROV-837DFDE2BF9F,provider-logo,NATGEO.png,REVIEW,AUX-RF-0372,C_BLACK_AND_WHITE_CONTRAST,C_BLACK_AND_WHITE_CONTRAST|E_MIXED_CHROMATIC_UNSAFE_RECOLOUR,false
provider-logo::NATIONAL GEOGRAPHIC WILD.png,AUX-PROV-29EE0ACC6132,provider-logo,NATIONAL GEOGRAPHIC WILD.png,REVIEW,AUX-RF-0387,C_BLACK_AND_WHITE_CONTRAST,C_BLACK_AND_WHITE_CONTRAST|E_MIXED_CHROMATIC_UNSAFE_RECOLOUR,true
provider-logo::NBC NEWS.png,AUX-PROV-8D4AF92035EE,provider-logo,NBC NEWS.png,REVIEW,AUX-RF-0326,C_BLACK_AND_WHITE_CONTRAST,C_BLACK_AND_WHITE_CONTRAST|D_COMPONENT_MASK_AMBIGUOUS|E_MIXED_CHROMATIC_UNSAFE_RECOLOUR,true
provider-logo::NBC SATOPS.png,AUX-PROV-C88B32AC2672,provider-logo,NBC SATOPS.png,REVIEW,AUX-RF-0375,C_BLACK_AND_WHITE_CONTRAST,C_BLACK_AND_WHITE_CONTRAST|D_COMPONENT_MASK_AMBIGUOUS|E_MIXED_CHROMATIC_UNSAFE_RECOLOUR,true
provider-logo::NC +.png,AUX-PROV-9026B0CA490A,provider-logo,NC +.png,SOURCE-UNRESOLVED,AUX-RF-0922,I_SOURCE_UNRESOLVED_BW,I_SOURCE_UNRESOLVED_BW,true
provider-logo::NC+.png,AUX-PROV-063461B75DB6,provider-logo,NC+.png,REVIEW,AUX-RF-0455,C_BLACK_AND_WHITE_CONTRAST,C_BLACK_AND_WHITE_CONTRAST|D_COMPONENT_MASK_AMBIGUOUS|E_MIXED_CHROMATIC_UNSAFE_RECOLOUR,true
provider-logo::NC.png,AUX-PROV-ECCF1E0575BD,provider-logo,NC.png,REVIEW,AUX-RF-0372,C_BLACK_AND_WHITE_CONTRAST,C_BLACK_AND_WHITE_CONTRAST|E_MIXED_CHROMATIC_UNSAFE_RECOLOUR,false
provider-logo::NEOSAT.png,AUX-PROV-D6A2B49E956D,provider-logo,NEOSAT.png,REVIEW,AUX-RF-0559,C_BLACK_AND_WHITE_CONTRAST,C_BLACK_AND_WHITE_CONTRAST|E_MIXED_CHROMATIC_UNSAFE_RECOLOUR,true
provider-logo::NET 1.png,AUX-PROV-4BC44BD2F876,provider-logo,NET 1.png,REVIEW,AUX-RF-0394,C_BLACK_AND_WHITE_CONTRAST,C_BLACK_AND_WHITE_CONTRAST|D_COMPONENT_MASK_AMBIGUOUS|E_MIXED_CHROMATIC_UNSAFE_RECOLOUR,false
provider-logo::NETERRA COMMUNICATIONS.png,AUX-PROV-4A7C8BA88AE4,provider-logo,NETERRA COMMUNICATIONS.png,SOURCE-UNRESOLVED,AUX-RF-0908,I_SOURCE_UNRESOLVED_BW,I_SOURCE_UNRESOLVED_BW,true
provider-logo::NETERRA.png,AUX-PROV-4DF3EAC8C6A5,provider-logo,NETERRA.png,SOURCE-UNRESOLVED,AUX-RF-0908,I_SOURCE_UNRESOLVED_BW,I_SOURCE_UNRESOLVED_BW,false
provider-logo::NEWRUS TV.png,AUX-PROV-BECC4AAA774F,provider-logo,NEWRUS TV.png,REVIEW,AUX-RF-0553,C_BLACK_AND_WHITE_CONTRAST,C_BLACK_AND_WHITE_CONTRAST|E_MIXED_CHROMATIC_UNSAFE_RECOLOUR,true
provider-logo::NEWS 24.png,AUX-PROV-2230A40B594D,provider-logo,NEWS 24.png,REVIEW,AUX-RF-0571,C_BLACK_AND_WHITE_CONTRAST,C_BLACK_AND_WHITE_CONTRAST|E_MIXED_CHROMATIC_UNSAFE_RECOLOUR,true
provider-logo::NEXTOLOGIES.png,AUX-PROV-89E41C647A7B,provider-logo,NEXTOLOGIES.png,REVIEW,AUX-RF-0125,C_BLACK_AND_WHITE_CONTRAST,C_BLACK_AND_WHITE_CONTRAST|D_COMPONENT_MASK_AMBIGUOUS|E_MIXED_CHROMATIC_UNSAFE_RECOLOUR,false
provider-logo::NGROUP.png,AUX-PROV-A23716B9BC80,provider-logo,NGROUP.png,REVIEW,AUX-RF-0473,C_BLACK_AND_WHITE_CONTRAST,C_BLACK_AND_WHITE_CONTRAST|E_MIXED_CHROMATIC_UNSAFE_RECOLOUR,true
provider-logo::NIGERIAN TELEVISION.png,AUX-PROV-EE2B08A01563,provider-logo,NIGERIAN TELEVISION.png,REVIEW,AUX-RF-0515,C_BLACK_AND_WHITE_CONTRAST,C_BLACK_AND_WHITE_CONTRAST|E_MIXED_CHROMATIC_UNSAFE_RECOLOUR,true
provider-logo::NILESAT LIBANON.png,AUX-PROV-74D59BEB075E,provider-logo,NILESAT LIBANON.png,SOURCE-UNRESOLVED,AUX-RF-1053,I_SOURCE_UNRESOLVED_BW,I_SOURCE_UNRESOLVED_BW,true
provider-logo::NILESAT.png,AUX-PROV-6F5054FC850D,provider-logo,NILESAT.png,REVIEW,AUX-RF-0613,C_BLACK_AND_WHITE_CONTRAST,C_BLACK_AND_WHITE_CONTRAST|E_MIXED_CHROMATIC_UNSAFE_RECOLOUR,true
provider-logo::NOITV.png,AUX-PROV-F22E694E736E,provider-logo,NOITV.png,REVIEW,AUX-RF-0520,C_BLACK_AND_WHITE_CONTRAST,C_BLACK_AND_WHITE_CONTRAST|E_MIXED_CHROMATIC_UNSAFE_RECOLOUR,true
provider-logo::NONE.png,AUX-PROV-EE93365D5E6B,provider-logo,NONE.png,REVIEW,AUX-RF-0463,C_BLACK_AND_WHITE_CONTRAST,C_BLACK_AND_WHITE_CONTRAST|D_COMPONENT_MASK_AMBIGUOUS|E_MIXED_CHROMATIC_UNSAFE_RECOLOUR,true
provider-logo::NOORSAT.png,AUX-PROV-E16D11FF7F4E,provider-logo,NOORSAT.png,REVIEW,AUX-RF-0094,C_BLACK_AND_WHITE_CONTRAST,C_BLACK_AND_WHITE_CONTRAST|E_MIXED_CHROMATIC_UNSAFE_RECOLOUR,true
provider-logo::NOV-DIGI.png,AUX-PROV-7186487358F2,provider-logo,NOV-DIGI.png,SOURCE-UNRESOLVED,AUX-RF-1191,J_SOURCE_UNRESOLVED_BLACK_ONLY,J_SOURCE_UNRESOLVED_BLACK_ONLY,true
provider-logo::NOVOTELECOM.png,AUX-PROV-12C5295F45BA,provider-logo,NOVOTELECOM.png,REVIEW,AUX-RF-0704,D_COMPONENT_MASK_AMBIGUOUS,D_COMPONENT_MASK_AMBIGUOUS|E_MIXED_CHROMATIC_UNSAFE_RECOLOUR,true
provider-logo::NOVY KANAL HD.png,AUX-PROV-E045D4C1A452,provider-logo,NOVY KANAL HD.png,REVIEW,AUX-RF-0129,C_BLACK_AND_WHITE_CONTRAST,C_BLACK_AND_WHITE_CONTRAST|D_COMPONENT_MASK_AMBIGUOUS|E_MIXED_CHROMATIC_UNSAFE_RECOLOUR,true
provider-logo::NRJ.png,AUX-PROV-04196BD84D68,provider-logo,NRJ.png,REVIEW,AUX-RF-0236,C_BLACK_AND_WHITE_CONTRAST,C_BLACK_AND_WHITE_CONTRAST|D_COMPONENT_MASK_AMBIGUOUS|E_MIXED_CHROMATIC_UNSAFE_RECOLOUR,true
provider-logo::NTN.png,AUX-PROV-6AE7C535D07E,provider-logo,NTN.png,REVIEW,AUX-RF-0241,C_BLACK_AND_WHITE_CONTRAST,C_BLACK_AND_WHITE_CONTRAST|E_MIXED_CHROMATIC_UNSAFE_RECOLOUR,true
provider-logo::NTV PLUS.png,AUX-PROV-43A2374A0D71,provider-logo,NTV PLUS.png,SOURCE-UNRESOLVED,AUX-RF-1014,I_SOURCE_UNRESOLVED_BW,I_SOURCE_UNRESOLVED_BW,true
provider-logo::NTV+ RUSSIA.png,AUX-PROV-00976F043476,provider-logo,NTV+ RUSSIA.png,SOURCE-UNRESOLVED,AUX-RF-1014,I_SOURCE_UNRESOLVED_BW,I_SOURCE_UNRESOLVED_BW,false
provider-logo::NTV+.png,AUX-PROV-E6863A985159,provider-logo,NTV+.png,SOURCE-UNRESOLVED,AUX-RF-1014,I_SOURCE_UNRESOLVED_BW,I_SOURCE_UNRESOLVED_BW,false
provider-logo::NURTS DIGITAL.png,AUX-PROV-EF1CC4787DF2,provider-logo,NURTS DIGITAL.png,REVIEW,AUX-RF-0349,C_BLACK_AND_WHITE_CONTRAST,C_BLACK_AND_WHITE_CONTRAST|E_MIXED_CHROMATIC_UNSAFE_RECOLOUR,true
provider-logo::NURTS.png,AUX-PROV-9B327B1AF250,provider-logo,NURTS.png,REVIEW,AUX-RF-0384,C_BLACK_AND_WHITE_CONTRAST,C_BLACK_AND_WHITE_CONTRAST|E_MIXED_CHROMATIC_UNSAFE_RECOLOUR,true
provider-logo::OIV ZAGREB.png,AUX-PROV-49F963D9BC2B,provider-logo,OIV ZAGREB.png,REVIEW,AUX-RF-0847,E_MIXED_CHROMATIC_UNSAFE_RECOLOUR,E_MIXED_CHROMATIC_UNSAFE_RECOLOUR,true
provider-logo::OIV.png,AUX-PROV-08BB999BA598,provider-logo,OIV.png,REVIEW,AUX-RF-0846,E_MIXED_CHROMATIC_UNSAFE_RECOLOUR,E_MIXED_CHROMATIC_UNSAFE_RECOLOUR,true
provider-logo::OMAN TV.png,AUX-PROV-80B19B80576B,provider-logo,OMAN TV.png,REVIEW,AUX-RF-0773,E_MIXED_CHROMATIC_UNSAFE_RECOLOUR,E_MIXED_CHROMATIC_UNSAFE_RECOLOUR,true
provider-logo::ONDA CERO.png,AUX-PROV-7F4A48A03738,provider-logo,ONDA CERO.png,REVIEW,AUX-RF-0356,C_BLACK_AND_WHITE_CONTRAST,C_BLACK_AND_WHITE_CONTRAST|D_COMPONENT_MASK_AMBIGUOUS|E_MIXED_CHROMATIC_UNSAFE_RECOLOUR,true
provider-logo::ONDA MELODIA.png,AUX-PROV-193FA5D991AE,provider-logo,ONDA MELODIA.png,REVIEW,AUX-RF-0778,E_MIXED_CHROMATIC_UNSAFE_RECOLOUR,E_MIXED_CHROMATIC_UNSAFE_RECOLOUR,true
provider-logo::ONE TV.png,AUX-PROV-8D2F4AD25ED8,provider-logo,ONE TV.png,REVIEW,AUX-RF-0336,C_BLACK_AND_WHITE_CONTRAST,C_BLACK_AND_WHITE_CONTRAST|D_COMPONENT_MASK_AMBIGUOUS|E_MIXED_CHROMATIC_UNSAFE_RECOLOUR,true
provider-logo::ONT TUNISIA.png,AUX-PROV-F96EA729FD16,provider-logo,ONT TUNISIA.png,REVIEW,AUX-RF-0647,C_BLACK_AND_WHITE_CONTRAST,C_BLACK_AND_WHITE_CONTRAST|D_COMPONENT_MASK_AMBIGUOUS|E_MIXED_CHROMATIC_UNSAFE_RECOLOUR,true
provider-logo::ONT.png,AUX-PROV-446F7A29A9DC,provider-logo,ONT.png,REVIEW,AUX-RF-0647,C_BLACK_AND_WHITE_CONTRAST,C_BLACK_AND_WHITE_CONTRAST|D_COMPONENT_MASK_AMBIGUOUS|E_MIXED_CHROMATIC_UNSAFE_RECOLOUR,false
provider-logo::OPENMUX IP GATEWAY.png,AUX-PROV-362EB0569A8C,provider-logo,OPENMUX IP GATEWAY.png,REVIEW,AUX-RF-0498,C_BLACK_AND_WHITE_CONTRAST,C_BLACK_AND_WHITE_CONTRAST|D_COMPONENT_MASK_AMBIGUOUS|E_MIXED_CHROMATIC_UNSAFE_RECOLOUR,true
provider-logo::ORANGE BELGIUM.png,AUX-PROV-539EE874EFAD,provider-logo,ORANGE BELGIUM.png,SOURCE-UNRESOLVED,AUX-RF-1218,J_SOURCE_UNRESOLVED_BLACK_ONLY,J_SOURCE_UNRESOLVED_BLACK_ONLY,true
provider-logo::ORANGE FRANCE.png,AUX-PROV-BAA4FE566091,provider-logo,ORANGE FRANCE.png,SOURCE-UNRESOLVED,AUX-RF-1218,J_SOURCE_UNRESOLVED_BLACK_ONLY,J_SOURCE_UNRESOLVED_BLACK_ONLY,false
provider-logo::ORANGE POLSKA.png,AUX-PROV-713268F881A2,provider-logo,ORANGE POLSKA.png,SOURCE-UNRESOLVED,AUX-RF-1116,I_SOURCE_UNRESOLVED_BW,I_SOURCE_UNRESOLVED_BW,true
provider-logo::ORANGE ROMANIA.png,AUX-PROV-A9B19FC00C3A,provider-logo,ORANGE ROMANIA.png,SOURCE-UNRESOLVED,AUX-RF-1116,I_SOURCE_UNRESOLVED_BW,I_SOURCE_UNRESOLVED_BW,false
provider-logo::ORANGE TV.png,AUX-PROV-9BCDD2EA4F1E,provider-logo,ORANGE TV.png,REVIEW,AUX-RF-0640,C_BLACK_AND_WHITE_CONTRAST,C_BLACK_AND_WHITE_CONTRAST|E_MIXED_CHROMATIC_UNSAFE_RECOLOUR,true
provider-logo::ORANGE-BIS-TELESAT.png,AUX-PROV-ADC55E4375A8,provider-logo,ORANGE-BIS-TELESAT.png,SOURCE-UNRESOLVED,AUX-RF-1116,I_SOURCE_UNRESOLVED_BW,I_SOURCE_UNRESOLVED_BW,false
provider-logo::ORANGE-BIS.png,AUX-PROV-D1BF9D1DD715,provider-logo,ORANGE-BIS.png,SOURCE-UNRESOLVED,AUX-RF-1103,I_SOURCE_UNRESOLVED_BW,I_SOURCE_UNRESOLVED_BW,true
provider-logo::ORANGE.png,AUX-PROV-D1E5D0070945,provider-logo,ORANGE.png,SOURCE-UNRESOLVED,AUX-RF-1116,I_SOURCE_UNRESOLVED_BW,I_SOURCE_UNRESOLVED_BW,false
provider-logo::ORANGESAT SK.png,AUX-PROV-B039FD30A07A,provider-logo,ORANGESAT SK.png,REVIEW,AUX-RF-0779,E_MIXED_CHROMATIC_UNSAFE_RECOLOUR,E_MIXED_CHROMATIC_UNSAFE_RECOLOUR,true
provider-logo::ORANGESAT.png,AUX-PROV-0848558AA5AE,provider-logo,ORANGESAT.png,SOURCE-UNRESOLVED,AUX-RF-1116,I_SOURCE_UNRESOLVED_BW,I_SOURCE_UNRESOLVED_BW,false
provider-logo::ORBIT.png,AUX-PROV-D4308BDD376D,provider-logo,ORBIT.png,SOURCE-UNRESOLVED,AUX-RF-0967,I_SOURCE_UNRESOLVED_BW,I_SOURCE_UNRESOLVED_BW,true
provider-logo::ORF DIGITAL.png,AUX-PROV-784330307964,provider-logo,ORF DIGITAL.png,SOURCE-UNRESOLVED,AUX-RF-1104,I_SOURCE_UNRESOLVED_BW,I_SOURCE_UNRESOLVED_BW,true
provider-logo::ORF.png,AUX-PROV-3421940AD6EB,provider-logo,ORF.png,REVIEW,AUX-RF-0591,C_BLACK_AND_WHITE_CONTRAST,C_BLACK_AND_WHITE_CONTRAST|D_COMPONENT_MASK_AMBIGUOUS|E_MIXED_CHROMATIC_UNSAFE_RECOLOUR,false
provider-logo::ORION EXPRESS.png,AUX-PROV-90E30198C7BD,provider-logo,ORION EXPRESS.png,REVIEW,AUX-RF-0774,E_MIXED_CHROMATIC_UNSAFE_RECOLOUR,E_MIXED_CHROMATIC_UNSAFE_RECOLOUR,true
provider-logo::ORS.png,AUX-PROV-B88747E78F2C,provider-logo,ORS.png,REVIEW,AUX-RF-0295,C_BLACK_AND_WHITE_CONTRAST,C_BLACK_AND_WHITE_CONTRAST|D_COMPONENT_MASK_AMBIGUOUS|E_MIXED_CHROMATIC_UNSAFE_RECOLOUR,true
provider-logo::OSAT.png,AUX-PROV-280249E75018,provider-logo,OSAT.png,REVIEW,AUX-RF-0522,C_BLACK_AND_WHITE_CONTRAST,C_BLACK_AND_WHITE_CONTRAST|E_MIXED_CHROMATIC_UNSAFE_RECOLOUR,false
provider-logo::OSN SHOWTIME.png,AUX-PROV-723EFEA8AF31,provider-logo,OSN SHOWTIME.png,SOURCE-UNRESOLVED,AUX-RF-0967,I_SOURCE_UNRESOLVED_BW,I_SOURCE_UNRESOLVED_BW,false
provider-logo::OSN.png,AUX-PROV-4FDCCE552FAB,provider-logo,OSN.png,REVIEW,AUX-RF-0474,C_BLACK_AND_WHITE_CONTRAST,C_BLACK_AND_WHITE_CONTRAST|E_MIXED_CHROMATIC_UNSAFE_RECOLOUR,true
provider-logo::OTE.png,AUX-PROV-85033B43F2E8,provider-logo,OTE.png,REVIEW,AUX-RF-0380,C_BLACK_AND_WHITE_CONTRAST,C_BLACK_AND_WHITE_CONTRAST|E_MIXED_CHROMATIC_UNSAFE_RECOLOUR,true
provider-logo::OTHERS.png,AUX-PROV-F0BCADEF32BA,provider-logo,OTHERS.png,SOURCE-UNRESOLVED,AUX-RF-1200,J_SOURCE_UNRESOLVED_BLACK_ONLY,J_SOURCE_UNRESOLVED_BLACK_ONLY,true
provider-logo::OTTO CHANNEL.png,AUX-PROV-04153834B4C4,provider-logo,OTTO CHANNEL.png,REVIEW,AUX-RF-0324,C_BLACK_AND_WHITE_CONTRAST,C_BLACK_AND_WHITE_CONTRAST|D_COMPONENT_MASK_AMBIGUOUS|E_MIXED_CHROMATIC_UNSAFE_RECOLOUR,true
provider-logo::OTV.png,AUX-PROV-01DB16EF98A9,provider-logo,OTV.png,REVIEW,AUX-RF-0311,C_BLACK_AND_WHITE_CONTRAST,C_BLACK_AND_WHITE_CONTRAST|D_COMPONENT_MASK_AMBIGUOUS|E_MIXED_CHROMATIC_UNSAFE_RECOLOUR,true
provider-logo::OVERON AMERICA.png,AUX-PROV-917B12F11115,provider-logo,OVERON AMERICA.png,REVIEW,AUX-RF-0551,C_BLACK_AND_WHITE_CONTRAST,C_BLACK_AND_WHITE_CONTRAST|E_MIXED_CHROMATIC_UNSAFE_RECOLOUR,true
provider-logo::OVERON SERVICIOS AUDIOVISUALES.png,AUX-PROV-E3A66DCE2553,provider-logo,OVERON SERVICIOS AUDIOVISUALES.png,REVIEW,AUX-RF-0555,C_BLACK_AND_WHITE_CONTRAST,C_BLACK_AND_WHITE_CONTRAST|E_MIXED_CHROMATIC_UNSAFE_RECOLOUR,true
provider-logo::OVERON.png,AUX-PROV-88B26C725285,provider-logo,OVERON.png,REVIEW,AUX-RF-0217,C_BLACK_AND_WHITE_CONTRAST,C_BLACK_AND_WHITE_CONTRAST|E_MIXED_CHROMATIC_UNSAFE_RECOLOUR,true
provider-logo::OXIGENIO.png,AUX-PROV-E8C6CCB97664,provider-logo,OXIGENIO.png,REVIEW,AUX-RF-0252,C_BLACK_AND_WHITE_CONTRAST,C_BLACK_AND_WHITE_CONTRAST|D_COMPONENT_MASK_AMBIGUOUS|E_MIXED_CHROMATIC_UNSAFE_RECOLOUR,true
provider-logo::OXIGNIO.png,AUX-PROV-4ED5D1CBAAB3,provider-logo,OXIGNIO.png,REVIEW,AUX-RF-0092,C_BLACK_AND_WHITE_CONTRAST,C_BLACK_AND_WHITE_CONTRAST|D_COMPONENT_MASK_AMBIGUOUS|E_MIXED_CHROMATIC_UNSAFE_RECOLOUR,true
provider-logo::PAC12.png,AUX-PROV-53E6DD7A621A,provider-logo,PAC12.png,REVIEW,AUX-RF-0155,C_BLACK_AND_WHITE_CONTRAST,C_BLACK_AND_WHITE_CONTRAST|D_COMPONENT_MASK_AMBIGUOUS|E_MIXED_CHROMATIC_UNSAFE_RECOLOUR,true
provider-logo::PALSAT.png,AUX-PROV-9AE22E805EFB,provider-logo,PALSAT.png,REVIEW,AUX-RF-0469,C_BLACK_AND_WHITE_CONTRAST,C_BLACK_AND_WHITE_CONTRAST|D_COMPONENT_MASK_AMBIGUOUS|E_MIXED_CHROMATIC_UNSAFE_RECOLOUR,true
provider-logo::PANASONIC.png,AUX-PROV-D1E5F75CA2C1,provider-logo,PANASONIC.png,REVIEW,AUX-RF-0744,E_MIXED_CHROMATIC_UNSAFE_RECOLOUR,E_MIXED_CHROMATIC_UNSAFE_RECOLOUR,true
provider-logo::PANTELIO.png,AUX-PROV-1D8DA56016C8,provider-logo,PANTELIO.png,REVIEW,AUX-RF-0279,C_BLACK_AND_WHITE_CONTRAST,C_BLACK_AND_WHITE_CONTRAST|D_COMPONENT_MASK_AMBIGUOUS|E_MIXED_CHROMATIC_UNSAFE_RECOLOUR,true
provider-logo::PART.png,AUX-PROV-5CE89B52BF34,provider-logo,PART.png,REVIEW,AUX-RF-0773,E_MIXED_CHROMATIC_UNSAFE_RECOLOUR,E_MIXED_CHROMATIC_UNSAFE_RECOLOUR,false
provider-logo::PBS.png,AUX-PROV-1387DE39C760,provider-logo,PBS.png,REVIEW,AUX-RF-0184,C_BLACK_AND_WHITE_CONTRAST,C_BLACK_AND_WHITE_CONTRAST|E_MIXED_CHROMATIC_UNSAFE_RECOLOUR,true
"provider-logo::PD, MUX 7.png",AUX-PROV-5C57E97771A6,provider-logo,"PD, MUX 7.png",REVIEW,AUX-RF-0726,D_COMPONENT_MASK_AMBIGUOUS,D_COMPONENT_MASK_AMBIGUOUS|E_MIXED_CHROMATIC_UNSAFE_RECOLOUR,true
"provider-logo::PD, R-MUX 7.png",AUX-PROV-6F61668E3376,provider-logo,"PD, R-MUX 7.png",REVIEW,AUX-RF-0726,D_COMPONENT_MASK_AMBIGUOUS,D_COMPONENT_MASK_AMBIGUOUS|E_MIXED_CHROMATIC_UNSAFE_RECOLOUR,false
provider-logo::PD.png,AUX-PROV-89ED3EDD3AB8,provider-logo,PD.png,REVIEW,AUX-RF-0726,D_COMPONENT_MASK_AMBIGUOUS,D_COMPONENT_MASK_AMBIGUOUS|E_MIXED_CHROMATIC_UNSAFE_RECOLOUR,false
provider-logo::PEERS TV.png,AUX-PROV-483F317341E5,provider-logo,PEERS TV.png,REVIEW,AUX-RF-0777,E_MIXED_CHROMATIC_UNSAFE_RECOLOUR,E_MIXED_CHROMATIC_UNSAFE_RECOLOUR,true
provider-logo::PEOPLETV-RETE7.png,AUX-PROV-7CBB18360DB9,provider-logo,PEOPLETV-RETE7.png,REVIEW,AUX-RF-0711,D_COMPONENT_MASK_AMBIGUOUS,D_COMPONENT_MASK_AMBIGUOUS|E_MIXED_CHROMATIC_UNSAFE_RECOLOUR,true
provider-logo::PERSDIERA.png,AUX-PROV-F813190CCB2A,provider-logo,PERSDIERA.png,REVIEW,AUX-RF-0396,C_BLACK_AND_WHITE_CONTRAST,C_BLACK_AND_WHITE_CONTRAST|E_MIXED_CHROMATIC_UNSAFE_RECOLOUR,true
provider-logo::PERSIANA CAST.png,AUX-PROV-D3AD6E34A682,provider-logo,PERSIANA CAST.png,REVIEW,AUX-RF-0410,C_BLACK_AND_WHITE_CONTRAST,C_BLACK_AND_WHITE_CONTRAST|D_COMPONENT_MASK_AMBIGUOUS|E_MIXED_CHROMATIC_UNSAFE_RECOLOUR,true
provider-logo::PERSIDERA.png,AUX-PROV-41B132C0462F,provider-logo,PERSIDERA.png,REVIEW,AUX-RF-0118,C_BLACK_AND_WHITE_CONTRAST,C_BLACK_AND_WHITE_CONTRAST|E_MIXED_CHROMATIC_UNSAFE_RECOLOUR,true
provider-logo::PERVY DELOVOY.png,AUX-PROV-A01140E50D18,provider-logo,PERVY DELOVOY.png,REVIEW,AUX-RF-0110,C_BLACK_AND_WHITE_CONTRAST,C_BLACK_AND_WHITE_CONTRAST|D_COMPONENT_MASK_AMBIGUOUS|E_MIXED_CHROMATIC_UNSAFE_RECOLOUR,true
provider-logo::PFC.png,AUX-PROV-0B736905B324,provider-logo,PFC.png,REVIEW,AUX-RF-0465,C_BLACK_AND_WHITE_CONTRAST,C_BLACK_AND_WHITE_CONTRAST|D_COMPONENT_MASK_AMBIGUOUS|E_MIXED_CHROMATIC_UNSAFE_RECOLOUR,true
provider-logo::PINK MEDIA GROUP.png,AUX-PROV-D0B2838A3A2D,provider-logo,PINK MEDIA GROUP.png,SOURCE-UNRESOLVED,AUX-RF-0977,I_SOURCE_UNRESOLVED_BW,I_SOURCE_UNRESOLVED_BW,true
provider-logo::PINK.png,AUX-PROV-A84B9EA20738,provider-logo,PINK.png,REVIEW,AUX-RF-0070,C_BLACK_AND_WHITE_CONTRAST,C_BLACK_AND_WHITE_CONTRAST|D_COMPONENT_MASK_AMBIGUOUS|E_MIXED_CHROMATIC_UNSAFE_RECOLOUR,true
provider-logo::PIU VALLI TV.png,AUX-PROV-2A9113187C44,provider-logo,PIU VALLI TV.png,REVIEW,AUX-RF-0456,C_BLACK_AND_WHITE_CONTRAST,C_BLACK_AND_WHITE_CONTRAST|D_COMPONENT_MASK_AMBIGUOUS|E_MIXED_CHROMATIC_UNSAFE_RECOLOUR,true
provider-logo::PLANETA.png,AUX-PROV-F0B5E458F6D9,provider-logo,PLANETA.png,REVIEW,AUX-RF-0090,C_BLACK_AND_WHITE_CONTRAST,C_BLACK_AND_WHITE_CONTRAST|D_COMPONENT_MASK_AMBIGUOUS|E_MIXED_CHROMATIC_UNSAFE_RECOLOUR,true
provider-logo::PLATFORMA CANAL+.png,AUX-PROV-303E5AD08457,provider-logo,PLATFORMA CANAL+.png,SOURCE-UNRESOLVED,AUX-RF-1193,J_SOURCE_UNRESOLVED_BLACK_ONLY,J_SOURCE_UNRESOLVED_BLACK_ONLY,true
provider-logo::PLAY CZ.png,AUX-PROV-A42FE72A3FBD,provider-logo,PLAY CZ.png,REVIEW,AUX-RF-0440,C_BLACK_AND_WHITE_CONTRAST,C_BLACK_AND_WHITE_CONTRAST|E_MIXED_CHROMATIC_UNSAFE_RECOLOUR,true
provider-logo::PLAYBOY TV.png,AUX-PROV-4AA1D184571F,provider-logo,PLAYBOY TV.png,REVIEW,AUX-RF-0532,C_BLACK_AND_WHITE_CONTRAST,C_BLACK_AND_WHITE_CONTRAST|D_COMPONENT_MASK_AMBIGUOUS|E_MIXED_CHROMATIC_UNSAFE_RECOLOUR,true
provider-logo::POLARIS MEDIA.png,AUX-PROV-AFCF3730FA8F,provider-logo,POLARIS MEDIA.png,REVIEW,AUX-RF-0786,E_MIXED_CHROMATIC_UNSAFE_RECOLOUR,E_MIXED_CHROMATIC_UNSAFE_RECOLOUR,true
provider-logo::POLARIS.png,AUX-PROV-01E040B3425F,provider-logo,POLARIS.png,REVIEW,AUX-RF-0786,E_MIXED_CHROMATIC_UNSAFE_RECOLOUR,E_MIXED_CHROMATIC_UNSAFE_RECOLOUR,false
provider-logo::POLASTBOX.png,AUX-PROV-F5F4EABB2D41,provider-logo,POLASTBOX.png,REVIEW,AUX-RF-0639,C_BLACK_AND_WHITE_CONTRAST,C_BLACK_AND_WHITE_CONTRAST|E_MIXED_CHROMATIC_UNSAFE_RECOLOUR,false
provider-logo::PORTO CANAL.png,AUX-PROV-454A85980D39,provider-logo,PORTO CANAL.png,REVIEW,AUX-RF-0314,C_BLACK_AND_WHITE_CONTRAST,C_BLACK_AND_WHITE_CONTRAST|E_MIXED_CHROMATIC_UNSAFE_RECOLOUR,true
provider-logo::POVERKHNOST TV.png,AUX-PROV-606272582D00,provider-logo,POVERKHNOST TV.png,SOURCE-UNRESOLVED,AUX-RF-1129,I_SOURCE_UNRESOLVED_BW,I_SOURCE_UNRESOLVED_BW,true
provider-logo::POVERKHNOST.png,AUX-PROV-A9885E633322,provider-logo,POVERKHNOST.png,SOURCE-UNRESOLVED,AUX-RF-1129,I_SOURCE_UNRESOLVED_BW,I_SOURCE_UNRESOLVED_BW,false
provider-logo::POWERVU.png,AUX-PROV-047218AE8A49,provider-logo,POWERVU.png,SOURCE-UNRESOLVED,AUX-RF-1138,I_SOURCE_UNRESOLVED_BW,I_SOURCE_UNRESOLVED_BW,true
provider-logo::POZEMN - NOV.png,AUX-PROV-A6F965E48660,provider-logo,POZEMN - NOV.png,SOURCE-UNRESOLVED,AUX-RF-1023,I_SOURCE_UNRESOLVED_BW,I_SOURCE_UNRESOLVED_BW,false
provider-logo::POZEMN - POSKYTOVATEL.png,AUX-PROV-2DC786EFE842,provider-logo,POZEMN - POSKYTOVATEL.png,SOURCE-UNRESOLVED,AUX-RF-1023,I_SOURCE_UNRESOLVED_BW,I_SOURCE_UNRESOLVED_BW,false
provider-logo::POZEMN - STANICE.png,AUX-PROV-2907B16DEAF9,provider-logo,POZEMN - STANICE.png,SOURCE-UNRESOLVED,AUX-RF-1023,I_SOURCE_UNRESOLVED_BW,I_SOURCE_UNRESOLVED_BW,false
provider-logo::PRESS TV.png,AUX-PROV-534795E69959,provider-logo,PRESS TV.png,REVIEW,AUX-RF-0508,C_BLACK_AND_WHITE_CONTRAST,C_BLACK_AND_WHITE_CONTRAST|D_COMPONENT_MASK_AMBIGUOUS|E_MIXED_CHROMATIC_UNSAFE_RECOLOUR,true
provider-logo::PRIMATIVV.png,AUX-PROV-7A5C6E5B4B43,provider-logo,PRIMATIVV.png,REVIEW,AUX-RF-0620,C_BLACK_AND_WHITE_CONTRAST,C_BLACK_AND_WHITE_CONTRAST|D_COMPONENT_MASK_AMBIGUOUS|E_MIXED_CHROMATIC_UNSAFE_RECOLOUR,true
provider-logo::PRISA TV.png,AUX-PROV-9762CD288DD0,provider-logo,PRISA TV.png,REVIEW,AUX-RF-0492,C_BLACK_AND_WHITE_CONTRAST,C_BLACK_AND_WHITE_CONTRAST|E_MIXED_CHROMATIC_UNSAFE_RECOLOUR,true
provider-logo::PRISAT TV.png,AUX-PROV-E048AD662379,provider-logo,PRISAT TV.png,REVIEW,AUX-RF-0492,C_BLACK_AND_WHITE_CONTRAST,C_BLACK_AND_WHITE_CONTRAST|E_MIXED_CHROMATIC_UNSAFE_RECOLOUR,false
provider-logo::PRISATV.png,AUX-PROV-85575EE4A80E,provider-logo,PRISATV.png,SOURCE-UNRESOLVED,AUX-RF-0987,I_SOURCE_UNRESOLVED_BW,I_SOURCE_UNRESOLVED_BW,true
provider-logo::PRO TV.png,AUX-PROV-8199A23A5AFE,provider-logo,PRO TV.png,REVIEW,AUX-RF-0229,C_BLACK_AND_WHITE_CONTRAST,C_BLACK_AND_WHITE_CONTRAST|E_MIXED_CHROMATIC_UNSAFE_RECOLOUR,true
provider-logo::PROFEN.png,AUX-PROV-02AB72B845FB,provider-logo,PROFEN.png,REVIEW,AUX-RF-0121,C_BLACK_AND_WHITE_CONTRAST,C_BLACK_AND_WHITE_CONTRAST|D_COMPONENT_MASK_AMBIGUOUS|E_MIXED_CHROMATIC_UNSAFE_RECOLOUR,true
provider-logo::PROFLINE B.V..png,AUX-PROV-275FD3E2A2E0,provider-logo,PROFLINE B.V..png,REVIEW,AUX-RF-0156,C_BLACK_AND_WHITE_CONTRAST,C_BLACK_AND_WHITE_CONTRAST|E_MIXED_CHROMATIC_UNSAFE_RECOLOUR,true
provider-logo::PROGRESS DIGITAL S.R.O..png,AUX-PROV-3E2D6F6D8C2E,provider-logo,PROGRESS DIGITAL S.R.O..png,REVIEW,AUX-RF-0726,D_COMPONENT_MASK_AMBIGUOUS,D_COMPONENT_MASK_AMBIGUOUS|E_MIXED_CHROMATIC_UNSAFE_RECOLOUR,false
provider-logo::PROSIEBENSAT.1.png,AUX-PROV-BB36F69923AC,provider-logo,PROSIEBENSAT.1.png,REVIEW,AUX-RF-0864,E_MIXED_CHROMATIC_UNSAFE_RECOLOUR,E_MIXED_CHROMATIC_UNSAFE_RECOLOUR,true
provider-logo::PROTV.png,AUX-PROV-E623143012CA,provider-logo,PROTV.png,REVIEW,AUX-RF-0229,C_BLACK_AND_WHITE_CONTRAST,C_BLACK_AND_WHITE_CONTRAST|E_MIXED_CHROMATIC_UNSAFE_RECOLOUR,false
provider-logo::PROV.png,AUX-PROV-9FD10B42F2BF,provider-logo,PROV.png,REVIEW,AUX-RF-0394,C_BLACK_AND_WHITE_CONTRAST,C_BLACK_AND_WHITE_CONTRAST|D_COMPONENT_MASK_AMBIGUOUS|E_MIXED_CHROMATIC_UNSAFE_RECOLOUR,false
provider-logo::PRYAMYY SD.png,AUX-PROV-157099FBD3A5,provider-logo,PRYAMYY SD.png,REVIEW,AUX-RF-0500,C_BLACK_AND_WHITE_CONTRAST,C_BLACK_AND_WHITE_CONTRAST|E_MIXED_CHROMATIC_UNSAFE_RECOLOUR,true
provider-logo::PTM.png,AUX-PROV-96FBDAECEF20,provider-logo,PTM.png,REVIEW,AUX-RF-0483,C_BLACK_AND_WHITE_CONTRAST,C_BLACK_AND_WHITE_CONTRAST|E_MIXED_CHROMATIC_UNSAFE_RECOLOUR,true
provider-logo::PTP.png,AUX-PROV-C72E7C875C1F,provider-logo,PTP.png,REVIEW,AUX-RF-0112,C_BLACK_AND_WHITE_CONTRAST,C_BLACK_AND_WHITE_CONTRAST|E_MIXED_CHROMATIC_UNSAFE_RECOLOUR,true
provider-logo::PUBBLIROSE.png,AUX-PROV-8D35D48CE508,provider-logo,PUBBLIROSE.png,REVIEW,AUX-RF-0882,E_MIXED_CHROMATIC_UNSAFE_RECOLOUR,E_MIXED_CHROMATIC_UNSAFE_RECOLOUR,true
provider-logo::PUBBLISOLE.png,AUX-PROV-862362BE2805,provider-logo,PUBBLISOLE.png,REVIEW,AUX-RF-0001,C_BLACK_AND_WHITE_CONTRAST,C_BLACK_AND_WHITE_CONTRAST|E_MIXED_CHROMATIC_UNSAFE_RECOLOUR,true
provider-logo::PUBLIROSE.png,AUX-PROV-E30EDF88E5FB,provider-logo,PUBLIROSE.png,SOURCE-UNRESOLVED,AUX-RF-1220,J_SOURCE_UNRESOLVED_BLACK_ONLY,J_SOURCE_UNRESOLVED_BLACK_ONLY,true
provider-logo::PURPLE TURTLE.png,AUX-PROV-6A2122D669E2,provider-logo,PURPLE TURTLE.png,REVIEW,AUX-RF-0272,C_BLACK_AND_WHITE_CONTRAST,C_BLACK_AND_WHITE_CONTRAST|D_COMPONENT_MASK_AMBIGUOUS|E_MIXED_CHROMATIC_UNSAFE_RECOLOUR,true
provider-logo::QATAR TELEVISION.png,AUX-PROV-308EE0CF845D,provider-logo,QATAR TELEVISION.png,REVIEW,AUX-RF-0039,C_BLACK_AND_WHITE_CONTRAST,C_BLACK_AND_WHITE_CONTRAST|E_MIXED_CHROMATIC_UNSAFE_RECOLOUR,true
provider-logo::QATAR TV.png,AUX-PROV-AA5B88D9FEC3,provider-logo,QATAR TV.png,REVIEW,AUX-RF-0039,C_BLACK_AND_WHITE_CONTRAST,C_BLACK_AND_WHITE_CONTRAST|E_MIXED_CHROMATIC_UNSAFE_RECOLOUR,false
provider-logo::QBIT GMBH.png,AUX-PROV-3C52DC04518E,provider-logo,QBIT GMBH.png,REVIEW,AUX-RF-0572,C_BLACK_AND_WHITE_CONTRAST,C_BLACK_AND_WHITE_CONTRAST|D_COMPONENT_MASK_AMBIGUOUS|E_MIXED_CHROMATIC_UNSAFE_RECOLOUR,true
provider-logo::RADA ENG.png,AUX-PROV-46386095679B,provider-logo,RADA ENG.png,REVIEW,AUX-RF-0754,E_MIXED_CHROMATIC_UNSAFE_RECOLOUR,E_MIXED_CHROMATIC_UNSAFE_RECOLOUR,true
provider-logo::RADA RUS.png,AUX-PROV-56100E36B7CE,provider-logo,RADA RUS.png,REVIEW,AUX-RF-0754,E_MIXED_CHROMATIC_UNSAFE_RECOLOUR,E_MIXED_CHROMATIC_UNSAFE_RECOLOUR,false
provider-logo::RADAR.png,AUX-PROV-0AB81032E8E6,provider-logo,RADAR.png,REVIEW,AUX-RF-0476,C_BLACK_AND_WHITE_CONTRAST,C_BLACK_AND_WHITE_CONTRAST|D_COMPONENT_MASK_AMBIGUOUS|E_MIXED_CHROMATIC_UNSAFE_RECOLOUR,true
provider-logo::RADIO AMALIA.png,AUX-PROV-AD15EE1968BC,provider-logo,RADIO AMALIA.png,REVIEW,AUX-RF-0141,C_BLACK_AND_WHITE_CONTRAST,C_BLACK_AND_WHITE_CONTRAST|E_MIXED_CHROMATIC_UNSAFE_RECOLOUR,true
provider-logo::RADIO BRUNO.png,AUX-PROV-B3CE4F14FDDD,provider-logo,RADIO BRUNO.png,REVIEW,AUX-RF-0701,D_COMPONENT_MASK_AMBIGUOUS,D_COMPONENT_MASK_AMBIGUOUS|E_MIXED_CHROMATIC_UNSAFE_RECOLOUR,true
provider-logo::RADIO CAPRI.png,AUX-PROV-EF1D41E1EC26,provider-logo,RADIO CAPRI.png,REVIEW,AUX-RF-0283,C_BLACK_AND_WHITE_CONTRAST,C_BLACK_AND_WHITE_CONTRAST|E_MIXED_CHROMATIC_UNSAFE_RECOLOUR,true
provider-logo::RADIO COMERCIAL.png,AUX-PROV-7B09A6DD5137,provider-logo,RADIO COMERCIAL.png,REVIEW,AUX-RF-0706,D_COMPONENT_MASK_AMBIGUOUS,D_COMPONENT_MASK_AMBIGUOUS|E_MIXED_CHROMATIC_UNSAFE_RECOLOUR,true
provider-logo::RADIO DMO.png,AUX-PROV-AF593FFBBF53,provider-logo,RADIO DMO.png,REVIEW,AUX-RF-0091,C_BLACK_AND_WHITE_CONTRAST,C_BLACK_AND_WHITE_CONTRAST|D_COMPONENT_MASK_AMBIGUOUS|E_MIXED_CHROMATIC_UNSAFE_RECOLOUR,true
provider-logo::RADIO FRANCE.png,AUX-PROV-E874FF4CEF7C,provider-logo,RADIO FRANCE.png,REVIEW,AUX-RF-0586,C_BLACK_AND_WHITE_CONTRAST,C_BLACK_AND_WHITE_CONTRAST|D_COMPONENT_MASK_AMBIGUOUS|E_MIXED_CHROMATIC_UNSAFE_RECOLOUR,true
provider-logo::RADIO LUSITANIA.png,AUX-PROV-B821A9C2DDE1,provider-logo,RADIO LUSITANIA.png,REVIEW,AUX-RF-0302,C_BLACK_AND_WHITE_CONTRAST,C_BLACK_AND_WHITE_CONTRAST|D_COMPONENT_MASK_AMBIGUOUS|E_MIXED_CHROMATIC_UNSAFE_RECOLOUR,true
provider-logo::RADIO MARIA OSTERREICH.png,AUX-PROV-96BC01E683AE,provider-logo,RADIO MARIA OSTERREICH.png,REVIEW,AUX-RF-0382,C_BLACK_AND_WHITE_CONTRAST,C_BLACK_AND_WHITE_CONTRAST|D_COMPONENT_MASK_AMBIGUOUS|E_MIXED_CHROMATIC_UNSAFE_RECOLOUR,true
provider-logo::RADIO MARIA STERREICH.png,AUX-PROV-90B2B7228F06,provider-logo,RADIO MARIA STERREICH.png,REVIEW,AUX-RF-0897,E_MIXED_CHROMATIC_UNSAFE_RECOLOUR,E_MIXED_CHROMATIC_UNSAFE_RECOLOUR,true
provider-logo::RADIO MARIA.png,AUX-PROV-361290FB4A45,provider-logo,RADIO MARIA.png,REVIEW,AUX-RF-0628,C_BLACK_AND_WHITE_CONTRAST,C_BLACK_AND_WHITE_CONTRAST|D_COMPONENT_MASK_AMBIGUOUS|E_MIXED_CHROMATIC_UNSAFE_RECOLOUR,true
provider-logo::RADIO MARTE TV.png,AUX-PROV-9DFB7626DACE,provider-logo,RADIO MARTE TV.png,REVIEW,AUX-RF-0011,C_BLACK_AND_WHITE_CONTRAST,C_BLACK_AND_WHITE_CONTRAST|D_COMPONENT_MASK_AMBIGUOUS|E_MIXED_CHROMATIC_UNSAFE_RECOLOUR,true
provider-logo::RADIO MOJDEH.png,AUX-PROV-0BA17B6C8010,provider-logo,RADIO MOJDEH.png,REVIEW,AUX-RF-0126,C_BLACK_AND_WHITE_CONTRAST,C_BLACK_AND_WHITE_CONTRAST|E_MIXED_CHROMATIC_UNSAFE_RECOLOUR,true
provider-logo::RADIO NAMA GOFTOGOO.png,AUX-PROV-776C6B1D88F6,provider-logo,RADIO NAMA GOFTOGOO.png,REVIEW,AUX-RF-0383,C_BLACK_AND_WHITE_CONTRAST,C_BLACK_AND_WHITE_CONTRAST|D_COMPONENT_MASK_AMBIGUOUS|E_MIXED_CHROMATIC_UNSAFE_RECOLOUR,true
provider-logo::RADIO NAMA JAVAN.png,AUX-PROV-908771F1F974,provider-logo,RADIO NAMA JAVAN.png,REVIEW,AUX-RF-0383,C_BLACK_AND_WHITE_CONTRAST,C_BLACK_AND_WHITE_CONTRAST|D_COMPONENT_MASK_AMBIGUOUS|E_MIXED_CHROMATIC_UNSAFE_RECOLOUR,false
provider-logo::RADIO NAWA.png,AUX-PROV-802CFF604430,provider-logo,RADIO NAWA.png,REVIEW,AUX-RF-0798,E_MIXED_CHROMATIC_UNSAFE_RECOLOUR,E_MIXED_CHROMATIC_UNSAFE_RECOLOUR,true
provider-logo::RADIO PARSIFAL.png,AUX-PROV-9BA3C76C9436,provider-logo,RADIO PARSIFAL.png,REVIEW,AUX-RF-0278,C_BLACK_AND_WHITE_CONTRAST,C_BLACK_AND_WHITE_CONTRAST|D_COMPONENT_MASK_AMBIGUOUS|E_MIXED_CHROMATIC_UNSAFE_RECOLOUR,true
provider-logo::RADIO PROMIN.png,AUX-PROV-5EC3F7465213,provider-logo,RADIO PROMIN.png,REVIEW,AUX-RF-0662,D_COMPONENT_MASK_AMBIGUOUS,D_COMPONENT_MASK_AMBIGUOUS|E_MIXED_CHROMATIC_UNSAFE_RECOLOUR,true
provider-logo::RADIO REGIONAL.png,AUX-PROV-D3BDA82D800C,provider-logo,RADIO REGIONAL.png,REVIEW,AUX-RF-0284,C_BLACK_AND_WHITE_CONTRAST,C_BLACK_AND_WHITE_CONTRAST|D_COMPONENT_MASK_AMBIGUOUS|E_MIXED_CHROMATIC_UNSAFE_RECOLOUR,true
provider-logo::RADIO RENASCENCA.png,AUX-PROV-69B5FAC2B902,provider-logo,RADIO RENASCENCA.png,REVIEW,AUX-RF-0729,E_MIXED_CHROMATIC_UNSAFE_RECOLOUR,E_MIXED_CHROMATIC_UNSAFE_RECOLOUR,true
provider-logo::RADIO RTR.png,AUX-PROV-20D352B538F3,provider-logo,RADIO RTR.png,REVIEW,AUX-RF-0524,C_BLACK_AND_WHITE_CONTRAST,C_BLACK_AND_WHITE_CONTRAST|D_COMPONENT_MASK_AMBIGUOUS|E_MIXED_CHROMATIC_UNSAFE_RECOLOUR,true
provider-logo::RADIO RUMANTSCH.png,AUX-PROV-657541F073E7,provider-logo,RADIO RUMANTSCH.png,REVIEW,AUX-RF-0269,C_BLACK_AND_WHITE_CONTRAST,C_BLACK_AND_WHITE_CONTRAST|D_COMPONENT_MASK_AMBIGUOUS|E_MIXED_CHROMATIC_UNSAFE_RECOLOUR,true
provider-logo::RADIO TCHAD RNT.png,AUX-PROV-01A89783A3B9,provider-logo,RADIO TCHAD RNT.png,REVIEW,AUX-RF-0702,D_COMPONENT_MASK_AMBIGUOUS,D_COMPONENT_MASK_AMBIGUOUS|E_MIXED_CHROMATIC_UNSAFE_RECOLOUR,true
provider-logo::RADIO TELEVISION SUISSE.png,AUX-PROV-827F7A055C80,provider-logo,RADIO TELEVISION SUISSE.png,REVIEW,AUX-RF-0346,C_BLACK_AND_WHITE_CONTRAST,C_BLACK_AND_WHITE_CONTRAST|D_COMPONENT_MASK_AMBIGUOUS|E_MIXED_CHROMATIC_UNSAFE_RECOLOUR,true
provider-logo::RADIO UKRAINE INTERNATIONAL.png,AUX-PROV-C429646ACD54,provider-logo,RADIO UKRAINE INTERNATIONAL.png,REVIEW,AUX-RF-0409,C_BLACK_AND_WHITE_CONTRAST,C_BLACK_AND_WHITE_CONTRAST|E_MIXED_CHROMATIC_UNSAFE_RECOLOUR,true
provider-logo::RADIO X.png,AUX-PROV-FB1CF637BCD5,provider-logo,RADIO X.png,REVIEW,AUX-RF-0612,C_BLACK_AND_WHITE_CONTRAST,C_BLACK_AND_WHITE_CONTRAST|E_MIXED_CHROMATIC_UNSAFE_RECOLOUR,true
provider-logo::RADIO ZET GOLD.png,AUX-PROV-A5D8B5E9BDBD,provider-logo,RADIO ZET GOLD.png,REVIEW,AUX-RF-0890,E_MIXED_CHROMATIC_UNSAFE_RECOLOUR,E_MIXED_CHROMATIC_UNSAFE_RECOLOUR,true
provider-logo::RADIOTELEVISIONE SVIZZERA.png,AUX-PROV-E02DE28E11B6,provider-logo,RADIOTELEVISIONE SVIZZERA.png,REVIEW,AUX-RF-0066,C_BLACK_AND_WHITE_CONTRAST,C_BLACK_AND_WHITE_CONTRAST|D_COMPONENT_MASK_AMBIGUOUS|E_MIXED_CHROMATIC_UNSAFE_RECOLOUR,true
provider-logo::RAH-E-FARDA TV.png,AUX-PROV-D57C201C6B63,provider-logo,RAH-E-FARDA TV.png,REVIEW,AUX-RF-0803,E_MIXED_CHROMATIC_UNSAFE_RECOLOUR,E_MIXED_CHROMATIC_UNSAFE_RECOLOUR,true
provider-logo::RAI WAY.png,AUX-PROV-A87E7EEEF4C5,provider-logo,RAI WAY.png,REVIEW,AUX-RF-0643,C_BLACK_AND_WHITE_CONTRAST,C_BLACK_AND_WHITE_CONTRAST|D_COMPONENT_MASK_AMBIGUOUS|E_MIXED_CHROMATIC_UNSAFE_RECOLOUR,true
provider-logo::RAI.png,AUX-PROV-39D3512D3574,provider-logo,RAI.png,REVIEW,AUX-RF-0490,C_BLACK_AND_WHITE_CONTRAST,C_BLACK_AND_WHITE_CONTRAST|D_COMPONENT_MASK_AMBIGUOUS|E_MIXED_CHROMATIC_UNSAFE_RECOLOUR,true
provider-logo::RAIWAY.png,AUX-PROV-84B75403CB25,provider-logo,RAIWAY.png,REVIEW,AUX-RF-0643,C_BLACK_AND_WHITE_CONTRAST,C_BLACK_AND_WHITE_CONTRAST|D_COMPONENT_MASK_AMBIGUOUS|E_MIXED_CHROMATIC_UNSAFE_RECOLOUR,false
provider-logo::RASD-RADIO.png,AUX-PROV-473DC04C764E,provider-logo,RASD-RADIO.png,REVIEW,AUX-RF-0736,E_MIXED_CHROMATIC_UNSAFE_RECOLOUR,E_MIXED_CHROMATIC_UNSAFE_RECOLOUR,true
provider-logo::RASD-TV.png,AUX-PROV-FD52E4643ADB,provider-logo,RASD-TV.png,REVIEW,AUX-RF-0618,C_BLACK_AND_WHITE_CONTRAST,C_BLACK_AND_WHITE_CONTRAST|D_COMPONENT_MASK_AMBIGUOUS|E_MIXED_CHROMATIC_UNSAFE_RECOLOUR,true
provider-logo::RASDRADIO.png,AUX-PROV-B5D7620E8DF7,provider-logo,RASDRADIO.png,REVIEW,AUX-RF-0782,E_MIXED_CHROMATIC_UNSAFE_RECOLOUR,E_MIXED_CHROMATIC_UNSAFE_RECOLOUR,true
provider-logo::RASDTV.png,AUX-PROV-0F02CACCE45B,provider-logo,RASDTV.png,REVIEW,AUX-RF-0724,D_COMPONENT_MASK_AMBIGUOUS,D_COMPONENT_MASK_AMBIGUOUS|E_MIXED_CHROMATIC_UNSAFE_RECOLOUR,true
provider-logo::RBN MEDIA.png,AUX-PROV-1A9516DBD6B3,provider-logo,RBN MEDIA.png,REVIEW,AUX-RF-0273,C_BLACK_AND_WHITE_CONTRAST,C_BLACK_AND_WHITE_CONTRAST|D_COMPONENT_MASK_AMBIGUOUS|E_MIXED_CHROMATIC_UNSAFE_RECOLOUR,true
provider-logo::RCS GHANA.png,AUX-PROV-FCD4ECB629D7,provider-logo,RCS GHANA.png,REVIEW,AUX-RF-0466,C_BLACK_AND_WHITE_CONTRAST,C_BLACK_AND_WHITE_CONTRAST|E_MIXED_CHROMATIC_UNSAFE_RECOLOUR,true
provider-logo::RCS-DIGI TV.png,AUX-PROV-6E11F20FE5D4,provider-logo,RCS-DIGI TV.png,SOURCE-UNRESOLVED,AUX-RF-0912,I_SOURCE_UNRESOLVED_BW,I_SOURCE_UNRESOLVED_BW,false
provider-logo::RCS.png,AUX-PROV-0F88566CDFD4,provider-logo,RCS.png,SOURCE-UNRESOLVED,AUX-RF-1070,I_SOURCE_UNRESOLVED_BW,I_SOURCE_UNRESOLVED_BW,true
provider-logo::RCSRDS.png,AUX-PROV-801715A0BD0A,provider-logo,RCSRDS.png,SOURCE-UNRESOLVED,AUX-RF-1070,I_SOURCE_UNRESOLVED_BW,I_SOURCE_UNRESOLVED_BW,false
provider-logo::RDIO AMALIA.png,AUX-PROV-E356F536F84C,provider-logo,RDIO AMALIA.png,REVIEW,AUX-RF-0630,C_BLACK_AND_WHITE_CONTRAST,C_BLACK_AND_WHITE_CONTRAST|E_MIXED_CHROMATIC_UNSAFE_RECOLOUR,true
provider-logo::RDIO COMERCIAL.png,AUX-PROV-53E2D0E1E93D,provider-logo,RDIO COMERCIAL.png,REVIEW,AUX-RF-0717,D_COMPONENT_MASK_AMBIGUOUS,D_COMPONENT_MASK_AMBIGUOUS|E_MIXED_CHROMATIC_UNSAFE_RECOLOUR,true
provider-logo::RDIO LUSITNIA.png,AUX-PROV-A0CA7BF3CE4E,provider-logo,RDIO LUSITNIA.png,REVIEW,AUX-RF-0007,C_BLACK_AND_WHITE_CONTRAST,C_BLACK_AND_WHITE_CONTRAST|D_COMPONENT_MASK_AMBIGUOUS|E_MIXED_CHROMATIC_UNSAFE_RECOLOUR,true
provider-logo::RDIO REGIONAL.png,AUX-PROV-DD0CBCF761BC,provider-logo,RDIO REGIONAL.png,REVIEW,AUX-RF-0008,C_BLACK_AND_WHITE_CONTRAST,C_BLACK_AND_WHITE_CONTRAST|D_COMPONENT_MASK_AMBIGUOUS|E_MIXED_CHROMATIC_UNSAFE_RECOLOUR,true
provider-logo::RDIO RENASCENA.png,AUX-PROV-FC5BD79EB9F4,provider-logo,RDIO RENASCENA.png,REVIEW,AUX-RF-0691,D_COMPONENT_MASK_AMBIGUOUS,D_COMPONENT_MASK_AMBIGUOUS|E_MIXED_CHROMATIC_UNSAFE_RECOLOUR,true
provider-logo::RDP AFRICA.png,AUX-PROV-6ADD5C49D22E,provider-logo,RDP AFRICA.png,REVIEW,AUX-RF-0223,C_BLACK_AND_WHITE_CONTRAST,C_BLACK_AND_WHITE_CONTRAST|E_MIXED_CHROMATIC_UNSAFE_RECOLOUR,true
provider-logo::RDP FRICA.png,AUX-PROV-0FA7996D6679,provider-logo,RDP FRICA.png,REVIEW,AUX-RF-0020,C_BLACK_AND_WHITE_CONTRAST,C_BLACK_AND_WHITE_CONTRAST|E_MIXED_CHROMATIC_UNSAFE_RECOLOUR,true
provider-logo::RENASCENA.png,AUX-PROV-8678A0B57B7E,provider-logo,RENASCENA.png,REVIEW,AUX-RF-0669,D_COMPONENT_MASK_AMBIGUOUS,D_COMPONENT_MASK_AMBIGUOUS|E_MIXED_CHROMATIC_UNSAFE_RECOLOUR,true
provider-logo::RETE 55.png,AUX-PROV-C30DA4B413C9,provider-logo,RETE 55.png,REVIEW,AUX-RF-0029,C_BLACK_AND_WHITE_CONTRAST,C_BLACK_AND_WHITE_CONTRAST|D_COMPONENT_MASK_AMBIGUOUS|E_MIXED_CHROMATIC_UNSAFE_RECOLOUR,true
provider-logo::RETE 7.png,AUX-PROV-89A394256E55,provider-logo,RETE 7.png,REVIEW,AUX-RF-0711,D_COMPONENT_MASK_AMBIGUOUS,D_COMPONENT_MASK_AMBIGUOUS|E_MIXED_CHROMATIC_UNSAFE_RECOLOUR,false
provider-logo::RETE 8.png,AUX-PROV-1320F35B4F16,provider-logo,RETE 8.png,REVIEW,AUX-RF-0149,C_BLACK_AND_WHITE_CONTRAST,C_BLACK_AND_WHITE_CONTRAST|D_COMPONENT_MASK_AMBIGUOUS|E_MIXED_CHROMATIC_UNSAFE_RECOLOUR,true
provider-logo::RETE_7_HD.png,AUX-PROV-CCCFB4443CE9,provider-logo,RETE_7_HD.png,SOURCE-UNRESOLVED,AUX-RF-1189,J_SOURCE_UNRESOLVED_BLACK_ONLY,J_SOURCE_UNRESOLVED_BLACK_ONLY,true
provider-logo::REUTERS.png,AUX-PROV-9F5F53610E14,provider-logo,REUTERS.png,REVIEW,AUX-RF-0102,C_BLACK_AND_WHITE_CONTRAST,C_BLACK_AND_WHITE_CONTRAST|E_MIXED_CHROMATIC_UNSAFE_RECOLOUR,true
provider-logo::RFM.png,AUX-PROV-DBDEE67CB344,provider-logo,RFM.png,REVIEW,AUX-RF-0625,C_BLACK_AND_WHITE_CONTRAST,C_BLACK_AND_WHITE_CONTRAST|D_COMPONENT_MASK_AMBIGUOUS|E_MIXED_CHROMATIC_UNSAFE_RECOLOUR,true
provider-logo::RIT.png,AUX-PROV-3E41A9CB37CC,provider-logo,RIT.png,REVIEW,AUX-RF-0329,C_BLACK_AND_WHITE_CONTRAST,C_BLACK_AND_WHITE_CONTRAST|E_MIXED_CHROMATIC_UNSAFE_RECOLOUR,true
provider-logo::RNE.png,AUX-PROV-988D38B23512,provider-logo,RNE.png,REVIEW,AUX-RF-0330,C_BLACK_AND_WHITE_CONTRAST,C_BLACK_AND_WHITE_CONTRAST|E_MIXED_CHROMATIC_UNSAFE_RECOLOUR,true
provider-logo::ROCK FM.png,AUX-PROV-E4187C10C79D,provider-logo,ROCK FM.png,REVIEW,AUX-RF-0232,C_BLACK_AND_WHITE_CONTRAST,C_BLACK_AND_WHITE_CONTRAST|E_MIXED_CHROMATIC_UNSAFE_RECOLOUR,true
provider-logo::RODNOE TV.png,AUX-PROV-0CEA3DB3298C,provider-logo,RODNOE TV.png,REVIEW,AUX-RF-0389,C_BLACK_AND_WHITE_CONTRAST,C_BLACK_AND_WHITE_CONTRAST|D_COMPONENT_MASK_AMBIGUOUS|E_MIXED_CHROMATIC_UNSAFE_RECOLOUR,true
provider-logo::ROMANIA TV.png,AUX-PROV-01F21C3866CE,provider-logo,ROMANIA TV.png,REVIEW,AUX-RF-0350,C_BLACK_AND_WHITE_CONTRAST,C_BLACK_AND_WHITE_CONTRAST|D_COMPONENT_MASK_AMBIGUOUS|E_MIXED_CHROMATIC_UNSAFE_RECOLOUR,true
provider-logo::ROSSINI.png,AUX-PROV-184BA31FD8FA,provider-logo,ROSSINI.png,REVIEW,AUX-RF-0769,E_MIXED_CHROMATIC_UNSAFE_RECOLOUR,E_MIXED_CHROMATIC_UNSAFE_RECOLOUR,true
provider-logo::ROSTELECOM.png,AUX-PROV-F5353EE79CFE,provider-logo,ROSTELECOM.png,REVIEW,AUX-RF-0869,E_MIXED_CHROMATIC_UNSAFE_RECOLOUR,E_MIXED_CHROMATIC_UNSAFE_RECOLOUR,true
provider-logo::RR MEDIA.png,AUX-PROV-420D4D32FFEC,provider-logo,RR MEDIA.png,REVIEW,AUX-RF-0291,C_BLACK_AND_WHITE_CONTRAST,C_BLACK_AND_WHITE_CONTRAST|D_COMPONENT_MASK_AMBIGUOUS|E_MIXED_CHROMATIC_UNSAFE_RECOLOUR,true
provider-logo::RR SAT.png,AUX-PROV-9E4A6E09D060,provider-logo,RR SAT.png,SOURCE-UNRESOLVED,AUX-RF-1144,I_SOURCE_UNRESOLVED_BW,I_SOURCE_UNRESOLVED_BW,true
provider-logo::RRSAT.png,AUX-PROV-2CFB7751C6F6,provider-logo,RRSAT.png,REVIEW,AUX-RF-0153,C_BLACK_AND_WHITE_CONTRAST,C_BLACK_AND_WHITE_CONTRAST|E_MIXED_CHROMATIC_UNSAFE_RECOLOUR,true
provider-logo::RSCC.png,AUX-PROV-10803A506A50,provider-logo,RSCC.png,REVIEW,AUX-RF-0231,C_BLACK_AND_WHITE_CONTRAST,C_BLACK_AND_WHITE_CONTRAST|E_MIXED_CHROMATIC_UNSAFE_RECOLOUR,true
provider-logo::RTARAB.png,AUX-PROV-D3D5BAF4B48D,provider-logo,RTARAB.png,REVIEW,AUX-RF-0159,C_BLACK_AND_WHITE_CONTRAST,C_BLACK_AND_WHITE_CONTRAST|D_COMPONENT_MASK_AMBIGUOUS|E_MIXED_CHROMATIC_UNSAFE_RECOLOUR,true
provider-logo::RTI 1 PRINCIPAL.png,AUX-PROV-0B185CC6AD38,provider-logo,RTI 1 PRINCIPAL.png,REVIEW,AUX-RF-0860,E_MIXED_CHROMATIC_UNSAFE_RECOLOUR,E_MIXED_CHROMATIC_UNSAFE_RECOLOUR,true
provider-logo::RTL DEUTSCHLAND.png,AUX-PROV-92827F670F4E,provider-logo,RTL DEUTSCHLAND.png,REVIEW,AUX-RF-0261,C_BLACK_AND_WHITE_CONTRAST,C_BLACK_AND_WHITE_CONTRAST|E_MIXED_CHROMATIC_UNSAFE_RECOLOUR,true
provider-logo::RTL WORLD.png,AUX-PROV-13CC59CE6398,provider-logo,RTL WORLD.png,SOURCE-UNRESOLVED,AUX-RF-1024,I_SOURCE_UNRESOLVED_BW,I_SOURCE_UNRESOLVED_BW,true
provider-logo::RTL.png,AUX-PROV-8C05F78188CB,provider-logo,RTL.png,REVIEW,AUX-RF-0062,C_BLACK_AND_WHITE_CONTRAST,C_BLACK_AND_WHITE_CONTRAST|E_MIXED_CHROMATIC_UNSAFE_RECOLOUR,true
provider-logo::RTP 2 HD.png,AUX-PROV-1D64E78ADF5D,provider-logo,RTP 2 HD.png,REVIEW,AUX-RF-0872,E_MIXED_CHROMATIC_UNSAFE_RECOLOUR,E_MIXED_CHROMATIC_UNSAFE_RECOLOUR,true
provider-logo::RTP 3.png,AUX-PROV-2A82339E6E85,provider-logo,RTP 3.png,REVIEW,AUX-RF-0802,E_MIXED_CHROMATIC_UNSAFE_RECOLOUR,E_MIXED_CHROMATIC_UNSAFE_RECOLOUR,true
provider-logo::RTP.png,AUX-PROV-CCBFA495CEFC,provider-logo,RTP.png,REVIEW,AUX-RF-0516,C_BLACK_AND_WHITE_CONTRAST,C_BLACK_AND_WHITE_CONTRAST|E_MIXED_CHROMATIC_UNSAFE_RECOLOUR,true
provider-logo::RTSH.png,AUX-PROV-90D14550A72F,provider-logo,RTSH.png,REVIEW,AUX-RF-0403,C_BLACK_AND_WHITE_CONTRAST,C_BLACK_AND_WHITE_CONTRAST|D_COMPONENT_MASK_AMBIGUOUS|E_MIXED_CHROMATIC_UNSAFE_RECOLOUR,true
provider-logo::RTV SLOVENIJA.png,AUX-PROV-293AE296651A,provider-logo,RTV SLOVENIJA.png,REVIEW,AUX-RF-0834,E_MIXED_CHROMATIC_UNSAFE_RECOLOUR,E_MIXED_CHROMATIC_UNSAFE_RECOLOUR,true
provider-logo::RTV38.png,AUX-PROV-3F6BEF669232,provider-logo,RTV38.png,REVIEW,AUX-RF-0208,C_BLACK_AND_WHITE_CONTRAST,C_BLACK_AND_WHITE_CONTRAST|D_COMPONENT_MASK_AMBIGUOUS|E_MIXED_CHROMATIC_UNSAFE_RECOLOUR,true
provider-logo::RTVE.png,AUX-PROV-75386D804DDE,provider-logo,RTVE.png,REVIEW,AUX-RF-0648,C_BLACK_AND_WHITE_CONTRAST,C_BLACK_AND_WHITE_CONTRAST|E_MIXED_CHROMATIC_UNSAFE_RECOLOUR,true
provider-logo::RTVS.png,AUX-PROV-0CA9C9EEB948,provider-logo,RTVS.png,REVIEW,AUX-RF-0099,C_BLACK_AND_WHITE_CONTRAST,C_BLACK_AND_WHITE_CONTRAST|E_MIXED_CHROMATIC_UNSAFE_RECOLOUR,true
provider-logo::RUBINTELECOM.png,AUX-PROV-87388AE48B1E,provider-logo,RUBINTELECOM.png,REVIEW,AUX-RF-0489,C_BLACK_AND_WHITE_CONTRAST,C_BLACK_AND_WHITE_CONTRAST|E_MIXED_CHROMATIC_UNSAFE_RECOLOUR,true
provider-logo::RUDAW.png,AUX-PROV-DD1456EBDFA2,provider-logo,RUDAW.png,REVIEW,AUX-RF-0239,C_BLACK_AND_WHITE_CONTRAST,C_BLACK_AND_WHITE_CONTRAST|E_MIXED_CHROMATIC_UNSAFE_RECOLOUR,true
provider-logo::S.R.T.V..png,AUX-PROV-6BB3D3A73F92,provider-logo,S.R.T.V..png,REVIEW,AUX-RF-0814,E_MIXED_CHROMATIC_UNSAFE_RECOLOUR,E_MIXED_CHROMATIC_UNSAFE_RECOLOUR,true
provider-logo::S4C.png,AUX-PROV-4AD7EED93FF8,provider-logo,S4C.png,REVIEW,AUX-RF-0415,C_BLACK_AND_WHITE_CONTRAST,C_BLACK_AND_WHITE_CONTRAST|D_COMPONENT_MASK_AMBIGUOUS|E_MIXED_CHROMATIC_UNSAFE_RECOLOUR,true
provider-logo::SABA GROUP.png,AUX-PROV-BBC665EC9D55,provider-logo,SABA GROUP.png,REVIEW,AUX-RF-0268,C_BLACK_AND_WHITE_CONTRAST,C_BLACK_AND_WHITE_CONTRAST|E_MIXED_CHROMATIC_UNSAFE_RECOLOUR,true
provider-logo::SABA WORLD.png,AUX-PROV-07D7F9D5D1A5,provider-logo,SABA WORLD.png,REVIEW,AUX-RF-0398,C_BLACK_AND_WHITE_CONTRAST,C_BLACK_AND_WHITE_CONTRAST|E_MIXED_CHROMATIC_UNSAFE_RECOLOUR,true
provider-logo::SAMA.png,AUX-PROV-90F2300EB3DA,provider-logo,SAMA.png,REVIEW,AUX-RF-0564,C_BLACK_AND_WHITE_CONTRAST,C_BLACK_AND_WHITE_CONTRAST|D_COMPONENT_MASK_AMBIGUOUS|E_MIXED_CHROMATIC_UNSAFE_RECOLOUR,true
provider-logo::SAPEC.png,AUX-PROV-10E3696D9923,provider-logo,SAPEC.png,REVIEW,AUX-RF-0748,E_MIXED_CHROMATIC_UNSAFE_RECOLOUR,E_MIXED_CHROMATIC_UNSAFE_RECOLOUR,true
provider-logo::SAT.png,AUX-PROV-FCCD6D0E0D29,provider-logo,SAT.png,REVIEW,AUX-RF-0556,C_BLACK_AND_WHITE_CONTRAST,C_BLACK_AND_WHITE_CONTRAST|E_MIXED_CHROMATIC_UNSAFE_RECOLOUR,true
provider-logo::SATTELECOM.png,AUX-PROV-6D62B73125B0,provider-logo,SATTELECOM.png,REVIEW,AUX-RF-0844,E_MIXED_CHROMATIC_UNSAFE_RECOLOUR,E_MIXED_CHROMATIC_UNSAFE_RECOLOUR,true
provider-logo::SAUDI TV1.png,AUX-PROV-332BE33DE667,provider-logo,SAUDI TV1.png,REVIEW,AUX-RF-0712,D_COMPONENT_MASK_AMBIGUOUS,D_COMPONENT_MASK_AMBIGUOUS|E_MIXED_CHROMATIC_UNSAFE_RECOLOUR,true
provider-logo::SAWA.png,AUX-PROV-437AC9D2B577,provider-logo,SAWA.png,REVIEW,AUX-RF-0857,E_MIXED_CHROMATIC_UNSAFE_RECOLOUR,E_MIXED_CHROMATIC_UNSAFE_RECOLOUR,true
provider-logo::SAY TV.png,AUX-PROV-009306950B36,provider-logo,SAY TV.png,REVIEW,AUX-RF-0080,C_BLACK_AND_WHITE_CONTRAST,C_BLACK_AND_WHITE_CONTRAST|E_MIXED_CHROMATIC_UNSAFE_RECOLOUR,true
provider-logo::SBA.png,AUX-PROV-BFABBB853704,provider-logo,SBA.png,REVIEW,AUX-RF-0446,C_BLACK_AND_WHITE_CONTRAST,C_BLACK_AND_WHITE_CONTRAST|E_MIXED_CHROMATIC_UNSAFE_RECOLOUR,true
provider-logo::SBB.png,AUX-PROV-2A1D850DC085,provider-logo,SBB.png,REVIEW,AUX-RF-0788,E_MIXED_CHROMATIC_UNSAFE_RECOLOUR,E_MIXED_CHROMATIC_UNSAFE_RECOLOUR,true
provider-logo::SBC.png,AUX-PROV-A8AC05B3D27A,provider-logo,SBC.png,REVIEW,AUX-RF-0446,C_BLACK_AND_WHITE_CONTRAST,C_BLACK_AND_WHITE_CONTRAST|E_MIXED_CHROMATIC_UNSAFE_RECOLOUR,false
provider-logo::SBSR.png,AUX-PROV-90F7208660C6,provider-logo,SBSR.png,REVIEW,AUX-RF-0361,C_BLACK_AND_WHITE_CONTRAST,C_BLACK_AND_WHITE_CONTRAST|D_COMPONENT_MASK_AMBIGUOUS|E_MIXED_CHROMATIC_UNSAFE_RECOLOUR,true
provider-logo::SCHWEIZER FERNSEHEN.png,AUX-PROV-F87A93469709,provider-logo,SCHWEIZER FERNSEHEN.png,SOURCE-UNRESOLVED,AUX-RF-1157,I_SOURCE_UNRESOLVED_BW,I_SOURCE_UNRESOLVED_BW,true
provider-logo::SCHWEIZER RADIO UND FERNSEHEN.png,AUX-PROV-780A93026B25,provider-logo,SCHWEIZER RADIO UND FERNSEHEN.png,REVIEW,AUX-RF-0467,C_BLACK_AND_WHITE_CONTRAST,C_BLACK_AND_WHITE_CONTRAST|D_COMPONENT_MASK_AMBIGUOUS|E_MIXED_CHROMATIC_UNSAFE_RECOLOUR,true
provider-logo::SCOPUS NETWORK TECHNOLOGIES.png,AUX-PROV-E4EF06B31BBC,provider-logo,SCOPUS NETWORK TECHNOLOGIES.png,REVIEW,AUX-RF-0275,C_BLACK_AND_WHITE_CONTRAST,C_BLACK_AND_WHITE_CONTRAST|D_COMPONENT_MASK_AMBIGUOUS|E_MIXED_CHROMATIC_UNSAFE_RECOLOUR,true
provider-logo::SCOPUS NETWORK.png,AUX-PROV-516C2C7C897E,provider-logo,SCOPUS NETWORK.png,SOURCE-UNRESOLVED,AUX-RF-0931,I_SOURCE_UNRESOLVED_BW,I_SOURCE_UNRESOLVED_BW,true
provider-logo::SCOPUS.png,AUX-PROV-D1FED40AB641,provider-logo,SCOPUS.png,REVIEW,AUX-RF-0275,C_BLACK_AND_WHITE_CONTRAST,C_BLACK_AND_WHITE_CONTRAST|D_COMPONENT_MASK_AMBIGUOUS|E_MIXED_CHROMATIC_UNSAFE_RECOLOUR,false
provider-logo::SEMBA.png,AUX-PROV-736A038E13A9,provider-logo,SEMBA.png,REVIEW,AUX-RF-0270,C_BLACK_AND_WHITE_CONTRAST,C_BLACK_AND_WHITE_CONTRAST|D_COMPONENT_MASK_AMBIGUOUS|E_MIXED_CHROMATIC_UNSAFE_RECOLOUR,true
provider-logo::SENTECH.png,AUX-PROV-8F1D33F1F756,provider-logo,SENTECH.png,REVIEW,AUX-RF-0839,E_MIXED_CHROMATIC_UNSAFE_RECOLOUR,E_MIXED_CHROMATIC_UNSAFE_RECOLOUR,true
provider-logo::SERVES 2.png,AUX-PROV-AC337D59D789,provider-logo,SERVES 2.png,REVIEW,AUX-RF-0272,C_BLACK_AND_WHITE_CONTRAST,C_BLACK_AND_WHITE_CONTRAST|D_COMPONENT_MASK_AMBIGUOUS|E_MIXED_CHROMATIC_UNSAFE_RECOLOUR,false
provider-logo::SERVICE PROVIDE.png,AUX-PROV-2424E57C25AB,provider-logo,SERVICE PROVIDE.png,REVIEW,AUX-RF-0424,C_BLACK_AND_WHITE_CONTRAST,C_BLACK_AND_WHITE_CONTRAST|D_COMPONENT_MASK_AMBIGUOUS|E_MIXED_CHROMATIC_UNSAFE_RECOLOUR,true
provider-logo::SERVICE PROVIDER.png,AUX-PROV-C9C55ED4BAF0,provider-logo,SERVICE PROVIDER.png,REVIEW,AUX-RF-0394,C_BLACK_AND_WHITE_CONTRAST,C_BLACK_AND_WHITE_CONTRAST|D_COMPONENT_MASK_AMBIGUOUS|E_MIXED_CHROMATIC_UNSAFE_RECOLOUR,false
provider-logo::SERVUSTV.png,AUX-PROV-D72F7170292E,provider-logo,SERVUSTV.png,REVIEW,AUX-RF-0037,C_BLACK_AND_WHITE_CONTRAST,C_BLACK_AND_WHITE_CONTRAST|D_COMPONENT_MASK_AMBIGUOUS|E_MIXED_CHROMATIC_UNSAFE_RECOLOUR,true
provider-logo::SETTE GOLD.png,AUX-PROV-29CD1A981297,provider-logo,SETTE GOLD.png,REVIEW,AUX-RF-0683,D_COMPONENT_MASK_AMBIGUOUS,D_COMPONENT_MASK_AMBIGUOUS|E_MIXED_CHROMATIC_UNSAFE_RECOLOUR,false
provider-logo::SEVENONEMEDIA.png,AUX-PROV-BFE6BF54DA22,provider-logo,SEVENONEMEDIA.png,REVIEW,AUX-RF-0756,E_MIXED_CHROMATIC_UNSAFE_RECOLOUR,E_MIXED_CHROMATIC_UNSAFE_RECOLOUR,true
provider-logo::SHARAVOZ.png,AUX-PROV-6F8A3632E7D2,provider-logo,SHARAVOZ.png,SOURCE-UNRESOLVED,AUX-RF-0928,I_SOURCE_UNRESOLVED_BW,I_SOURCE_UNRESOLVED_BW,true
provider-logo::SHARQIYA FROM KALBA-MAIN.png,AUX-PROV-291D9DB2CDA6,provider-logo,SHARQIYA FROM KALBA-MAIN.png,REVIEW,AUX-RF-0808,E_MIXED_CHROMATIC_UNSAFE_RECOLOUR,E_MIXED_CHROMATIC_UNSAFE_RECOLOUR,true
provider-logo::SHOW HD.png,AUX-PROV-67B7722EDCD6,provider-logo,SHOW HD.png,REVIEW,AUX-RF-0488,C_BLACK_AND_WHITE_CONTRAST,C_BLACK_AND_WHITE_CONTRAST|D_COMPONENT_MASK_AMBIGUOUS|E_MIXED_CHROMATIC_UNSAFE_RECOLOUR,true
provider-logo::SHOW MAX HD.png,AUX-PROV-30809A55AE94,provider-logo,SHOW MAX HD.png,REVIEW,AUX-RF-0096,C_BLACK_AND_WHITE_CONTRAST,C_BLACK_AND_WHITE_CONTRAST|D_COMPONENT_MASK_AMBIGUOUS|E_MIXED_CHROMATIC_UNSAFE_RECOLOUR,true
provider-logo::SHOW MAX.png,AUX-PROV-4CB81D224FA0,provider-logo,SHOW MAX.png,REVIEW,AUX-RF-0511,C_BLACK_AND_WHITE_CONTRAST,C_BLACK_AND_WHITE_CONTRAST|D_COMPONENT_MASK_AMBIGUOUS|E_MIXED_CHROMATIC_UNSAFE_RECOLOUR,true
provider-logo::SHOW TURK HD.png,AUX-PROV-EED14880F4A1,provider-logo,SHOW TURK HD.png,REVIEW,AUX-RF-0554,C_BLACK_AND_WHITE_CONTRAST,C_BLACK_AND_WHITE_CONTRAST|D_COMPONENT_MASK_AMBIGUOUS|E_MIXED_CHROMATIC_UNSAFE_RECOLOUR,true
provider-logo::SHOW TURK.png,AUX-PROV-14F1D784D395,provider-logo,SHOW TURK.png,REVIEW,AUX-RF-0497,C_BLACK_AND_WHITE_CONTRAST,C_BLACK_AND_WHITE_CONTRAST|D_COMPONENT_MASK_AMBIGUOUS|E_MIXED_CHROMATIC_UNSAFE_RECOLOUR,true
provider-logo::SHOW TV.png,AUX-PROV-371E621178AB,provider-logo,SHOW TV.png,REVIEW,AUX-RF-0688,D_COMPONENT_MASK_AMBIGUOUS,D_COMPONENT_MASK_AMBIGUOUS|E_MIXED_CHROMATIC_UNSAFE_RECOLOUR,true
provider-logo::SHOWTIME NETWORKS.png,AUX-PROV-AE6C236B2A8F,provider-logo,SHOWTIME NETWORKS.png,REVIEW,AUX-RF-0127,C_BLACK_AND_WHITE_CONTRAST,C_BLACK_AND_WHITE_CONTRAST|E_MIXED_CHROMATIC_UNSAFE_RECOLOUR,true
provider-logo::SIC HD.png,AUX-PROV-CA25DDCBB6DC,provider-logo,SIC HD.png,REVIEW,AUX-RF-0580,C_BLACK_AND_WHITE_CONTRAST,C_BLACK_AND_WHITE_CONTRAST|D_COMPONENT_MASK_AMBIGUOUS|E_MIXED_CHROMATIC_UNSAFE_RECOLOUR,true
provider-logo::SIC INTERNACIONAL.png,AUX-PROV-38EF8297A8DD,provider-logo,SIC INTERNACIONAL.png,REVIEW,AUX-RF-0462,C_BLACK_AND_WHITE_CONTRAST,C_BLACK_AND_WHITE_CONTRAST|D_COMPONENT_MASK_AMBIGUOUS|E_MIXED_CHROMATIC_UNSAFE_RECOLOUR,true
provider-logo::SIC K.png,AUX-PROV-70964EC1769A,provider-logo,SIC K.png,REVIEW,AUX-RF-0665,D_COMPONENT_MASK_AMBIGUOUS,D_COMPONENT_MASK_AMBIGUOUS|E_MIXED_CHROMATIC_UNSAFE_RECOLOUR,true
provider-logo::SIC R.png,AUX-PROV-FC28A400D2C2,provider-logo,SIC R.png,REVIEW,AUX-RF-0238,C_BLACK_AND_WHITE_CONTRAST,C_BLACK_AND_WHITE_CONTRAST|E_MIXED_CHROMATIC_UNSAFE_RECOLOUR,true
provider-logo::SIC RADICAL.png,AUX-PROV-486FEDB6F36B,provider-logo,SIC RADICAL.png,REVIEW,AUX-RF-0392,C_BLACK_AND_WHITE_CONTRAST,C_BLACK_AND_WHITE_CONTRAST|E_MIXED_CHROMATIC_UNSAFE_RECOLOUR,true
provider-logo::SID - TVI REALITY.png,AUX-PROV-4F6DDBA41651,provider-logo,SID - TVI REALITY.png,REVIEW,AUX-RF-0822,E_MIXED_CHROMATIC_UNSAFE_RECOLOUR,E_MIXED_CHROMATIC_UNSAFE_RECOLOUR,true
provider-logo::SID 24 KITCHEN HD.png,AUX-PROV-925692C1AFDC,provider-logo,SID 24 KITCHEN HD.png,REVIEW,AUX-RF-0865,E_MIXED_CHROMATIC_UNSAFE_RECOLOUR,E_MIXED_CHROMATIC_UNSAFE_RECOLOUR,true
provider-logo::SID AXN BLACK HD.png,AUX-PROV-095F90E347A0,provider-logo,SID AXN BLACK HD.png,REVIEW,AUX-RF-0720,D_COMPONENT_MASK_AMBIGUOUS,D_COMPONENT_MASK_AMBIGUOUS|E_MIXED_CHROMATIC_UNSAFE_RECOLOUR,true
provider-logo::SID AXN HD.png,AUX-PROV-4E7F42FAF837,provider-logo,SID AXN HD.png,REVIEW,AUX-RF-0738,E_MIXED_CHROMATIC_UNSAFE_RECOLOUR,E_MIXED_CHROMATIC_UNSAFE_RECOLOUR,true
provider-logo::SID BBC ENTERTAINMENT.png,AUX-PROV-89C85513DF7B,provider-logo,SID BBC ENTERTAINMENT.png,REVIEW,AUX-RF-0178,C_BLACK_AND_WHITE_CONTRAST,C_BLACK_AND_WHITE_CONTRAST|E_MIXED_CHROMATIC_UNSAFE_RECOLOUR,true
provider-logo::SID BBC WORLD NEWS.png,AUX-PROV-45A41265357F,provider-logo,SID BBC WORLD NEWS.png,REVIEW,AUX-RF-0136,C_BLACK_AND_WHITE_CONTRAST,C_BLACK_AND_WHITE_CONTRAST|E_MIXED_CHROMATIC_UNSAFE_RECOLOUR,true
provider-logo::SID BIGGS.png,AUX-PROV-0EB86E167968,provider-logo,SID BIGGS.png,REVIEW,AUX-RF-0341,C_BLACK_AND_WHITE_CONTRAST,C_BLACK_AND_WHITE_CONTRAST|D_COMPONENT_MASK_AMBIGUOUS|E_MIXED_CHROMATIC_UNSAFE_RECOLOUR,true
provider-logo::SID BLOOMBERG.png,AUX-PROV-040324DA6E50,provider-logo,SID BLOOMBERG.png,REVIEW,AUX-RF-0138,C_BLACK_AND_WHITE_CONTRAST,C_BLACK_AND_WHITE_CONTRAST|E_MIXED_CHROMATIC_UNSAFE_RECOLOUR,true
provider-logo::SID BTV 1 HD.png,AUX-PROV-28A72DEA3960,provider-logo,SID BTV 1 HD.png,REVIEW,AUX-RF-0828,E_MIXED_CHROMATIC_UNSAFE_RECOLOUR,E_MIXED_CHROMATIC_UNSAFE_RECOLOUR,true
provider-logo::SID BTV 1.png,AUX-PROV-F573E43E8F5A,provider-logo,SID BTV 1.png,REVIEW,AUX-RF-0850,E_MIXED_CHROMATIC_UNSAFE_RECOLOUR,E_MIXED_CHROMATIC_UNSAFE_RECOLOUR,true
provider-logo::SID CANAL Q.png,AUX-PROV-4C2AE9A605B4,provider-logo,SID CANAL Q.png,REVIEW,AUX-RF-0052,C_BLACK_AND_WHITE_CONTRAST,C_BLACK_AND_WHITE_CONTRAST|E_MIXED_CHROMATIC_UNSAFE_RECOLOUR,true
provider-logo::SID CNN.png,AUX-PROV-D38E290D6596,provider-logo,SID CNN.png,REVIEW,AUX-RF-0484,C_BLACK_AND_WHITE_CONTRAST,C_BLACK_AND_WHITE_CONTRAST|D_COMPONENT_MASK_AMBIGUOUS|E_MIXED_CHROMATIC_UNSAFE_RECOLOUR,true
provider-logo::SID DISCOVERY HD SHOWCASE.png,AUX-PROV-55E237D30A61,provider-logo,SID DISCOVERY HD SHOWCASE.png,REVIEW,AUX-RF-0731,E_MIXED_CHROMATIC_UNSAFE_RECOLOUR,E_MIXED_CHROMATIC_UNSAFE_RECOLOUR,true
provider-logo::SID DISCOVERY HD.png,AUX-PROV-E94BE2024C7D,provider-logo,SID DISCOVERY HD.png,REVIEW,AUX-RF-0597,C_BLACK_AND_WHITE_CONTRAST,C_BLACK_AND_WHITE_CONTRAST|D_COMPONENT_MASK_AMBIGUOUS|E_MIXED_CHROMATIC_UNSAFE_RECOLOUR,true
provider-logo::SID DISCOVERY.png,AUX-PROV-6C0D878C5A6B,provider-logo,SID DISCOVERY.png,REVIEW,AUX-RF-0235,C_BLACK_AND_WHITE_CONTRAST,C_BLACK_AND_WHITE_CONTRAST|D_COMPONENT_MASK_AMBIGUOUS|E_MIXED_CHROMATIC_UNSAFE_RECOLOUR,false
provider-logo::SID EUROSPORT 1 HD.png,AUX-PROV-61ADDCAA4C7D,provider-logo,SID EUROSPORT 1 HD.png,REVIEW,AUX-RF-0713,D_COMPONENT_MASK_AMBIGUOUS,D_COMPONENT_MASK_AMBIGUOUS|E_MIXED_CHROMATIC_UNSAFE_RECOLOUR,true
provider-logo::SID EUROSPORT 1.png,AUX-PROV-6A3E40805B13,provider-logo,SID EUROSPORT 1.png,REVIEW,AUX-RF-0697,D_COMPONENT_MASK_AMBIGUOUS,D_COMPONENT_MASK_AMBIGUOUS|E_MIXED_CHROMATIC_UNSAFE_RECOLOUR,true
provider-logo::SID EUROSPORT 2.png,AUX-PROV-FF29C326C5CB,provider-logo,SID EUROSPORT 2.png,REVIEW,AUX-RF-0718,D_COMPONENT_MASK_AMBIGUOUS,D_COMPONENT_MASK_AMBIGUOUS|E_MIXED_CHROMATIC_UNSAFE_RECOLOUR,true
provider-logo::SID FOX COMEDY.png,AUX-PROV-8EBBD51341D2,provider-logo,SID FOX COMEDY.png,REVIEW,AUX-RF-0025,C_BLACK_AND_WHITE_CONTRAST,C_BLACK_AND_WHITE_CONTRAST|E_MIXED_CHROMATIC_UNSAFE_RECOLOUR,true
provider-logo::SID FOX HD.png,AUX-PROV-358912281DBA,provider-logo,SID FOX HD.png,REVIEW,AUX-RF-0289,C_BLACK_AND_WHITE_CONTRAST,C_BLACK_AND_WHITE_CONTRAST|E_MIXED_CHROMATIC_UNSAFE_RECOLOUR,true
provider-logo::SID FOX LIFE HD.png,AUX-PROV-6BFE023276AF,provider-logo,SID FOX LIFE HD.png,REVIEW,AUX-RF-0221,C_BLACK_AND_WHITE_CONTRAST,C_BLACK_AND_WHITE_CONTRAST|D_COMPONENT_MASK_AMBIGUOUS|E_MIXED_CHROMATIC_UNSAFE_RECOLOUR,true
provider-logo::SID FUEL TV.png,AUX-PROV-C686C2A32616,provider-logo,SID FUEL TV.png,REVIEW,AUX-RF-0479,C_BLACK_AND_WHITE_CONTRAST,C_BLACK_AND_WHITE_CONTRAST|D_COMPONENT_MASK_AMBIGUOUS|E_MIXED_CHROMATIC_UNSAFE_RECOLOUR,true
provider-logo::SID HISTORIA.png,AUX-PROV-C5FC129B4AB0,provider-logo,SID HISTORIA.png,REVIEW,AUX-RF-0690,D_COMPONENT_MASK_AMBIGUOUS,D_COMPONENT_MASK_AMBIGUOUS|E_MIXED_CHROMATIC_UNSAFE_RECOLOUR,true
provider-logo::SID HISTRIA.png,AUX-PROV-C146CE95E1A8,provider-logo,SID HISTRIA.png,REVIEW,AUX-RF-0684,D_COMPONENT_MASK_AMBIGUOUS,D_COMPONENT_MASK_AMBIGUOUS|E_MIXED_CHROMATIC_UNSAFE_RECOLOUR,true
provider-logo::SID HOLLYWOOD.png,AUX-PROV-5570E964A26C,provider-logo,SID HOLLYWOOD.png,REVIEW,AUX-RF-0737,E_MIXED_CHROMATIC_UNSAFE_RECOLOUR,E_MIXED_CHROMATIC_UNSAFE_RECOLOUR,true
provider-logo::SID MEZZO.png,AUX-PROV-B9A2901E8622,provider-logo,SID MEZZO.png,REVIEW,AUX-RF-0064,C_BLACK_AND_WHITE_CONTRAST,C_BLACK_AND_WHITE_CONTRAST|E_MIXED_CHROMATIC_UNSAFE_RECOLOUR,false
provider-logo::SID MOTORVISION.png,AUX-PROV-97E46F73BF12,provider-logo,SID MOTORVISION.png,REVIEW,AUX-RF-0267,C_BLACK_AND_WHITE_CONTRAST,C_BLACK_AND_WHITE_CONTRAST|D_COMPONENT_MASK_AMBIGUOUS|E_MIXED_CHROMATIC_UNSAFE_RECOLOUR,true
provider-logo::SID NATIONAL GEOGRAPHIC HD.png,AUX-PROV-015CFFFF6F8C,provider-logo,SID NATIONAL GEOGRAPHIC HD.png,REVIEW,AUX-RF-0816,E_MIXED_CHROMATIC_UNSAFE_RECOLOUR,E_MIXED_CHROMATIC_UNSAFE_RECOLOUR,true
provider-logo::SID NICK JR..png,AUX-PROV-6D2D26192B06,provider-logo,SID NICK JR..png,REVIEW,AUX-RF-0128,C_BLACK_AND_WHITE_CONTRAST,C_BLACK_AND_WHITE_CONTRAST|E_MIXED_CHROMATIC_UNSAFE_RECOLOUR,true
provider-logo::SID NICKELODEON.png,AUX-PROV-D4292C6AA991,provider-logo,SID NICKELODEON.png,REVIEW,AUX-RF-0895,E_MIXED_CHROMATIC_UNSAFE_RECOLOUR,E_MIXED_CHROMATIC_UNSAFE_RECOLOUR,true
provider-logo::SID PANDA.png,AUX-PROV-B64CA884F651,provider-logo,SID PANDA.png,REVIEW,AUX-RF-0672,D_COMPONENT_MASK_AMBIGUOUS,D_COMPONENT_MASK_AMBIGUOUS|E_MIXED_CHROMATIC_UNSAFE_RECOLOUR,true
provider-logo::SID PFC.png,AUX-PROV-CBEC586A63E0,provider-logo,SID PFC.png,REVIEW,AUX-RF-0191,C_BLACK_AND_WHITE_CONTRAST,C_BLACK_AND_WHITE_CONTRAST|D_COMPONENT_MASK_AMBIGUOUS|E_MIXED_CHROMATIC_UNSAFE_RECOLOUR,true
provider-logo::SID PLAYBOY.png,AUX-PROV-F37B95C3608F,provider-logo,SID PLAYBOY.png,REVIEW,AUX-RF-0205,C_BLACK_AND_WHITE_CONTRAST,C_BLACK_AND_WHITE_CONTRAST|D_COMPONENT_MASK_AMBIGUOUS|E_MIXED_CHROMATIC_UNSAFE_RECOLOUR,true
provider-logo::SID PORTO CANAL.png,AUX-PROV-904042055C5B,provider-logo,SID PORTO CANAL.png,REVIEW,AUX-RF-0438,C_BLACK_AND_WHITE_CONTRAST,C_BLACK_AND_WHITE_CONTRAST|E_MIXED_CHROMATIC_UNSAFE_RECOLOUR,true
provider-logo::SID RTP1.png,AUX-PROV-8D7F768EA75B,provider-logo,SID RTP1.png,REVIEW,AUX-RF-0071,C_BLACK_AND_WHITE_CONTRAST,C_BLACK_AND_WHITE_CONTRAST|E_MIXED_CHROMATIC_UNSAFE_RECOLOUR,true
provider-logo::SID SIC HD.png,AUX-PROV-8CC38FD74000,provider-logo,SID SIC HD.png,REVIEW,AUX-RF-0364,C_BLACK_AND_WHITE_CONTRAST,C_BLACK_AND_WHITE_CONTRAST|D_COMPONENT_MASK_AMBIGUOUS|E_MIXED_CHROMATIC_UNSAFE_RECOLOUR,true
provider-logo::SID SIC MULHER.png,AUX-PROV-BD23B393D54E,provider-logo,SID SIC MULHER.png,REVIEW,AUX-RF-0534,C_BLACK_AND_WHITE_CONTRAST,C_BLACK_AND_WHITE_CONTRAST|E_MIXED_CHROMATIC_UNSAFE_RECOLOUR,true
provider-logo::SID SIC N.png,AUX-PROV-6CE6B875CC0F,provider-logo,SID SIC N.png,REVIEW,AUX-RF-0397,C_BLACK_AND_WHITE_CONTRAST,C_BLACK_AND_WHITE_CONTRAST|D_COMPONENT_MASK_AMBIGUOUS|E_MIXED_CHROMATIC_UNSAFE_RECOLOUR,true
provider-logo::SID SIC.png,AUX-PROV-94615F6ED0D7,provider-logo,SID SIC.png,REVIEW,AUX-RF-0395,C_BLACK_AND_WHITE_CONTRAST,C_BLACK_AND_WHITE_CONTRAST|D_COMPONENT_MASK_AMBIGUOUS|E_MIXED_CHROMATIC_UNSAFE_RECOLOUR,true
provider-logo::SID SPORT TV 1 HD.png,AUX-PROV-694CE12DC7BB,provider-logo,SID SPORT TV 1 HD.png,REVIEW,AUX-RF-0858,E_MIXED_CHROMATIC_UNSAFE_RECOLOUR,E_MIXED_CHROMATIC_UNSAFE_RECOLOUR,true
provider-logo::SID SPORT TV 2 HD.png,AUX-PROV-511C401691A7,provider-logo,SID SPORT TV 2 HD.png,REVIEW,AUX-RF-0212,C_BLACK_AND_WHITE_CONTRAST,C_BLACK_AND_WHITE_CONTRAST|E_MIXED_CHROMATIC_UNSAFE_RECOLOUR,true
provider-logo::SID SPORT TV NBA.png,AUX-PROV-1DC82128F0A8,provider-logo,SID SPORT TV NBA.png,REVIEW,AUX-RF-0360,C_BLACK_AND_WHITE_CONTRAST,C_BLACK_AND_WHITE_CONTRAST|D_COMPONENT_MASK_AMBIGUOUS|E_MIXED_CHROMATIC_UNSAFE_RECOLOUR,true
provider-logo::SID SPORTING TV.png,AUX-PROV-6CD8CFC6B895,provider-logo,SID SPORTING TV.png,REVIEW,AUX-RF-0343,C_BLACK_AND_WHITE_CONTRAST,C_BLACK_AND_WHITE_CONTRAST|D_COMPONENT_MASK_AMBIGUOUS|E_MIXED_CHROMATIC_UNSAFE_RECOLOUR,true
provider-logo::SID TRAVEL CHANNEL HD.png,AUX-PROV-C3D2F975ADF0,provider-logo,SID TRAVEL CHANNEL HD.png,REVIEW,AUX-RF-0668,D_COMPONENT_MASK_AMBIGUOUS,D_COMPONENT_MASK_AMBIGUOUS|E_MIXED_CHROMATIC_UNSAFE_RECOLOUR,true
provider-logo::SID TSF.png,AUX-PROV-25C6BB697E3F,provider-logo,SID TSF.png,REVIEW,AUX-RF-0538,C_BLACK_AND_WHITE_CONTRAST,C_BLACK_AND_WHITE_CONTRAST|D_COMPONENT_MASK_AMBIGUOUS|E_MIXED_CHROMATIC_UNSAFE_RECOLOUR,true
provider-logo::SID TV GALICIA.png,AUX-PROV-13B4F94AC80E,provider-logo,SID TV GALICIA.png,REVIEW,AUX-RF-0751,E_MIXED_CHROMATIC_UNSAFE_RECOLOUR,E_MIXED_CHROMATIC_UNSAFE_RECOLOUR,true
provider-logo::SID TV RECORD.png,AUX-PROV-6532DC179BE3,provider-logo,SID TV RECORD.png,REVIEW,AUX-RF-0435,C_BLACK_AND_WHITE_CONTRAST,C_BLACK_AND_WHITE_CONTRAST|D_COMPONENT_MASK_AMBIGUOUS|E_MIXED_CHROMATIC_UNSAFE_RECOLOUR,true
provider-logo::SID TV5 MONDE.png,AUX-PROV-72CA13902B62,provider-logo,SID TV5 MONDE.png,REVIEW,AUX-RF-0195,C_BLACK_AND_WHITE_CONTRAST,C_BLACK_AND_WHITE_CONTRAST|E_MIXED_CHROMATIC_UNSAFE_RECOLOUR,true
provider-logo::SID TVE 24H.png,AUX-PROV-A2FBD64D9860,provider-logo,SID TVE 24H.png,REVIEW,AUX-RF-0699,D_COMPONENT_MASK_AMBIGUOUS,D_COMPONENT_MASK_AMBIGUOUS|E_MIXED_CHROMATIC_UNSAFE_RECOLOUR,true
provider-logo::SID TVE INTERNACIONAL.png,AUX-PROV-7313764CC5BD,provider-logo,SID TVE INTERNACIONAL.png,REVIEW,AUX-RF-0107,C_BLACK_AND_WHITE_CONTRAST,C_BLACK_AND_WHITE_CONTRAST|D_COMPONENT_MASK_AMBIGUOUS|E_MIXED_CHROMATIC_UNSAFE_RECOLOUR,true
provider-logo::SID TVI 24.png,AUX-PROV-6593C3FDD0F2,provider-logo,SID TVI 24.png,REVIEW,AUX-RF-0755,E_MIXED_CHROMATIC_UNSAFE_RECOLOUR,E_MIXED_CHROMATIC_UNSAFE_RECOLOUR,true
provider-logo::SID TVI HD.png,AUX-PROV-1342A4ADBEDA,provider-logo,SID TVI HD.png,REVIEW,AUX-RF-0728,D_COMPONENT_MASK_AMBIGUOUS,D_COMPONENT_MASK_AMBIGUOUS|E_MIXED_CHROMATIC_UNSAFE_RECOLOUR,true
provider-logo::SID TVI.png,AUX-PROV-19B86430622C,provider-logo,SID TVI.png,REVIEW,AUX-RF-0845,E_MIXED_CHROMATIC_UNSAFE_RECOLOUR,E_MIXED_CHROMATIC_UNSAFE_RECOLOUR,true
provider-logo::SID ZAP VIVA HD.png,AUX-PROV-06E93604C0F8,provider-logo,SID ZAP VIVA HD.png,REVIEW,AUX-RF-0226,C_BLACK_AND_WHITE_CONTRAST,C_BLACK_AND_WHITE_CONTRAST|E_MIXED_CHROMATIC_UNSAFE_RECOLOUR,true
provider-logo::SIENATV.png,AUX-PROV-EEEF3993C857,provider-logo,SIENATV.png,REVIEW,AUX-RF-0514,C_BLACK_AND_WHITE_CONTRAST,C_BLACK_AND_WHITE_CONTRAST|D_COMPONENT_MASK_AMBIGUOUS|E_MIXED_CHROMATIC_UNSAFE_RECOLOUR,true
provider-logo::SIS LIMITED.png,AUX-PROV-9DAA2229F139,provider-logo,SIS LIMITED.png,REVIEW,AUX-RF-0861,E_MIXED_CHROMATIC_UNSAFE_RECOLOUR,E_MIXED_CHROMATIC_UNSAFE_RECOLOUR,true
provider-logo::SIS.png,AUX-PROV-013091F44324,provider-logo,SIS.png,REVIEW,AUX-RF-0861,E_MIXED_CHROMATIC_UNSAFE_RECOLOUR,E_MIXED_CHROMATIC_UNSAFE_RECOLOUR,false
provider-logo::SKY DEUTSCHLAND.png,AUX-PROV-464417F64270,provider-logo,SKY DEUTSCHLAND.png,SOURCE-UNRESOLVED,AUX-RF-0973,I_SOURCE_UNRESOLVED_BW,I_SOURCE_UNRESOLVED_BW,true
provider-logo::SKY DIGITAL.png,AUX-PROV-7BAC5E883532,provider-logo,SKY DIGITAL.png,SOURCE-UNRESOLVED,AUX-RF-0917,I_SOURCE_UNRESOLVED_BW,I_SOURCE_UNRESOLVED_BW,true
provider-logo::SKY ITALIA.png,AUX-PROV-27030F68599C,provider-logo,SKY ITALIA.png,REVIEW,AUX-RF-0423,C_BLACK_AND_WHITE_CONTRAST,C_BLACK_AND_WHITE_CONTRAST|E_MIXED_CHROMATIC_UNSAFE_RECOLOUR,true
provider-logo::SKY NEWS ARABIA HD.png,AUX-PROV-DA2C868D4371,provider-logo,SKY NEWS ARABIA HD.png,REVIEW,AUX-RF-0010,C_BLACK_AND_WHITE_CONTRAST,C_BLACK_AND_WHITE_CONTRAST|D_COMPONENT_MASK_AMBIGUOUS|E_MIXED_CHROMATIC_UNSAFE_RECOLOUR,true
provider-logo::SKY NEWS ARABIA.png,AUX-PROV-4A9A177546B6,provider-logo,SKY NEWS ARABIA.png,REVIEW,AUX-RF-0033,C_BLACK_AND_WHITE_CONTRAST,C_BLACK_AND_WHITE_CONTRAST|D_COMPONENT_MASK_AMBIGUOUS|E_MIXED_CHROMATIC_UNSAFE_RECOLOUR,true
provider-logo::SKY NEWS.png,AUX-PROV-2C13247E9690,provider-logo,SKY NEWS.png,REVIEW,AUX-RF-0725,D_COMPONENT_MASK_AMBIGUOUS,D_COMPONENT_MASK_AMBIGUOUS|E_MIXED_CHROMATIC_UNSAFE_RECOLOUR,true
provider-logo::SKY.png,AUX-PROV-3EF2845AA32A,provider-logo,SKY.png,REVIEW,AUX-RF-0423,C_BLACK_AND_WHITE_CONTRAST,C_BLACK_AND_WHITE_CONTRAST|E_MIXED_CHROMATIC_UNSAFE_RECOLOUR,false
provider-logo::SKYITALIA.png,AUX-PROV-94C1569519DE,provider-logo,SKYITALIA.png,REVIEW,AUX-RF-0423,C_BLACK_AND_WHITE_CONTRAST,C_BLACK_AND_WHITE_CONTRAST|E_MIXED_CHROMATIC_UNSAFE_RECOLOUR,false
provider-logo::SKYLINK.png,AUX-PROV-5DC508B48160,provider-logo,SKYLINK.png,SOURCE-UNRESOLVED,AUX-RF-1114,I_SOURCE_UNRESOLVED_BW,I_SOURCE_UNRESOLVED_BW,true
provider-logo::SKYMEDIA BROADCAST.png,AUX-PROV-5CC02B89C3E3,provider-logo,SKYMEDIA BROADCAST.png,REVIEW,AUX-RF-0042,C_BLACK_AND_WHITE_CONTRAST,C_BLACK_AND_WHITE_CONTRAST|E_MIXED_CHROMATIC_UNSAFE_RECOLOUR,true
provider-logo::SKYROCK.png,AUX-PROV-A0654F7DAF8C,provider-logo,SKYROCK.png,REVIEW,AUX-RF-0546,C_BLACK_AND_WHITE_CONTRAST,C_BLACK_AND_WHITE_CONTRAST|D_COMPONENT_MASK_AMBIGUOUS|E_MIXED_CHROMATIC_UNSAFE_RECOLOUR,true
provider-logo::SLM.png,AUX-PROV-4D84EFE0275E,provider-logo,SLM.png,REVIEW,AUX-RF-0787,E_MIXED_CHROMATIC_UNSAFE_RECOLOUR,E_MIXED_CHROMATIC_UNSAFE_RECOLOUR,true
provider-logo::SLOVAK TELECOM.png,AUX-PROV-3CA32B38BE01,provider-logo,SLOVAK TELECOM.png,REVIEW,AUX-RF-0254,C_BLACK_AND_WHITE_CONTRAST,C_BLACK_AND_WHITE_CONTRAST|E_MIXED_CHROMATIC_UNSAFE_RECOLOUR,true
provider-logo::SLOVAK TELEKOM.png,AUX-PROV-A4772231E7F3,provider-logo,SLOVAK TELEKOM.png,REVIEW,AUX-RF-0443,C_BLACK_AND_WHITE_CONTRAST,C_BLACK_AND_WHITE_CONTRAST|E_MIXED_CHROMATIC_UNSAFE_RECOLOUR,true
provider-logo::SMOOTH FM.png,AUX-PROV-E4F380A581E8,provider-logo,SMOOTH FM.png,REVIEW,AUX-RF-0809,E_MIXED_CHROMATIC_UNSAFE_RECOLOUR,E_MIXED_CHROMATIC_UNSAFE_RECOLOUR,true
provider-logo::SMR6.png,AUX-PROV-3B6718344928,provider-logo,SMR6.png,REVIEW,AUX-RF-0328,C_BLACK_AND_WHITE_CONTRAST,C_BLACK_AND_WHITE_CONTRAST|E_MIXED_CHROMATIC_UNSAFE_RECOLOUR,false
provider-logo::SNAI LIVE.png,AUX-PROV-746976377A00,provider-logo,SNAI LIVE.png,REVIEW,AUX-RF-0325,C_BLACK_AND_WHITE_CONTRAST,C_BLACK_AND_WHITE_CONTRAST|E_MIXED_CHROMATIC_UNSAFE_RECOLOUR,true
provider-logo::SNRT-2.png,AUX-PROV-D1B230C62978,provider-logo,SNRT-2.png,REVIEW,AUX-RF-0202,C_BLACK_AND_WHITE_CONTRAST,C_BLACK_AND_WHITE_CONTRAST|E_MIXED_CHROMATIC_UNSAFE_RECOLOUR,true
provider-logo::SNRT-ALHOCEIMA.png,AUX-PROV-A7EBCC138AAB,provider-logo,SNRT-ALHOCEIMA.png,REVIEW,AUX-RF-0035,C_BLACK_AND_WHITE_CONTRAST,C_BLACK_AND_WHITE_CONTRAST|D_COMPONENT_MASK_AMBIGUOUS|E_MIXED_CHROMATIC_UNSAFE_RECOLOUR,true
provider-logo::SNRT.png,AUX-PROV-FBE918C048A1,provider-logo,SNRT.png,REVIEW,AUX-RF-0406,C_BLACK_AND_WHITE_CONTRAST,C_BLACK_AND_WHITE_CONTRAST|E_MIXED_CHROMATIC_UNSAFE_RECOLOUR,true
provider-logo::SOLAR MEDIA.png,AUX-PROV-6964AF2B2B98,provider-logo,SOLAR MEDIA.png,REVIEW,AUX-RF-0833,E_MIXED_CHROMATIC_UNSAFE_RECOLOUR,E_MIXED_CHROMATIC_UNSAFE_RECOLOUR,true
provider-logo::SOREAD 2M.png,AUX-PROV-CB26C19B8783,provider-logo,SOREAD 2M.png,REVIEW,AUX-RF-0501,C_BLACK_AND_WHITE_CONTRAST,C_BLACK_AND_WHITE_CONTRAST|D_COMPONENT_MASK_AMBIGUOUS|E_MIXED_CHROMATIC_UNSAFE_RECOLOUR,false
provider-logo::SOVOK TV.png,AUX-PROV-9C8419CF8AA9,provider-logo,SOVOK TV.png,REVIEW,AUX-RF-0637,C_BLACK_AND_WHITE_CONTRAST,C_BLACK_AND_WHITE_CONTRAST|E_MIXED_CHROMATIC_UNSAFE_RECOLOUR,true
provider-logo::SPACECOM.png,AUX-PROV-EECF3B3948AB,provider-logo,SPACECOM.png,SOURCE-UNRESOLVED,AUX-RF-1131,I_SOURCE_UNRESOLVED_BW,I_SOURCE_UNRESOLVED_BW,true
provider-logo::SPI.png,AUX-PROV-EB1DB3876529,provider-logo,SPI.png,REVIEW,AUX-RF-0190,C_BLACK_AND_WHITE_CONTRAST,C_BLACK_AND_WHITE_CONTRAST|D_COMPONENT_MASK_AMBIGUOUS|E_MIXED_CHROMATIC_UNSAFE_RECOLOUR,true
provider-logo::SPORT TV 3 HD.png,AUX-PROV-9019785AFB4A,provider-logo,SPORT TV 3 HD.png,REVIEW,AUX-RF-0393,C_BLACK_AND_WHITE_CONTRAST,C_BLACK_AND_WHITE_CONTRAST|E_MIXED_CHROMATIC_UNSAFE_RECOLOUR,true
provider-logo::SPORT TV 3.png,AUX-PROV-F5CAB59EC536,provider-logo,SPORT TV 3.png,REVIEW,AUX-RF-0204,C_BLACK_AND_WHITE_CONTRAST,C_BLACK_AND_WHITE_CONTRAST|E_MIXED_CHROMATIC_UNSAFE_RECOLOUR,true
provider-logo::SPORT TV 4 HD.png,AUX-PROV-B9FD070DFE7E,provider-logo,SPORT TV 4 HD.png,REVIEW,AUX-RF-0061,C_BLACK_AND_WHITE_CONTRAST,C_BLACK_AND_WHITE_CONTRAST|E_MIXED_CHROMATIC_UNSAFE_RECOLOUR,true
provider-logo::SPORT TV 4.png,AUX-PROV-F0EF6635490E,provider-logo,SPORT TV 4.png,REVIEW,AUX-RF-0168,C_BLACK_AND_WHITE_CONTRAST,C_BLACK_AND_WHITE_CONTRAST|E_MIXED_CHROMATIC_UNSAFE_RECOLOUR,true
provider-logo::SPORT TV 5 HD.png,AUX-PROV-2A6B29AB7AC0,provider-logo,SPORT TV 5 HD.png,REVIEW,AUX-RF-0145,C_BLACK_AND_WHITE_CONTRAST,C_BLACK_AND_WHITE_CONTRAST|E_MIXED_CHROMATIC_UNSAFE_RECOLOUR,true
provider-logo::SPORT TV 5.png,AUX-PROV-EFF115D60173,provider-logo,SPORT TV 5.png,REVIEW,AUX-RF-0611,C_BLACK_AND_WHITE_CONTRAST,C_BLACK_AND_WHITE_CONTRAST|E_MIXED_CHROMATIC_UNSAFE_RECOLOUR,true
provider-logo::SPORT TV 6 HD.png,AUX-PROV-17979AB3EA9D,provider-logo,SPORT TV 6 HD.png,REVIEW,AUX-RF-0304,C_BLACK_AND_WHITE_CONTRAST,C_BLACK_AND_WHITE_CONTRAST|E_MIXED_CHROMATIC_UNSAFE_RECOLOUR,true
provider-logo::SPORT TV+.png,AUX-PROV-169BFB479FDA,provider-logo,SPORT TV+.png,REVIEW,AUX-RF-0449,C_BLACK_AND_WHITE_CONTRAST,C_BLACK_AND_WHITE_CONTRAST|E_MIXED_CHROMATIC_UNSAFE_RECOLOUR,true
provider-logo::SPORT TVPLUS.png,AUX-PROV-A0CEE6CE7FAD,provider-logo,SPORT TVPLUS.png,REVIEW,AUX-RF-0310,C_BLACK_AND_WHITE_CONTRAST,C_BLACK_AND_WHITE_CONTRAST|D_COMPONENT_MASK_AMBIGUOUS|E_MIXED_CHROMATIC_UNSAFE_RECOLOUR,true
provider-logo::SPORTTV2.png,AUX-PROV-441A3A02519C,provider-logo,SPORTTV2.png,REVIEW,AUX-RF-0119,C_BLACK_AND_WHITE_CONTRAST,C_BLACK_AND_WHITE_CONTRAST|E_MIXED_CHROMATIC_UNSAFE_RECOLOUR,true
provider-logo::SPRO TV.png,AUX-PROV-B61D30F07345,provider-logo,SPRO TV.png,REVIEW,AUX-RF-0868,E_MIXED_CHROMATIC_UNSAFE_RECOLOUR,E_MIXED_CHROMATIC_UNSAFE_RECOLOUR,true
provider-logo::SPTV.png,AUX-PROV-834070E6C479,provider-logo,SPTV.png,REVIEW,AUX-RF-0046,C_BLACK_AND_WHITE_CONTRAST,C_BLACK_AND_WHITE_CONTRAST|E_MIXED_CHROMATIC_UNSAFE_RECOLOUR,true
provider-logo::SRG SSR IDEE SUISSE.png,AUX-PROV-479D217EC12C,provider-logo,SRG SSR IDEE SUISSE.png,SOURCE-UNRESOLVED,AUX-RF-0941,I_SOURCE_UNRESOLVED_BW,I_SOURCE_UNRESOLVED_BW,true
provider-logo::SRG SSR SUISSE.png,AUX-PROV-6CE45584437B,provider-logo,SRG SSR SUISSE.png,SOURCE-UNRESOLVED,AUX-RF-0941,I_SOURCE_UNRESOLVED_BW,I_SOURCE_UNRESOLVED_BW,false
provider-logo::SRG SSR.png,AUX-PROV-90118DFC8CDC,provider-logo,SRG SSR.png,REVIEW,AUX-RF-0082,C_BLACK_AND_WHITE_CONTRAST,C_BLACK_AND_WHITE_CONTRAST|D_COMPONENT_MASK_AMBIGUOUS|E_MIXED_CHROMATIC_UNSAFE_RECOLOUR,true
provider-logo::SRTV.png,AUX-PROV-CC5CEDFED4FA,provider-logo,SRTV.png,REVIEW,AUX-RF-0299,C_BLACK_AND_WHITE_CONTRAST,C_BLACK_AND_WHITE_CONTRAST|E_MIXED_CHROMATIC_UNSAFE_RECOLOUR,true
provider-logo::SSU STBS NAGRAGUIDE HD.png,AUX-PROV-D8E7017BFD50,provider-logo,SSU STBS NAGRAGUIDE HD.png,REVIEW,AUX-RF-0638,C_BLACK_AND_WHITE_CONTRAST,C_BLACK_AND_WHITE_CONTRAST|D_COMPONENT_MASK_AMBIGUOUS|E_MIXED_CHROMATIC_UNSAFE_RECOLOUR,true
provider-logo::ST.png,AUX-PROV-2681E4250AF7,provider-logo,ST.png,SOURCE-UNRESOLVED,AUX-RF-1181,I_SOURCE_UNRESOLVED_BW,I_SOURCE_UNRESOLVED_BW,true
provider-logo::STARLIGHTMEDIA.png,AUX-PROV-2089C1716351,provider-logo,STARLIGHTMEDIA.png,REVIEW,AUX-RF-0767,E_MIXED_CHROMATIC_UNSAFE_RECOLOUR,E_MIXED_CHROMATIC_UNSAFE_RECOLOUR,true
provider-logo::STARLINK.png,AUX-PROV-B849843803D2,provider-logo,STARLINK.png,REVIEW,AUX-RF-0201,C_BLACK_AND_WHITE_CONTRAST,C_BLACK_AND_WHITE_CONTRAST|E_MIXED_CHROMATIC_UNSAFE_RECOLOUR,true
provider-logo::STARNET.png,AUX-PROV-ABD2D14793EE,provider-logo,STARNET.png,REVIEW,AUX-RF-0139,C_BLACK_AND_WHITE_CONTRAST,C_BLACK_AND_WHITE_CONTRAST|D_COMPONENT_MASK_AMBIGUOUS|E_MIXED_CHROMATIC_UNSAFE_RECOLOUR,true
provider-logo::STN L.png,AUX-PROV-F27B0F0A252F,provider-logo,STN L.png,REVIEW,AUX-RF-0264,C_BLACK_AND_WHITE_CONTRAST,C_BLACK_AND_WHITE_CONTRAST|E_MIXED_CHROMATIC_UNSAFE_RECOLOUR,true
provider-logo::STN LTD.png,AUX-PROV-C79F41B71215,provider-logo,STN LTD.png,REVIEW,AUX-RF-0162,C_BLACK_AND_WHITE_CONTRAST,C_BLACK_AND_WHITE_CONTRAST|E_MIXED_CHROMATIC_UNSAFE_RECOLOUR,true
provider-logo::STN PLC.png,AUX-PROV-D7D4E9875D1A,provider-logo,STN PLC.png,REVIEW,AUX-RF-0227,C_BLACK_AND_WHITE_CONTRAST,C_BLACK_AND_WHITE_CONTRAST|E_MIXED_CHROMATIC_UNSAFE_RECOLOUR,true
provider-logo::STN.png,AUX-PROV-EE7B6D92CD22,provider-logo,STN.png,REVIEW,AUX-RF-0227,C_BLACK_AND_WHITE_CONTRAST,C_BLACK_AND_WHITE_CONTRAST|E_MIXED_CHROMATIC_UNSAFE_RECOLOUR,false
provider-logo::STREAM.png,AUX-PROV-F264DC002CA6,provider-logo,STREAM.png,REVIEW,AUX-RF-0014,C_BLACK_AND_WHITE_CONTRAST,C_BLACK_AND_WHITE_CONTRAST|E_MIXED_CHROMATIC_UNSAFE_RECOLOUR,true
provider-logo::STREAMTV.png,AUX-PROV-0D6D6304233A,provider-logo,STREAMTV.png,REVIEW,AUX-RF-0060,C_BLACK_AND_WHITE_CONTRAST,C_BLACK_AND_WHITE_CONTRAST|E_MIXED_CHROMATIC_UNSAFE_RECOLOUR,true
provider-logo::STV.png,AUX-PROV-8B4237F6E065,provider-logo,STV.png,REVIEW,AUX-RF-0879,E_MIXED_CHROMATIC_UNSAFE_RECOLOUR,E_MIXED_CHROMATIC_UNSAFE_RECOLOUR,true
provider-logo::SUDAN SPORT.png,AUX-PROV-E2BF787F77FF,provider-logo,SUDAN SPORT.png,REVIEW,AUX-RF-0653,C_BLACK_AND_WHITE_CONTRAST,C_BLACK_AND_WHITE_CONTRAST|D_COMPONENT_MASK_AMBIGUOUS|E_MIXED_CHROMATIC_UNSAFE_RECOLOUR,true
provider-logo::SUDAN TV.png,AUX-PROV-A19B854E0AF3,provider-logo,SUDAN TV.png,REVIEW,AUX-RF-0244,C_BLACK_AND_WHITE_CONTRAST,C_BLACK_AND_WHITE_CONTRAST|D_COMPONENT_MASK_AMBIGUOUS|E_MIXED_CHROMATIC_UNSAFE_RECOLOUR,true
provider-logo::SUDANIA 24NONE.png,AUX-PROV-FBDBF9EDD33E,provider-logo,SUDANIA 24NONE.png,REVIEW,AUX-RF-0047,C_BLACK_AND_WHITE_CONTRAST,C_BLACK_AND_WHITE_CONTRAST|D_COMPONENT_MASK_AMBIGUOUS|E_MIXED_CHROMATIC_UNSAFE_RECOLOUR,true
provider-logo::SUDANIA24 GROUP.png,AUX-PROV-A4C803CB0216,provider-logo,SUDANIA24 GROUP.png,REVIEW,AUX-RF-0507,C_BLACK_AND_WHITE_CONTRAST,C_BLACK_AND_WHITE_CONTRAST|D_COMPONENT_MASK_AMBIGUOUS|E_MIXED_CHROMATIC_UNSAFE_RECOLOUR,true
provider-logo::SUPERFM.png,AUX-PROV-A72DA0F3C9F4,provider-logo,SUPERFM.png,REVIEW,AUX-RF-0687,D_COMPONENT_MASK_AMBIGUOUS,D_COMPONENT_MASK_AMBIGUOUS|E_MIXED_CHROMATIC_UNSAFE_RECOLOUR,true
provider-logo::SUPERTV.png,AUX-PROV-549CF151B766,provider-logo,SUPERTV.png,REVIEW,AUX-RF-0327,C_BLACK_AND_WHITE_CONTRAST,C_BLACK_AND_WHITE_CONTRAST|D_COMPONENT_MASK_AMBIGUOUS|E_MIXED_CHROMATIC_UNSAFE_RECOLOUR,true
provider-logo::SV.png,AUX-PROV-0382DE8D571A,provider-logo,SV.png,REVIEW,AUX-RF-0122,C_BLACK_AND_WHITE_CONTRAST,C_BLACK_AND_WHITE_CONTRAST|D_COMPONENT_MASK_AMBIGUOUS|E_MIXED_CHROMATIC_UNSAFE_RECOLOUR,true
provider-logo::SVITLE RADIO.png,AUX-PROV-C4DCFF72C5A2,provider-logo,SVITLE RADIO.png,REVIEW,AUX-RF-0658,C_BLACK_AND_WHITE_CONTRAST,C_BLACK_AND_WHITE_CONTRAST|E_MIXED_CHROMATIC_UNSAFE_RECOLOUR,true
provider-logo::SVS.png,AUX-PROV-1CD6E219BC99,provider-logo,SVS.png,REVIEW,AUX-RF-0686,D_COMPONENT_MASK_AMBIGUOUS,D_COMPONENT_MASK_AMBIGUOUS|E_MIXED_CHROMATIC_UNSAFE_RECOLOUR,true
provider-logo::SW KAON DTH.png,AUX-PROV-018CD5E90764,provider-logo,SW KAON DTH.png,REVIEW,AUX-RF-0017,C_BLACK_AND_WHITE_CONTRAST,C_BLACK_AND_WHITE_CONTRAST|D_COMPONENT_MASK_AMBIGUOUS|E_MIXED_CHROMATIC_UNSAFE_RECOLOUR,true
provider-logo::SWISS SATELLITE RADIO.png,AUX-PROV-625112F6DE24,provider-logo,SWISS SATELLITE RADIO.png,REVIEW,AUX-RF-0082,C_BLACK_AND_WHITE_CONTRAST,C_BLACK_AND_WHITE_CONTRAST|D_COMPONENT_MASK_AMBIGUOUS|E_MIXED_CHROMATIC_UNSAFE_RECOLOUR,false
provider-logo::SYFY.png,AUX-PROV-A6B630D4C522,provider-logo,SYFY.png,REVIEW,AUX-RF-0761,E_MIXED_CHROMATIC_UNSAFE_RECOLOUR,E_MIXED_CHROMATIC_UNSAFE_RECOLOUR,true
provider-logo::SYNTERRAMEDIA.png,AUX-PROV-6A5D67B003B7,provider-logo,SYNTERRAMEDIA.png,REVIEW,AUX-RF-0308,C_BLACK_AND_WHITE_CONTRAST,C_BLACK_AND_WHITE_CONTRAST|E_MIXED_CHROMATIC_UNSAFE_RECOLOUR,true
provider-logo::T-HOME MAGIO TV.png,AUX-PROV-BF422F08824A,provider-logo,T-HOME MAGIO TV.png,SOURCE-UNRESOLVED,AUX-RF-1120,I_SOURCE_UNRESOLVED_BW,I_SOURCE_UNRESOLVED_BW,false
provider-logo::T-HOME MAGIOTV.png,AUX-PROV-5C87C9C81B32,provider-logo,T-HOME MAGIOTV.png,SOURCE-UNRESOLVED,AUX-RF-1120,I_SOURCE_UNRESOLVED_BW,I_SOURCE_UNRESOLVED_BW,false
provider-logo::T-HOME.png,AUX-PROV-6A54703F276E,provider-logo,T-HOME.png,REVIEW,AUX-RF-0117,C_BLACK_AND_WHITE_CONTRAST,C_BLACK_AND_WHITE_CONTRAST|E_MIXED_CHROMATIC_UNSAFE_RECOLOUR,true
provider-logo::TADIRAN SCOPUS.png,AUX-PROV-6F78EBBAD2EF,provider-logo,TADIRAN SCOPUS.png,SOURCE-UNRESOLVED,AUX-RF-0931,I_SOURCE_UNRESOLVED_BW,I_SOURCE_UNRESOLVED_BW,false
provider-logo::TAG BROADCASTING.png,AUX-PROV-8D8E322CC8D8,provider-logo,TAG BROADCASTING.png,REVIEW,AUX-RF-0550,C_BLACK_AND_WHITE_CONTRAST,C_BLACK_AND_WHITE_CONTRAST|D_COMPONENT_MASK_AMBIGUOUS|E_MIXED_CHROMATIC_UNSAFE_RECOLOUR,true
provider-logo::TAG BRODCASTING.png,AUX-PROV-FABC1FA9D701,provider-logo,TAG BRODCASTING.png,REVIEW,AUX-RF-0354,C_BLACK_AND_WHITE_CONTRAST,C_BLACK_AND_WHITE_CONTRAST|E_MIXED_CHROMATIC_UNSAFE_RECOLOUR,true
provider-logo::TAG.png,AUX-PROV-EC4776E2B1BE,provider-logo,TAG.png,REVIEW,AUX-RF-0472,C_BLACK_AND_WHITE_CONTRAST,C_BLACK_AND_WHITE_CONTRAST|D_COMPONENT_MASK_AMBIGUOUS|E_MIXED_CHROMATIC_UNSAFE_RECOLOUR,true
provider-logo::TANDBERG.png,AUX-PROV-35B7A2371029,provider-logo,TANDBERG.png,SOURCE-UNRESOLVED,AUX-RF-1019,I_SOURCE_UNRESOLVED_BW,I_SOURCE_UNRESOLVED_BW,true
provider-logo::TBN.png,AUX-PROV-D132E7D952DF,provider-logo,TBN.png,REVIEW,AUX-RF-0213,C_BLACK_AND_WHITE_CONTRAST,C_BLACK_AND_WHITE_CONTRAST|D_COMPONENT_MASK_AMBIGUOUS|E_MIXED_CHROMATIC_UNSAFE_RECOLOUR,true
provider-logo::TBNFARSI.png,AUX-PROV-03C76B01E882,provider-logo,TBNFARSI.png,REVIEW,AUX-RF-0542,C_BLACK_AND_WHITE_CONTRAST,C_BLACK_AND_WHITE_CONTRAST|D_COMPONENT_MASK_AMBIGUOUS|E_MIXED_CHROMATIC_UNSAFE_RECOLOUR,true
provider-logo::TDA DZ.png,AUX-PROV-BB518F11E2AE,provider-logo,TDA DZ.png,REVIEW,AUX-RF-0022,C_BLACK_AND_WHITE_CONTRAST,C_BLACK_AND_WHITE_CONTRAST|E_MIXED_CHROMATIC_UNSAFE_RECOLOUR,true
provider-logo::TDA.png,AUX-PROV-9A6D9E219BF6,provider-logo,TDA.png,REVIEW,AUX-RF-0022,C_BLACK_AND_WHITE_CONTRAST,C_BLACK_AND_WHITE_CONTRAST|E_MIXED_CHROMATIC_UNSAFE_RECOLOUR,false
provider-logo::TDEP.png,AUX-PROV-478B116B4392,provider-logo,TDEP.png,REVIEW,AUX-RF-0372,C_BLACK_AND_WHITE_CONTRAST,C_BLACK_AND_WHITE_CONTRAST|E_MIXED_CHROMATIC_UNSAFE_RECOLOUR,false
provider-logo::TDF.png,AUX-PROV-3A843B0F5678,provider-logo,TDF.png,REVIEW,AUX-RF-0537,C_BLACK_AND_WHITE_CONTRAST,C_BLACK_AND_WHITE_CONTRAST|D_COMPONENT_MASK_AMBIGUOUS|E_MIXED_CHROMATIC_UNSAFE_RECOLOUR,false
provider-logo::TDM.png,AUX-PROV-D3F4143D7D72,provider-logo,TDM.png,REVIEW,AUX-RF-0686,D_COMPONENT_MASK_AMBIGUOUS,D_COMPONENT_MASK_AMBIGUOUS|E_MIXED_CHROMATIC_UNSAFE_RECOLOUR,false
provider-logo::TDS.png,AUX-PROV-51A19EF83EFC,provider-logo,TDS.png,REVIEW,AUX-RF-0263,C_BLACK_AND_WHITE_CONTRAST,C_BLACK_AND_WHITE_CONTRAST|D_COMPONENT_MASK_AMBIGUOUS|E_MIXED_CHROMATIC_UNSAFE_RECOLOUR,true
provider-logo::TEAM SAT.png,AUX-PROV-61E8AD078C38,provider-logo,TEAM SAT.png,SOURCE-UNRESOLVED,AUX-RF-1199,J_SOURCE_UNRESOLVED_BLACK_ONLY,J_SOURCE_UNRESOLVED_BLACK_ONLY,true
provider-logo::TEAMMEDIA.png,AUX-PROV-9A5840349CC7,provider-logo,TEAMMEDIA.png,SOURCE-UNRESOLVED,AUX-RF-1190,J_SOURCE_UNRESOLVED_BLACK_ONLY,J_SOURCE_UNRESOLVED_BLACK_ONLY,true
provider-logo::TEAMSAT.png,AUX-PROV-D844BA9A0CD1,provider-logo,TEAMSAT.png,REVIEW,AUX-RF-0134,C_BLACK_AND_WHITE_CONTRAST,C_BLACK_AND_WHITE_CONTRAST|E_MIXED_CHROMATIC_UNSAFE_RECOLOUR,true
provider-logo::TEELSPAZIO.png,AUX-PROV-C3697B93A7B1,provider-logo,TEELSPAZIO.png,REVIEW,AUX-RF-0431,C_BLACK_AND_WHITE_CONTRAST,C_BLACK_AND_WHITE_CONTRAST|E_MIXED_CHROMATIC_UNSAFE_RECOLOUR,true
provider-logo::TELE 2000.png,AUX-PROV-0F286A962E3E,provider-logo,TELE 2000.png,REVIEW,AUX-RF-0113,C_BLACK_AND_WHITE_CONTRAST,C_BLACK_AND_WHITE_CONTRAST|D_COMPONENT_MASK_AMBIGUOUS|E_MIXED_CHROMATIC_UNSAFE_RECOLOUR,true
provider-logo::TELE IN.png,AUX-PROV-F204CC45B424,provider-logo,TELE IN.png,REVIEW,AUX-RF-0540,C_BLACK_AND_WHITE_CONTRAST,C_BLACK_AND_WHITE_CONTRAST|E_MIXED_CHROMATIC_UNSAFE_RECOLOUR,true
provider-logo::TELEA1.png,AUX-PROV-99EB503A2B45,provider-logo,TELEA1.png,REVIEW,AUX-RF-0785,E_MIXED_CHROMATIC_UNSAFE_RECOLOUR,E_MIXED_CHROMATIC_UNSAFE_RECOLOUR,true
provider-logo::TELECAMPIONE.png,AUX-PROV-FD69221E52E0,provider-logo,TELECAMPIONE.png,REVIEW,AUX-RF-0246,C_BLACK_AND_WHITE_CONTRAST,C_BLACK_AND_WHITE_CONTRAST|D_COMPONENT_MASK_AMBIGUOUS|E_MIXED_CHROMATIC_UNSAFE_RECOLOUR,true
provider-logo::TELECAPRI.png,AUX-PROV-97BE64D5BBA4,provider-logo,TELECAPRI.png,REVIEW,AUX-RF-0742,E_MIXED_CHROMATIC_UNSAFE_RECOLOUR,E_MIXED_CHROMATIC_UNSAFE_RECOLOUR,true
provider-logo::TELECITY.png,AUX-PROV-D24B8DDADA55,provider-logo,TELECITY.png,SOURCE-UNRESOLVED,AUX-RF-1206,J_SOURCE_UNRESOLVED_BLACK_ONLY,J_SOURCE_UNRESOLVED_BLACK_ONLY,true
provider-logo::TELECLUSONE.png,AUX-PROV-F89EA83C3E84,provider-logo,TELECLUSONE.png,REVIEW,AUX-RF-0053,C_BLACK_AND_WHITE_CONTRAST,C_BLACK_AND_WHITE_CONTRAST|D_COMPONENT_MASK_AMBIGUOUS|E_MIXED_CHROMATIC_UNSAFE_RECOLOUR,true
provider-logo::TELECOLOR.png,AUX-PROV-57D8E84A0F38,provider-logo,TELECOLOR.png,REVIEW,AUX-RF-0111,C_BLACK_AND_WHITE_CONTRAST,C_BLACK_AND_WHITE_CONTRAST|D_COMPONENT_MASK_AMBIGUOUS|E_MIXED_CHROMATIC_UNSAFE_RECOLOUR,true
provider-logo::TELECOM AUSTRIA AG.png,AUX-PROV-1B2747276657,provider-logo,TELECOM AUSTRIA AG.png,REVIEW,AUX-RF-0719,D_COMPONENT_MASK_AMBIGUOUS,D_COMPONENT_MASK_AMBIGUOUS|E_MIXED_CHROMATIC_UNSAFE_RECOLOUR,true
provider-logo::TELEFONICA SERVICIOS AUDIOVISUALES.png,AUX-PROV-ACC1117FF608,provider-logo,TELEFONICA SERVICIOS AUDIOVISUALES.png,SOURCE-UNRESOLVED,AUX-RF-1123,I_SOURCE_UNRESOLVED_BW,I_SOURCE_UNRESOLVED_BW,true
provider-logo::TELEFONICA SPAIN.png,AUX-PROV-19F9F87FB91F,provider-logo,TELEFONICA SPAIN.png,SOURCE-UNRESOLVED,AUX-RF-1123,I_SOURCE_UNRESOLVED_BW,I_SOURCE_UNRESOLVED_BW,false
provider-logo::TELEFONICA.png,AUX-PROV-6F29F05702B8,provider-logo,TELEFONICA.png,SOURCE-UNRESOLVED,AUX-RF-1123,I_SOURCE_UNRESOLVED_BW,I_SOURCE_UNRESOLVED_BW,false
provider-logo::TELEGRANDUCATO.png,AUX-PROV-673DE8747290,provider-logo,TELEGRANDUCATO.png,REVIEW,AUX-RF-0604,C_BLACK_AND_WHITE_CONTRAST,C_BLACK_AND_WHITE_CONTRAST|D_COMPONENT_MASK_AMBIGUOUS|E_MIXED_CHROMATIC_UNSAFE_RECOLOUR,true
provider-logo::TELEIPPICA.png,AUX-PROV-0A2017B366E2,provider-logo,TELEIPPICA.png,REVIEW,AUX-RF-0441,C_BLACK_AND_WHITE_CONTRAST,C_BLACK_AND_WHITE_CONTRAST|E_MIXED_CHROMATIC_UNSAFE_RECOLOUR,true
provider-logo::TELEKOM AUSTRIA AG.png,AUX-PROV-B4F9C0EEB0F6,provider-logo,TELEKOM AUSTRIA AG.png,REVIEW,AUX-RF-0624,C_BLACK_AND_WHITE_CONTRAST,C_BLACK_AND_WHITE_CONTRAST|E_MIXED_CHROMATIC_UNSAFE_RECOLOUR,true
provider-logo::TELEKOMSRBIJA.png,AUX-PROV-0DCD232E2AB9,provider-logo,TELEKOMSRBIJA.png,SOURCE-UNRESOLVED,AUX-RF-0989,I_SOURCE_UNRESOLVED_BW,I_SOURCE_UNRESOLVED_BW,true
provider-logo::TELEMEDIA.png,AUX-PROV-6A1DE0093F79,provider-logo,TELEMEDIA.png,REVIEW,AUX-RF-0503,C_BLACK_AND_WHITE_CONTRAST,C_BLACK_AND_WHITE_CONTRAST|D_COMPONENT_MASK_AMBIGUOUS|E_MIXED_CHROMATIC_UNSAFE_RECOLOUR,true
provider-logo::TELEMOLISE.png,AUX-PROV-F289ACA7321A,provider-logo,TELEMOLISE.png,REVIEW,AUX-RF-0452,C_BLACK_AND_WHITE_CONTRAST,C_BLACK_AND_WHITE_CONTRAST|D_COMPONENT_MASK_AMBIGUOUS|E_MIXED_CHROMATIC_UNSAFE_RECOLOUR,true
provider-logo::TELENOR.png,AUX-PROV-3648FB4DE977,provider-logo,TELENOR.png,REVIEW,AUX-RF-0771,E_MIXED_CHROMATIC_UNSAFE_RECOLOUR,E_MIXED_CHROMATIC_UNSAFE_RECOLOUR,true
provider-logo::TELENORD_HD.png,AUX-PROV-AD4C48C3C33D,provider-logo,TELENORD_HD.png,SOURCE-UNRESOLVED,AUX-RF-1203,J_SOURCE_UNRESOLVED_BLACK_ONLY,J_SOURCE_UNRESOLVED_BLACK_ONLY,true
provider-logo::TELENUOVO-TN.png,AUX-PROV-0B283913EC4D,provider-logo,TELENUOVO-TN.png,REVIEW,AUX-RF-0106,C_BLACK_AND_WHITE_CONTRAST,C_BLACK_AND_WHITE_CONTRAST|E_MIXED_CHROMATIC_UNSAFE_RECOLOUR,true
provider-logo::TELENUOVO-VR.png,AUX-PROV-9D61AD4EA7B3,provider-logo,TELENUOVO-VR.png,REVIEW,AUX-RF-0385,C_BLACK_AND_WHITE_CONTRAST,C_BLACK_AND_WHITE_CONTRAST|E_MIXED_CHROMATIC_UNSAFE_RECOLOUR,true
provider-logo::TELEPACE TN.png,AUX-PROV-BA87886EB071,provider-logo,TELEPACE TN.png,REVIEW,AUX-RF-0818,E_MIXED_CHROMATIC_UNSAFE_RECOLOUR,E_MIXED_CHROMATIC_UNSAFE_RECOLOUR,true
provider-logo::TELEPACE.png,AUX-PROV-D1A70C16ED59,provider-logo,TELEPACE.png,REVIEW,AUX-RF-0818,E_MIXED_CHROMATIC_UNSAFE_RECOLOUR,E_MIXED_CHROMATIC_UNSAFE_RECOLOUR,false
provider-logo::TELERADIO.png,AUX-PROV-8FEFFE294640,provider-logo,TELERADIO.png,REVIEW,AUX-RF-0421,C_BLACK_AND_WHITE_CONTRAST,C_BLACK_AND_WHITE_CONTRAST|D_COMPONENT_MASK_AMBIGUOUS|E_MIXED_CHROMATIC_UNSAFE_RECOLOUR,true
provider-logo::TELEREGIONE LIVE.png,AUX-PROV-FC443ED956B3,provider-logo,TELEREGIONE LIVE.png,REVIEW,AUX-RF-0681,D_COMPONENT_MASK_AMBIGUOUS,D_COMPONENT_MASK_AMBIGUOUS|E_MIXED_CHROMATIC_UNSAFE_RECOLOUR,true
provider-logo::TELEREGIONE TOSCANA.png,AUX-PROV-F6443A7A41A2,provider-logo,TELEREGIONE TOSCANA.png,REVIEW,AUX-RF-0832,E_MIXED_CHROMATIC_UNSAFE_RECOLOUR,E_MIXED_CHROMATIC_UNSAFE_RECOLOUR,true
provider-logo::TELEREPORTER.png,AUX-PROV-1E6805B4F399,provider-logo,TELEREPORTER.png,REVIEW,AUX-RF-0530,C_BLACK_AND_WHITE_CONTRAST,C_BLACK_AND_WHITE_CONTRAST|D_COMPONENT_MASK_AMBIGUOUS|E_MIXED_CHROMATIC_UNSAFE_RECOLOUR,true
provider-logo::TELEROMA.png,AUX-PROV-664EF4A9129C,provider-logo,TELEROMA.png,REVIEW,AUX-RF-0225,C_BLACK_AND_WHITE_CONTRAST,C_BLACK_AND_WHITE_CONTRAST|D_COMPONENT_MASK_AMBIGUOUS|E_MIXED_CHROMATIC_UNSAFE_RECOLOUR,true
provider-logo::TELEROMAUNO.png,AUX-PROV-BD5D446E0BC0,provider-logo,TELEROMAUNO.png,REVIEW,AUX-RF-0015,C_BLACK_AND_WHITE_CONTRAST,C_BLACK_AND_WHITE_CONTRAST|D_COMPONENT_MASK_AMBIGUOUS|E_MIXED_CHROMATIC_UNSAFE_RECOLOUR,true
provider-logo::TELESARDEGNA.png,AUX-PROV-9702BE7A451C,provider-logo,TELESARDEGNA.png,REVIEW,AUX-RF-0730,E_MIXED_CHROMATIC_UNSAFE_RECOLOUR,E_MIXED_CHROMATIC_UNSAFE_RECOLOUR,true
provider-logo::TELESIRIO.png,AUX-PROV-B0C004C31E84,provider-logo,TELESIRIO.png,REVIEW,AUX-RF-0547,C_BLACK_AND_WHITE_CONTRAST,C_BLACK_AND_WHITE_CONTRAST|D_COMPONENT_MASK_AMBIGUOUS|E_MIXED_CHROMATIC_UNSAFE_RECOLOUR,true
provider-logo::TELESPAZIO HUNGARY.png,AUX-PROV-6B243B333242,provider-logo,TELESPAZIO HUNGARY.png,SOURCE-UNRESOLVED,AUX-RF-0959,I_SOURCE_UNRESOLVED_BW,I_SOURCE_UNRESOLVED_BW,true
provider-logo::TELESPAZIO.png,AUX-PROV-71ACE6F5F473,provider-logo,TELESPAZIO.png,REVIEW,AUX-RF-0120,C_BLACK_AND_WHITE_CONTRAST,C_BLACK_AND_WHITE_CONTRAST|E_MIXED_CHROMATIC_UNSAFE_RECOLOUR,true
provider-logo::TELETRURIA 2000SRL.png,AUX-PROV-1F6D98F85386,provider-logo,TELETRURIA 2000SRL.png,REVIEW,AUX-RF-0636,C_BLACK_AND_WHITE_CONTRAST,C_BLACK_AND_WHITE_CONTRAST|D_COMPONENT_MASK_AMBIGUOUS|E_MIXED_CHROMATIC_UNSAFE_RECOLOUR,true
provider-logo::TELEUNIVERSO.png,AUX-PROV-3B44FD29720F,provider-logo,TELEUNIVERSO.png,REVIEW,AUX-RF-0317,C_BLACK_AND_WHITE_CONTRAST,C_BLACK_AND_WHITE_CONTRAST|D_COMPONENT_MASK_AMBIGUOUS|E_MIXED_CHROMATIC_UNSAFE_RECOLOUR,true
provider-logo::TELEUROPA.png,AUX-PROV-217AFC2AD389,provider-logo,TELEUROPA.png,REVIEW,AUX-RF-0371,C_BLACK_AND_WHITE_CONTRAST,C_BLACK_AND_WHITE_CONTRAST|E_MIXED_CHROMATIC_UNSAFE_RECOLOUR,true
provider-logo::TELEVISA NETWORKS.png,AUX-PROV-DB1555280C1B,provider-logo,TELEVISA NETWORKS.png,SOURCE-UNRESOLVED,AUX-RF-0942,I_SOURCE_UNRESOLVED_BW,I_SOURCE_UNRESOLVED_BW,true
provider-logo::TELEVISION SUISSE ROMANDE.png,AUX-PROV-194A14117771,provider-logo,TELEVISION SUISSE ROMANDE.png,SOURCE-UNRESOLVED,AUX-RF-1072,I_SOURCE_UNRESOLVED_BW,I_SOURCE_UNRESOLVED_BW,true
provider-logo::TELEVOMERO.png,AUX-PROV-DFBB7F28028C,provider-logo,TELEVOMERO.png,REVIEW,AUX-RF-0600,C_BLACK_AND_WHITE_CONTRAST,C_BLACK_AND_WHITE_CONTRAST|D_COMPONENT_MASK_AMBIGUOUS|E_MIXED_CHROMATIC_UNSAFE_RECOLOUR,true
provider-logo::TELEWIZJA NA KART.png,AUX-PROV-AC5D6F3B6506,provider-logo,TELEWIZJA NA KART.png,SOURCE-UNRESOLVED,AUX-RF-0988,I_SOURCE_UNRESOLVED_BW,I_SOURCE_UNRESOLVED_BW,true
provider-logo::TELEWIZJA NA KARTE.png,AUX-PROV-84B345F4084C,provider-logo,TELEWIZJA NA KARTE.png,SOURCE-UNRESOLVED,AUX-RF-0988,I_SOURCE_UNRESOLVED_BW,I_SOURCE_UNRESOLVED_BW,false
provider-logo::TELLY.png,AUX-PROV-10E82A6EF3CC,provider-logo,TELLY.png,SOURCE-UNRESOLVED,AUX-RF-1222,J_SOURCE_UNRESOLVED_BLACK_ONLY,J_SOURCE_UNRESOLVED_BLACK_ONLY,true
provider-logo::TEST FEED.png,AUX-PROV-ECAED41E6D68,provider-logo,TEST FEED.png,REVIEW,AUX-RF-0121,C_BLACK_AND_WHITE_CONTRAST,C_BLACK_AND_WHITE_CONTRAST|D_COMPONENT_MASK_AMBIGUOUS|E_MIXED_CHROMATIC_UNSAFE_RECOLOUR,false
provider-logo::TEST.png,AUX-PROV-51455F46157A,provider-logo,TEST.png,REVIEW,AUX-RF-0249,C_BLACK_AND_WHITE_CONTRAST,C_BLACK_AND_WHITE_CONTRAST|D_COMPONENT_MASK_AMBIGUOUS|E_MIXED_CHROMATIC_UNSAFE_RECOLOUR,true
provider-logo::TGRT HABER.png,AUX-PROV-AA0309B8B635,provider-logo,TGRT HABER.png,REVIEW,AUX-RF-0896,E_MIXED_CHROMATIC_UNSAFE_RECOLOUR,E_MIXED_CHROMATIC_UNSAFE_RECOLOUR,true
provider-logo::THAQALAYN.png,AUX-PROV-78F15C0827B4,provider-logo,THAQALAYN.png,REVIEW,AUX-RF-0714,D_COMPONENT_MASK_AMBIGUOUS,D_COMPONENT_MASK_AMBIGUOUS|E_MIXED_CHROMATIC_UNSAFE_RECOLOUR,true
provider-logo::THOME.png,AUX-PROV-481D425FDF9A,provider-logo,THOME.png,REVIEW,AUX-RF-0069,C_BLACK_AND_WHITE_CONTRAST,C_BLACK_AND_WHITE_CONTRAST|E_MIXED_CHROMATIC_UNSAFE_RECOLOUR,true
provider-logo::THT.png,AUX-PROV-A41D09B0C486,provider-logo,THT.png,REVIEW,AUX-RF-0680,D_COMPONENT_MASK_AMBIGUOUS,D_COMPONENT_MASK_AMBIGUOUS|E_MIXED_CHROMATIC_UNSAFE_RECOLOUR,true
provider-logo::TIV.png,AUX-PROV-D091E8C535ED,provider-logo,TIV.png,REVIEW,AUX-RF-0436,C_BLACK_AND_WHITE_CONTRAST,C_BLACK_AND_WHITE_CONTRAST|D_COMPONENT_MASK_AMBIGUOUS|E_MIXED_CHROMATIC_UNSAFE_RECOLOUR,true
provider-logo::TIVIBU.png,AUX-PROV-F0E12319CA05,provider-logo,TIVIBU.png,SOURCE-UNRESOLVED,AUX-RF-0998,I_SOURCE_UNRESOLVED_BW,I_SOURCE_UNRESOLVED_BW,true
provider-logo::TIVSAT.png,AUX-PROV-D15AA2709546,provider-logo,TIVSAT.png,SOURCE-UNRESOLVED,AUX-RF-0998,I_SOURCE_UNRESOLVED_BW,I_SOURCE_UNRESOLVED_BW,false
provider-logo::TIVU.png,AUX-PROV-E49B3B560B06,provider-logo,TIVU.png,REVIEW,AUX-RF-0583,C_BLACK_AND_WHITE_CONTRAST,C_BLACK_AND_WHITE_CONTRAST|D_COMPONENT_MASK_AMBIGUOUS|E_MIXED_CHROMATIC_UNSAFE_RECOLOUR,true
provider-logo::TIVUBU.png,AUX-PROV-C8357448FB1A,provider-logo,TIVUBU.png,SOURCE-UNRESOLVED,AUX-RF-1180,I_SOURCE_UNRESOLVED_BW,I_SOURCE_UNRESOLVED_BW,true
provider-logo::TLC.png,AUX-PROV-7FD30053D5BE,provider-logo,TLC.png,REVIEW,AUX-RF-0296,C_BLACK_AND_WHITE_CONTRAST,C_BLACK_AND_WHITE_CONTRAST|D_COMPONENT_MASK_AMBIGUOUS|E_MIXED_CHROMATIC_UNSAFE_RECOLOUR,true
provider-logo::TLS.png,AUX-PROV-C5D27119A308,provider-logo,TLS.png,REVIEW,AUX-RF-0259,C_BLACK_AND_WHITE_CONTRAST,C_BLACK_AND_WHITE_CONTRAST|D_COMPONENT_MASK_AMBIGUOUS|E_MIXED_CHROMATIC_UNSAFE_RECOLOUR,true
provider-logo::TNT SAT.png,AUX-PROV-0A397544A5E5,provider-logo,TNT SAT.png,SOURCE-UNRESOLVED,AUX-RF-0929,I_SOURCE_UNRESOLVED_BW,I_SOURCE_UNRESOLVED_BW,true
provider-logo::TNV.png,AUX-PROV-5D3989AA4E49,provider-logo,TNV.png,REVIEW,AUX-RF-0596,C_BLACK_AND_WHITE_CONTRAST,C_BLACK_AND_WHITE_CONTRAST|D_COMPONENT_MASK_AMBIGUOUS|E_MIXED_CHROMATIC_UNSAFE_RECOLOUR,false
provider-logo::TORRENT-TV.png,AUX-PROV-E05D901DFB45,provider-logo,TORRENT-TV.png,REVIEW,AUX-RF-0083,C_BLACK_AND_WHITE_CONTRAST,C_BLACK_AND_WHITE_CONTRAST|D_COMPONENT_MASK_AMBIGUOUS|E_MIXED_CHROMATIC_UNSAFE_RECOLOUR,true
provider-logo::TOTAL MEDIA CAST.png,AUX-PROV-0000345FBD2A,provider-logo,TOTAL MEDIA CAST.png,REVIEW,AUX-RF-0391,C_BLACK_AND_WHITE_CONTRAST,C_BLACK_AND_WHITE_CONTRAST|D_COMPONENT_MASK_AMBIGUOUS|E_MIXED_CHROMATIC_UNSAFE_RECOLOUR,true
provider-logo::TOTAL TV.png,AUX-PROV-59CAD7A13435,provider-logo,TOTAL TV.png,REVIEW,AUX-RF-0788,E_MIXED_CHROMATIC_UNSAFE_RECOLOUR,E_MIXED_CHROMATIC_UNSAFE_RECOLOUR,false
provider-logo::TOTALTV.png,AUX-PROV-A6CA3C27C41A,provider-logo,TOTALTV.png,SOURCE-UNRESOLVED,AUX-RF-1111,I_SOURCE_UNRESOLVED_BW,I_SOURCE_UNRESOLVED_BW,true
provider-logo::TOTOPARTNER.png,AUX-PROV-B1000FDC432F,provider-logo,TOTOPARTNER.png,SOURCE-UNRESOLVED,AUX-RF-1204,J_SOURCE_UNRESOLVED_BLACK_ONLY,J_SOURCE_UNRESOLVED_BLACK_ONLY,true
provider-logo::TOWERCAST 1-M.png,AUX-PROV-AF47F27B9F90,provider-logo,TOWERCAST 1-M.png,REVIEW,AUX-RF-0677,D_COMPONENT_MASK_AMBIGUOUS,D_COMPONENT_MASK_AMBIGUOUS|E_MIXED_CHROMATIC_UNSAFE_RECOLOUR,true
provider-logo::TOWERCOM.png,AUX-PROV-15514474438C,provider-logo,TOWERCOM.png,REVIEW,AUX-RF-0171,C_BLACK_AND_WHITE_CONTRAST,C_BLACK_AND_WHITE_CONTRAST|E_MIXED_CHROMATIC_UNSAFE_RECOLOUR,true
provider-logo::TOWERHOME-PLUSTELKA.png,AUX-PROV-7EB55C1A0431,provider-logo,TOWERHOME-PLUSTELKA.png,SOURCE-UNRESOLVED,AUX-RF-0918,I_SOURCE_UNRESOLVED_BW,I_SOURCE_UNRESOLVED_BW,true
provider-logo::TOWERHOME.png,AUX-PROV-2994B41DE8E4,provider-logo,TOWERHOME.png,REVIEW,AUX-RF-0171,C_BLACK_AND_WHITE_CONTRAST,C_BLACK_AND_WHITE_CONTRAST|E_MIXED_CHROMATIC_UNSAFE_RECOLOUR,false
provider-logo::TP.png,AUX-PROV-DEA3DC8F267C,provider-logo,TP.png,SOURCE-UNRESOLVED,AUX-RF-1071,I_SOURCE_UNRESOLVED_BW,I_SOURCE_UNRESOLVED_BW,true
provider-logo::TPA.png,AUX-PROV-472373102DDF,provider-logo,TPA.png,REVIEW,AUX-RF-0648,C_BLACK_AND_WHITE_CONTRAST,C_BLACK_AND_WHITE_CONTRAST|E_MIXED_CHROMATIC_UNSAFE_RECOLOUR,false
provider-logo::TQ1.png,AUX-PROV-33F4F5D671FE,provider-logo,TQ1.png,REVIEW,AUX-RF-0372,C_BLACK_AND_WHITE_CONTRAST,C_BLACK_AND_WHITE_CONTRAST|E_MIXED_CHROMATIC_UNSAFE_RECOLOUR,false
provider-logo::TQ2.png,AUX-PROV-2DE031264D7E,provider-logo,TQ2.png,REVIEW,AUX-RF-0012,C_BLACK_AND_WHITE_CONTRAST,C_BLACK_AND_WHITE_CONTRAST|E_MIXED_CHROMATIC_UNSAFE_RECOLOUR,false
provider-logo::TRACE MUSIC.png,AUX-PROV-BFED75765543,provider-logo,TRACE MUSIC.png,REVIEW,AUX-RF-0765,E_MIXED_CHROMATIC_UNSAFE_RECOLOUR,E_MIXED_CHROMATIC_UNSAFE_RECOLOUR,true
provider-logo::TRACE TOCA.png,AUX-PROV-3C80EB4AB513,provider-logo,TRACE TOCA.png,REVIEW,AUX-RF-0840,E_MIXED_CHROMATIC_UNSAFE_RECOLOUR,E_MIXED_CHROMATIC_UNSAFE_RECOLOUR,true
provider-logo::TRACE.png,AUX-PROV-81CAA164B93A,provider-logo,TRACE.png,REVIEW,AUX-RF-0058,C_BLACK_AND_WHITE_CONTRAST,C_BLACK_AND_WHITE_CONTRAST|D_COMPONENT_MASK_AMBIGUOUS|E_MIXED_CHROMATIC_UNSAFE_RECOLOUR,true
provider-logo::TRICOLOR TV RUSSIA.png,AUX-PROV-E15409C44E8A,provider-logo,TRICOLOR TV RUSSIA.png,SOURCE-UNRESOLVED,AUX-RF-1165,I_SOURCE_UNRESOLVED_BW,I_SOURCE_UNRESOLVED_BW,true
provider-logo::TRICOLOR TV.png,AUX-PROV-E28B9DF3DD27,provider-logo,TRICOLOR TV.png,SOURCE-UNRESOLVED,AUX-RF-1165,I_SOURCE_UNRESOLVED_BW,I_SOURCE_UNRESOLVED_BW,false
provider-logo::TRICOLORTV.png,AUX-PROV-3B346C310148,provider-logo,TRICOLORTV.png,REVIEW,AUX-RF-0587,C_BLACK_AND_WHITE_CONTRAST,C_BLACK_AND_WHITE_CONTRAST|E_MIXED_CHROMATIC_UNSAFE_RECOLOUR,true
provider-logo::TRING  TV.png,AUX-PROV-A9075C20AA18,provider-logo,TRING  TV.png,SOURCE-UNRESOLVED,AUX-RF-0958,I_SOURCE_UNRESOLVED_BW,I_SOURCE_UNRESOLVED_BW,false
provider-logo::TRING DIGITAL.png,AUX-PROV-751353ECB7DB,provider-logo,TRING DIGITAL.png,SOURCE-UNRESOLVED,AUX-RF-0958,I_SOURCE_UNRESOLVED_BW,I_SOURCE_UNRESOLVED_BW,false
provider-logo::TRING TV.png,AUX-PROV-1D0BD009458B,provider-logo,TRING TV.png,REVIEW,AUX-RF-0130,C_BLACK_AND_WHITE_CONTRAST,C_BLACK_AND_WHITE_CONTRAST|E_MIXED_CHROMATIC_UNSAFE_RECOLOUR,true
provider-logo::TRING.png,AUX-PROV-9564FC323513,provider-logo,TRING.png,REVIEW,AUX-RF-0544,C_BLACK_AND_WHITE_CONTRAST,C_BLACK_AND_WHITE_CONTRAST|E_MIXED_CHROMATIC_UNSAFE_RECOLOUR,true
provider-logo::TRINGTV.png,AUX-PROV-9294F368259D,provider-logo,TRINGTV.png,REVIEW,AUX-RF-0174,C_BLACK_AND_WHITE_CONTRAST,C_BLACK_AND_WHITE_CONTRAST|E_MIXED_CHROMATIC_UNSAFE_RECOLOUR,true
provider-logo::TRINITY.png,AUX-PROV-5CFFAFB50149,provider-logo,TRINITY.png,REVIEW,AUX-RF-0801,E_MIXED_CHROMATIC_UNSAFE_RECOLOUR,E_MIXED_CHROMATIC_UNSAFE_RECOLOUR,true
provider-logo::TRIOLAN.png,AUX-PROV-41C370929CEA,provider-logo,TRIOLAN.png,REVIEW,AUX-RF-0196,C_BLACK_AND_WHITE_CONTRAST,C_BLACK_AND_WHITE_CONTRAST|D_COMPONENT_MASK_AMBIGUOUS|E_MIXED_CHROMATIC_UNSAFE_RECOLOUR,true
provider-logo::TRK ASTRA.png,AUX-PROV-E5E480DA70FE,provider-logo,TRK ASTRA.png,REVIEW,AUX-RF-0250,C_BLACK_AND_WHITE_CONTRAST,C_BLACK_AND_WHITE_CONTRAST|D_COMPONENT_MASK_AMBIGUOUS|E_MIXED_CHROMATIC_UNSAFE_RECOLOUR,true
provider-logo::TRK ERA.png,AUX-PROV-1F4D0BBD46B9,provider-logo,TRK ERA.png,REVIEW,AUX-RF-0420,C_BLACK_AND_WHITE_CONTRAST,C_BLACK_AND_WHITE_CONTRAST|D_COMPONENT_MASK_AMBIGUOUS|E_MIXED_CHROMATIC_UNSAFE_RECOLOUR,true
provider-logo::TRK UKRAINA.png,AUX-PROV-125D8630786F,provider-logo,TRK UKRAINA.png,REVIEW,AUX-RF-0590,C_BLACK_AND_WHITE_CONTRAST,C_BLACK_AND_WHITE_CONTRAST|D_COMPONENT_MASK_AMBIGUOUS|E_MIXED_CHROMATIC_UNSAFE_RECOLOUR,true
provider-logo::TRK UKRAINE.png,AUX-PROV-20186F8A1BA2,provider-logo,TRK UKRAINE.png,REVIEW,AUX-RF-0451,C_BLACK_AND_WHITE_CONTRAST,C_BLACK_AND_WHITE_CONTRAST|D_COMPONENT_MASK_AMBIGUOUS|E_MIXED_CHROMATIC_UNSAFE_RECOLOUR,true
provider-logo::TRMEDIA.png,AUX-PROV-8F20F7250BC2,provider-logo,TRMEDIA.png,REVIEW,AUX-RF-0824,E_MIXED_CHROMATIC_UNSAFE_RECOLOUR,E_MIXED_CHROMATIC_UNSAFE_RECOLOUR,true
provider-logo::TROFEY NET.png,AUX-PROV-019B7B1E065C,provider-logo,TROFEY NET.png,REVIEW,AUX-RF-0357,C_BLACK_AND_WHITE_CONTRAST,C_BLACK_AND_WHITE_CONTRAST|E_MIXED_CHROMATIC_UNSAFE_RECOLOUR,true
provider-logo::TRS 93.png,AUX-PROV-DE4327006899,provider-logo,TRS 93.png,REVIEW,AUX-RF-0416,C_BLACK_AND_WHITE_CONTRAST,C_BLACK_AND_WHITE_CONTRAST|D_COMPONENT_MASK_AMBIGUOUS|E_MIXED_CHROMATIC_UNSAFE_RECOLOUR,true
provider-logo::TRT.png,AUX-PROV-8142263E0655,provider-logo,TRT.png,REVIEW,AUX-RF-0716,D_COMPONENT_MASK_AMBIGUOUS,D_COMPONENT_MASK_AMBIGUOUS|E_MIXED_CHROMATIC_UNSAFE_RECOLOUR,true
provider-logo::TSA.png,AUX-PROV-32CCE078B589,provider-logo,TSA.png,REVIEW,AUX-RF-0023,C_BLACK_AND_WHITE_CONTRAST,C_BLACK_AND_WHITE_CONTRAST|E_MIXED_CHROMATIC_UNSAFE_RECOLOUR,true
provider-logo::TSD.png,AUX-PROV-09BEBF84BE5C,provider-logo,TSD.png,REVIEW,AUX-RF-0323,C_BLACK_AND_WHITE_CONTRAST,C_BLACK_AND_WHITE_CONTRAST|D_COMPONENT_MASK_AMBIGUOUS|E_MIXED_CHROMATIC_UNSAFE_RECOLOUR,true
provider-logo::TSN.png,AUX-PROV-B5D63161AF4A,provider-logo,TSN.png,REVIEW,AUX-RF-0593,C_BLACK_AND_WHITE_CONTRAST,C_BLACK_AND_WHITE_CONTRAST|E_MIXED_CHROMATIC_UNSAFE_RECOLOUR,true
provider-logo::TTCOMM.png,AUX-PROV-866C3A3F8F9E,provider-logo,TTCOMM.png,SOURCE-UNRESOLVED,AUX-RF-1120,I_SOURCE_UNRESOLVED_BW,I_SOURCE_UNRESOLVED_BW,false
provider-logo::TTNET.png,AUX-PROV-91F5DD6CB418,provider-logo,TTNET.png,REVIEW,AUX-RF-0617,C_BLACK_AND_WHITE_CONTRAST,C_BLACK_AND_WHITE_CONTRAST|E_MIXED_CHROMATIC_UNSAFE_RECOLOUR,true
provider-logo::TTS.png,AUX-PROV-D7D23FFD744D,provider-logo,TTS.png,REVIEW,AUX-RF-0764,E_MIXED_CHROMATIC_UNSAFE_RECOLOUR,E_MIXED_CHROMATIC_UNSAFE_RECOLOUR,true
provider-logo::TTV.png,AUX-PROV-CC7758AA3B1D,provider-logo,TTV.png,SOURCE-UNRESOLVED,AUX-RF-0958,I_SOURCE_UNRESOLVED_BW,I_SOURCE_UNRESOLVED_BW,false
provider-logo::TURK MEDYA.png,AUX-PROV-66CA7C34F709,provider-logo,TURK MEDYA.png,REVIEW,AUX-RF-0220,C_BLACK_AND_WHITE_CONTRAST,C_BLACK_AND_WHITE_CONTRAST|E_MIXED_CHROMATIC_UNSAFE_RECOLOUR,true
provider-logo::TURKMEDYA.png,AUX-PROV-C34AD09A41AA,provider-logo,TURKMEDYA.png,REVIEW,AUX-RF-0348,C_BLACK_AND_WHITE_CONTRAST,C_BLACK_AND_WHITE_CONTRAST|E_MIXED_CHROMATIC_UNSAFE_RECOLOUR,true
provider-logo::TURKMENISTAN.png,AUX-PROV-1FEA9AEAD1ED,provider-logo,TURKMENISTAN.png,REVIEW,AUX-RF-0561,C_BLACK_AND_WHITE_CONTRAST,C_BLACK_AND_WHITE_CONTRAST|E_MIXED_CHROMATIC_UNSAFE_RECOLOUR,true
provider-logo::TURKSAT.png,AUX-PROV-2ED031830391,provider-logo,TURKSAT.png,REVIEW,AUX-RF-0320,C_BLACK_AND_WHITE_CONTRAST,C_BLACK_AND_WHITE_CONTRAST|E_MIXED_CHROMATIC_UNSAFE_RECOLOUR,true
provider-logo::TURKUVAZ.png,AUX-PROV-F41E128CD5A3,provider-logo,TURKUVAZ.png,REVIEW,AUX-RF-0607,C_BLACK_AND_WHITE_CONTRAST,C_BLACK_AND_WHITE_CONTRAST|E_MIXED_CHROMATIC_UNSAFE_RECOLOUR,true
provider-logo::TV CENTRO MARCHE.png,AUX-PROV-B6DC4B74995E,provider-logo,TV CENTRO MARCHE.png,REVIEW,AUX-RF-0579,C_BLACK_AND_WHITE_CONTRAST,C_BLACK_AND_WHITE_CONTRAST|D_COMPONENT_MASK_AMBIGUOUS|E_MIXED_CHROMATIC_UNSAFE_RECOLOUR,true
provider-logo::TV COM.png,AUX-PROV-43F1E2E6F493,provider-logo,TV COM.png,REVIEW,AUX-RF-0480,C_BLACK_AND_WHITE_CONTRAST,C_BLACK_AND_WHITE_CONTRAST|E_MIXED_CHROMATIC_UNSAFE_RECOLOUR,true
provider-logo::TV GALICIA.png,AUX-PROV-AE8C4404D63C,provider-logo,TV GALICIA.png,REVIEW,AUX-RF-0804,E_MIXED_CHROMATIC_UNSAFE_RECOLOUR,E_MIXED_CHROMATIC_UNSAFE_RECOLOUR,true
provider-logo::TV MAURITANIE.png,AUX-PROV-4DA92082EA9D,provider-logo,TV MAURITANIE.png,REVIEW,AUX-RF-0009,C_BLACK_AND_WHITE_CONTRAST,C_BLACK_AND_WHITE_CONTRAST|E_MIXED_CHROMATIC_UNSAFE_RECOLOUR,true
provider-logo::TV PARMA.png,AUX-PROV-B8903128A212,provider-logo,TV PARMA.png,REVIEW,AUX-RF-0294,C_BLACK_AND_WHITE_CONTRAST,C_BLACK_AND_WHITE_CONTRAST|E_MIXED_CHROMATIC_UNSAFE_RECOLOUR,true
provider-logo::TV QUI.png,AUX-PROV-BA8B612A5FED,provider-logo,TV QUI.png,REVIEW,AUX-RF-0758,E_MIXED_CHROMATIC_UNSAFE_RECOLOUR,E_MIXED_CHROMATIC_UNSAFE_RECOLOUR,true
provider-logo::TV RECORD.png,AUX-PROV-D8E34CF41E9C,provider-logo,TV RECORD.png,REVIEW,AUX-RF-0087,C_BLACK_AND_WHITE_CONTRAST,C_BLACK_AND_WHITE_CONTRAST|D_COMPONENT_MASK_AMBIGUOUS|E_MIXED_CHROMATIC_UNSAFE_RECOLOUR,true
provider-logo::TV VLAANDEREN.png,AUX-PROV-5CBADD3362B2,provider-logo,TV VLAANDEREN.png,SOURCE-UNRESOLVED,AUX-RF-1102,I_SOURCE_UNRESOLVED_BW,I_SOURCE_UNRESOLVED_BW,true
provider-logo::TV ZIMBO.png,AUX-PROV-1CEDA57294FF,provider-logo,TV ZIMBO.png,REVIEW,AUX-RF-0055,C_BLACK_AND_WHITE_CONTRAST,C_BLACK_AND_WHITE_CONTRAST|D_COMPONENT_MASK_AMBIGUOUS|E_MIXED_CHROMATIC_UNSAFE_RECOLOUR,true
provider-logo::TV-BORSICE.png,AUX-PROV-D2F8426BB52A,provider-logo,TV-BORSICE.png,REVIEW,AUX-RF-0529,C_BLACK_AND_WHITE_CONTRAST,C_BLACK_AND_WHITE_CONTRAST|D_COMPONENT_MASK_AMBIGUOUS|E_MIXED_CHROMATIC_UNSAFE_RECOLOUR,true
provider-logo::TV-MAURITANIE.png,AUX-PROV-40C62F93D430,provider-logo,TV-MAURITANIE.png,REVIEW,AUX-RF-0009,C_BLACK_AND_WHITE_CONTRAST,C_BLACK_AND_WHITE_CONTRAST|E_MIXED_CHROMATIC_UNSAFE_RECOLOUR,false
provider-logo::TV-PROVIDER.png,AUX-PROV-35508A66F076,provider-logo,TV-PROVIDER.png,REVIEW,AUX-RF-0526,C_BLACK_AND_WHITE_CONTRAST,C_BLACK_AND_WHITE_CONTRAST|D_COMPONENT_MASK_AMBIGUOUS|E_MIXED_CHROMATIC_UNSAFE_RECOLOUR,true
provider-logo::TVCINE ACTION HD.png,AUX-PROV-6E783CED5E7F,provider-logo,TVCINE ACTION HD.png,REVIEW,AUX-RF-0154,C_BLACK_AND_WHITE_CONTRAST,C_BLACK_AND_WHITE_CONTRAST|E_MIXED_CHROMATIC_UNSAFE_RECOLOUR,true
provider-logo::TVCINE EDITION HD.png,AUX-PROV-111A0535FA99,provider-logo,TVCINE EDITION HD.png,REVIEW,AUX-RF-0806,E_MIXED_CHROMATIC_UNSAFE_RECOLOUR,E_MIXED_CHROMATIC_UNSAFE_RECOLOUR,true
provider-logo::TVCINE EMOTION HD.png,AUX-PROV-DA150C0D767B,provider-logo,TVCINE EMOTION HD.png,REVIEW,AUX-RF-0898,E_MIXED_CHROMATIC_UNSAFE_RECOLOUR,E_MIXED_CHROMATIC_UNSAFE_RECOLOUR,true
provider-logo::TVCINE TOP HD.png,AUX-PROV-F641E7F0ECD3,provider-logo,TVCINE TOP HD.png,REVIEW,AUX-RF-0874,E_MIXED_CHROMATIC_UNSAFE_RECOLOUR,E_MIXED_CHROMATIC_UNSAFE_RECOLOUR,true
provider-logo::TVCOM.png,AUX-PROV-DFE8F18ADEAA,provider-logo,TVCOM.png,REVIEW,AUX-RF-0065,C_BLACK_AND_WHITE_CONTRAST,C_BLACK_AND_WHITE_CONTRAST|E_MIXED_CHROMATIC_UNSAFE_RECOLOUR,true
provider-logo::TVE 1.png,AUX-PROV-17360A318A60,provider-logo,TVE 1.png,REVIEW,AUX-RF-0372,C_BLACK_AND_WHITE_CONTRAST,C_BLACK_AND_WHITE_CONTRAST|E_MIXED_CHROMATIC_UNSAFE_RECOLOUR,false
provider-logo::TVE.png,AUX-PROV-B9D0B811B142,provider-logo,TVE.png,REVIEW,AUX-RF-0344,C_BLACK_AND_WHITE_CONTRAST,C_BLACK_AND_WHITE_CONTRAST|D_COMPONENT_MASK_AMBIGUOUS|E_MIXED_CHROMATIC_UNSAFE_RECOLOUR,true
provider-logo::TVH.png,AUX-PROV-95807F9B5A41,provider-logo,TVH.png,REVIEW,AUX-RF-0567,C_BLACK_AND_WHITE_CONTRAST,C_BLACK_AND_WHITE_CONTRAST|E_MIXED_CHROMATIC_UNSAFE_RECOLOUR,true
provider-logo::TVI 24.png,AUX-PROV-9095F03A46B4,provider-logo,TVI 24.png,REVIEW,AUX-RF-0757,E_MIXED_CHROMATIC_UNSAFE_RECOLOUR,E_MIXED_CHROMATIC_UNSAFE_RECOLOUR,true
provider-logo::TVI FICO.png,AUX-PROV-EDB6FA3C249A,provider-logo,TVI FICO.png,REVIEW,AUX-RF-0800,E_MIXED_CHROMATIC_UNSAFE_RECOLOUR,E_MIXED_CHROMATIC_UNSAFE_RECOLOUR,true
provider-logo::TVI HD.png,AUX-PROV-B819CF3EB829,provider-logo,TVI HD.png,REVIEW,AUX-RF-0219,C_BLACK_AND_WHITE_CONTRAST,C_BLACK_AND_WHITE_CONTRAST|E_MIXED_CHROMATIC_UNSAFE_RECOLOUR,true
provider-logo::TVN  GRUPA ITI.png,AUX-PROV-2E1886610B6B,provider-logo,TVN  GRUPA ITI.png,SOURCE-UNRESOLVED,AUX-RF-0988,I_SOURCE_UNRESOLVED_BW,I_SOURCE_UNRESOLVED_BW,false
provider-logo::TVN DISCOVERY GROUP.png,AUX-PROV-0EACB6056E19,provider-logo,TVN DISCOVERY GROUP.png,REVIEW,AUX-RF-0491,C_BLACK_AND_WHITE_CONTRAST,C_BLACK_AND_WHITE_CONTRAST|E_MIXED_CHROMATIC_UNSAFE_RECOLOUR,true
provider-logo::TVN DISCPVERY GROUP.png,AUX-PROV-49C9CD94DCE3,provider-logo,TVN DISCPVERY GROUP.png,REVIEW,AUX-RF-0491,C_BLACK_AND_WHITE_CONTRAST,C_BLACK_AND_WHITE_CONTRAST|E_MIXED_CHROMATIC_UNSAFE_RECOLOUR,false
provider-logo::TVN GRUPA ITI.png,AUX-PROV-39CFB13DAAA3,provider-logo,TVN GRUPA ITI.png,SOURCE-UNRESOLVED,AUX-RF-0988,I_SOURCE_UNRESOLVED_BW,I_SOURCE_UNRESOLVED_BW,false
provider-logo::TVN SA DISCOVERY GROUP.png,AUX-PROV-E9F9A52CF35E,provider-logo,TVN SA DISCOVERY GROUP.png,REVIEW,AUX-RF-0599,C_BLACK_AND_WHITE_CONTRAST,C_BLACK_AND_WHITE_CONTRAST|E_MIXED_CHROMATIC_UNSAFE_RECOLOUR,true
provider-logo::TVN SA.png,AUX-PROV-C8D40A110336,provider-logo,TVN SA.png,REVIEW,AUX-RF-0274,C_BLACK_AND_WHITE_CONTRAST,C_BLACK_AND_WHITE_CONTRAST|E_MIXED_CHROMATIC_UNSAFE_RECOLOUR,true
provider-logo::TVN.png,AUX-PROV-2097F7CDE235,provider-logo,TVN.png,REVIEW,AUX-RF-0274,C_BLACK_AND_WHITE_CONTRAST,C_BLACK_AND_WHITE_CONTRAST|E_MIXED_CHROMATIC_UNSAFE_RECOLOUR,false
provider-logo::TVNET.png,AUX-PROV-FC83FF363F71,provider-logo,TVNET.png,REVIEW,AUX-RF-0531,C_BLACK_AND_WHITE_CONTRAST,C_BLACK_AND_WHITE_CONTRAST|E_MIXED_CHROMATIC_UNSAFE_RECOLOUR,true
provider-logo::TVN_WBD.png,AUX-PROV-602AC6CB3B65,provider-logo,TVN_WBD.png,SOURCE-UNRESOLVED,AUX-RF-1214,J_SOURCE_UNRESOLVED_BLACK_ONLY,J_SOURCE_UNRESOLVED_BLACK_ONLY,true
provider-logo::TVP S.A..png,AUX-PROV-8F3BBDDB1F6E,provider-logo,TVP S.A..png,REVIEW,AUX-RF-0057,C_BLACK_AND_WHITE_CONTRAST,C_BLACK_AND_WHITE_CONTRAST|D_COMPONENT_MASK_AMBIGUOUS|E_MIXED_CHROMATIC_UNSAFE_RECOLOUR,true
provider-logo::TVP.png,AUX-PROV-396027DC6B62,provider-logo,TVP.png,REVIEW,AUX-RF-0563,C_BLACK_AND_WHITE_CONTRAST,C_BLACK_AND_WHITE_CONTRAST|E_MIXED_CHROMATIC_UNSAFE_RECOLOUR,true
provider-logo::TVPALANCA.png,AUX-PROV-A3C2308DE513,provider-logo,TVPALANCA.png,REVIEW,AUX-RF-0427,C_BLACK_AND_WHITE_CONTRAST,C_BLACK_AND_WHITE_CONTRAST|E_MIXED_CHROMATIC_UNSAFE_RECOLOUR,true
provider-logo::TVQUI.png,AUX-PROV-8D74251332CE,provider-logo,TVQUI.png,REVIEW,AUX-RF-0115,C_BLACK_AND_WHITE_CONTRAST,C_BLACK_AND_WHITE_CONTRAST|D_COMPONENT_MASK_AMBIGUOUS|E_MIXED_CHROMATIC_UNSAFE_RECOLOUR,true
provider-logo::TVR TELEITALIA 7 GOLD.png,AUX-PROV-1BBFB5D7B9C9,provider-logo,TVR TELEITALIA 7 GOLD.png,REVIEW,AUX-RF-0404,C_BLACK_AND_WHITE_CONTRAST,C_BLACK_AND_WHITE_CONTRAST|D_COMPONENT_MASK_AMBIGUOUS|E_MIXED_CHROMATIC_UNSAFE_RECOLOUR,true
provider-logo::TVR-FREESAT ROMANIA.png,AUX-PROV-8AE81C90C1E8,provider-logo,TVR-FREESAT ROMANIA.png,SOURCE-UNRESOLVED,AUX-RF-0948,I_SOURCE_UNRESOLVED_BW,I_SOURCE_UNRESOLVED_BW,true
provider-logo::TVRS.png,AUX-PROV-7E095F2ED6EB,provider-logo,TVRS.png,REVIEW,AUX-RF-0608,C_BLACK_AND_WHITE_CONTRAST,C_BLACK_AND_WHITE_CONTRAST|D_COMPONENT_MASK_AMBIGUOUS|E_MIXED_CHROMATIC_UNSAFE_RECOLOUR,true
provider-logo::TVT MEDIA NL.png,AUX-PROV-F1ED730597C1,provider-logo,TVT MEDIA NL.png,REVIEW,AUX-RF-0339,C_BLACK_AND_WHITE_CONTRAST,C_BLACK_AND_WHITE_CONTRAST|E_MIXED_CHROMATIC_UNSAFE_RECOLOUR,true
provider-logo::TVT.png,AUX-PROV-4F75F50B6BDC,provider-logo,TVT.png,REVIEW,AUX-RF-0651,C_BLACK_AND_WHITE_CONTRAST,C_BLACK_AND_WHITE_CONTRAST|E_MIXED_CHROMATIC_UNSAFE_RECOLOUR,true
provider-logo::TWC.png,AUX-PROV-16E473441A42,provider-logo,TWC.png,REVIEW,AUX-RF-0885,E_MIXED_CHROMATIC_UNSAFE_RECOLOUR,E_MIXED_CHROMATIC_UNSAFE_RECOLOUR,true
provider-logo::TWDC TURKEY.png,AUX-PROV-B5EE3E110890,provider-logo,TWDC TURKEY.png,REVIEW,AUX-RF-0610,C_BLACK_AND_WHITE_CONTRAST,C_BLACK_AND_WHITE_CONTRAST|D_COMPONENT_MASK_AMBIGUOUS|E_MIXED_CHROMATIC_UNSAFE_RECOLOUR,true
provider-logo::TWOFOUR54.png,AUX-PROV-BB9F523AB61A,provider-logo,TWOFOUR54.png,REVIEW,AUX-RF-0093,C_BLACK_AND_WHITE_CONTRAST,C_BLACK_AND_WHITE_CONTRAST|E_MIXED_CHROMATIC_UNSAFE_RECOLOUR,true
provider-logo::TXY.png,AUX-PROV-CFFEA44C087A,provider-logo,TXY.png,REVIEW,AUX-RF-0372,C_BLACK_AND_WHITE_CONTRAST,C_BLACK_AND_WHITE_CONTRAST|E_MIXED_CHROMATIC_UNSAFE_RECOLOUR,false
provider-logo::U1 TIROL.png,AUX-PROV-3CB10D0F4AB6,provider-logo,U1 TIROL.png,REVIEW,AUX-RF-0770,E_MIXED_CHROMATIC_UNSAFE_RECOLOUR,E_MIXED_CHROMATIC_UNSAFE_RECOLOUR,true
provider-logo::UA KULTURA.png,AUX-PROV-48FE91F20A11,provider-logo,UA KULTURA.png,REVIEW,AUX-RF-0746,E_MIXED_CHROMATIC_UNSAFE_RECOLOUR,E_MIXED_CHROMATIC_UNSAFE_RECOLOUR,true
provider-logo::UBN.png,AUX-PROV-240CF5C399AB,provider-logo,UBN.png,REVIEW,AUX-RF-0116,C_BLACK_AND_WHITE_CONTRAST,C_BLACK_AND_WHITE_CONTRAST|D_COMPONENT_MASK_AMBIGUOUS|E_MIXED_CHROMATIC_UNSAFE_RECOLOUR,true
provider-logo::UFANET.png,AUX-PROV-9F58B852CD29,provider-logo,UFANET.png,REVIEW,AUX-RF-0271,C_BLACK_AND_WHITE_CONTRAST,C_BLACK_AND_WHITE_CONTRAST|D_COMPONENT_MASK_AMBIGUOUS|E_MIXED_CHROMATIC_UNSAFE_RECOLOUR,true
provider-logo::UKRKOSMOS.png,AUX-PROV-D53F4D607695,provider-logo,UKRKOSMOS.png,REVIEW,AUX-RF-0262,C_BLACK_AND_WHITE_CONTRAST,C_BLACK_AND_WHITE_CONTRAST|E_MIXED_CHROMATIC_UNSAFE_RECOLOUR,true
provider-logo::UKRTELECOM.png,AUX-PROV-E2DB97E70F56,provider-logo,UKRTELECOM.png,REVIEW,AUX-RF-0545,C_BLACK_AND_WHITE_CONTRAST,C_BLACK_AND_WHITE_CONTRAST|E_MIXED_CHROMATIC_UNSAFE_RECOLOUR,true
provider-logo::ULTRA HD.png,AUX-PROV-668809D733D4,provider-logo,ULTRA HD.png,SOURCE-UNRESOLVED,AUX-RF-1213,J_SOURCE_UNRESOLVED_BLACK_ONLY,J_SOURCE_UNRESOLVED_BLACK_ONLY,true
provider-logo::UNITED TELEPORTS.png,AUX-PROV-6D45E66813C4,provider-logo,UNITED TELEPORTS.png,REVIEW,AUX-RF-0297,C_BLACK_AND_WHITE_CONTRAST,C_BLACK_AND_WHITE_CONTRAST|E_MIXED_CHROMATIC_UNSAFE_RECOLOUR,true
provider-logo::UNKNOWN.png,AUX-PROV-18E4B2DDA968,provider-logo,UNKNOWN.png,REVIEW,AUX-RF-0678,D_COMPONENT_MASK_AMBIGUOUS,D_COMPONENT_MASK_AMBIGUOUS|E_MIXED_CHROMATIC_UNSAFE_RECOLOUR,true
provider-logo::UNNAMED.png,AUX-PROV-296C5895F754,provider-logo,UNNAMED.png,REVIEW,AUX-RF-0121,C_BLACK_AND_WHITE_CONTRAST,C_BLACK_AND_WHITE_CONTRAST|D_COMPONENT_MASK_AMBIGUOUS|E_MIXED_CHROMATIC_UNSAFE_RECOLOUR,false
provider-logo::UNO 4.png,AUX-PROV-B7E85BA99649,provider-logo,UNO 4.png,REVIEW,AUX-RF-0780,E_MIXED_CHROMATIC_UNSAFE_RECOLOUR,E_MIXED_CHROMATIC_UNSAFE_RECOLOUR,true
provider-logo::UPC DIRECT.png,AUX-PROV-A459C037B9B1,provider-logo,UPC DIRECT.png,REVIEW,AUX-RF-0791,E_MIXED_CHROMATIC_UNSAFE_RECOLOUR,E_MIXED_CHROMATIC_UNSAFE_RECOLOUR,true
provider-logo::UPC.png,AUX-PROV-9F70E4FDB383,provider-logo,UPC.png,REVIEW,AUX-RF-0791,E_MIXED_CHROMATIC_UNSAFE_RECOLOUR,E_MIXED_CHROMATIC_UNSAFE_RECOLOUR,false
provider-logo::UPCPL.png,AUX-PROV-0D269C92F6C0,provider-logo,UPCPL.png,SOURCE-UNRESOLVED,AUX-RF-1064,I_SOURCE_UNRESOLVED_BW,I_SOURCE_UNRESOLVED_BW,true
provider-logo::UR-1.png,AUX-PROV-0E2BCFBAADB8,provider-logo,UR-1.png,REVIEW,AUX-RF-0447,C_BLACK_AND_WHITE_CONTRAST,C_BLACK_AND_WHITE_CONTRAST|E_MIXED_CHROMATIC_UNSAFE_RECOLOUR,true
provider-logo::UR-3.png,AUX-PROV-0D0FBC9199E4,provider-logo,UR-3.png,REVIEW,AUX-RF-0578,C_BLACK_AND_WHITE_CONTRAST,C_BLACK_AND_WHITE_CONTRAST|E_MIXED_CHROMATIC_UNSAFE_RECOLOUR,true
provider-logo::UTV.png,AUX-PROV-165C399F242F,provider-logo,UTV.png,REVIEW,AUX-RF-0623,C_BLACK_AND_WHITE_CONTRAST,C_BLACK_AND_WHITE_CONTRAST|E_MIXED_CHROMATIC_UNSAFE_RECOLOUR,true
provider-logo::VALENZA_TV.png,AUX-PROV-74E2F0F96246,provider-logo,VALENZA_TV.png,SOURCE-UNRESOLVED,AUX-RF-1197,J_SOURCE_UNRESOLVED_BLACK_ONLY,J_SOURCE_UNRESOLVED_BLACK_ONLY,true
provider-logo::VB33.png,AUX-PROV-A32342FA07F0,provider-logo,VB33.png,SOURCE-UNRESOLVED,AUX-RF-1192,J_SOURCE_UNRESOLVED_BLACK_ONLY,J_SOURCE_UNRESOLVED_BLACK_ONLY,true
provider-logo::VECROR A.G.png,AUX-PROV-C3E7FEFC3E0B,provider-logo,VECROR A.G.png,REVIEW,AUX-RF-0206,C_BLACK_AND_WHITE_CONTRAST,C_BLACK_AND_WHITE_CONTRAST|E_MIXED_CHROMATIC_UNSAFE_RECOLOUR,true
provider-logo::VECTOR A. G.png,AUX-PROV-3AFFB82D6873,provider-logo,VECTOR A. G.png,REVIEW,AUX-RF-0485,C_BLACK_AND_WHITE_CONTRAST,C_BLACK_AND_WHITE_CONTRAST|E_MIXED_CHROMATIC_UNSAFE_RECOLOUR,true
provider-logo::VECTOR A.G.png,AUX-PROV-8DDB2FA1BE98,provider-logo,VECTOR A.G.png,REVIEW,AUX-RF-0485,C_BLACK_AND_WHITE_CONTRAST,C_BLACK_AND_WHITE_CONTRAST|E_MIXED_CHROMATIC_UNSAFE_RECOLOUR,false
provider-logo::VERMANTIA.png,AUX-PROV-959A82276EEC,provider-logo,VERMANTIA.png,REVIEW,AUX-RF-0167,C_BLACK_AND_WHITE_CONTRAST,C_BLACK_AND_WHITE_CONTRAST|E_MIXED_CHROMATIC_UNSAFE_RECOLOUR,true
provider-logo::VEVTOR A.G.png,AUX-PROV-4DAF4F7FB01E,provider-logo,VEVTOR A.G.png,REVIEW,AUX-RF-0485,C_BLACK_AND_WHITE_CONTRAST,C_BLACK_AND_WHITE_CONTRAST|E_MIXED_CHROMATIC_UNSAFE_RECOLOUR,false
provider-logo::VH1.png,AUX-PROV-8188E937389B,provider-logo,VH1.png,REVIEW,AUX-RF-0197,C_BLACK_AND_WHITE_CONTRAST,C_BLACK_AND_WHITE_CONTRAST|D_COMPONENT_MASK_AMBIGUOUS|E_MIXED_CHROMATIC_UNSAFE_RECOLOUR,true
provider-logo::VIA EMILIA TV.png,AUX-PROV-AA79560D7D7E,provider-logo,VIA EMILIA TV.png,REVIEW,AUX-RF-0856,E_MIXED_CHROMATIC_UNSAFE_RECOLOUR,E_MIXED_CHROMATIC_UNSAFE_RECOLOUR,true
provider-logo::VIACOM INTERNATIONAL MEDIA NETWORKS.png,AUX-PROV-01E569933EE9,provider-logo,VIACOM INTERNATIONAL MEDIA NETWORKS.png,REVIEW,AUX-RF-0741,E_MIXED_CHROMATIC_UNSAFE_RECOLOUR,E_MIXED_CHROMATIC_UNSAFE_RECOLOUR,true
provider-logo::VIACOM.png,AUX-PROV-EF23DA91136F,provider-logo,VIACOM.png,REVIEW,AUX-RF-0811,E_MIXED_CHROMATIC_UNSAFE_RECOLOUR,E_MIXED_CHROMATIC_UNSAFE_RECOLOUR,true
provider-logo::VIASAT BALTIC.png,AUX-PROV-E87D9CA20B51,provider-logo,VIASAT BALTIC.png,SOURCE-UNRESOLVED,AUX-RF-1031,I_SOURCE_UNRESOLVED_BW,I_SOURCE_UNRESOLVED_BW,true
provider-logo::VIASAT DENMARK.png,AUX-PROV-BF4BB303E78E,provider-logo,VIASAT DENMARK.png,SOURCE-UNRESOLVED,AUX-RF-1031,I_SOURCE_UNRESOLVED_BW,I_SOURCE_UNRESOLVED_BW,false
provider-logo::VIASAT EAST.png,AUX-PROV-E32B244710E4,provider-logo,VIASAT EAST.png,SOURCE-UNRESOLVED,AUX-RF-1031,I_SOURCE_UNRESOLVED_BW,I_SOURCE_UNRESOLVED_BW,false
provider-logo::VIASAT FINLAND.png,AUX-PROV-BB253997A4D4,provider-logo,VIASAT FINLAND.png,SOURCE-UNRESOLVED,AUX-RF-1031,I_SOURCE_UNRESOLVED_BW,I_SOURCE_UNRESOLVED_BW,false
provider-logo::VIASAT NORWAY.png,AUX-PROV-5701CACE8F77,provider-logo,VIASAT NORWAY.png,SOURCE-UNRESOLVED,AUX-RF-1031,I_SOURCE_UNRESOLVED_BW,I_SOURCE_UNRESOLVED_BW,false
provider-logo::VIASAT SWEDEN.png,AUX-PROV-1557BA05AA61,provider-logo,VIASAT SWEDEN.png,SOURCE-UNRESOLVED,AUX-RF-1031,I_SOURCE_UNRESOLVED_BW,I_SOURCE_UNRESOLVED_BW,false
provider-logo::VIASAT UKRAINE.png,AUX-PROV-E4BD7164909E,provider-logo,VIASAT UKRAINE.png,SOURCE-UNRESOLVED,AUX-RF-1031,I_SOURCE_UNRESOLVED_BW,I_SOURCE_UNRESOLVED_BW,false
provider-logo::VIASAT.UA.png,AUX-PROV-F397F7056091,provider-logo,VIASAT.UA.png,SOURCE-UNRESOLVED,AUX-RF-1031,I_SOURCE_UNRESOLVED_BW,I_SOURCE_UNRESOLVED_BW,false
provider-logo::VIASAT.png,AUX-PROV-C5856BF56A80,provider-logo,VIASAT.png,REVIEW,AUX-RF-0342,C_BLACK_AND_WHITE_CONTRAST,C_BLACK_AND_WHITE_CONTRAST|D_COMPONENT_MASK_AMBIGUOUS|E_MIXED_CHROMATIC_UNSAFE_RECOLOUR,true
provider-logo::VICUS-LUXLINIK.png,AUX-PROV-BA791CDB8350,provider-logo,VICUS-LUXLINIK.png,REVIEW,AUX-RF-0852,E_MIXED_CHROMATIC_UNSAFE_RECOLOUR,E_MIXED_CHROMATIC_UNSAFE_RECOLOUR,true
provider-logo::VICUS-LUXLINK.png,AUX-PROV-654EB7CC133C,provider-logo,VICUS-LUXLINK.png,REVIEW,AUX-RF-0852,E_MIXED_CHROMATIC_UNSAFE_RECOLOUR,E_MIXED_CHROMATIC_UNSAFE_RECOLOUR,false
provider-logo::VIDEO CALABRIA.png,AUX-PROV-AC8D48BD234A,provider-logo,VIDEO CALABRIA.png,REVIEW,AUX-RF-0881,E_MIXED_CHROMATIC_UNSAFE_RECOLOUR,E_MIXED_CHROMATIC_UNSAFE_RECOLOUR,true
provider-logo::VIDEONOLA.png,AUX-PROV-6844DDCCC95F,provider-logo,VIDEONOLA.png,REVIEW,AUX-RF-0655,C_BLACK_AND_WHITE_CONTRAST,C_BLACK_AND_WHITE_CONTRAST|D_COMPONENT_MASK_AMBIGUOUS|E_MIXED_CHROMATIC_UNSAFE_RECOLOUR,true
provider-logo::VIDEOSTAR.png,AUX-PROV-D74B99F52185,provider-logo,VIDEOSTAR.png,REVIEW,AUX-RF-0322,C_BLACK_AND_WHITE_CONTRAST,C_BLACK_AND_WHITE_CONTRAST|D_COMPONENT_MASK_AMBIGUOUS|E_MIXED_CHROMATIC_UNSAFE_RECOLOUR,true
provider-logo::VIEWSAT.png,AUX-PROV-073097878672,provider-logo,VIEWSAT.png,REVIEW,AUX-RF-0807,E_MIXED_CHROMATIC_UNSAFE_RECOLOUR,E_MIXED_CHROMATIC_UNSAFE_RECOLOUR,true
provider-logo::VIMN.png,AUX-PROV-EFADF5948E5F,provider-logo,VIMN.png,REVIEW,AUX-RF-0031,C_BLACK_AND_WHITE_CONTRAST,C_BLACK_AND_WHITE_CONTRAST|E_MIXED_CHROMATIC_UNSAFE_RECOLOUR,true
provider-logo::VIP SAT.png,AUX-PROV-A504896EA3FE,provider-logo,VIP SAT.png,SOURCE-UNRESOLVED,AUX-RF-1041,I_SOURCE_UNRESOLVED_BW,I_SOURCE_UNRESOLVED_BW,true
provider-logo::VIPNET.png,AUX-PROV-E86DB66BF30F,provider-logo,VIPNET.png,SOURCE-UNRESOLVED,AUX-RF-1041,I_SOURCE_UNRESOLVED_BW,I_SOURCE_UNRESOLVED_BW,false
provider-logo::VISIONTV.png,AUX-PROV-3B9BF9842EAC,provider-logo,VISIONTV.png,REVIEW,AUX-RF-0573,C_BLACK_AND_WHITE_CONTRAST,C_BLACK_AND_WHITE_CONTRAST|D_COMPONENT_MASK_AMBIGUOUS|E_MIXED_CHROMATIC_UNSAFE_RECOLOUR,true
provider-logo::VIVACOM.png,AUX-PROV-1C8D5FCB10F7,provider-logo,VIVACOM.png,REVIEW,AUX-RF-0878,E_MIXED_CHROMATIC_UNSAFE_RECOLOUR,E_MIXED_CHROMATIC_UNSAFE_RECOLOUR,true
provider-logo::VJR.png,AUX-PROV-2B7AF2649BFC,provider-logo,VJR.png,REVIEW,AUX-RF-0372,C_BLACK_AND_WHITE_CONTRAST,C_BLACK_AND_WHITE_CONTRAST|E_MIXED_CHROMATIC_UNSAFE_RECOLOUR,false
provider-logo::VOLANT MEDIA.png,AUX-PROV-B64E022346D8,provider-logo,VOLANT MEDIA.png,REVIEW,AUX-RF-0258,C_BLACK_AND_WHITE_CONTRAST,C_BLACK_AND_WHITE_CONTRAST|E_MIXED_CHROMATIC_UNSAFE_RECOLOUR,true
provider-logo::VOLIA TV.png,AUX-PROV-3A417F091254,provider-logo,VOLIA TV.png,REVIEW,AUX-RF-0820,E_MIXED_CHROMATIC_UNSAFE_RECOLOUR,E_MIXED_CHROMATIC_UNSAFE_RECOLOUR,true
provider-logo::VPS-GULFSAT.png,AUX-PROV-9C2995EDFB99,provider-logo,VPS-GULFSAT.png,REVIEW,AUX-RF-0582,C_BLACK_AND_WHITE_CONTRAST,C_BLACK_AND_WHITE_CONTRAST|E_MIXED_CHROMATIC_UNSAFE_RECOLOUR,true
provider-logo::W1 WL DTH.png,AUX-PROV-000C5D80A637,provider-logo,W1 WL DTH.png,SOURCE-UNRESOLVED,AUX-RF-0908,I_SOURCE_UNRESOLVED_BW,I_SOURCE_UNRESOLVED_BW,false
provider-logo::WAAR.png,AUX-PROV-6B35C992C337,provider-logo,WAAR.png,REVIEW,AUX-RF-0891,E_MIXED_CHROMATIC_UNSAFE_RECOLOUR,E_MIXED_CHROMATIC_UNSAFE_RECOLOUR,true
provider-logo::WEB TVBOX MD.png,AUX-PROV-D5D64AB1CDB1,provider-logo,WEB TVBOX MD.png,REVIEW,AUX-RF-0470,C_BLACK_AND_WHITE_CONTRAST,C_BLACK_AND_WHITE_CONTRAST|E_MIXED_CHROMATIC_UNSAFE_RECOLOUR,true
provider-logo::WEDDING TV.png,AUX-PROV-0E299E8617D0,provider-logo,WEDDING TV.png,REVIEW,AUX-RF-0675,D_COMPONENT_MASK_AMBIGUOUS,D_COMPONENT_MASK_AMBIGUOUS|E_MIXED_CHROMATIC_UNSAFE_RECOLOUR,true
provider-logo::WGB.png,AUX-PROV-3C56D4C84A02,provider-logo,WGB.png,REVIEW,AUX-RF-0795,E_MIXED_CHROMATIC_UNSAFE_RECOLOUR,E_MIXED_CHROMATIC_UNSAFE_RECOLOUR,true
provider-logo::WIDE NETWORK SOLUTION.png,AUX-PROV-2D81848F22F0,provider-logo,WIDE NETWORK SOLUTION.png,REVIEW,AUX-RF-0315,C_BLACK_AND_WHITE_CONTRAST,C_BLACK_AND_WHITE_CONTRAST|D_COMPONENT_MASK_AMBIGUOUS|E_MIXED_CHROMATIC_UNSAFE_RECOLOUR,true
provider-logo::WIDE NETWORK SOLUTIONS.png,AUX-PROV-5A7571786AD9,provider-logo,WIDE NETWORK SOLUTIONS.png,REVIEW,AUX-RF-0185,C_BLACK_AND_WHITE_CONTRAST,C_BLACK_AND_WHITE_CONTRAST|D_COMPONENT_MASK_AMBIGUOUS|E_MIXED_CHROMATIC_UNSAFE_RECOLOUR,true
provider-logo::WIDE NETWORK SOLUTUION.png,AUX-PROV-22507C2326A3,provider-logo,WIDE NETWORK SOLUTUION.png,REVIEW,AUX-RF-0285,C_BLACK_AND_WHITE_CONTRAST,C_BLACK_AND_WHITE_CONTRAST|D_COMPONENT_MASK_AMBIGUOUS|E_MIXED_CHROMATIC_UNSAFE_RECOLOUR,true
provider-logo::WIE NETWORK SOLUTIONS.png,AUX-PROV-05DF53BCF687,provider-logo,WIE NETWORK SOLUTIONS.png,REVIEW,AUX-RF-0224,C_BLACK_AND_WHITE_CONTRAST,C_BLACK_AND_WHITE_CONTRAST|D_COMPONENT_MASK_AMBIGUOUS|E_MIXED_CHROMATIC_UNSAFE_RECOLOUR,true
provider-logo::WITEL.png,AUX-PROV-47A87376E694,provider-logo,WITEL.png,REVIEW,AUX-RF-0257,C_BLACK_AND_WHITE_CONTRAST,C_BLACK_AND_WHITE_CONTRAST|E_MIXED_CHROMATIC_UNSAFE_RECOLOUR,true
provider-logo::WNS.png,AUX-PROV-BC07C5EBF58A,provider-logo,WNS.png,REVIEW,AUX-RF-0185,C_BLACK_AND_WHITE_CONTRAST,C_BLACK_AND_WHITE_CONTRAST|D_COMPONENT_MASK_AMBIGUOUS|E_MIXED_CHROMATIC_UNSAFE_RECOLOUR,false
provider-logo::WRS.png,AUX-PROV-5B8B7398285F,provider-logo,WRS.png,REVIEW,AUX-RF-0005,C_BLACK_AND_WHITE_CONTRAST,C_BLACK_AND_WHITE_CONTRAST|D_COMPONENT_MASK_AMBIGUOUS|E_MIXED_CHROMATIC_UNSAFE_RECOLOUR,true
provider-logo::WTV.png,AUX-PROV-9927B76205E6,provider-logo,WTV.png,REVIEW,AUX-RF-0695,D_COMPONENT_MASK_AMBIGUOUS,D_COMPONENT_MASK_AMBIGUOUS|E_MIXED_CHROMATIC_UNSAFE_RECOLOUR,true
provider-logo::WWW.TELEMEDIA.CO.ZA.png,AUX-PROV-2B853ED02249,provider-logo,WWW.TELEMEDIA.CO.ZA.png,REVIEW,AUX-RF-0242,C_BLACK_AND_WHITE_CONTRAST,C_BLACK_AND_WHITE_CONTRAST|E_MIXED_CHROMATIC_UNSAFE_RECOLOUR,true
provider-logo::XTRA TV TEST.png,AUX-PROV-D5954A3F83D1,provider-logo,XTRA TV TEST.png,REVIEW,AUX-RF-0632,C_BLACK_AND_WHITE_CONTRAST,C_BLACK_AND_WHITE_CONTRAST|D_COMPONENT_MASK_AMBIGUOUS|E_MIXED_CHROMATIC_UNSAFE_RECOLOUR,true
provider-logo::XTRA TV.png,AUX-PROV-ED51704E0318,provider-logo,XTRA TV.png,REVIEW,AUX-RF-0050,C_BLACK_AND_WHITE_CONTRAST,C_BLACK_AND_WHITE_CONTRAST|D_COMPONENT_MASK_AMBIGUOUS|E_MIXED_CHROMATIC_UNSAFE_RECOLOUR,true
provider-logo::XTRAT V.png,AUX-PROV-265B9204360F,provider-logo,XTRAT V.png,REVIEW,AUX-RF-0050,C_BLACK_AND_WHITE_CONTRAST,C_BLACK_AND_WHITE_CONTRAST|D_COMPONENT_MASK_AMBIGUOUS|E_MIXED_CHROMATIC_UNSAFE_RECOLOUR,false
provider-logo::XTRATV.png,AUX-PROV-01EB1317A90D,provider-logo,XTRATV.png,REVIEW,AUX-RF-0050,C_BLACK_AND_WHITE_CONTRAST,C_BLACK_AND_WHITE_CONTRAST|D_COMPONENT_MASK_AMBIGUOUS|E_MIXED_CHROMATIC_UNSAFE_RECOLOUR,false
provider-logo::YAHLIVE 1.png,AUX-PROV-8B35DF980675,provider-logo,YAHLIVE 1.png,REVIEW,AUX-RF-0875,E_MIXED_CHROMATIC_UNSAFE_RECOLOUR,E_MIXED_CHROMATIC_UNSAFE_RECOLOUR,true
provider-logo::YAHLIVE.png,AUX-PROV-432358DA4CA2,provider-logo,YAHLIVE.png,REVIEW,AUX-RF-0884,E_MIXED_CHROMATIC_UNSAFE_RECOLOUR,E_MIXED_CHROMATIC_UNSAFE_RECOLOUR,true
provider-logo::YAHLIVE1.png,AUX-PROV-EFF004CD69D8,provider-logo,YAHLIVE1.png,REVIEW,AUX-RF-0875,E_MIXED_CHROMATIC_UNSAFE_RECOLOUR,E_MIXED_CHROMATIC_UNSAFE_RECOLOUR,false
provider-logo::YANDEX.png,AUX-PROV-E2C85B1B6927,provider-logo,YANDEX.png,REVIEW,AUX-RF-0848,E_MIXED_CHROMATIC_UNSAFE_RECOLOUR,E_MIXED_CHROMATIC_UNSAFE_RECOLOUR,true
provider-logo::YEMEN TV.png,AUX-PROV-E1A40EACF9AC,provider-logo,YEMEN TV.png,REVIEW,AUX-RF-0843,E_MIXED_CHROMATIC_UNSAFE_RECOLOUR,E_MIXED_CHROMATIC_UNSAFE_RECOLOUR,true
provider-logo::YOUTUBE.png,AUX-PROV-EA125A18F86F,provider-logo,YOUTUBE.png,REVIEW,AUX-RF-0663,D_COMPONENT_MASK_AMBIGUOUS,D_COMPONENT_MASK_AMBIGUOUS|E_MIXED_CHROMATIC_UNSAFE_RECOLOUR,true
provider-logo::YOWI.TV.png,AUX-PROV-F5E48D5E1002,provider-logo,YOWI.TV.png,REVIEW,AUX-RF-0615,C_BLACK_AND_WHITE_CONTRAST,C_BLACK_AND_WHITE_CONTRAST|D_COMPONENT_MASK_AMBIGUOUS|E_MIXED_CHROMATIC_UNSAFE_RECOLOUR,true
provider-logo::ZABAVA TV.png,AUX-PROV-AF4473223DD9,provider-logo,ZABAVA TV.png,REVIEW,AUX-RF-0078,C_BLACK_AND_WHITE_CONTRAST,C_BLACK_AND_WHITE_CONTRAST|D_COMPONENT_MASK_AMBIGUOUS|E_MIXED_CHROMATIC_UNSAFE_RECOLOUR,true
provider-logo::ZAP VIVA HD.png,AUX-PROV-711CBA95017B,provider-logo,ZAP VIVA HD.png,REVIEW,AUX-RF-0422,C_BLACK_AND_WHITE_CONTRAST,C_BLACK_AND_WHITE_CONTRAST|E_MIXED_CHROMATIC_UNSAFE_RECOLOUR,true
provider-logo::ZDFVISION.png,AUX-PROV-D8C39A98B3AE,provider-logo,ZDFVISION.png,REVIEW,AUX-RF-0826,E_MIXED_CHROMATIC_UNSAFE_RECOLOUR,E_MIXED_CHROMATIC_UNSAFE_RECOLOUR,true
provider-logo::ZEE NETWORK.png,AUX-PROV-1A0125E3887E,provider-logo,ZEE NETWORK.png,REVIEW,AUX-RF-0077,C_BLACK_AND_WHITE_CONTRAST,C_BLACK_AND_WHITE_CONTRAST|E_MIXED_CHROMATIC_UNSAFE_RECOLOUR,true
provider-logo::ZEE.png,AUX-PROV-82C2DC01C9A4,provider-logo,ZEE.png,REVIEW,AUX-RF-0109,C_BLACK_AND_WHITE_CONTRAST,C_BLACK_AND_WHITE_CONTRAST|E_MIXED_CHROMATIC_UNSAFE_RECOLOUR,true
provider-logo::ZEONBUD.png,AUX-PROV-BBC35AF8AC23,provider-logo,ZEONBUD.png,REVIEW,AUX-RF-0003,C_BLACK_AND_WHITE_CONTRAST,C_BLACK_AND_WHITE_CONTRAST|E_MIXED_CHROMATIC_UNSAFE_RECOLOUR,true
provider-logo::ZORIANY.png,AUX-PROV-1763F9C3AF1D,provider-logo,ZORIANY.png,REVIEW,AUX-RF-0877,E_MIXED_CHROMATIC_UNSAFE_RECOLOUR,E_MIXED_CHROMATIC_UNSAFE_RECOLOUR,true
satellite-logo::08W-75.png,AUX-SAT-DD2CCA0A7585,satellite-logo,08W-75.png,SOURCE-UNRESOLVED,AUX-RF-1083,I_SOURCE_UNRESOLVED_BW,I_SOURCE_UNRESOLVED_BW,true
satellite-logo::08W.png,AUX-SAT-B9304DFDF507,satellite-logo,08W.png,SOURCE-UNRESOLVED,AUX-RF-0999,I_SOURCE_UNRESOLVED_BW,I_SOURCE_UNRESOLVED_BW,true
satellite-logo::1001E-75.png,AUX-SAT-D64E2EE10CCE,satellite-logo,1001E-75.png,SOURCE-UNRESOLVED,AUX-RF-0979,I_SOURCE_UNRESOLVED_BW,I_SOURCE_UNRESOLVED_BW,true
satellite-logo::1001E.png,AUX-SAT-D8358391938D,satellite-logo,1001E.png,SOURCE-UNRESOLVED,AUX-RF-1011,I_SOURCE_UNRESOLVED_BW,I_SOURCE_UNRESOLVED_BW,true
satellite-logo::1005E-75.png,AUX-SAT-0A69686CA6B1,satellite-logo,1005E-75.png,SOURCE-UNRESOLVED,AUX-RF-1113,I_SOURCE_UNRESOLVED_BW,I_SOURCE_UNRESOLVED_BW,true
satellite-logo::1005E.png,AUX-SAT-086B716A8156,satellite-logo,1005E.png,SOURCE-UNRESOLVED,AUX-RF-1133,I_SOURCE_UNRESOLVED_BW,I_SOURCE_UNRESOLVED_BW,true
satellite-logo::100E-75.png,AUX-SAT-55B3E105FDF0,satellite-logo,100E-75.png,SOURCE-UNRESOLVED,AUX-RF-0955,I_SOURCE_UNRESOLVED_BW,I_SOURCE_UNRESOLVED_BW,true
satellite-logo::100E.png,AUX-SAT-BE299F40988A,satellite-logo,100E.png,REVIEW,AUX-RF-0468,C_BLACK_AND_WHITE_CONTRAST,C_BLACK_AND_WHITE_CONTRAST|E_MIXED_CHROMATIC_UNSAFE_RECOLOUR,true
satellite-logo::1035E-75.png,AUX-SAT-9519F93627DC,satellite-logo,1035E-75.png,SOURCE-UNRESOLVED,AUX-RF-1128,I_SOURCE_UNRESOLVED_BW,I_SOURCE_UNRESOLVED_BW,true
satellite-logo::1035E.png,AUX-SAT-7BD6D7B943E2,satellite-logo,1035E.png,SOURCE-UNRESOLVED,AUX-RF-1066,I_SOURCE_UNRESOLVED_BW,I_SOURCE_UNRESOLVED_BW,true
satellite-logo::1055E-75.png,AUX-SAT-1E9AC73DA5D1,satellite-logo,1055E-75.png,SOURCE-UNRESOLVED,AUX-RF-1084,I_SOURCE_UNRESOLVED_BW,I_SOURCE_UNRESOLVED_BW,true
satellite-logo::1055E.png,AUX-SAT-A5F66ADC8B2D,satellite-logo,1055E.png,SOURCE-UNRESOLVED,AUX-RF-0983,I_SOURCE_UNRESOLVED_BW,I_SOURCE_UNRESOLVED_BW,true
satellite-logo::10W-75.png,AUX-SAT-EB1AF70396EE,satellite-logo,10W-75.png,SOURCE-UNRESOLVED,AUX-RF-0995,I_SOURCE_UNRESOLVED_BW,I_SOURCE_UNRESOLVED_BW,true
satellite-logo::10W.png,AUX-SAT-80F51253E348,satellite-logo,10W.png,REVIEW,AUX-RF-0886,E_MIXED_CHROMATIC_UNSAFE_RECOLOUR,E_MIXED_CHROMATIC_UNSAFE_RECOLOUR,true
satellite-logo::1100E-75.png,AUX-SAT-1774FAD87879,satellite-logo,1100E-75.png,SOURCE-UNRESOLVED,AUX-RF-0916,I_SOURCE_UNRESOLVED_BW,I_SOURCE_UNRESOLVED_BW,true
satellite-logo::1100E.png,AUX-SAT-4FAEE0E02693,satellite-logo,1100E.png,SOURCE-UNRESOLVED,AUX-RF-1154,I_SOURCE_UNRESOLVED_BW,I_SOURCE_UNRESOLVED_BW,true
satellite-logo::1100W-75.png,AUX-SAT-0A83EF3BC36E,satellite-logo,1100W-75.png,SOURCE-UNRESOLVED,AUX-RF-1082,I_SOURCE_UNRESOLVED_BW,I_SOURCE_UNRESOLVED_BW,true
satellite-logo::1100W.png,AUX-SAT-55C7099B6CD8,satellite-logo,1100W.png,SOURCE-UNRESOLVED,AUX-RF-1179,I_SOURCE_UNRESOLVED_BW,I_SOURCE_UNRESOLVED_BW,true
satellite-logo::1101E-75.png,AUX-SAT-2C1C8373E020,satellite-logo,1101E-75.png,SOURCE-UNRESOLVED,AUX-RF-1125,I_SOURCE_UNRESOLVED_BW,I_SOURCE_UNRESOLVED_BW,true
satellite-logo::1101E.png,AUX-SAT-1E4BC7DDBD1C,satellite-logo,1101E.png,SOURCE-UNRESOLVED,AUX-RF-1094,I_SOURCE_UNRESOLVED_BW,I_SOURCE_UNRESOLVED_BW,true
satellite-logo::1105E-75.png,AUX-SAT-73C1A65EBBD7,satellite-logo,1105E-75.png,SOURCE-UNRESOLVED,AUX-RF-1003,I_SOURCE_UNRESOLVED_BW,I_SOURCE_UNRESOLVED_BW,true
satellite-logo::1105E.png,AUX-SAT-944A2EF24557,satellite-logo,1105E.png,SOURCE-UNRESOLVED,AUX-RF-1186,I_SOURCE_UNRESOLVED_BW,I_SOURCE_UNRESOLVED_BW,true
satellite-logo::110W-75.png,AUX-SAT-691FBE535F50,satellite-logo,110W-75.png,SOURCE-UNRESOLVED,AUX-RF-1076,I_SOURCE_UNRESOLVED_BW,I_SOURCE_UNRESOLVED_BW,true
satellite-logo::110W.png,AUX-SAT-29614F3AEA98,satellite-logo,110W.png,REVIEW,AUX-RF-0028,C_BLACK_AND_WHITE_CONTRAST,C_BLACK_AND_WHITE_CONTRAST|E_MIXED_CHROMATIC_UNSAFE_RECOLOUR,true
satellite-logo::1130E-75.png,AUX-SAT-EF70C4B859FF,satellite-logo,1130E-75.png,SOURCE-UNRESOLVED,AUX-RF-0954,I_SOURCE_UNRESOLVED_BW,I_SOURCE_UNRESOLVED_BW,true
satellite-logo::1130E.png,AUX-SAT-2192D975A123,satellite-logo,1130E.png,SOURCE-UNRESOLVED,AUX-RF-0968,I_SOURCE_UNRESOLVED_BW,I_SOURCE_UNRESOLVED_BW,true
satellite-logo::1155E-75.png,AUX-SAT-71FED2A71CF5,satellite-logo,1155E-75.png,SOURCE-UNRESOLVED,AUX-RF-1045,I_SOURCE_UNRESOLVED_BW,I_SOURCE_UNRESOLVED_BW,true
satellite-logo::1155E.png,AUX-SAT-5C668B3CB389,satellite-logo,1155E.png,SOURCE-UNRESOLVED,AUX-RF-1117,I_SOURCE_UNRESOLVED_BW,I_SOURCE_UNRESOLVED_BW,true
satellite-logo::1161E-75.png,AUX-SAT-E1DFE3D0BB93,satellite-logo,1161E-75.png,SOURCE-UNRESOLVED,AUX-RF-1090,I_SOURCE_UNRESOLVED_BW,I_SOURCE_UNRESOLVED_BW,true
satellite-logo::1161E.png,AUX-SAT-27DE1F97EA6F,satellite-logo,1161E.png,SOURCE-UNRESOLVED,AUX-RF-1183,I_SOURCE_UNRESOLVED_BW,I_SOURCE_UNRESOLVED_BW,true
satellite-logo::1190W-75.png,AUX-SAT-7DDC1975B1E6,satellite-logo,1190W-75.png,SOURCE-UNRESOLVED,AUX-RF-1081,I_SOURCE_UNRESOLVED_BW,I_SOURCE_UNRESOLVED_BW,true
satellite-logo::1190W.png,AUX-SAT-B23153F68B51,satellite-logo,1190W.png,SOURCE-UNRESOLVED,AUX-RF-1010,I_SOURCE_UNRESOLVED_BW,I_SOURCE_UNRESOLVED_BW,true
satellite-logo::1210W-75.png,AUX-SAT-6A3B9EDC2A58,satellite-logo,1210W-75.png,SOURCE-UNRESOLVED,AUX-RF-0940,I_SOURCE_UNRESOLVED_BW,I_SOURCE_UNRESOLVED_BW,true
satellite-logo::1210W.png,AUX-SAT-54AE22F13D33,satellite-logo,1210W.png,SOURCE-UNRESOLVED,AUX-RF-1052,I_SOURCE_UNRESOLVED_BW,I_SOURCE_UNRESOLVED_BW,true
satellite-logo::1211E-75.png,AUX-SAT-10D0495E0E81,satellite-logo,1211E-75.png,SOURCE-UNRESOLVED,AUX-RF-0913,I_SOURCE_UNRESOLVED_BW,I_SOURCE_UNRESOLVED_BW,true
satellite-logo::1211E.png,AUX-SAT-2A08C9F5CC49,satellite-logo,1211E.png,SOURCE-UNRESOLVED,AUX-RF-1048,I_SOURCE_UNRESOLVED_BW,I_SOURCE_UNRESOLVED_BW,true
satellite-logo::1211W-75.png,AUX-SAT-C2B0A9FBD039,satellite-logo,1211W-75.png,SOURCE-UNRESOLVED,AUX-RF-1182,I_SOURCE_UNRESOLVED_BW,I_SOURCE_UNRESOLVED_BW,true
satellite-logo::1211W.png,AUX-SAT-76490112D88C,satellite-logo,1211W.png,SOURCE-UNRESOLVED,AUX-RF-1018,I_SOURCE_UNRESOLVED_BW,I_SOURCE_UNRESOLVED_BW,true
satellite-logo::1220E-75.png,AUX-SAT-3F2CA25A9478,satellite-logo,1220E-75.png,SOURCE-UNRESOLVED,AUX-RF-1046,I_SOURCE_UNRESOLVED_BW,I_SOURCE_UNRESOLVED_BW,true
satellite-logo::1220E.png,AUX-SAT-6C4503B560C8,satellite-logo,1220E.png,SOURCE-UNRESOLVED,AUX-RF-1044,I_SOURCE_UNRESOLVED_BW,I_SOURCE_UNRESOLVED_BW,true
satellite-logo::1250E-75.png,AUX-SAT-441BFCDE3DE0,satellite-logo,1250E-75.png,SOURCE-UNRESOLVED,AUX-RF-1093,I_SOURCE_UNRESOLVED_BW,I_SOURCE_UNRESOLVED_BW,true
satellite-logo::1250E.png,AUX-SAT-6621413446EF,satellite-logo,1250E.png,SOURCE-UNRESOLVED,AUX-RF-1027,I_SOURCE_UNRESOLVED_BW,I_SOURCE_UNRESOLVED_BW,true
satellite-logo::125W-75.png,AUX-SAT-E9255B7049E6,satellite-logo,125W-75.png,SOURCE-UNRESOLVED,AUX-RF-0952,I_SOURCE_UNRESOLVED_BW,I_SOURCE_UNRESOLVED_BW,true
satellite-logo::125W.png,AUX-SAT-ECD299F74D43,satellite-logo,125W.png,REVIEW,AUX-RF-0525,C_BLACK_AND_WHITE_CONTRAST,C_BLACK_AND_WHITE_CONTRAST|E_MIXED_CHROMATIC_UNSAFE_RECOLOUR,true
satellite-logo::1290W-75.png,AUX-SAT-DC414FE22838,satellite-logo,1290W-75.png,SOURCE-UNRESOLVED,AUX-RF-1017,I_SOURCE_UNRESOLVED_BW,I_SOURCE_UNRESOLVED_BW,true
satellite-logo::1290W.png,AUX-SAT-BACAA724FA9B,satellite-logo,1290W.png,SOURCE-UNRESOLVED,AUX-RF-0969,I_SOURCE_UNRESOLVED_BW,I_SOURCE_UNRESOLVED_BW,true
satellite-logo::1291E-75.png,AUX-SAT-690505CF9E13,satellite-logo,1291E-75.png,SOURCE-UNRESOLVED,AUX-RF-1068,I_SOURCE_UNRESOLVED_BW,I_SOURCE_UNRESOLVED_BW,true
satellite-logo::1291E.png,AUX-SAT-D764C4C7CC43,satellite-logo,1291E.png,SOURCE-UNRESOLVED,AUX-RF-1080,I_SOURCE_UNRESOLVED_BW,I_SOURCE_UNRESOLVED_BW,true
satellite-logo::1291W-75.png,AUX-SAT-B23C8FAC338D,satellite-logo,1291W-75.png,SOURCE-UNRESOLVED,AUX-RF-0991,I_SOURCE_UNRESOLVED_BW,I_SOURCE_UNRESOLVED_BW,true
satellite-logo::1291W.png,AUX-SAT-98DD420BE0F7,satellite-logo,1291W.png,SOURCE-UNRESOLVED,AUX-RF-0943,I_SOURCE_UNRESOLVED_BW,I_SOURCE_UNRESOLVED_BW,true
satellite-logo::130E-75.png,AUX-SAT-E16F6DFB6E42,satellite-logo,130E-75.png,SOURCE-UNRESOLVED,AUX-RF-1124,I_SOURCE_UNRESOLVED_BW,I_SOURCE_UNRESOLVED_BW,true
satellite-logo::130E.png,AUX-SAT-2DF4686FA4D9,satellite-logo,130E.png,REVIEW,AUX-RF-0448,C_BLACK_AND_WHITE_CONTRAST,C_BLACK_AND_WHITE_CONTRAST|D_COMPONENT_MASK_AMBIGUOUS|E_MIXED_CHROMATIC_UNSAFE_RECOLOUR,true
satellite-logo::1380E-75.png,AUX-SAT-9EA6D35CD5EA,satellite-logo,1380E-75.png,SOURCE-UNRESOLVED,AUX-RF-1033,I_SOURCE_UNRESOLVED_BW,I_SOURCE_UNRESOLVED_BW,true
satellite-logo::1380E.png,AUX-SAT-9B5A08998468,satellite-logo,1380E.png,SOURCE-UNRESOLVED,AUX-RF-1074,I_SOURCE_UNRESOLVED_BW,I_SOURCE_UNRESOLVED_BW,true
satellite-logo::1400E-75.png,AUX-SAT-4AA7C956CFE4,satellite-logo,1400E-75.png,SOURCE-UNRESOLVED,AUX-RF-1151,I_SOURCE_UNRESOLVED_BW,I_SOURCE_UNRESOLVED_BW,true
satellite-logo::1400E.png,AUX-SAT-B11B57947C44,satellite-logo,1400E.png,SOURCE-UNRESOLVED,AUX-RF-1039,I_SOURCE_UNRESOLVED_BW,I_SOURCE_UNRESOLVED_BW,true
satellite-logo::140W-75.png,AUX-SAT-8027A045350C,satellite-logo,140W-75.png,SOURCE-UNRESOLVED,AUX-RF-1174,I_SOURCE_UNRESOLVED_BW,I_SOURCE_UNRESOLVED_BW,true
satellite-logo::140W.png,AUX-SAT-F5AAC36021D5,satellite-logo,140W.png,REVIEW,AUX-RF-0021,C_BLACK_AND_WHITE_CONTRAST,C_BLACK_AND_WHITE_CONTRAST|E_MIXED_CHROMATIC_UNSAFE_RECOLOUR,true
satellite-logo::1440E-75.png,AUX-SAT-32E4637C5CEE,satellite-logo,1440E-75.png,SOURCE-UNRESOLVED,AUX-RF-0907,I_SOURCE_UNRESOLVED_BW,I_SOURCE_UNRESOLVED_BW,true
satellite-logo::1440E.png,AUX-SAT-22E66F5F3446,satellite-logo,1440E.png,SOURCE-UNRESOLVED,AUX-RF-0909,I_SOURCE_UNRESOLVED_BW,I_SOURCE_UNRESOLVED_BW,true
satellite-logo::1480W-75.png,AUX-SAT-2B627A0A0ECC,satellite-logo,1480W-75.png,SOURCE-UNRESOLVED,AUX-RF-0960,I_SOURCE_UNRESOLVED_BW,I_SOURCE_UNRESOLVED_BW,true
satellite-logo::1480W.png,AUX-SAT-963CEE7E37D5,satellite-logo,1480W.png,SOURCE-UNRESOLVED,AUX-RF-0919,I_SOURCE_UNRESOLVED_BW,I_SOURCE_UNRESOLVED_BW,true
satellite-logo::150W-75.png,AUX-SAT-A5DF2D24D3AD,satellite-logo,150W-75.png,SOURCE-UNRESOLVED,AUX-RF-1148,I_SOURCE_UNRESOLVED_BW,I_SOURCE_UNRESOLVED_BW,true
satellite-logo::1560E-75.png,AUX-SAT-190CA825B7E6,satellite-logo,1560E-75.png,SOURCE-UNRESOLVED,AUX-RF-1130,I_SOURCE_UNRESOLVED_BW,I_SOURCE_UNRESOLVED_BW,true
satellite-logo::1560E.png,AUX-SAT-8E86E4189F9A,satellite-logo,1560E.png,SOURCE-UNRESOLVED,AUX-RF-1121,I_SOURCE_UNRESOLVED_BW,I_SOURCE_UNRESOLVED_BW,true
satellite-logo::1590E-75.png,AUX-SAT-CCCBE0F79814,satellite-logo,1590E-75.png,SOURCE-UNRESOLVED,AUX-RF-1139,I_SOURCE_UNRESOLVED_BW,I_SOURCE_UNRESOLVED_BW,true
satellite-logo::1590E.png,AUX-SAT-BA96090A33E1,satellite-logo,1590E.png,SOURCE-UNRESOLVED,AUX-RF-1025,I_SOURCE_UNRESOLVED_BW,I_SOURCE_UNRESOLVED_BW,true
satellite-logo::160E-75.png,AUX-SAT-6C98B99D0E50,satellite-logo,160E-75.png,SOURCE-UNRESOLVED,AUX-RF-1160,I_SOURCE_UNRESOLVED_BW,I_SOURCE_UNRESOLVED_BW,true
satellite-logo::160E.png,AUX-SAT-A594F7BEE9BB,satellite-logo,160E.png,REVIEW,AUX-RF-0481,C_BLACK_AND_WHITE_CONTRAST,C_BLACK_AND_WHITE_CONTRAST|D_COMPONENT_MASK_AMBIGUOUS|E_MIXED_CHROMATIC_UNSAFE_RECOLOUR,true
satellite-logo::180W-75.png,AUX-SAT-7D87993D161F,satellite-logo,180W-75.png,SOURCE-UNRESOLVED,AUX-RF-1158,I_SOURCE_UNRESOLVED_BW,I_SOURCE_UNRESOLVED_BW,true
satellite-logo::180W.png,AUX-SAT-6D985EC85F5D,satellite-logo,180W.png,REVIEW,AUX-RF-0287,C_BLACK_AND_WHITE_CONTRAST,C_BLACK_AND_WHITE_CONTRAST|E_MIXED_CHROMATIC_UNSAFE_RECOLOUR,true
satellite-logo::192E-75.png,AUX-SAT-EF88E236CA63,satellite-logo,192E-75.png,SOURCE-UNRESOLVED,AUX-RF-1022,I_SOURCE_UNRESOLVED_BW,I_SOURCE_UNRESOLVED_BW,true
satellite-logo::192E.png,AUX-SAT-97918D603168,satellite-logo,192E.png,REVIEW,AUX-RF-0147,C_BLACK_AND_WHITE_CONTRAST,C_BLACK_AND_WHITE_CONTRAST|E_MIXED_CHROMATIC_UNSAFE_RECOLOUR,true
satellite-logo::19E-75.png,AUX-SAT-8DC2C002D945,satellite-logo,19E-75.png,SOURCE-UNRESOLVED,AUX-RF-0920,I_SOURCE_UNRESOLVED_BW,I_SOURCE_UNRESOLVED_BW,true
satellite-logo::19E.png,AUX-SAT-3EF54CBEB8B1,satellite-logo,19E.png,REVIEW,AUX-RF-0277,C_BLACK_AND_WHITE_CONTRAST,C_BLACK_AND_WHITE_CONTRAST|E_MIXED_CHROMATIC_UNSAFE_RECOLOUR,true
satellite-logo::200E-75.png,AUX-SAT-5098E9E82779,satellite-logo,200E-75.png,SOURCE-UNRESOLVED,AUX-RF-0997,I_SOURCE_UNRESOLVED_BW,I_SOURCE_UNRESOLVED_BW,true
satellite-logo::200E.png,AUX-SAT-4EC9525AC688,satellite-logo,200E.png,SOURCE-UNRESOLVED,AUX-RF-1007,I_SOURCE_UNRESOLVED_BW,I_SOURCE_UNRESOLVED_BW,true
satellite-logo::200W-75.png,AUX-SAT-C0CF96E5463C,satellite-logo,200W-75.png,SOURCE-UNRESOLVED,AUX-RF-1112,I_SOURCE_UNRESOLVED_BW,I_SOURCE_UNRESOLVED_BW,true
satellite-logo::200W.png,AUX-SAT-83F7CC38CBDB,satellite-logo,200W.png,REVIEW,AUX-RF-0316,C_BLACK_AND_WHITE_CONTRAST,C_BLACK_AND_WHITE_CONTRAST|E_MIXED_CHROMATIC_UNSAFE_RECOLOUR,true
satellite-logo::215E-75.png,AUX-SAT-2856E4F06686,satellite-logo,215E-75.png,SOURCE-UNRESOLVED,AUX-RF-1172,I_SOURCE_UNRESOLVED_BW,I_SOURCE_UNRESOLVED_BW,true
satellite-logo::215E.png,AUX-SAT-AC77EFBC294C,satellite-logo,215E.png,SOURCE-UNRESOLVED,AUX-RF-1049,I_SOURCE_UNRESOLVED_BW,I_SOURCE_UNRESOLVED_BW,true
satellite-logo::216E-75.png,AUX-SAT-9C614748E1D1,satellite-logo,216E-75.png,SOURCE-UNRESOLVED,AUX-RF-1161,I_SOURCE_UNRESOLVED_BW,I_SOURCE_UNRESOLVED_BW,true
satellite-logo::216E.png,AUX-SAT-3A9B07AA0219,satellite-logo,216E.png,REVIEW,AUX-RF-0170,C_BLACK_AND_WHITE_CONTRAST,C_BLACK_AND_WHITE_CONTRAST|E_MIXED_CHROMATIC_UNSAFE_RECOLOUR,true
satellite-logo::220W-75.png,AUX-SAT-C4D2D05518C2,satellite-logo,220W-75.png,SOURCE-UNRESOLVED,AUX-RF-1119,I_SOURCE_UNRESOLVED_BW,I_SOURCE_UNRESOLVED_BW,true
satellite-logo::220W.png,AUX-SAT-1EE2D2423684,satellite-logo,220W.png,REVIEW,AUX-RF-0453,C_BLACK_AND_WHITE_CONTRAST,C_BLACK_AND_WHITE_CONTRAST|E_MIXED_CHROMATIC_UNSAFE_RECOLOUR,true
satellite-logo::235E-75.png,AUX-SAT-DADF7C28D1D9,satellite-logo,235E-75.png,SOURCE-UNRESOLVED,AUX-RF-1175,I_SOURCE_UNRESOLVED_BW,I_SOURCE_UNRESOLVED_BW,true
satellite-logo::235E.png,AUX-SAT-E50FDDC53367,satellite-logo,235E.png,REVIEW,AUX-RF-0332,C_BLACK_AND_WHITE_CONTRAST,C_BLACK_AND_WHITE_CONTRAST|E_MIXED_CHROMATIC_UNSAFE_RECOLOUR,true
satellite-logo::245W-75.png,AUX-SAT-B0265965666F,satellite-logo,245W-75.png,SOURCE-UNRESOLVED,AUX-RF-0945,I_SOURCE_UNRESOLVED_BW,I_SOURCE_UNRESOLVED_BW,true
satellite-logo::245W.png,AUX-SAT-134496F2C24B,satellite-logo,245W.png,REVIEW,AUX-RF-0635,C_BLACK_AND_WHITE_CONTRAST,C_BLACK_AND_WHITE_CONTRAST|E_MIXED_CHROMATIC_UNSAFE_RECOLOUR,true
satellite-logo::248W-75.png,AUX-SAT-C791D15D1635,satellite-logo,248W-75.png,SOURCE-UNRESOLVED,AUX-RF-1085,I_SOURCE_UNRESOLVED_BW,I_SOURCE_UNRESOLVED_BW,true
satellite-logo::248W.png,AUX-SAT-B594548A5E37,satellite-logo,248W.png,REVIEW,AUX-RF-0164,C_BLACK_AND_WHITE_CONTRAST,C_BLACK_AND_WHITE_CONTRAST|D_COMPONENT_MASK_AMBIGUOUS|E_MIXED_CHROMATIC_UNSAFE_RECOLOUR,true
satellite-logo::260E-75.png,AUX-SAT-AE04360FD3F7,satellite-logo,260E-75.png,SOURCE-UNRESOLVED,AUX-RF-1089,I_SOURCE_UNRESOLVED_BW,I_SOURCE_UNRESOLVED_BW,true
satellite-logo::260E.png,AUX-SAT-46A52B6A8ED2,satellite-logo,260E.png,REVIEW,AUX-RF-0517,C_BLACK_AND_WHITE_CONTRAST,C_BLACK_AND_WHITE_CONTRAST|E_MIXED_CHROMATIC_UNSAFE_RECOLOUR,true
satellite-logo::275W-75.png,AUX-SAT-E49DE97779C8,satellite-logo,275W-75.png,SOURCE-UNRESOLVED,AUX-RF-1095,I_SOURCE_UNRESOLVED_BW,I_SOURCE_UNRESOLVED_BW,true
satellite-logo::275W.png,AUX-SAT-7314CF55E5F4,satellite-logo,275W.png,REVIEW,AUX-RF-0558,C_BLACK_AND_WHITE_CONTRAST,C_BLACK_AND_WHITE_CONTRAST|E_MIXED_CHROMATIC_UNSAFE_RECOLOUR,true
satellite-logo::282E-75.png,AUX-SAT-84220D6D13ED,satellite-logo,282E-75.png,SOURCE-UNRESOLVED,AUX-RF-0905,I_SOURCE_UNRESOLVED_BW,I_SOURCE_UNRESOLVED_BW,true
satellite-logo::282E.png,AUX-SAT-FDD429A155EE,satellite-logo,282E.png,REVIEW,AUX-RF-0334,C_BLACK_AND_WHITE_CONTRAST,C_BLACK_AND_WHITE_CONTRAST|E_MIXED_CHROMATIC_UNSAFE_RECOLOUR,true
satellite-logo::285E-75.png,AUX-SAT-A35996BCB293,satellite-logo,285E-75.png,SOURCE-UNRESOLVED,AUX-RF-1092,I_SOURCE_UNRESOLVED_BW,I_SOURCE_UNRESOLVED_BW,true
satellite-logo::285E.png,AUX-SAT-8B35992E8E53,satellite-logo,285E.png,SOURCE-UNRESOLVED,AUX-RF-1099,I_SOURCE_UNRESOLVED_BW,I_SOURCE_UNRESOLVED_BW,true
satellite-logo::29E-75.png,AUX-SAT-E7DC0BC95580,satellite-logo,29E-75.png,SOURCE-UNRESOLVED,AUX-RF-1002,I_SOURCE_UNRESOLVED_BW,I_SOURCE_UNRESOLVED_BW,true
satellite-logo::29E.png,AUX-SAT-F3CF03056F05,satellite-logo,29E.png,REVIEW,AUX-RF-0830,E_MIXED_CHROMATIC_UNSAFE_RECOLOUR,E_MIXED_CHROMATIC_UNSAFE_RECOLOUR,true
satellite-logo::300W-75.png,AUX-SAT-EB1E718A2ADC,satellite-logo,300W-75.png,SOURCE-UNRESOLVED,AUX-RF-1054,I_SOURCE_UNRESOLVED_BW,I_SOURCE_UNRESOLVED_BW,true
satellite-logo::300W.png,AUX-SAT-351D0A3E6BA4,satellite-logo,300W.png,REVIEW,AUX-RF-0889,E_MIXED_CHROMATIC_UNSAFE_RECOLOUR,E_MIXED_CHROMATIC_UNSAFE_RECOLOUR,true
satellite-logo::305E-75.png,AUX-SAT-977892BBB20E,satellite-logo,305E-75.png,SOURCE-UNRESOLVED,AUX-RF-1097,I_SOURCE_UNRESOLVED_BW,I_SOURCE_UNRESOLVED_BW,true
satellite-logo::305E.png,AUX-SAT-2874DB8F36E7,satellite-logo,305E.png,REVIEW,AUX-RF-0084,C_BLACK_AND_WHITE_CONTRAST,C_BLACK_AND_WHITE_CONTRAST|E_MIXED_CHROMATIC_UNSAFE_RECOLOUR,true
satellite-logo::308E-75.png,AUX-SAT-932495C82AF9,satellite-logo,308E-75.png,SOURCE-UNRESOLVED,AUX-RF-0910,I_SOURCE_UNRESOLVED_BW,I_SOURCE_UNRESOLVED_BW,true
satellite-logo::308E.png,AUX-SAT-CF9335824795,satellite-logo,308E.png,SOURCE-UNRESOLVED,AUX-RF-1069,I_SOURCE_UNRESOLVED_BW,I_SOURCE_UNRESOLVED_BW,true
satellite-logo::30E-75.png,AUX-SAT-B2B63AE8C178,satellite-logo,30E-75.png,SOURCE-UNRESOLVED,AUX-RF-1047,I_SOURCE_UNRESOLVED_BW,I_SOURCE_UNRESOLVED_BW,true
satellite-logo::30E.png,AUX-SAT-A5BA956FA3FE,satellite-logo,30E.png,REVIEW,AUX-RF-0100,C_BLACK_AND_WHITE_CONTRAST,C_BLACK_AND_WHITE_CONTRAST|E_MIXED_CHROMATIC_UNSAFE_RECOLOUR,true
satellite-logo::30W-75.png,AUX-SAT-1E5022F5C66C,satellite-logo,30W-75.png,SOURCE-UNRESOLVED,AUX-RF-1086,I_SOURCE_UNRESOLVED_BW,I_SOURCE_UNRESOLVED_BW,true
satellite-logo::30W.png,AUX-SAT-CACC3CE773F1,satellite-logo,30W.png,REVIEW,AUX-RF-0853,E_MIXED_CHROMATIC_UNSAFE_RECOLOUR,E_MIXED_CHROMATIC_UNSAFE_RECOLOUR,true
satellite-logo::315E-75.png,AUX-SAT-1ADFAEDFE60F,satellite-logo,315E-75.png,SOURCE-UNRESOLVED,AUX-RF-0970,I_SOURCE_UNRESOLVED_BW,I_SOURCE_UNRESOLVED_BW,true
satellite-logo::315E.png,AUX-SAT-B65693F51330,satellite-logo,315E.png,REVIEW,AUX-RF-0426,C_BLACK_AND_WHITE_CONTRAST,C_BLACK_AND_WHITE_CONTRAST|E_MIXED_CHROMATIC_UNSAFE_RECOLOUR,true
satellite-logo::315W-75.png,AUX-SAT-CE153F3F5082,satellite-logo,315W-75.png,SOURCE-UNRESOLVED,AUX-RF-1032,I_SOURCE_UNRESOLVED_BW,I_SOURCE_UNRESOLVED_BW,true
satellite-logo::315W.png,AUX-SAT-4F46D5AC9CAB,satellite-logo,315W.png,REVIEW,AUX-RF-0605,C_BLACK_AND_WHITE_CONTRAST,C_BLACK_AND_WHITE_CONTRAST|E_MIXED_CHROMATIC_UNSAFE_RECOLOUR,true
satellite-logo::31E-75.png,AUX-SAT-96DE5F9C6ADD,satellite-logo,31E-75.png,SOURCE-UNRESOLVED,AUX-RF-0961,I_SOURCE_UNRESOLVED_BW,I_SOURCE_UNRESOLVED_BW,true
satellite-logo::31E.png,AUX-SAT-CB1161E44DED,satellite-logo,31E.png,REVIEW,AUX-RF-0200,C_BLACK_AND_WHITE_CONTRAST,C_BLACK_AND_WHITE_CONTRAST|E_MIXED_CHROMATIC_UNSAFE_RECOLOUR,true
satellite-logo::328E-75.png,AUX-SAT-97C323321074,satellite-logo,328E-75.png,SOURCE-UNRESOLVED,AUX-RF-0924,I_SOURCE_UNRESOLVED_BW,I_SOURCE_UNRESOLVED_BW,true
satellite-logo::328E.png,AUX-SAT-6A02BD093AB5,satellite-logo,328E.png,SOURCE-UNRESOLVED,AUX-RF-0966,I_SOURCE_UNRESOLVED_BW,I_SOURCE_UNRESOLVED_BW,true
satellite-logo::330E-75.png,AUX-SAT-F682D1FD8E41,satellite-logo,330E-75.png,SOURCE-UNRESOLVED,AUX-RF-0949,I_SOURCE_UNRESOLVED_BW,I_SOURCE_UNRESOLVED_BW,true
satellite-logo::330E.png,AUX-SAT-DD0A55A4075B,satellite-logo,330E.png,REVIEW,AUX-RF-0584,C_BLACK_AND_WHITE_CONTRAST,C_BLACK_AND_WHITE_CONTRAST|E_MIXED_CHROMATIC_UNSAFE_RECOLOUR,true
satellite-logo::335W-75.png,AUX-SAT-9B52E733B532,satellite-logo,335W-75.png,SOURCE-UNRESOLVED,AUX-RF-1173,I_SOURCE_UNRESOLVED_BW,I_SOURCE_UNRESOLVED_BW,true
satellite-logo::335W.png,AUX-SAT-FAA494139E3A,satellite-logo,335W.png,REVIEW,AUX-RF-0282,C_BLACK_AND_WHITE_CONTRAST,C_BLACK_AND_WHITE_CONTRAST|E_MIXED_CHROMATIC_UNSAFE_RECOLOUR,true
satellite-logo::345W-75.png,AUX-SAT-C85774B0A507,satellite-logo,345W-75.png,SOURCE-UNRESOLVED,AUX-RF-0927,I_SOURCE_UNRESOLVED_BW,I_SOURCE_UNRESOLVED_BW,true
satellite-logo::345W.png,AUX-SAT-DD16B5870B85,satellite-logo,345W.png,REVIEW,AUX-RF-0203,C_BLACK_AND_WHITE_CONTRAST,C_BLACK_AND_WHITE_CONTRAST|E_MIXED_CHROMATIC_UNSAFE_RECOLOUR,true
satellite-logo::360E-75.png,AUX-SAT-D0E0866D3687,satellite-logo,360E-75.png,SOURCE-UNRESOLVED,AUX-RF-1004,I_SOURCE_UNRESOLVED_BW,I_SOURCE_UNRESOLVED_BW,true
satellite-logo::360E.png,AUX-SAT-1614EC3CE693,satellite-logo,360E.png,REVIEW,AUX-RF-0598,C_BLACK_AND_WHITE_CONTRAST,C_BLACK_AND_WHITE_CONTRAST|E_MIXED_CHROMATIC_UNSAFE_RECOLOUR,true
satellite-logo::375W-75.png,AUX-SAT-6E6232125A19,satellite-logo,375W-75.png,SOURCE-UNRESOLVED,AUX-RF-0946,I_SOURCE_UNRESOLVED_BW,I_SOURCE_UNRESOLVED_BW,true
satellite-logo::375W.png,AUX-SAT-550F2334A86C,satellite-logo,375W.png,SOURCE-UNRESOLVED,AUX-RF-0951,I_SOURCE_UNRESOLVED_BW,I_SOURCE_UNRESOLVED_BW,true
satellite-logo::380E-75.png,AUX-SAT-E32A46FCDEEC,satellite-logo,380E-75.png,SOURCE-UNRESOLVED,AUX-RF-1108,I_SOURCE_UNRESOLVED_BW,I_SOURCE_UNRESOLVED_BW,true
satellite-logo::380E.png,AUX-SAT-E01A65CFE83A,satellite-logo,380E.png,SOURCE-UNRESOLVED,AUX-RF-0974,I_SOURCE_UNRESOLVED_BW,I_SOURCE_UNRESOLVED_BW,true
satellite-logo::390E-75.png,AUX-SAT-86C082DB4868,satellite-logo,390E-75.png,SOURCE-UNRESOLVED,AUX-RF-1177,I_SOURCE_UNRESOLVED_BW,I_SOURCE_UNRESOLVED_BW,true
satellite-logo::390E.png,AUX-SAT-B38E679DAAF7,satellite-logo,390E.png,REVIEW,AUX-RF-0370,C_BLACK_AND_WHITE_CONTRAST,C_BLACK_AND_WHITE_CONTRAST|E_MIXED_CHROMATIC_UNSAFE_RECOLOUR,true
satellite-logo::400E-75.png,AUX-SAT-F40C875B4088,satellite-logo,400E-75.png,SOURCE-UNRESOLVED,AUX-RF-1063,I_SOURCE_UNRESOLVED_BW,I_SOURCE_UNRESOLVED_BW,true
satellite-logo::400E.png,AUX-SAT-F587D2938872,satellite-logo,400E.png,SOURCE-UNRESOLVED,AUX-RF-1164,I_SOURCE_UNRESOLVED_BW,I_SOURCE_UNRESOLVED_BW,true
satellite-logo::400W-75.png,AUX-SAT-35A06A7B5486,satellite-logo,400W-75.png,SOURCE-UNRESOLVED,AUX-RF-1008,I_SOURCE_UNRESOLVED_BW,I_SOURCE_UNRESOLVED_BW,true
satellite-logo::400W.png,AUX-SAT-F5DD592BD1F5,satellite-logo,400W.png,SOURCE-UNRESOLVED,AUX-RF-1170,I_SOURCE_UNRESOLVED_BW,I_SOURCE_UNRESOLVED_BW,true
satellite-logo::40E-75.png,AUX-SAT-E8BA9C81C78C,satellite-logo,40E-75.png,SOURCE-UNRESOLVED,AUX-RF-0911,I_SOURCE_UNRESOLVED_BW,I_SOURCE_UNRESOLVED_BW,true
satellite-logo::40E.png,AUX-SAT-158B99C0EE3D,satellite-logo,40E.png,SOURCE-UNRESOLVED,AUX-RF-1067,I_SOURCE_UNRESOLVED_BW,I_SOURCE_UNRESOLVED_BW,true
satellite-logo::40W-75.png,AUX-SAT-2E7B2B69EAC9,satellite-logo,40W-75.png,SOURCE-UNRESOLVED,AUX-RF-1073,I_SOURCE_UNRESOLVED_BW,I_SOURCE_UNRESOLVED_BW,true
satellite-logo::40W.png,AUX-SAT-1AEF0C778A0C,satellite-logo,40W.png,REVIEW,AUX-RF-0592,C_BLACK_AND_WHITE_CONTRAST,C_BLACK_AND_WHITE_CONTRAST|E_MIXED_CHROMATIC_UNSAFE_RECOLOUR,true
satellite-logo::420E-75.png,AUX-SAT-1AD1EBB1191D,satellite-logo,420E-75.png,SOURCE-UNRESOLVED,AUX-RF-1037,I_SOURCE_UNRESOLVED_BW,I_SOURCE_UNRESOLVED_BW,true
satellite-logo::420E.png,AUX-SAT-452F322C85F3,satellite-logo,420E.png,REVIEW,AUX-RF-0414,C_BLACK_AND_WHITE_CONTRAST,C_BLACK_AND_WHITE_CONTRAST|E_MIXED_CHROMATIC_UNSAFE_RECOLOUR,true
satellite-logo::430W-75.png,AUX-SAT-F45B98C63B4A,satellite-logo,430W-75.png,SOURCE-UNRESOLVED,AUX-RF-1163,I_SOURCE_UNRESOLVED_BW,I_SOURCE_UNRESOLVED_BW,true
satellite-logo::430W.png,AUX-SAT-738EDB927C9C,satellite-logo,430W.png,SOURCE-UNRESOLVED,AUX-RF-1107,I_SOURCE_UNRESOLVED_BW,I_SOURCE_UNRESOLVED_BW,true
satellite-logo::450E-75.png,AUX-SAT-71F626B43033,satellite-logo,450E-75.png,SOURCE-UNRESOLVED,AUX-RF-0926,I_SOURCE_UNRESOLVED_BW,I_SOURCE_UNRESOLVED_BW,true
satellite-logo::450E.png,AUX-SAT-8F64B132EE82,satellite-logo,450E.png,REVIEW,AUX-RF-0038,C_BLACK_AND_WHITE_CONTRAST,C_BLACK_AND_WHITE_CONTRAST|E_MIXED_CHROMATIC_UNSAFE_RECOLOUR,true
satellite-logo::450W-75.png,AUX-SAT-A486A46D42F9,satellite-logo,450W-75.png,SOURCE-UNRESOLVED,AUX-RF-1062,I_SOURCE_UNRESOLVED_BW,I_SOURCE_UNRESOLVED_BW,true
satellite-logo::450W.png,AUX-SAT-B33EE090D042,satellite-logo,450W.png,REVIEW,AUX-RF-0216,C_BLACK_AND_WHITE_CONTRAST,C_BLACK_AND_WHITE_CONTRAST|E_MIXED_CHROMATIC_UNSAFE_RECOLOUR,true
satellite-logo::460E-75.png,AUX-SAT-E1B3297B55D7,satellite-logo,460E-75.png,SOURCE-UNRESOLVED,AUX-RF-0947,I_SOURCE_UNRESOLVED_BW,I_SOURCE_UNRESOLVED_BW,true
satellite-logo::460E.png,AUX-SAT-222BE5D2320B,satellite-logo,460E.png,REVIEW,AUX-RF-0797,E_MIXED_CHROMATIC_UNSAFE_RECOLOUR,E_MIXED_CHROMATIC_UNSAFE_RECOLOUR,true
satellite-logo::480E-75.png,AUX-SAT-C26137EB7C49,satellite-logo,480E-75.png,SOURCE-UNRESOLVED,AUX-RF-0935,I_SOURCE_UNRESOLVED_BW,I_SOURCE_UNRESOLVED_BW,true
satellite-logo::480E.png,AUX-SAT-6BD1FE646923,satellite-logo,480E.png,SOURCE-UNRESOLVED,AUX-RF-1168,I_SOURCE_UNRESOLVED_BW,I_SOURCE_UNRESOLVED_BW,true
satellite-logo::48E-75.png,AUX-SAT-6514B3818CF3,satellite-logo,48E-75.png,SOURCE-UNRESOLVED,AUX-RF-1132,I_SOURCE_UNRESOLVED_BW,I_SOURCE_UNRESOLVED_BW,true
satellite-logo::48E.png,AUX-SAT-40DBDB00A804,satellite-logo,48E.png,REVIEW,AUX-RF-0192,C_BLACK_AND_WHITE_CONTRAST,C_BLACK_AND_WHITE_CONTRAST|E_MIXED_CHROMATIC_UNSAFE_RECOLOUR,true
satellite-logo::490E-75.png,AUX-SAT-AA1282B84898,satellite-logo,490E-75.png,SOURCE-UNRESOLVED,AUX-RF-1055,I_SOURCE_UNRESOLVED_BW,I_SOURCE_UNRESOLVED_BW,true
satellite-logo::490E.png,AUX-SAT-ABBC44EFF963,satellite-logo,490E.png,SOURCE-UNRESOLVED,AUX-RF-0990,I_SOURCE_UNRESOLVED_BW,I_SOURCE_UNRESOLVED_BW,true
satellite-logo::49E-75.png,AUX-SAT-F2EC18D07641,satellite-logo,49E-75.png,SOURCE-UNRESOLVED,AUX-RF-0930,I_SOURCE_UNRESOLVED_BW,I_SOURCE_UNRESOLVED_BW,true
satellite-logo::49E.png,AUX-SAT-CDDAC916A906,satellite-logo,49E.png,REVIEW,AUX-RF-0478,C_BLACK_AND_WHITE_CONTRAST,C_BLACK_AND_WHITE_CONTRAST|E_MIXED_CHROMATIC_UNSAFE_RECOLOUR,true
satellite-logo::500E-75.png,AUX-SAT-A21B3E8E6188,satellite-logo,500E-75.png,SOURCE-UNRESOLVED,AUX-RF-0933,I_SOURCE_UNRESOLVED_BW,I_SOURCE_UNRESOLVED_BW,true
satellite-logo::500E.png,AUX-SAT-E07A104E20CF,satellite-logo,500E.png,SOURCE-UNRESOLVED,AUX-RF-1026,I_SOURCE_UNRESOLVED_BW,I_SOURCE_UNRESOLVED_BW,true
satellite-logo::50W-75.png,AUX-SAT-3579C183A8E9,satellite-logo,50W-75.png,SOURCE-UNRESOLVED,AUX-RF-1185,I_SOURCE_UNRESOLVED_BW,I_SOURCE_UNRESOLVED_BW,true
satellite-logo::50W.png,AUX-SAT-833444073DD8,satellite-logo,50W.png,REVIEW,AUX-RF-0562,C_BLACK_AND_WHITE_CONTRAST,C_BLACK_AND_WHITE_CONTRAST|E_MIXED_CHROMATIC_UNSAFE_RECOLOUR,true
satellite-logo::515E-75.png,AUX-SAT-FC84C792B516,satellite-logo,515E-75.png,SOURCE-UNRESOLVED,AUX-RF-1001,I_SOURCE_UNRESOLVED_BW,I_SOURCE_UNRESOLVED_BW,true
satellite-logo::515E.png,AUX-SAT-CA1ABA13CD97,satellite-logo,515E.png,REVIEW,AUX-RF-0228,C_BLACK_AND_WHITE_CONTRAST,C_BLACK_AND_WHITE_CONTRAST|D_COMPONENT_MASK_AMBIGUOUS|E_MIXED_CHROMATIC_UNSAFE_RECOLOUR,true
satellite-logo::520E-75.png,AUX-SAT-687AF1C17188,satellite-logo,520E-75.png,SOURCE-UNRESOLVED,AUX-RF-1056,I_SOURCE_UNRESOLVED_BW,I_SOURCE_UNRESOLVED_BW,true
satellite-logo::520E.png,AUX-SAT-531ED716590E,satellite-logo,520E.png,REVIEW,AUX-RF-0189,C_BLACK_AND_WHITE_CONTRAST,C_BLACK_AND_WHITE_CONTRAST|D_COMPONENT_MASK_AMBIGUOUS|E_MIXED_CHROMATIC_UNSAFE_RECOLOUR,true
satellite-logo::525E-75.png,AUX-SAT-DCC2DE3F991F,satellite-logo,525E-75.png,SOURCE-UNRESOLVED,AUX-RF-0925,I_SOURCE_UNRESOLVED_BW,I_SOURCE_UNRESOLVED_BW,true
satellite-logo::525E.png,AUX-SAT-08DC6B638ABE,satellite-logo,525E.png,REVIEW,AUX-RF-0622,C_BLACK_AND_WHITE_CONTRAST,C_BLACK_AND_WHITE_CONTRAST|D_COMPONENT_MASK_AMBIGUOUS|E_MIXED_CHROMATIC_UNSAFE_RECOLOUR,true
satellite-logo::530E-75.png,AUX-SAT-1BDEA542242D,satellite-logo,530E-75.png,SOURCE-UNRESOLVED,AUX-RF-1149,I_SOURCE_UNRESOLVED_BW,I_SOURCE_UNRESOLVED_BW,true
satellite-logo::530E.png,AUX-SAT-0EC014A7B07E,satellite-logo,530E.png,REVIEW,AUX-RF-0333,C_BLACK_AND_WHITE_CONTRAST,C_BLACK_AND_WHITE_CONTRAST|E_MIXED_CHROMATIC_UNSAFE_RECOLOUR,true
satellite-logo::530W-75.png,AUX-SAT-ED07A9903B63,satellite-logo,530W-75.png,SOURCE-UNRESOLVED,AUX-RF-1058,I_SOURCE_UNRESOLVED_BW,I_SOURCE_UNRESOLVED_BW,true
satellite-logo::530W.png,AUX-SAT-6F69D978A544,satellite-logo,530W.png,SOURCE-UNRESOLVED,AUX-RF-1115,I_SOURCE_UNRESOLVED_BW,I_SOURCE_UNRESOLVED_BW,true
satellite-logo::549E-75.png,AUX-SAT-BB7B63561646,satellite-logo,549E-75.png,SOURCE-UNRESOLVED,AUX-RF-0937,I_SOURCE_UNRESOLVED_BW,I_SOURCE_UNRESOLVED_BW,true
satellite-logo::549E.png,AUX-SAT-BAF140FCD363,satellite-logo,549E.png,REVIEW,AUX-RF-0150,C_BLACK_AND_WHITE_CONTRAST,C_BLACK_AND_WHITE_CONTRAST|D_COMPONENT_MASK_AMBIGUOUS|E_MIXED_CHROMATIC_UNSAFE_RECOLOUR,true
satellite-logo::550E-75.png,AUX-SAT-D0D72E8C4593,satellite-logo,550E-75.png,SOURCE-UNRESOLVED,AUX-RF-1059,I_SOURCE_UNRESOLVED_BW,I_SOURCE_UNRESOLVED_BW,true
satellite-logo::550E.png,AUX-SAT-57ADA555DCA0,satellite-logo,550E.png,SOURCE-UNRESOLVED,AUX-RF-1075,I_SOURCE_UNRESOLVED_BW,I_SOURCE_UNRESOLVED_BW,true
satellite-logo::555W-75.png,AUX-SAT-22B72AA82D40,satellite-logo,555W-75.png,SOURCE-UNRESOLVED,AUX-RF-1043,I_SOURCE_UNRESOLVED_BW,I_SOURCE_UNRESOLVED_BW,true
satellite-logo::555W.png,AUX-SAT-EBA32BB5FC95,satellite-logo,555W.png,SOURCE-UNRESOLVED,AUX-RF-0956,I_SOURCE_UNRESOLVED_BW,I_SOURCE_UNRESOLVED_BW,true
satellite-logo::560E-75.png,AUX-SAT-B24749045DED,satellite-logo,560E-75.png,SOURCE-UNRESOLVED,AUX-RF-1057,I_SOURCE_UNRESOLVED_BW,I_SOURCE_UNRESOLVED_BW,true
satellite-logo::560E.png,AUX-SAT-A34730914F19,satellite-logo,560E.png,REVIEW,AUX-RF-0337,C_BLACK_AND_WHITE_CONTRAST,C_BLACK_AND_WHITE_CONTRAST|E_MIXED_CHROMATIC_UNSAFE_RECOLOUR,true
satellite-logo::570E-75.png,AUX-SAT-3AF4BE2AD466,satellite-logo,570E-75.png,SOURCE-UNRESOLVED,AUX-RF-1006,I_SOURCE_UNRESOLVED_BW,I_SOURCE_UNRESOLVED_BW,true
satellite-logo::570E.png,AUX-SAT-EEC94A793158,satellite-logo,570E.png,REVIEW,AUX-RF-0319,C_BLACK_AND_WHITE_CONTRAST,C_BLACK_AND_WHITE_CONTRAST|E_MIXED_CHROMATIC_UNSAFE_RECOLOUR,true
satellite-logo::580W-75.png,AUX-SAT-5B0665E9D4D1,satellite-logo,580W-75.png,SOURCE-UNRESOLVED,AUX-RF-0939,I_SOURCE_UNRESOLVED_BW,I_SOURCE_UNRESOLVED_BW,true
satellite-logo::580W.png,AUX-SAT-3A536AFA7709,satellite-logo,580W.png,SOURCE-UNRESOLVED,AUX-RF-0986,I_SOURCE_UNRESOLVED_BW,I_SOURCE_UNRESOLVED_BW,true
satellite-logo::600E-75.png,AUX-SAT-D68886193646,satellite-logo,600E-75.png,SOURCE-UNRESOLVED,AUX-RF-1051,I_SOURCE_UNRESOLVED_BW,I_SOURCE_UNRESOLVED_BW,true
satellite-logo::600E.png,AUX-SAT-BD385A848B36,satellite-logo,600E.png,REVIEW,AUX-RF-0418,C_BLACK_AND_WHITE_CONTRAST,C_BLACK_AND_WHITE_CONTRAST|E_MIXED_CHROMATIC_UNSAFE_RECOLOUR,true
satellite-logo::610E-75.png,AUX-SAT-03FBA527A8B7,satellite-logo,610E-75.png,SOURCE-UNRESOLVED,AUX-RF-1166,I_SOURCE_UNRESOLVED_BW,I_SOURCE_UNRESOLVED_BW,true
satellite-logo::610E.png,AUX-SAT-F0F1D134C4B8,satellite-logo,610E.png,SOURCE-UNRESOLVED,AUX-RF-1005,I_SOURCE_UNRESOLVED_BW,I_SOURCE_UNRESOLVED_BW,true
satellite-logo::615W-75.png,AUX-SAT-1D8ECD693365,satellite-logo,615W-75.png,SOURCE-UNRESOLVED,AUX-RF-0981,I_SOURCE_UNRESOLVED_BW,I_SOURCE_UNRESOLVED_BW,true
satellite-logo::615W.png,AUX-SAT-5A4B351BA843,satellite-logo,615W.png,SOURCE-UNRESOLVED,AUX-RF-0965,I_SOURCE_UNRESOLVED_BW,I_SOURCE_UNRESOLVED_BW,true
satellite-logo::620E-75.png,AUX-SAT-EA84DFD0F7E7,satellite-logo,620E-75.png,SOURCE-UNRESOLVED,AUX-RF-1127,I_SOURCE_UNRESOLVED_BW,I_SOURCE_UNRESOLVED_BW,true
satellite-logo::620E.png,AUX-SAT-7AE22AA312B9,satellite-logo,620E.png,REVIEW,AUX-RF-0650,C_BLACK_AND_WHITE_CONTRAST,C_BLACK_AND_WHITE_CONTRAST|E_MIXED_CHROMATIC_UNSAFE_RECOLOUR,true
satellite-logo::630W-75.png,AUX-SAT-E283A8DD4A4E,satellite-logo,630W-75.png,SOURCE-UNRESOLVED,AUX-RF-1110,I_SOURCE_UNRESOLVED_BW,I_SOURCE_UNRESOLVED_BW,true
satellite-logo::630W.png,AUX-SAT-D0FBA364FC56,satellite-logo,630W.png,SOURCE-UNRESOLVED,AUX-RF-1178,I_SOURCE_UNRESOLVED_BW,I_SOURCE_UNRESOLVED_BW,true
satellite-logo::660E-75.png,AUX-SAT-C320E3EFCA84,satellite-logo,660E-75.png,SOURCE-UNRESOLVED,AUX-RF-1029,I_SOURCE_UNRESOLVED_BW,I_SOURCE_UNRESOLVED_BW,true
satellite-logo::660E.png,AUX-SAT-F9745AB683D0,satellite-logo,660E.png,REVIEW,AUX-RF-0034,C_BLACK_AND_WHITE_CONTRAST,C_BLACK_AND_WHITE_CONTRAST|E_MIXED_CHROMATIC_UNSAFE_RECOLOUR,true
satellite-logo::685E-75.png,AUX-SAT-0B4DC7D3EE39,satellite-logo,685E-75.png,SOURCE-UNRESOLVED,AUX-RF-1020,I_SOURCE_UNRESOLVED_BW,I_SOURCE_UNRESOLVED_BW,true
satellite-logo::685E.png,AUX-SAT-ECF51F52F958,satellite-logo,685E.png,REVIEW,AUX-RF-0502,C_BLACK_AND_WHITE_CONTRAST,C_BLACK_AND_WHITE_CONTRAST|E_MIXED_CHROMATIC_UNSAFE_RECOLOUR,true
satellite-logo::700W-75.png,AUX-SAT-87E3C9CFB14B,satellite-logo,700W-75.png,SOURCE-UNRESOLVED,AUX-RF-0971,I_SOURCE_UNRESOLVED_BW,I_SOURCE_UNRESOLVED_BW,true
satellite-logo::700W.png,AUX-SAT-4BAE8A3EFB23,satellite-logo,700W.png,SOURCE-UNRESOLVED,AUX-RF-1000,I_SOURCE_UNRESOLVED_BW,I_SOURCE_UNRESOLVED_BW,true
satellite-logo::705E-75.png,AUX-SAT-CA56C46890CA,satellite-logo,705E-75.png,SOURCE-UNRESOLVED,AUX-RF-0950,I_SOURCE_UNRESOLVED_BW,I_SOURCE_UNRESOLVED_BW,true
satellite-logo::705E.png,AUX-SAT-513908F90D91,satellite-logo,705E.png,REVIEW,AUX-RF-0373,C_BLACK_AND_WHITE_CONTRAST,C_BLACK_AND_WHITE_CONTRAST|E_MIXED_CHROMATIC_UNSAFE_RECOLOUR,true
satellite-logo::70E-75.png,AUX-SAT-F36B556AF080,satellite-logo,70E-75.png,SOURCE-UNRESOLVED,AUX-RF-0932,I_SOURCE_UNRESOLVED_BW,I_SOURCE_UNRESOLVED_BW,true
satellite-logo::70E.png,AUX-SAT-21B9ADFCFD2D,satellite-logo,70E.png,REVIEW,AUX-RF-0331,C_BLACK_AND_WHITE_CONTRAST,C_BLACK_AND_WHITE_CONTRAST|E_MIXED_CHROMATIC_UNSAFE_RECOLOUR,true
satellite-logo::70W-75.png,AUX-SAT-98C4BA281E01,satellite-logo,70W-75.png,SOURCE-UNRESOLVED,AUX-RF-1171,I_SOURCE_UNRESOLVED_BW,I_SOURCE_UNRESOLVED_BW,true
satellite-logo::70W.png,AUX-SAT-9474D0E9B49E,satellite-logo,70W.png,REVIEW,AUX-RF-0251,C_BLACK_AND_WHITE_CONTRAST,C_BLACK_AND_WHITE_CONTRAST|E_MIXED_CHROMATIC_UNSAFE_RECOLOUR,true
satellite-logo::720E-75.png,AUX-SAT-747B61108411,satellite-logo,720E-75.png,SOURCE-UNRESOLVED,AUX-RF-1142,I_SOURCE_UNRESOLVED_BW,I_SOURCE_UNRESOLVED_BW,true
satellite-logo::720E.png,AUX-SAT-0FA53441E7DC,satellite-logo,720E.png,SOURCE-UNRESOLVED,AUX-RF-1176,I_SOURCE_UNRESOLVED_BW,I_SOURCE_UNRESOLVED_BW,true
satellite-logo::720W-75.png,AUX-SAT-3D776491028F,satellite-logo,720W-75.png,SOURCE-UNRESOLVED,AUX-RF-1065,I_SOURCE_UNRESOLVED_BW,I_SOURCE_UNRESOLVED_BW,true
satellite-logo::720W.png,AUX-SAT-ACB9ACF1CA2A,satellite-logo,720W.png,SOURCE-UNRESOLVED,AUX-RF-1187,I_SOURCE_UNRESOLVED_BW,I_SOURCE_UNRESOLVED_BW,true
satellite-logo::749E-75.png,AUX-SAT-24EB30D598C8,satellite-logo,749E-75.png,SOURCE-UNRESOLVED,AUX-RF-0985,I_SOURCE_UNRESOLVED_BW,I_SOURCE_UNRESOLVED_BW,true
satellite-logo::749E.png,AUX-SAT-AE620719F284,satellite-logo,749E.png,REVIEW,AUX-RF-0790,E_MIXED_CHROMATIC_UNSAFE_RECOLOUR,E_MIXED_CHROMATIC_UNSAFE_RECOLOUR,true
satellite-logo::750E-75.png,AUX-SAT-43BA2850A313,satellite-logo,750E-75.png,SOURCE-UNRESOLVED,AUX-RF-1087,I_SOURCE_UNRESOLVED_BW,I_SOURCE_UNRESOLVED_BW,true
satellite-logo::750E.png,AUX-SAT-2EE1FF209886,satellite-logo,750E.png,REVIEW,AUX-RF-0245,C_BLACK_AND_WHITE_CONTRAST,C_BLACK_AND_WHITE_CONTRAST|D_COMPONENT_MASK_AMBIGUOUS|E_MIXED_CHROMATIC_UNSAFE_RECOLOUR,true
satellite-logo::770W-75.png,AUX-SAT-3C7CEFE979E5,satellite-logo,770W-75.png,SOURCE-UNRESOLVED,AUX-RF-1038,I_SOURCE_UNRESOLVED_BW,I_SOURCE_UNRESOLVED_BW,true
satellite-logo::770W.png,AUX-SAT-BB9179E58FAF,satellite-logo,770W.png,SOURCE-UNRESOLVED,AUX-RF-1009,I_SOURCE_UNRESOLVED_BW,I_SOURCE_UNRESOLVED_BW,true
satellite-logo::785E-75.png,AUX-SAT-19214BF636E0,satellite-logo,785E-75.png,SOURCE-UNRESOLVED,AUX-RF-1030,I_SOURCE_UNRESOLVED_BW,I_SOURCE_UNRESOLVED_BW,true
satellite-logo::785E.png,AUX-SAT-843C28D44045,satellite-logo,785E.png,SOURCE-UNRESOLVED,AUX-RF-0953,I_SOURCE_UNRESOLVED_BW,I_SOURCE_UNRESOLVED_BW,true
satellite-logo::800E-75.png,AUX-SAT-8317AFCFD1F7,satellite-logo,800E-75.png,SOURCE-UNRESOLVED,AUX-RF-0934,I_SOURCE_UNRESOLVED_BW,I_SOURCE_UNRESOLVED_BW,true
satellite-logo::800E.png,AUX-SAT-E821E134988A,satellite-logo,800E.png,SOURCE-UNRESOLVED,AUX-RF-0993,I_SOURCE_UNRESOLVED_BW,I_SOURCE_UNRESOLVED_BW,true
satellite-logo::80W-75.png,AUX-SAT-60B3CAC338E1,satellite-logo,80W-75.png,SOURCE-UNRESOLVED,AUX-RF-1098,I_SOURCE_UNRESOLVED_BW,I_SOURCE_UNRESOLVED_BW,true
satellite-logo::80W.png,AUX-SAT-B8EA609EFCCD,satellite-logo,80W.png,REVIEW,AUX-RF-0603,C_BLACK_AND_WHITE_CONTRAST,C_BLACK_AND_WHITE_CONTRAST|E_MIXED_CHROMATIC_UNSAFE_RECOLOUR,true
satellite-logo::815E-75.png,AUX-SAT-B95140E910E7,satellite-logo,815E-75.png,SOURCE-UNRESOLVED,AUX-RF-1122,I_SOURCE_UNRESOLVED_BW,I_SOURCE_UNRESOLVED_BW,true
satellite-logo::815E.png,AUX-SAT-FB2407377281,satellite-logo,815E.png,SOURCE-UNRESOLVED,AUX-RF-0984,I_SOURCE_UNRESOLVED_BW,I_SOURCE_UNRESOLVED_BW,true
satellite-logo::850E-75.png,AUX-SAT-D8599BE1BC9D,satellite-logo,850E-75.png,SOURCE-UNRESOLVED,AUX-RF-1034,I_SOURCE_UNRESOLVED_BW,I_SOURCE_UNRESOLVED_BW,true
satellite-logo::850E.png,AUX-SAT-A73970E7E688,satellite-logo,850E.png,REVIEW,AUX-RF-0288,C_BLACK_AND_WHITE_CONTRAST,C_BLACK_AND_WHITE_CONTRAST|E_MIXED_CHROMATIC_UNSAFE_RECOLOUR,true
satellite-logo::851E-75.png,AUX-SAT-4802C3CC04D4,satellite-logo,851E-75.png,SOURCE-UNRESOLVED,AUX-RF-1146,I_SOURCE_UNRESOLVED_BW,I_SOURCE_UNRESOLVED_BW,true
satellite-logo::851E.png,AUX-SAT-5C1613CED9B6,satellite-logo,851E.png,REVIEW,AUX-RF-0477,C_BLACK_AND_WHITE_CONTRAST,C_BLACK_AND_WHITE_CONTRAST|E_MIXED_CHROMATIC_UNSAFE_RECOLOUR,true
satellite-logo::852E-75.png,AUX-SAT-6A7976099398,satellite-logo,852E-75.png,SOURCE-UNRESOLVED,AUX-RF-1106,I_SOURCE_UNRESOLVED_BW,I_SOURCE_UNRESOLVED_BW,true
satellite-logo::852E.png,AUX-SAT-92C2EC3C65F8,satellite-logo,852E.png,SOURCE-UNRESOLVED,AUX-RF-0964,I_SOURCE_UNRESOLVED_BW,I_SOURCE_UNRESOLVED_BW,true
satellite-logo::853E-75.png,AUX-SAT-6805AB260DD6,satellite-logo,853E-75.png,SOURCE-UNRESOLVED,AUX-RF-0923,I_SOURCE_UNRESOLVED_BW,I_SOURCE_UNRESOLVED_BW,true
satellite-logo::853E.png,AUX-SAT-6A2D0218DD26,satellite-logo,853E.png,SOURCE-UNRESOLVED,AUX-RF-1091,I_SOURCE_UNRESOLVED_BW,I_SOURCE_UNRESOLVED_BW,true
satellite-logo::875E-75.png,AUX-SAT-2CCB4C7E8758,satellite-logo,875E-75.png,SOURCE-UNRESOLVED,AUX-RF-0914,I_SOURCE_UNRESOLVED_BW,I_SOURCE_UNRESOLVED_BW,true
satellite-logo::875E.png,AUX-SAT-B0B48CC053EA,satellite-logo,875E.png,SOURCE-UNRESOLVED,AUX-RF-1184,I_SOURCE_UNRESOLVED_BW,I_SOURCE_UNRESOLVED_BW,true
satellite-logo::8W-75.png,AUX-SAT-956BA2F8FB2A,satellite-logo,8W-75.png,SOURCE-UNRESOLVED,AUX-RF-1083,I_SOURCE_UNRESOLVED_BW,I_SOURCE_UNRESOLVED_BW,false
satellite-logo::8W.png,AUX-SAT-B326F925A53A,satellite-logo,8W.png,REVIEW,AUX-RF-0793,E_MIXED_CHROMATIC_UNSAFE_RECOLOUR,E_MIXED_CHROMATIC_UNSAFE_RECOLOUR,true
satellite-logo::900E-75.png,AUX-SAT-00198797E1C7,satellite-logo,900E-75.png,SOURCE-UNRESOLVED,AUX-RF-1134,I_SOURCE_UNRESOLVED_BW,I_SOURCE_UNRESOLVED_BW,true
satellite-logo::900E.png,AUX-SAT-273354272DEF,satellite-logo,900E.png,SOURCE-UNRESOLVED,AUX-RF-0921,I_SOURCE_UNRESOLVED_BW,I_SOURCE_UNRESOLVED_BW,true
satellite-logo::90E-75.png,AUX-SAT-26434EEF9DDB,satellite-logo,90E-75.png,SOURCE-UNRESOLVED,AUX-RF-1021,I_SOURCE_UNRESOLVED_BW,I_SOURCE_UNRESOLVED_BW,true
satellite-logo::90E.png,AUX-SAT-8CC9B61479D0,satellite-logo,90E.png,REVIEW,AUX-RF-0565,C_BLACK_AND_WHITE_CONTRAST,C_BLACK_AND_WHITE_CONTRAST|D_COMPONENT_MASK_AMBIGUOUS|E_MIXED_CHROMATIC_UNSAFE_RECOLOUR,true
satellite-logo::915E-75.png,AUX-SAT-86AB769B1D78,satellite-logo,915E-75.png,SOURCE-UNRESOLVED,AUX-RF-1100,I_SOURCE_UNRESOLVED_BW,I_SOURCE_UNRESOLVED_BW,true
satellite-logo::915E.png,AUX-SAT-C4FC1044B104,satellite-logo,915E.png,SOURCE-UNRESOLVED,AUX-RF-0963,I_SOURCE_UNRESOLVED_BW,I_SOURCE_UNRESOLVED_BW,true
satellite-logo::922E-75.png,AUX-SAT-1D4EB65FD991,satellite-logo,922E-75.png,SOURCE-UNRESOLVED,AUX-RF-0944,I_SOURCE_UNRESOLVED_BW,I_SOURCE_UNRESOLVED_BW,true
satellite-logo::922E.png,AUX-SAT-B2DAAC62C1C0,satellite-logo,922E.png,SOURCE-UNRESOLVED,AUX-RF-1169,I_SOURCE_UNRESOLVED_BW,I_SOURCE_UNRESOLVED_BW,true
satellite-logo::965E-75.png,AUX-SAT-97B82743CEA0,satellite-logo,965E-75.png,SOURCE-UNRESOLVED,AUX-RF-1167,I_SOURCE_UNRESOLVED_BW,I_SOURCE_UNRESOLVED_BW,true
satellite-logo::965E.png,AUX-SAT-7F77DA583A88,satellite-logo,965E.png,SOURCE-UNRESOLVED,AUX-RF-1035,I_SOURCE_UNRESOLVED_BW,I_SOURCE_UNRESOLVED_BW,true
satellite-logo::980E-75.png,AUX-SAT-0F4E32F12388,satellite-logo,980E-75.png,SOURCE-UNRESOLVED,AUX-RF-0936,I_SOURCE_UNRESOLVED_BW,I_SOURCE_UNRESOLVED_BW,true
satellite-logo::980E.png,AUX-SAT-435A56F9B521,satellite-logo,980E.png,SOURCE-UNRESOLVED,AUX-RF-1145,I_SOURCE_UNRESOLVED_BW,I_SOURCE_UNRESOLVED_BW,true
satellite-logo::ANTIKSAT-75.png,AUX-SAT-54691E457E2A,satellite-logo,ANTIKSAT-75.png,SOURCE-UNRESOLVED,AUX-RF-1126,I_SOURCE_UNRESOLVED_BW,I_SOURCE_UNRESOLVED_BW,true
satellite-logo::DIGI-75.png,AUX-SAT-830DC0663371,satellite-logo,DIGI-75.png,SOURCE-UNRESOLVED,AUX-RF-1079,I_SOURCE_UNRESOLVED_BW,I_SOURCE_UNRESOLVED_BW,true
satellite-logo::DVB-T.png,AUX-SAT-1ABB1BA7F5F8,satellite-logo,DVB-T.png,REVIEW,AUX-RF-0721,D_COMPONENT_MASK_AMBIGUOUS,D_COMPONENT_MASK_AMBIGUOUS|E_MIXED_CHROMATIC_UNSAFE_RECOLOUR,true
satellite-logo::EEE-75.png,AUX-SAT-F4F227F840BA,satellite-logo,EEE-75.png,SOURCE-UNRESOLVED,AUX-RF-1153,I_SOURCE_UNRESOLVED_BW,I_SOURCE_UNRESOLVED_BW,true
satellite-logo::FREESAT-75.png,AUX-SAT-E91B953960BA,satellite-logo,FREESAT-75.png,SOURCE-UNRESOLVED,AUX-RF-1118,I_SOURCE_UNRESOLVED_BW,I_SOURCE_UNRESOLVED_BW,true
satellite-logo::IPTV.png,AUX-SAT-0C3D872D4F91,satellite-logo,IPTV.png,REVIEW,AUX-RF-0051,C_BLACK_AND_WHITE_CONTRAST,C_BLACK_AND_WHITE_CONTRAST|E_MIXED_CHROMATIC_UNSAFE_RECOLOUR,true
satellite-logo::ORANGE-75.png,AUX-SAT-4894F725C38B,satellite-logo,ORANGE-75.png,SOURCE-UNRESOLVED,AUX-RF-1141,I_SOURCE_UNRESOLVED_BW,I_SOURCE_UNRESOLVED_BW,true
satellite-logo::PANTELIO-75.png,AUX-SAT-F6A4E9ACDB3C,satellite-logo,PANTELIO-75.png,SOURCE-UNRESOLVED,AUX-RF-0906,I_SOURCE_UNRESOLVED_BW,I_SOURCE_UNRESOLVED_BW,true
satellite-logo::SKYLINK-75.png,AUX-SAT-06424136452B,satellite-logo,SKYLINK-75.png,SOURCE-UNRESOLVED,AUX-RF-1078,I_SOURCE_UNRESOLVED_BW,I_SOURCE_UNRESOLVED_BW,true
satellite-logo::TELLY-75.png,AUX-SAT-FCC27D14B67A,satellite-logo,TELLY-75.png,SOURCE-UNRESOLVED,AUX-RF-0915,I_SOURCE_UNRESOLVED_BW,I_SOURCE_UNRESOLVED_BW,true
satellite-logo::picon_cable-75.png,AUX-SAT-37EF698424B6,satellite-logo,picon_cable-75.png,SOURCE-UNRESOLVED,AUX-RF-1143,I_SOURCE_UNRESOLVED_BW,I_SOURCE_UNRESOLVED_BW,true
satellite-logo::picon_cable.png,AUX-SAT-D5D55A9FD460,satellite-logo,picon_cable.png,REVIEW,AUX-RF-0048,C_BLACK_AND_WHITE_CONTRAST,C_BLACK_AND_WHITE_CONTRAST|D_COMPONENT_MASK_AMBIGUOUS|E_MIXED_CHROMATIC_UNSAFE_RECOLOUR,true
satellite-logo::picon_default-75.png,AUX-SAT-C4E61B46EB52,satellite-logo,picon_default-75.png,SOURCE-UNRESOLVED,AUX-RF-1156,I_SOURCE_UNRESOLVED_BW,I_SOURCE_UNRESOLVED_BW,true
satellite-logo::picon_default.png,AUX-SAT-1EFEEE711B69,satellite-logo,picon_default.png,REVIEW,AUX-RF-0634,C_BLACK_AND_WHITE_CONTRAST,C_BLACK_AND_WHITE_CONTRAST|D_COMPONENT_MASK_AMBIGUOUS|E_MIXED_CHROMATIC_UNSAFE_RECOLOUR,true
satellite-logo::picon_iptv-75.png,AUX-SAT-FEE76155CA17,satellite-logo,picon_iptv-75.png,SOURCE-UNRESOLVED,AUX-RF-1040,I_SOURCE_UNRESOLVED_BW,I_SOURCE_UNRESOLVED_BW,true
satellite-logo::picon_iptv.png,AUX-SAT-3B8AEA5372AD,satellite-logo,picon_iptv.png,REVIEW,AUX-RF-0671,D_COMPONENT_MASK_AMBIGUOUS,D_COMPONENT_MASK_AMBIGUOUS|E_MIXED_CHROMATIC_UNSAFE_RECOLOUR,true
satellite-logo::picon_sat.png,AUX-SAT-1E1F8B105F60,satellite-logo,picon_sat.png,REVIEW,AUX-RF-0631,C_BLACK_AND_WHITE_CONTRAST,C_BLACK_AND_WHITE_CONTRAST|D_COMPONENT_MASK_AMBIGUOUS|E_MIXED_CHROMATIC_UNSAFE_RECOLOUR,true
satellite-logo::picon_trs-75.png,AUX-SAT-57E4B6D1733A,satellite-logo,picon_trs-75.png,SOURCE-UNRESOLVED,AUX-RF-1105,I_SOURCE_UNRESOLVED_BW,I_SOURCE_UNRESOLVED_BW,true
satellite-logo::picon_trs.png,AUX-SAT-16F552E2E458,satellite-logo,picon_trs.png,REVIEW,AUX-RF-0721,D_COMPONENT_MASK_AMBIGUOUS,D_COMPONENT_MASK_AMBIGUOUS|E_MIXED_CHROMATIC_UNSAFE_RECOLOUR,false
