x_fitted_220x132,y_fitted_220x132,raw_source_xy_float,raw_source_xy_nearest,raw_source_rgba_neighborhood_3x3,source_derived_fitted_RGBA,alpha,channel_spread,local_8_neighbor_context_fitted,local_confirmed_wordmark_neighbor_count,local_protected_neighbor_count,direct_solid_core_component_ids,direct_solid_core_glyph_ids,direct_candidate_glyph_ids,direct_solid_core_pixel_count,nearest_confirmed_wordmark_component,nearest_protected_class_and_pixel,nearest_protected_class_details,min_local_wordmark_RGB_Linf,min_local_wordmark_RGB_L2,min_direct_solid_core_RGB_Linf,min_local_confirmed_luminance_delta,local_confirmed_core_edge_luminance_step_median,luminance_gradient_continuity_pass,direct_solid_core_max_alpha,direct_confirmed_alpha_max,alpha_attenuation_from_preconfirmed_support,preconfirmed_safe_attachment_support,protected_neighborhood_present,topology_path_evidence,frozen_tonal_classifier_code,ownership_decision,reason
85,56,"[84.1789,56.6]","[84,57]","[[71,112,76,0],[71,112,76,0],[6,4,5,3],[71,112,76,0],[6,4,5,3],[71,112,76,0],[71,112,76,0],[71,112,76,0],[28,25,25,22]]","[85,85,85,6]",6,0,"[{""x"":86,""y"":55,""rgba"":[0,0,0,3],""class"":""other_visible"",""wordmark_component_id"":null},{""x"":86,""y"":56,""rgba"":[255,255,255,3],""class"":""other_visible"",""wordmark_component_id"":null},{""x"":84,""y"":57,""rgba"":[170,170,170,3],""class"":""confirmed_wordmark"",""wordmark_component_id"":7},{""x"":86,""y"":57,""rgba"":[0,0,0,3],""class"":""confirmed_wordmark"",""wordmark_component_id"":7}]",2,0,[],[],[7],0,"{""component_id"":7,""x"":84,""y"":57,""distance_px"":1.4142,""rgba"":[170,170,170,3],""rgb_linf"":85}","{""class"":""ambiguous_chromatic_boundary"",""present"":true,""distance_px"":35.0,""coordinate"":[50,56],""rgb_linf"":85}","[{""class"":""ambiguous_chromatic_boundary"",""present"":true,""distance_px"":35.0,""coordinate"":[50,56],""rgb_linf"":85},{""class"":""chromatic_core"",""present"":true,""distance_px"":36.0,""coordinate"":[49,56],""rgb_linf"":72},{""class"":""confirmed_true_chromatic_AA"",""present"":true,""distance_px"":36.6742,""coordinate"":[49,49],""rgb_linf"":85}]",85,147.2243,,0.090842,0.304391,True,,3,False,True,False,direct unique preconfirmed glyph support,4,AMBIGUOUS,local RGB continuity to preconfirmed wordmark fails frozen max-channel distance 18
86,56,"[85.2328,56.6]","[85,57]","[[71,112,76,0],[6,4,5,3],[6,4,5,3],[6,4,5,3],[71,112,76,0],[71,112,76,0],[71,112,76,0],[28,25,25,22],[99,99,99,101]]","[255,255,255,3]",3,0,"[{""x"":86,""y"":55,""rgba"":[0,0,0,3],""class"":""other_visible"",""wordmark_component_id"":null},{""x"":87,""y"":55,""rgba"":[85,85,85,6],""class"":""other_visible"",""wordmark_component_id"":null},{""x"":85,""y"":56,""rgba"":[85,85,85,6],""class"":""other_visible"",""wordmark_component_id"":null},{""x"":86,""y"":57,""rgba"":[0,0,0,3],""class"":""confirmed_wordmark"",""wordmark_component_id"":7},{""x"":87,""y"":57,""rgba"":[51,51,51,64],""class"":""solid_achromatic_core"",""wordmark_component_id"":7}]",2,0,[7],[7],[7],1,"{""component_id"":7,""x"":86,""y"":57,""distance_px"":1.0,""rgba"":[0,0,0,3],""rgb_linf"":255}","{""class"":""ambiguous_chromatic_boundary"",""present"":true,""distance_px"":36.0,""coordinate"":[50,56],""rgb_linf"":255}","[{""class"":""ambiguous_chromatic_boundary"",""present"":true,""distance_px"":36.0,""coordinate"":[50,56],""rgb_linf"":255},{""class"":""chromatic_core"",""present"":true,""distance_px"":37.0,""coordinate"":[49,56],""rgb_linf"":225},{""class"":""confirmed_true_chromatic_AA"",""present"":true,""distance_px"":37.6563,""coordinate"":[49,49],""rgb_linf"":255}]",204,353.3384,204,0.966895,0.699141,False,64,64,True,True,False,direct unique preconfirmed glyph support,5,AMBIGUOUS,local RGB continuity to preconfirmed wordmark fails frozen max-channel distance 18
95,56,"[94.7181,56.6]","[95,57]","[[6,4,5,3],[6,4,5,3],[71,112,76,0],[71,112,76,0],[71,112,76,0],[6,4,5,3],[99,99,99,101],[28,25,25,22],[71,112,76,0]]","[255,255,255,3]",3,0,"[{""x"":94,""y"":55,""rgba"":[102,102,102,5],""class"":""other_visible"",""wordmark_component_id"":null},{""x"":95,""y"":55,""rgba"":[0,0,0,4],""class"":""other_visible"",""wordmark_component_id"":null},{""x"":96,""y"":56,""rgba"":[72,72,72,7],""class"":""other_visible"",""wordmark_component_id"":null},{""x"":94,""y"":57,""rgba"":[57,57,57,66],""class"":""solid_achromatic_core"",""wordmark_component_id"":7},{""x"":95,""y"":57,""rgba"":[0,0,0,6],""class"":""confirmed_wordmark"",""wordmark_component_id"":7}]",2,0,[7],[7],[7],1,"{""component_id"":7,""x"":95,""y"":57,""distance_px"":1.0,""rgba"":[0,0,0,6],""rgb_linf"":255}","{""class"":""ambiguous_chromatic_boundary"",""present"":true,""distance_px"":45.0,""coordinate"":[50,56],""rgb_linf"":255}","[{""class"":""ambiguous_chromatic_boundary"",""present"":true,""distance_px"":45.0,""coordinate"":[50,56],""rgb_linf"":255},{""class"":""chromatic_core"",""present"":true,""distance_px"":46.0,""coordinate"":[49,56],""rgb_linf"":225},{""class"":""confirmed_true_chromatic_AA"",""present"":true,""distance_px"":46.5296,""coordinate"":[49,49],""rgb_linf"":255}]",198,342.946,198,0.959085,0.687918,False,66,66,True,True,False,direct unique preconfirmed glyph support,5,AMBIGUOUS,local RGB continuity to preconfirmed wordmark fails frozen max-channel distance 18
96,56,"[95.7721,56.6]","[96,57]","[[6,4,5,3],[71,112,76,0],[71,112,76,0],[71,112,76,0],[6,4,5,3],[71,112,76,0],[28,25,25,22],[71,112,76,0],[71,112,76,0]]","[72,72,72,7]",7,0,"[{""x"":95,""y"":55,""rgba"":[0,0,0,4],""class"":""other_visible"",""wordmark_component_id"":null},{""x"":95,""y"":56,""rgba"":[255,255,255,3],""class"":""other_visible"",""wordmark_component_id"":null},{""x"":97,""y"":56,""rgba"":[0,0,0,1],""class"":""other_visible"",""wordmark_component_id"":null},{""x"":95,""y"":57,""rgba"":[0,0,0,6],""class"":""confirmed_wordmark"",""wordmark_component_id"":7},{""x"":97,""y"":57,""rgba"":[255,255,255,3],""class"":""other_visible"",""wordmark_component_id"":null}]",1,0,[],[],[7],0,"{""component_id"":7,""x"":95,""y"":57,""distance_px"":1.4142,""rgba"":[0,0,0,6],""rgb_linf"":72}","{""class"":""ambiguous_chromatic_boundary"",""present"":true,""distance_px"":46.0,""coordinate"":[50,56],""rgb_linf"":72}","[{""class"":""ambiguous_chromatic_boundary"",""present"":true,""distance_px"":46.0,""coordinate"":[50,56],""rgb_linf"":72},{""class"":""chromatic_core"",""present"":true,""distance_px"":47.0,""coordinate"":[49,56],""rgb_linf"":85},{""class"":""confirmed_true_chromatic_AA"",""present"":true,""distance_px"":47.5184,""coordinate"":[49,49],""rgb_linf"":72}]",72,124.7077,,0.064803,0.413957,True,,6,False,True,False,direct unique preconfirmed glyph support,4,AMBIGUOUS,local RGB continuity to preconfirmed wordmark fails frozen max-channel distance 18
104,56,"[104.2034,56.6]","[104,57]","[[71,112,76,0],[71,112,76,0],[6,4,5,3],[71,112,76,0],[71,112,76,0],[71,112,76,0],[71,112,76,0],[71,112,76,0],[45,37,38,42]]","[153,153,153,5]",5,0,"[{""x"":104,""y"":55,""rgba"":[0,0,0,1],""class"":""other_visible"",""wordmark_component_id"":null},{""x"":105,""y"":55,""rgba"":[0,0,0,4],""class"":""other_visible"",""wordmark_component_id"":null},{""x"":105,""y"":56,""rgba"":[255,255,255,1],""class"":""other_visible"",""wordmark_component_id"":null},{""x"":103,""y"":57,""rgba"":[255,255,255,3],""class"":""other_visible"",""wordmark_component_id"":null},{""x"":105,""y"":57,""rgba"":[0,0,0,18],""class"":""confirmed_wordmark"",""wordmark_component_id"":8}]",1,0,[],[],[8],0,"{""component_id"":8,""x"":105,""y"":57,""distance_px"":1.4142,""rgba"":[0,0,0,18],""rgb_linf"":153}","{""class"":""ambiguous_chromatic_boundary"",""present"":true,""distance_px"":54.0,""coordinate"":[50,56],""rgb_linf"":153}","[{""class"":""ambiguous_chromatic_boundary"",""present"":true,""distance_px"":54.0,""coordinate"":[50,56],""rgb_linf"":153},{""class"":""chromatic_core"",""present"":true,""distance_px"":55.0,""coordinate"":[49,56],""rgb_linf"":123},{""class"":""confirmed_true_chromatic_AA"",""present"":true,""distance_px"":55.4437,""coordinate"":[49,49],""rgb_linf"":153}]",153,265.0038,,0.318547,0.540601,True,,18,True,True,False,direct unique preconfirmed glyph support,4,AMBIGUOUS,local RGB continuity to preconfirmed wordmark fails frozen max-channel distance 18
105,56,"[105.2574,56.6]","[105,57]","[[71,112,76,0],[6,4,5,3],[6,4,5,3],[71,112,76,0],[71,112,76,0],[71,112,76,0],[71,112,76,0],[45,37,38,42],[124,123,123,110]]","[255,255,255,1]",1,0,"[{""x"":104,""y"":55,""rgba"":[0,0,0,1],""class"":""other_visible"",""wordmark_component_id"":null},{""x"":105,""y"":55,""rgba"":[0,0,0,4],""class"":""other_visible"",""wordmark_component_id"":null},{""x"":106,""y"":55,""rgba"":[85,85,85,6],""class"":""other_visible"",""wordmark_component_id"":null},{""x"":104,""y"":56,""rgba"":[153,153,153,5],""class"":""other_visible"",""wordmark_component_id"":null},{""x"":105,""y"":57,""rgba"":[0,0,0,18],""class"":""confirmed_wordmark"",""wordmark_component_id"":8},{""x"":106,""y"":57,""rgba"":[73,77,77,66],""class"":""solid_achromatic_core"",""wordmark_component_id"":8}]",2,0,[8],[8],[8],1,"{""component_id"":8,""x"":105,""y"":57,""distance_px"":1.0,""rgba"":[0,0,0,18],""rgb_linf"":255}","{""class"":""ambiguous_chromatic_boundary"",""present"":true,""distance_px"":55.0,""coordinate"":[50,56],""rgb_linf"":255}","[{""class"":""ambiguous_chromatic_boundary"",""present"":true,""distance_px"":55.0,""coordinate"":[50,56],""rgb_linf"":255},{""class"":""chromatic_core"",""present"":true,""distance_px"":56.0,""coordinate"":[49,56],""rgb_linf"":225},{""class"":""confirmed_true_chromatic_AA"",""present"":true,""distance_px"":56.4358,""coordinate"":[49,49],""rgb_linf"":255}]",182,310.6316,182,0.9274,0.742246,False,66,66,True,True,False,direct unique preconfirmed glyph support,5,AMBIGUOUS,local RGB continuity to preconfirmed wordmark fails frozen max-channel distance 18
117,56,"[117.9044,56.6]","[118,57]","[[6,4,5,3],[71,112,76,0],[71,112,76,0],[71,112,76,0],[71,112,76,0],[6,4,5,3],[102,102,102,90],[28,25,25,22],[71,112,76,0]]","[255,255,255,3]",3,0,"[{""x"":116,""y"":55,""rgba"":[51,51,51,5],""class"":""other_visible"",""wordmark_component_id"":null},{""x"":117,""y"":55,""rgba"":[0,0,0,1],""class"":""other_visible"",""wordmark_component_id"":null},{""x"":118,""y"":56,""rgba"":[51,51,51,5],""class"":""other_visible"",""wordmark_component_id"":null},{""x"":116,""y"":57,""rgba"":[30,30,30,50],""class"":""solid_achromatic_core"",""wordmark_component_id"":8}]",1,0,[9],[8],[8],1,"{""component_id"":8,""x"":116,""y"":57,""distance_px"":1.4142,""rgba"":[30,30,30,50],""rgb_linf"":225}","{""class"":""ambiguous_chromatic_boundary"",""present"":true,""distance_px"":67.0,""coordinate"":[50,56],""rgb_linf"":255}","[{""class"":""ambiguous_chromatic_boundary"",""present"":true,""distance_px"":67.0,""coordinate"":[50,56],""rgb_linf"":255},{""class"":""chromatic_core"",""present"":true,""distance_px"":68.0,""coordinate"":[49,56],""rgb_linf"":225},{""class"":""confirmed_true_chromatic_AA"",""present"":true,""distance_px"":68.3593,""coordinate"":[49,49],""rgb_linf"":255}]",225,389.7114,225,0.987017,0.677975,False,50,50,True,False,False,direct unique preconfirmed glyph support,5,AMBIGUOUS,local RGB continuity to preconfirmed wordmark fails frozen max-channel distance 18
118,56,"[118.9583,56.6]","[119,57]","[[71,112,76,0],[71,112,76,0],[71,112,76,0],[71,112,76,0],[6,4,5,3],[71,112,76,0],[28,25,25,22],[71,112,76,0],[71,112,76,0]]","[51,51,51,5]",5,0,"[{""x"":117,""y"":55,""rgba"":[0,0,0,1],""class"":""other_visible"",""wordmark_component_id"":null},{""x"":117,""y"":56,""rgba"":[255,255,255,3],""class"":""other_visible"",""wordmark_component_id"":null},{""x"":119,""y"":57,""rgba"":[85,85,85,3],""class"":""confirmed_wordmark"",""wordmark_component_id"":8}]",1,0,[],[],[8],0,"{""component_id"":8,""x"":119,""y"":57,""distance_px"":1.4142,""rgba"":[85,85,85,3],""rgb_linf"":34}","{""class"":""ambiguous_chromatic_boundary"",""present"":true,""distance_px"":68.0,""coordinate"":[50,56],""rgb_linf"":51}","[{""class"":""ambiguous_chromatic_boundary"",""present"":true,""distance_px"":68.0,""coordinate"":[50,56],""rgb_linf"":51},{""class"":""chromatic_core"",""present"":true,""distance_px"":69.0,""coordinate"":[49,56],""rgb_linf"":106},{""class"":""confirmed_true_chromatic_AA"",""present"":true,""distance_px"":69.3542,""coordinate"":[49,49],""rgb_linf"":51}]",34,58.8897,,0.057737,0.065655,True,,3,False,True,False,direct unique preconfirmed glyph support,4,AMBIGUOUS,local RGB continuity to preconfirmed wordmark fails frozen max-channel distance 18
76,57,"[74.6936,57.6444]","[75,58]","[[71,112,76,0],[71,112,76,0],[71,112,76,0],[71,112,76,0],[71,112,76,0],[28,25,25,22],[6,4,5,3],[71,112,76,0],[45,37,38,42]]","[255,255,255,1]",1,0,"[{""x"":77,""y"":57,""rgba"":[0,0,0,2],""class"":""confirmed_wordmark"",""wordmark_component_id"":6},{""x"":75,""y"":58,""rgba"":[0,0,0,3],""class"":""other_visible"",""wordmark_component_id"":null},{""x"":76,""y"":58,""rgba"":[255,255,255,2],""class"":""other_visible"",""wordmark_component_id"":null},{""x"":77,""y"":58,""rgba"":[0,0,0,12],""class"":""other_visible"",""wordmark_component_id"":null}]",1,0,[],[],[6],0,"{""component_id"":6,""x"":77,""y"":57,""distance_px"":1.0,""rgba"":[0,0,0,2],""rgb_linf"":255}","{""class"":""ambiguous_chromatic_boundary"",""present"":true,""distance_px"":26.0,""coordinate"":[50,57],""rgb_linf"":255}","[{""class"":""ambiguous_chromatic_boundary"",""present"":true,""distance_px"":26.0,""coordinate"":[50,57],""rgb_linf"":255},{""class"":""chromatic_core"",""present"":true,""distance_px"":27.0,""coordinate"":[49,57],""rgb_linf"":225},{""class"":""confirmed_true_chromatic_AA"",""present"":true,""distance_px"":28.1603,""coordinate"":[49,49],""rgb_linf"":255}]",255,441.6729,,1.0,0.501567,False,,2,True,True,False,direct unique preconfirmed glyph support,4,AMBIGUOUS,local RGB continuity to preconfirmed wordmark fails frozen max-channel distance 18
97,57,"[96.826,57.6444]","[97,58]","[[6,4,5,3],[71,112,76,0],[71,112,76,0],[71,112,76,0],[71,112,76,0],[71,112,76,0],[99,99,99,101],[71,112,76,0],[71,112,76,0]]","[255,255,255,3]",3,0,"[{""x"":96,""y"":56,""rgba"":[72,72,72,7],""class"":""other_visible"",""wordmark_component_id"":null},{""x"":97,""y"":56,""rgba"":[0,0,0,1],""class"":""other_visible"",""wordmark_component_id"":null},{""x"":96,""y"":58,""rgba"":[97,97,97,81],""class"":""solid_achromatic_core"",""wordmark_component_id"":7},{""x"":98,""y"":58,""rgba"":[127,127,127,2],""class"":""confirmed_wordmark"",""wordmark_component_id"":7}]",2,0,[7],[7],[7],1,"{""component_id"":7,""x"":96,""y"":58,""distance_px"":1.4142,""rgba"":[97,97,97,81],""rgb_linf"":158}","{""class"":""ambiguous_chromatic_boundary"",""present"":true,""distance_px"":47.0,""coordinate"":[50,57],""rgb_linf"":255}","[{""class"":""ambiguous_chromatic_boundary"",""present"":true,""distance_px"":47.0,""coordinate"":[50,57],""rgb_linf"":255},{""class"":""chromatic_core"",""present"":true,""distance_px"":48.0,""coordinate"":[49,57],""rgb_linf"":225},{""class"":""confirmed_true_chromatic_AA"",""present"":true,""distance_px"":48.6621,""coordinate"":[49,49],""rgb_linf"":255}]",128,221.7025,158,0.787769,0.588837,False,81,81,True,True,False,direct unique preconfirmed glyph support,5,AMBIGUOUS,local RGB continuity to preconfirmed wordmark fails frozen max-channel distance 18
103,57,"[103.1495,57.6444]","[103,58]","[[71,112,76,0],[71,112,76,0],[71,112,76,0],[71,112,76,0],[71,112,76,0],[71,112,76,0],[71,112,76,0],[6,4,5,3],[136,136,136,126]]","[255,255,255,3]",3,0,"[{""x"":104,""y"":56,""rgba"":[153,153,153,5],""class"":""other_visible"",""wordmark_component_id"":null},{""x"":102,""y"":58,""rgba"":[127,127,127,2],""class"":""confirmed_wordmark"",""wordmark_component_id"":8},{""x"":104,""y"":58,""rgba"":[141,141,141,103],""class"":""solid_achromatic_core"",""wordmark_component_id"":8}]",2,0,[8],[8],[8],1,"{""component_id"":8,""x"":102,""y"":58,""distance_px"":1.4142,""rgba"":[127,127,127,2],""rgb_linf"":128}","{""class"":""ambiguous_chromatic_boundary"",""present"":true,""distance_px"":53.0,""coordinate"":[50,57],""rgb_linf"":255}","[{""class"":""ambiguous_chromatic_boundary"",""present"":true,""distance_px"":53.0,""coordinate"":[50,57],""rgb_linf"":255},{""class"":""chromatic_core"",""present"":true,""distance_px"":54.0,""coordinate"":[49,57],""rgb_linf"":225},{""class"":""confirmed_true_chromatic_AA"",""present"":true,""distance_px"":54.5894,""coordinate"":[49,49],""rgb_linf"":255}]",114,197.4538,114,0.733644,0.548491,False,103,103,True,True,False,direct unique preconfirmed glyph support,5,AMBIGUOUS,local RGB continuity to preconfirmed wordmark fails frozen max-channel distance 18
111,57,"[111.5809,57.6444]","[112,58]","[[71,112,76,0],[71,112,76,0],[71,112,76,0],[6,4,5,3],[71,112,76,0],[6,4,5,3],[6,4,5,3],[71,112,76,0],[28,25,25,22]]","[63,63,63,4]",4,0,"[{""x"":110,""y"":58,""rgba"":[127,127,127,2],""class"":""confirmed_wordmark"",""wordmark_component_id"":8},{""x"":111,""y"":58,""rgba"":[170,170,170,12],""class"":""other_visible"",""wordmark_component_id"":null},{""x"":112,""y"":58,""rgba"":[0,0,0,1],""class"":""confirmed_wordmark"",""wordmark_component_id"":8}]",2,0,[],[],[8],0,"{""component_id"":8,""x"":110,""y"":58,""distance_px"":1.4142,""rgba"":[127,127,127,2],""rgb_linf"":64}","{""class"":""ambiguous_chromatic_boundary"",""present"":true,""distance_px"":61.0,""coordinate"":[50,57],""rgb_linf"":63}","[{""class"":""ambiguous_chromatic_boundary"",""present"":true,""distance_px"":61.0,""coordinate"":[50,57],""rgb_linf"":63},{""class"":""chromatic_core"",""present"":true,""distance_px"":62.0,""coordinate"":[49,57],""rgb_linf"":95},{""class"":""confirmed_true_chromatic_AA"",""present"":true,""distance_px"":62.514,""coordinate"":[49,49],""rgb_linf"":63}]",63,109.1192,,0.049707,0.090842,True,,2,False,True,False,direct unique preconfirmed glyph support,4,AMBIGUOUS,local RGB continuity to preconfirmed wordmark fails frozen max-channel distance 18
120,57,"[121.0662,57.6444]","[121,58]","[[71,112,76,0],[71,112,76,0],[71,112,76,0],[71,112,76,0],[6,4,5,3],[71,112,76,0],[71,112,76,0],[6,4,5,3],[71,112,76,0]]","[0,0,0,2]",2,0,"[{""x"":119,""y"":57,""rgba"":[85,85,85,3],""class"":""confirmed_wordmark"",""wordmark_component_id"":8},{""x"":120,""y"":58,""rgba"":[85,85,85,3],""class"":""confirmed_wordmark"",""wordmark_component_id"":8}]",2,0,[],[],[8],0,"{""component_id"":8,""x"":119,""y"":57,""distance_px"":1.0,""rgba"":[85,85,85,3],""rgb_linf"":85}","{""class"":""ambiguous_chromatic_boundary"",""present"":true,""distance_px"":70.0,""coordinate"":[50,57],""rgb_linf"":58}","[{""class"":""ambiguous_chromatic_boundary"",""present"":true,""distance_px"":70.0,""coordinate"":[50,57],""rgb_linf"":58},{""class"":""chromatic_core"",""present"":true,""distance_px"":71.0,""coordinate"":[49,57],""rgb_linf"":158},{""class"":""confirmed_true_chromatic_AA"",""present"":true,""distance_px"":71.4493,""coordinate"":[49,49],""rgb_linf"":85}]",85,147.2243,,0.090842,0.046743,False,,3,True,True,False,direct unique preconfirmed glyph support,4,AMBIGUOUS,local RGB continuity to preconfirmed wordmark fails frozen max-channel distance 18
125,57,"[126.3358,57.6444]","[126,58]","[[71,112,76,0],[71,112,76,0],[71,112,76,0],[185,185,185,176],[45,37,38,42],[71,112,76,0],[255,255,255,255],[77,77,77,67],[71,112,76,0]]","[0,0,0,8]",8,0,"[{""x"":124,""y"":57,""rgba"":[155,155,155,87],""class"":""solid_achromatic_core"",""wordmark_component_id"":9},{""x"":126,""y"":57,""rgba"":[255,255,255,1],""class"":""other_visible"",""wordmark_component_id"":null},{""x"":124,""y"":58,""rgba"":[219,219,219,201],""class"":""solid_achromatic_core"",""wordmark_component_id"":9},{""x"":125,""y"":58,""rgba"":[0,0,0,24],""class"":""other_visible"",""wordmark_component_id"":null}]",2,0,[10],[9],[9],2,"{""component_id"":9,""x"":124,""y"":57,""distance_px"":1.0,""rgba"":[155,155,155,87],""rgb_linf"":155}","{""class"":""ambiguous_chromatic_boundary"",""present"":true,""distance_px"":75.0,""coordinate"":[50,57],""rgb_linf"":58}","[{""class"":""ambiguous_chromatic_boundary"",""present"":true,""distance_px"":75.0,""coordinate"":[50,57],""rgb_linf"":58},{""class"":""chromatic_core"",""present"":true,""distance_px"":76.0,""coordinate"":[49,57],""rgb_linf"":158},{""class"":""confirmed_true_chromatic_AA"",""present"":true,""distance_px"":76.4199,""coordinate"":[49,49],""rgb_linf"":85}]",155,268.4679,155,0.327778,0.316874,False,201,201,True,False,False,direct unique preconfirmed glyph support,5,AMBIGUOUS,local RGB continuity to preconfirmed wordmark fails frozen max-channel distance 18
64,58,"[62.0466,58.6889]","[62,59]","[[71,112,76,0],[6,4,5,3],[155,155,155,150],[71,112,76,0],[28,25,25,22],[226,226,226,221],[71,112,76,0],[6,4,5,3],[216,216,216,211]]","[72,72,72,28]",28,0,"[{""x"":64,""y"":57,""rgba"":[63,63,63,4],""class"":""confirmed_wordmark"",""wordmark_component_id"":6},{""x"":65,""y"":57,""rgba"":[141,141,141,99],""class"":""solid_achromatic_core"",""wordmark_component_id"":6},{""x"":65,""y"":58,""rgba"":[214,214,214,229],""class"":""solid_achromatic_core"",""wordmark_component_id"":6},{""x"":64,""y"":59,""rgba"":[113,113,113,18],""class"":""other_visible"",""wordmark_component_id"":null},{""x"":65,""y"":59,""rgba"":[232,232,232,234],""class"":""solid_achromatic_core"",""wordmark_component_id"":6}]",4,0,[6],[6],[6],3,"{""component_id"":6,""x"":64,""y"":57,""distance_px"":1.0,""rgba"":[63,63,63,4],""rgb_linf"":9}","{""class"":""ambiguous_chromatic_boundary"",""present"":true,""distance_px"":14.0,""coordinate"":[50,58],""rgb_linf"":72}","[{""class"":""ambiguous_chromatic_boundary"",""present"":true,""distance_px"":14.0,""coordinate"":[50,58],""rgb_linf"":72},{""class"":""chromatic_core"",""present"":true,""distance_px"":15.0,""coordinate"":[49,58],""rgb_linf"":86},{""class"":""confirmed_true_chromatic_AA"",""present"":true,""distance_px"":17.4929,""coordinate"":[49,49],""rgb_linf"":72}]",9,15.5885,69,0.015097,0.141565,True,234,234,True,True,False,direct unique preconfirmed glyph support,5,SAFE WORDMARK OWNERSHIP,one-hop attachment to already-confirmed safe wordmark AA; frozen RGB/luma/alpha evidence passes; no chaining
76,58,"[74.6936,58.6889]","[75,59]","[[71,112,76,0],[71,112,76,0],[28,25,25,22],[6,4,5,3],[71,112,76,0],[45,37,38,42],[6,4,5,3],[71,112,76,0],[45,37,38,42]]","[255,255,255,2]",2,0,"[{""x"":76,""y"":57,""rgba"":[255,255,255,1],""class"":""other_visible"",""wordmark_component_id"":null},{""x"":77,""y"":57,""rgba"":[0,0,0,2],""class"":""confirmed_wordmark"",""wordmark_component_id"":6},{""x"":75,""y"":58,""rgba"":[0,0,0,3],""class"":""other_visible"",""wordmark_component_id"":null},{""x"":77,""y"":58,""rgba"":[0,0,0,12],""class"":""other_visible"",""wordmark_component_id"":null},{""x"":75,""y"":59,""rgba"":[0,0,0,3],""class"":""other_visible"",""wordmark_component_id"":null},{""x"":76,""y"":59,""rgba"":[255,255,255,2],""class"":""other_visible"",""wordmark_component_id"":null},{""x"":77,""y"":59,""rgba"":[0,0,0,16],""class"":""other_visible"",""wordmark_component_id"":null}]",1,0,[],[],[6],0,"{""component_id"":6,""x"":77,""y"":57,""distance_px"":1.4142,""rgba"":[0,0,0,2],""rgb_linf"":255}","{""class"":""ambiguous_chromatic_boundary"",""present"":true,""distance_px"":26.0,""coordinate"":[50,58],""rgb_linf"":255}","[{""class"":""ambiguous_chromatic_boundary"",""present"":true,""distance_px"":26.0,""coordinate"":[50,58],""rgb_linf"":255},{""class"":""chromatic_core"",""present"":true,""distance_px"":27.0,""coordinate"":[49,58],""rgb_linf"":225},{""class"":""confirmed_true_chromatic_AA"",""present"":true,""distance_px"":28.4605,""coordinate"":[49,49],""rgb_linf"":255}]",255,441.6729,,1.0,0.501567,False,,2,False,True,False,direct unique preconfirmed glyph support,4,AMBIGUOUS,local RGB continuity to preconfirmed wordmark fails frozen max-channel distance 18
77,58,"[75.7475,58.6889]","[76,59]","[[71,112,76,0],[28,25,25,22],[173,173,173,161],[71,112,76,0],[45,37,38,42],[249,249,249,246],[71,112,76,0],[45,37,38,42],[238,238,238,233]]","[0,0,0,12]",12,0,"[{""x"":76,""y"":57,""rgba"":[255,255,255,1],""class"":""other_visible"",""wordmark_component_id"":null},{""x"":77,""y"":57,""rgba"":[0,0,0,2],""class"":""confirmed_wordmark"",""wordmark_component_id"":6},{""x"":78,""y"":57,""rgba"":[146,146,146,80],""class"":""solid_achromatic_core"",""wordmark_component_id"":6},{""x"":76,""y"":58,""rgba"":[255,255,255,2],""class"":""other_visible"",""wordmark_component_id"":null},{""x"":78,""y"":58,""rgba"":[220,220,220,200],""class"":""solid_achromatic_core"",""wordmark_component_id"":6},{""x"":76,""y"":59,""rgba"":[255,255,255,2],""class"":""other_visible"",""wordmark_component_id"":null},{""x"":77,""y"":59,""rgba"":[0,0,0,16],""class"":""other_visible"",""wordmark_component_id"":null},{""x"":78,""y"":59,""rgba"":[231,231,231,204],""class"":""solid_achromatic_core"",""wordmark_component_id"":6}]",4,0,[6],[6],[6],3,"{""component_id"":6,""x"":77,""y"":57,""distance_px"":1.0,""rgba"":[0,0,0,2],""rgb_linf"":0}","{""class"":""ambiguous_chromatic_boundary"",""present"":true,""distance_px"":27.0,""coordinate"":[50,58],""rgb_linf"":58}","[{""class"":""ambiguous_chromatic_boundary"",""present"":true,""distance_px"":27.0,""coordinate"":[50,58],""rgb_linf"":58},{""class"":""chromatic_core"",""present"":true,""distance_px"":28.0,""coordinate"":[49,58],""rgb_linf"":158},{""class"":""confirmed_true_chromatic_AA"",""present"":true,""distance_px"":29.4109,""coordinate"":[49,49],""rgb_linf"":85}]",0,0.0,146,0.0,0.200897,True,204,204,True,True,False,direct unique preconfirmed glyph support,5,SAFE WORDMARK OWNERSHIP,one-hop attachment to already-confirmed safe wordmark AA; frozen RGB/luma/alpha evidence passes; no chaining
82,58,"[81.0172,58.6889]","[81,59]","[[71,112,76,0],[6,4,5,3],[71,112,76,0],[71,112,76,0],[6,4,5,3],[71,112,76,0],[71,112,76,0],[6,4,5,3],[71,112,76,0]]","[0,0,0,2]",2,0,"[{""x"":82,""y"":57,""rgba"":[0,0,0,1],""class"":""other_visible"",""wordmark_component_id"":null},{""x"":83,""y"":58,""rgba"":[255,255,255,1],""class"":""other_visible"",""wordmark_component_id"":null},{""x"":82,""y"":59,""rgba"":[0,0,0,1],""class"":""confirmed_wordmark"",""wordmark_component_id"":7}]",1,0,[],[],[7],0,"{""component_id"":7,""x"":82,""y"":59,""distance_px"":1.0,""rgba"":[0,0,0,1],""rgb_linf"":0}","{""class"":""ambiguous_chromatic_boundary"",""present"":true,""distance_px"":32.0,""coordinate"":[50,58],""rgb_linf"":58}","[{""class"":""ambiguous_chromatic_boundary"",""present"":true,""distance_px"":32.0,""coordinate"":[50,58],""rgb_linf"":58},{""class"":""chromatic_core"",""present"":true,""distance_px"":33.0,""coordinate"":[49,58],""rgb_linf"":158},{""class"":""confirmed_true_chromatic_AA"",""present"":true,""distance_px"":34.2053,""coordinate"":[49,49],""rgb_linf"":85}]",0,0.0,,0.0,0.083427,True,,1,False,True,False,direct unique preconfirmed glyph support,4,AMBIGUOUS,alpha does not attenuate away from direct confirmed support
83,58,"[82.0711,58.6889]","[82,59]","[[6,4,5,3],[71,112,76,0],[71,112,76,0],[6,4,5,3],[71,112,76,0],[71,112,76,0],[6,4,5,3],[71,112,76,0],[99,99,99,101]]","[255,255,255,1]",1,0,"[{""x"":82,""y"":57,""rgba"":[0,0,0,1],""class"":""other_visible"",""wordmark_component_id"":null},{""x"":84,""y"":57,""rgba"":[170,170,170,3],""class"":""confirmed_wordmark"",""wordmark_component_id"":7},{""x"":82,""y"":58,""rgba"":[0,0,0,2],""class"":""other_visible"",""wordmark_component_id"":null},{""x"":82,""y"":59,""rgba"":[0,0,0,1],""class"":""confirmed_wordmark"",""wordmark_component_id"":7},{""x"":84,""y"":59,""rgba"":[95,95,95,83],""class"":""solid_achromatic_core"",""wordmark_component_id"":7}]",3,0,[7],[7],[7],1,"{""component_id"":7,""x"":82,""y"":59,""distance_px"":1.4142,""rgba"":[0,0,0,1],""rgb_linf"":255}","{""class"":""ambiguous_chromatic_boundary"",""present"":true,""distance_px"":33.0,""coordinate"":[50,58],""rgb_linf"":255}","[{""class"":""ambiguous_chromatic_boundary"",""present"":true,""distance_px"":33.0,""coordinate"":[50,58],""rgb_linf"":255},{""class"":""chromatic_core"",""present"":true,""distance_px"":34.0,""coordinate"":[49,58],""rgb_linf"":225},{""class"":""confirmed_true_chromatic_AA"",""present"":true,""distance_px"":35.171,""coordinate"":[49,49],""rgb_linf"":255}]",85,147.2243,160,0.598022,0.304391,False,83,83,True,True,False,direct unique preconfirmed glyph support,5,AMBIGUOUS,local RGB continuity to preconfirmed wordmark fails frozen max-channel distance 18
99,58,"[98.9338,58.6889]","[99,59]","[[71,112,76,0],[71,112,76,0],[71,112,76,0],[71,112,76,0],[71,112,76,0],[71,112,76,0],[71,112,76,0],[6,4,5,3],[71,112,76,0]]","[0,0,0,1]",1,0,"[{""x"":98,""y"":58,""rgba"":[127,127,127,2],""class"":""confirmed_wordmark"",""wordmark_component_id"":7},{""x"":100,""y"":59,""rgba"":[0,0,0,1],""class"":""other_visible"",""wordmark_component_id"":null}]",1,0,[],[],[7],0,"{""component_id"":7,""x"":98,""y"":58,""distance_px"":1.0,""rgba"":[127,127,127,2],""rgb_linf"":127}","{""class"":""ambiguous_chromatic_boundary"",""present"":true,""distance_px"":49.0,""coordinate"":[50,58],""rgb_linf"":58}","[{""class"":""ambiguous_chromatic_boundary"",""present"":true,""distance_px"":49.0,""coordinate"":[50,58],""rgb_linf"":58},{""class"":""chromatic_core"",""present"":true,""distance_px"":50.0,""coordinate"":[49,58],""rgb_linf"":158},{""class"":""confirmed_true_chromatic_AA"",""present"":true,""distance_px"":50.8035,""coordinate"":[49,49],""rgb_linf"":85}]",127,219.9705,,0.212231,0.018509,False,,2,True,True,False,direct unique preconfirmed glyph support,4,AMBIGUOUS,local RGB continuity to preconfirmed wordmark fails frozen max-channel distance 18
111,58,"[111.5809,58.6889]","[112,59]","[[6,4,5,3],[71,112,76,0],[6,4,5,3],[6,4,5,3],[71,112,76,0],[28,25,25,22],[71,112,76,0],[71,112,76,0],[6,4,5,3]]","[170,170,170,12]",12,0,"[{""x"":111,""y"":57,""rgba"":[63,63,63,4],""class"":""other_visible"",""wordmark_component_id"":null},{""x"":110,""y"":58,""rgba"":[127,127,127,2],""class"":""confirmed_wordmark"",""wordmark_component_id"":8},{""x"":112,""y"":58,""rgba"":[0,0,0,1],""class"":""confirmed_wordmark"",""wordmark_component_id"":8},{""x"":111,""y"":59,""rgba"":[255,255,255,1],""class"":""other_visible"",""wordmark_component_id"":null}]",2,0,[],[],[8],0,"{""component_id"":8,""x"":110,""y"":58,""distance_px"":1.0,""rgba"":[127,127,127,2],""rgb_linf"":43}","{""class"":""ambiguous_chromatic_boundary"",""present"":true,""distance_px"":61.0,""coordinate"":[50,58],""rgb_linf"":170}","[{""class"":""ambiguous_chromatic_boundary"",""present"":true,""distance_px"":61.0,""coordinate"":[50,58],""rgb_linf"":170},{""class"":""chromatic_core"",""present"":true,""distance_px"":62.0,""coordinate"":[49,58],""rgb_linf"":140},{""class"":""confirmed_true_chromatic_AA"",""present"":true,""distance_px"":62.6498,""coordinate"":[49,49],""rgb_linf"":170}]",43,74.4782,,0.189747,0.090842,False,,2,False,True,False,direct unique preconfirmed glyph support,4,AMBIGUOUS,local RGB continuity to preconfirmed wordmark fails frozen max-channel distance 18
125,58,"[126.3358,58.6889]","[126,59]","[[185,185,185,176],[45,37,38,42],[71,112,76,0],[255,255,255,255],[77,77,77,67],[71,112,76,0],[249,249,249,246],[77,77,77,67],[71,112,76,0]]","[0,0,0,24]",24,0,"[{""x"":124,""y"":57,""rgba"":[155,155,155,87],""class"":""solid_achromatic_core"",""wordmark_component_id"":9},{""x"":125,""y"":57,""rgba"":[0,0,0,8],""class"":""other_visible"",""wordmark_component_id"":null},{""x"":126,""y"":57,""rgba"":[255,255,255,1],""class"":""other_visible"",""wordmark_component_id"":null},{""x"":124,""y"":58,""rgba"":[219,219,219,201],""class"":""solid_achromatic_core"",""wordmark_component_id"":9},{""x"":124,""y"":59,""rgba"":[233,233,233,205],""class"":""solid_achromatic_core"",""wordmark_component_id"":9},{""x"":125,""y"":59,""rgba"":[0,0,0,28],""class"":""other_visible"",""wordmark_component_id"":null}]",3,0,[10],[9],[9],3,"{""component_id"":9,""x"":124,""y"":58,""distance_px"":1.0,""rgba"":[219,219,219,201],""rgb_linf"":219}","{""class"":""ambiguous_chromatic_boundary"",""present"":true,""distance_px"":75.0,""coordinate"":[50,58],""rgb_linf"":58}","[{""class"":""ambiguous_chromatic_boundary"",""present"":true,""distance_px"":75.0,""coordinate"":[50,58],""rgb_linf"":58},{""class"":""chromatic_core"",""present"":true,""distance_px"":76.0,""coordinate"":[49,58],""rgb_linf"":158},{""class"":""confirmed_true_chromatic_AA"",""present"":true,""distance_px"":76.531,""coordinate"":[49,49],""rgb_linf"":85}]",155,268.4679,155,0.327778,0.185153,False,205,205,True,False,False,direct unique preconfirmed glyph support,5,AMBIGUOUS,local RGB continuity to preconfirmed wordmark fails frozen max-channel distance 18
138,58,"[140.0368,58.6889]","[140,59]","[[155,155,155,150],[6,4,5,3],[71,112,76,0],[226,226,226,221],[28,25,25,22],[71,112,76,0],[216,216,216,211],[28,25,25,22],[71,112,76,0]]","[31,31,31,16]",16,0,"[{""x"":137,""y"":57,""rgba"":[137,137,137,93],""class"":""solid_achromatic_core"",""wordmark_component_id"":9},{""x"":137,""y"":58,""rgba"":[211,211,211,216],""class"":""solid_achromatic_core"",""wordmark_component_id"":9},{""x"":137,""y"":59,""rgba"":[227,227,227,219],""class"":""solid_achromatic_core"",""wordmark_component_id"":9},{""x"":138,""y"":59,""rgba"":[11,11,11,22],""class"":""other_visible"",""wordmark_component_id"":null}]",3,0,[10],[9],[9],3,"{""component_id"":9,""x"":137,""y"":58,""distance_px"":1.0,""rgba"":[211,211,211,216],""rgb_linf"":180}","{""class"":""ambiguous_chromatic_boundary"",""present"":true,""distance_px"":88.0,""coordinate"":[50,58],""rgb_linf"":31}","[{""class"":""ambiguous_chromatic_boundary"",""present"":true,""distance_px"":88.0,""coordinate"":[50,58],""rgb_linf"":31},{""class"":""chromatic_core"",""present"":true,""distance_px"":89.0,""coordinate"":[49,58],""rgb_linf"":127},{""class"":""confirmed_true_chromatic_AA"",""present"":true,""distance_px"":89.4539,""coordinate"":[49,49],""rgb_linf"":54}]",106,183.5974,106,0.236456,0.170535,False,219,219,True,False,False,direct unique preconfirmed glyph support,5,AMBIGUOUS,local RGB continuity to preconfirmed wordmark fails frozen max-channel distance 18
64,59,"[62.0466,59.7333]","[62,60]","[[71,112,76,0],[28,25,25,22],[226,226,226,221],[71,112,76,0],[6,4,5,3],[216,216,216,211],[6,4,5,3],[6,4,5,3],[201,201,201,192]]","[113,113,113,18]",18,0,"[{""x"":64,""y"":58,""rgba"":[72,72,72,28],""class"":""other_visible"",""wordmark_component_id"":null},{""x"":65,""y"":58,""rgba"":[214,214,214,229],""class"":""solid_achromatic_core"",""wordmark_component_id"":6},{""x"":65,""y"":59,""rgba"":[232,232,232,234],""class"":""solid_achromatic_core"",""wordmark_component_id"":6},{""x"":64,""y"":60,""rgba"":[102,102,102,10],""class"":""other_visible"",""wordmark_component_id"":null},{""x"":65,""y"":60,""rgba"":[213,213,213,211],""class"":""solid_achromatic_core"",""wordmark_component_id"":6}]",3,0,[6],[6],[6],3,"{""component_id"":6,""x"":65,""y"":59,""distance_px"":1.0,""rgba"":[232,232,232,234],""rgb_linf"":119}","{""class"":""ambiguous_chromatic_boundary"",""present"":true,""distance_px"":14.0,""coordinate"":[50,59],""rgb_linf"":113}","[{""class"":""ambiguous_chromatic_boundary"",""present"":true,""distance_px"":14.0,""coordinate"":[50,59],""rgb_linf"":113},{""class"":""chromatic_core"",""present"":true,""distance_px"":15.0,""coordinate"":[49,59],""rgb_linf"":83},{""class"":""confirmed_true_chromatic_AA"",""present"":true,""distance_px"":18.0278,""coordinate"":[49,49],""rgb_linf"":113}]",100,173.2051,100,0.500255,0.141565,False,234,234,True,False,False,direct unique preconfirmed glyph support,5,AMBIGUOUS,local RGB continuity to preconfirmed wordmark fails frozen max-channel distance 18
69,59,"[67.3162,59.7333]","[67,60]","[[71,112,76,0],[6,4,5,3],[71,112,76,0],[71,112,76,0],[6,4,5,3],[71,112,76,0],[71,112,76,0],[6,4,5,3],[71,112,76,0]]","[51,51,51,5]",5,0,"[{""x"":69,""y"":58,""rgba"":[85,85,85,6],""class"":""other_visible"",""wordmark_component_id"":null},{""x"":68,""y"":60,""rgba"":[0,0,0,1],""class"":""confirmed_wordmark"",""wordmark_component_id"":6},{""x"":69,""y"":60,""rgba"":[102,102,102,5],""class"":""other_visible"",""wordmark_component_id"":null}]",1,0,[],[],[6],0,"{""component_id"":6,""x"":68,""y"":60,""distance_px"":1.4142,""rgba"":[0,0,0,1],""rgb_linf"":51}","{""class"":""ambiguous_chromatic_boundary"",""present"":true,""distance_px"":19.0,""coordinate"":[50,59],""rgb_linf"":51}","[{""class"":""ambiguous_chromatic_boundary"",""present"":true,""distance_px"":19.0,""coordinate"":[50,59],""rgb_linf"":51},{""class"":""chromatic_core"",""present"":true,""distance_px"":20.0,""coordinate"":[49,59],""rgb_linf"":107},{""class"":""confirmed_true_chromatic_AA"",""present"":true,""distance_px"":22.3607,""coordinate"":[49,49],""rgb_linf"":51}]",51,88.3346,,0.033105,0.127438,True,,1,False,True,False,direct unique preconfirmed glyph support,4,AMBIGUOUS,local RGB continuity to preconfirmed wordmark fails frozen max-channel distance 18
77,59,"[75.7475,59.7333]","[76,60]","[[71,112,76,0],[45,37,38,42],[249,249,249,246],[71,112,76,0],[45,37,38,42],[238,238,238,233],[71,112,76,0],[45,37,38,42],[238,238,238,233]]","[0,0,0,16]",16,0,"[{""x"":76,""y"":58,""rgba"":[255,255,255,2],""class"":""other_visible"",""wordmark_component_id"":null},{""x"":77,""y"":58,""rgba"":[0,0,0,12],""class"":""other_visible"",""wordmark_component_id"":null},{""x"":78,""y"":58,""rgba"":[220,220,220,200],""class"":""solid_achromatic_core"",""wordmark_component_id"":6},{""x"":76,""y"":59,""rgba"":[255,255,255,2],""class"":""other_visible"",""wordmark_component_id"":null},{""x"":78,""y"":59,""rgba"":[231,231,231,204],""class"":""solid_achromatic_core"",""wordmark_component_id"":6},{""x"":76,""y"":60,""rgba"":[255,255,255,2],""class"":""other_visible"",""wordmark_component_id"":null},{""x"":77,""y"":60,""rgba"":[0,0,0,16],""class"":""other_visible"",""wordmark_component_id"":null},{""x"":78,""y"":60,""rgba"":[222,222,222,195],""class"":""solid_achromatic_core"",""wordmark_component_id"":6}]",3,0,[6],[6],[6],3,"{""component_id"":6,""x"":78,""y"":59,""distance_px"":1.0,""rgba"":[231,231,231,204],""rgb_linf"":231}","{""class"":""ambiguous_chromatic_boundary"",""present"":true,""distance_px"":27.0,""coordinate"":[50,59],""rgb_linf"":58}","[{""class"":""ambiguous_chromatic_boundary"",""present"":true,""distance_px"":27.0,""coordinate"":[50,59],""rgb_linf"":58},{""class"":""chromatic_core"",""present"":true,""distance_px"":28.0,""coordinate"":[49,59],""rgb_linf"":158},{""class"":""confirmed_true_chromatic_AA"",""present"":true,""distance_px"":29.7321,""coordinate"":[49,49],""rgb_linf"":85}]",220,381.0512,220,0.715694,0.200897,False,204,204,True,False,False,direct unique preconfirmed glyph support,5,AMBIGUOUS,local RGB continuity to preconfirmed wordmark fails frozen max-channel distance 18
111,59,"[111.5809,59.7333]","[112,60]","[[6,4,5,3],[71,112,76,0],[28,25,25,22],[71,112,76,0],[71,112,76,0],[6,4,5,3],[102,102,102,90],[102,102,102,90],[6,4,5,3]]","[255,255,255,1]",1,0,"[{""x"":110,""y"":58,""rgba"":[127,127,127,2],""class"":""confirmed_wordmark"",""wordmark_component_id"":8},{""x"":111,""y"":58,""rgba"":[170,170,170,12],""class"":""other_visible"",""wordmark_component_id"":null},{""x"":112,""y"":58,""rgba"":[0,0,0,1],""class"":""confirmed_wordmark"",""wordmark_component_id"":8},{""x"":110,""y"":60,""rgba"":[38,33,33,46],""class"":""solid_achromatic_core"",""wordmark_component_id"":8},{""x"":111,""y"":60,""rgba"":[61,61,61,71],""class"":""solid_achromatic_core"",""wordmark_component_id"":8},{""x"":112,""y"":60,""rgba"":[69,69,69,22],""class"":""confirmed_wordmark"",""wordmark_component_id"":8}]",5,0,[15],[8],[8],2,"{""component_id"":8,""x"":111,""y"":60,""distance_px"":1.0,""rgba"":[61,61,61,71],""rgb_linf"":194}","{""class"":""ambiguous_chromatic_boundary"",""present"":true,""distance_px"":61.0,""coordinate"":[50,59],""rgb_linf"":255}","[{""class"":""ambiguous_chromatic_boundary"",""present"":true,""distance_px"":61.0,""coordinate"":[50,59],""rgb_linf"":255},{""class"":""chromatic_core"",""present"":true,""distance_px"":62.0,""coordinate"":[49,59],""rgb_linf"":225},{""class"":""confirmed_true_chromatic_AA"",""present"":true,""distance_px"":62.8013,""coordinate"":[49,49],""rgb_linf"":255}]",128,221.7025,194,0.787769,0.326918,False,71,71,True,True,False,direct unique preconfirmed glyph support,5,AMBIGUOUS,local RGB continuity to preconfirmed wordmark fails frozen max-channel distance 18
125,59,"[126.3358,59.7333]","[126,60]","[[255,255,255,255],[77,77,77,67],[71,112,76,0],[249,249,249,246],[77,77,77,67],[71,112,76,0],[255,255,255,255],[77,77,77,67],[71,112,76,0]]","[0,0,0,28]",28,0,"[{""x"":124,""y"":58,""rgba"":[219,219,219,201],""class"":""solid_achromatic_core"",""wordmark_component_id"":9},{""x"":125,""y"":58,""rgba"":[0,0,0,24],""class"":""other_visible"",""wordmark_component_id"":null},{""x"":124,""y"":59,""rgba"":[233,233,233,205],""class"":""solid_achromatic_core"",""wordmark_component_id"":9},{""x"":124,""y"":60,""rgba"":[235,235,235,205],""class"":""solid_achromatic_core"",""wordmark_component_id"":9},{""x"":125,""y"":60,""rgba"":[10,10,10,25],""class"":""confirmed_wordmark"",""wordmark_component_id"":9}]",4,0,[10],[9],[9],3,"{""component_id"":9,""x"":124,""y"":59,""distance_px"":1.0,""rgba"":[233,233,233,205],""rgb_linf"":233}","{""class"":""ambiguous_chromatic_boundary"",""present"":true,""distance_px"":75.0,""coordinate"":[50,59],""rgb_linf"":58}","[{""class"":""ambiguous_chromatic_boundary"",""present"":true,""distance_px"":75.0,""coordinate"":[50,59],""rgb_linf"":58},{""class"":""chromatic_core"",""present"":true,""distance_px"":76.0,""coordinate"":[49,59],""rgb_linf"":158},{""class"":""confirmed_true_chromatic_AA"",""present"":true,""distance_px"":76.6551,""coordinate"":[49,49],""rgb_linf"":85}]",10,17.3205,219,0.003035,0.16923,True,205,205,True,True,False,direct unique preconfirmed glyph support,5,SAFE WORDMARK OWNERSHIP,one-hop attachment to already-confirmed safe wordmark AA; frozen RGB/luma/alpha evidence passes; no chaining
138,59,"[140.0368,59.7333]","[140,60]","[[226,226,226,221],[28,25,25,22],[71,112,76,0],[216,216,216,211],[28,25,25,22],[71,112,76,0],[216,216,216,211],[28,25,25,22],[71,112,76,0]]","[11,11,11,22]",22,0,"[{""x"":137,""y"":58,""rgba"":[211,211,211,216],""class"":""solid_achromatic_core"",""wordmark_component_id"":9},{""x"":138,""y"":58,""rgba"":[31,31,31,16],""class"":""other_visible"",""wordmark_component_id"":null},{""x"":137,""y"":59,""rgba"":[227,227,227,219],""class"":""solid_achromatic_core"",""wordmark_component_id"":9},{""x"":137,""y"":60,""rgba"":[219,219,219,213],""class"":""solid_achromatic_core"",""wordmark_component_id"":9},{""x"":138,""y"":60,""rgba"":[12,12,12,20],""class"":""other_visible"",""wordmark_component_id"":null}]",3,0,[10],[9],[9],3,"{""component_id"":9,""x"":137,""y"":59,""distance_px"":1.0,""rgba"":[227,227,227,219],""rgb_linf"":216}","{""class"":""ambiguous_chromatic_boundary"",""present"":true,""distance_px"":88.0,""coordinate"":[50,59],""rgb_linf"":47}","[{""class"":""ambiguous_chromatic_boundary"",""present"":true,""distance_px"":88.0,""coordinate"":[50,59],""rgb_linf"":47},{""class"":""chromatic_core"",""present"":true,""distance_px"":89.0,""coordinate"":[49,59],""rgb_linf"":147},{""class"":""confirmed_true_chromatic_AA"",""present"":true,""distance_px"":89.56,""coordinate"":[49,49],""rgb_linf"":74}]",200,346.4102,200,0.648059,0.170535,False,219,219,True,False,False,direct unique preconfirmed glyph support,5,AMBIGUOUS,local RGB continuity to preconfirmed wordmark fails frozen max-channel distance 18
64,60,"[62.0466,60.7778]","[62,61]","[[71,112,76,0],[6,4,5,3],[216,216,216,211],[6,4,5,3],[6,4,5,3],[201,201,201,192],[71,112,76,0],[71,112,76,0],[185,185,185,176]]","[102,102,102,10]",10,0,"[{""x"":64,""y"":59,""rgba"":[113,113,113,18],""class"":""other_visible"",""wordmark_component_id"":null},{""x"":65,""y"":59,""rgba"":[232,232,232,234],""class"":""solid_achromatic_core"",""wordmark_component_id"":6},{""x"":65,""y"":60,""rgba"":[213,213,213,211],""class"":""solid_achromatic_core"",""wordmark_component_id"":6},{""x"":64,""y"":61,""rgba"":[63,63,63,8],""class"":""confirmed_wordmark"",""wordmark_component_id"":6},{""x"":65,""y"":61,""rgba"":[203,203,203,198],""class"":""solid_achromatic_core"",""wordmark_component_id"":6}]",4,0,[6],[6],[6],3,"{""component_id"":6,""x"":64,""y"":61,""distance_px"":1.0,""rgba"":[63,63,63,8],""rgb_linf"":39}","{""class"":""ambiguous_chromatic_boundary"",""present"":true,""distance_px"":14.0,""coordinate"":[50,60],""rgb_linf"":102}","[{""class"":""ambiguous_chromatic_boundary"",""present"":true,""distance_px"":14.0,""coordinate"":[50,60],""rgb_linf"":102},{""class"":""chromatic_core"",""present"":true,""distance_px"":15.0,""coordinate"":[49,60],""rgb_linf"":72},{""class"":""confirmed_true_chromatic_AA"",""present"":true,""distance_px"":18.6011,""coordinate"":[49,49],""rgb_linf"":102}]",39,67.55,101,0.083162,0.23218,True,234,234,True,True,False,direct unique preconfirmed glyph support,5,AMBIGUOUS,local RGB continuity to preconfirmed wordmark fails frozen max-channel distance 18
69,60,"[67.3162,60.7778]","[67,61]","[[71,112,76,0],[6,4,5,3],[71,112,76,0],[71,112,76,0],[6,4,5,3],[71,112,76,0],[71,112,76,0],[6,4,5,3],[6,4,5,3]]","[102,102,102,5]",5,0,"[{""x"":69,""y"":59,""rgba"":[51,51,51,5],""class"":""other_visible"",""wordmark_component_id"":null},{""x"":68,""y"":60,""rgba"":[0,0,0,1],""class"":""confirmed_wordmark"",""wordmark_component_id"":6},{""x"":69,""y"":61,""rgba"":[85,85,85,9],""class"":""confirmed_wordmark"",""wordmark_component_id"":6},{""x"":70,""y"":61,""rgba"":[0,0,0,2],""class"":""other_visible"",""wordmark_component_id"":null}]",2,0,[],[],[6],0,"{""component_id"":6,""x"":68,""y"":60,""distance_px"":1.0,""rgba"":[0,0,0,1],""rgb_linf"":102}","{""class"":""ambiguous_chromatic_boundary"",""present"":true,""distance_px"":19.0,""coordinate"":[50,60],""rgb_linf"":102}","[{""class"":""ambiguous_chromatic_boundary"",""present"":true,""distance_px"":19.0,""coordinate"":[50,60],""rgb_linf"":102},{""class"":""chromatic_core"",""present"":true,""distance_px"":20.0,""coordinate"":[49,60],""rgb_linf"":72},{""class"":""confirmed_true_chromatic_AA"",""present"":true,""distance_px"":22.8254,""coordinate"":[49,49],""rgb_linf"":102}]",17,29.4449,,0.042027,0.124788,True,,9,True,True,False,direct unique preconfirmed glyph support,4,SAFE WORDMARK OWNERSHIP,one-hop attachment to already-confirmed safe wordmark AA; frozen RGB/luma/alpha evidence passes; no chaining
77,60,"[75.7475,60.7778]","[76,61]","[[71,112,76,0],[45,37,38,42],[238,238,238,233],[71,112,76,0],[45,37,38,42],[238,238,238,233],[71,112,76,0],[45,37,38,42],[238,238,238,233]]","[0,0,0,16]",16,0,"[{""x"":76,""y"":59,""rgba"":[255,255,255,2],""class"":""other_visible"",""wordmark_component_id"":null},{""x"":77,""y"":59,""rgba"":[0,0,0,16],""class"":""other_visible"",""wordmark_component_id"":null},{""x"":78,""y"":59,""rgba"":[231,231,231,204],""class"":""solid_achromatic_core"",""wordmark_component_id"":6},{""x"":76,""y"":60,""rgba"":[255,255,255,2],""class"":""other_visible"",""wordmark_component_id"":null},{""x"":78,""y"":60,""rgba"":[222,222,222,195],""class"":""solid_achromatic_core"",""wordmark_component_id"":6},{""x"":76,""y"":61,""rgba"":[255,255,255,2],""class"":""other_visible"",""wordmark_component_id"":null},{""x"":77,""y"":61,""rgba"":[0,0,0,16],""class"":""other_visible"",""wordmark_component_id"":null},{""x"":78,""y"":61,""rgba"":[223,223,223,197],""class"":""solid_achromatic_core"",""wordmark_component_id"":6}]",3,0,[6],[6],[6],3,"{""component_id"":6,""x"":78,""y"":60,""distance_px"":1.0,""rgba"":[222,222,222,195],""rgb_linf"":222}","{""class"":""ambiguous_chromatic_boundary"",""present"":true,""distance_px"":27.0,""coordinate"":[50,60],""rgb_linf"":58}","[{""class"":""ambiguous_chromatic_boundary"",""present"":true,""distance_px"":27.0,""coordinate"":[50,60],""rgb_linf"":58},{""class"":""chromatic_core"",""present"":true,""distance_px"":28.0,""coordinate"":[49,60],""rgb_linf"":158},{""class"":""confirmed_true_chromatic_AA"",""present"":true,""distance_px"":30.0832,""coordinate"":[49,49],""rgb_linf"":85}]",222,384.5153,222,0.730461,0.200897,False,204,204,True,False,False,direct unique preconfirmed glyph support,5,AMBIGUOUS,local RGB continuity to preconfirmed wordmark fails frozen max-channel distance 18
89,60,"[88.3946,60.7778]","[88,61]","[[185,185,185,176],[155,155,155,150],[155,155,155,150],[71,112,76,0],[71,112,76,0],[71,112,76,0],[71,112,76,0],[6,4,5,3],[6,4,5,3]]","[57,57,57,22]",22,0,"[{""x"":88,""y"":59,""rgba"":[202,202,202,205],""class"":""solid_achromatic_core"",""wordmark_component_id"":7},{""x"":89,""y"":59,""rgba"":[195,195,195,193],""class"":""solid_achromatic_core"",""wordmark_component_id"":7},{""x"":90,""y"":59,""rgba"":[196,196,196,195],""class"":""solid_achromatic_core"",""wordmark_component_id"":7},{""x"":88,""y"":60,""rgba"":[132,132,132,25],""class"":""confirmed_wordmark"",""wordmark_component_id"":7},{""x"":90,""y"":60,""rgba"":[69,69,69,22],""class"":""other_visible"",""wordmark_component_id"":null}]",4,0,[7],[7],[7],3,"{""component_id"":7,""x"":88,""y"":60,""distance_px"":1.0,""rgba"":[132,132,132,25],""rgb_linf"":75}","{""class"":""ambiguous_chromatic_boundary"",""present"":true,""distance_px"":39.0,""coordinate"":[50,60],""rgb_linf"":57}","[{""class"":""ambiguous_chromatic_boundary"",""present"":true,""distance_px"":39.0,""coordinate"":[50,60],""rgb_linf"":57},{""class"":""chromatic_core"",""present"":true,""distance_px"":40.0,""coordinate"":[49,60],""rgb_linf"":101},{""class"":""confirmed_true_chromatic_AA"",""present"":true,""distance_px"":41.4849,""coordinate"":[49,49],""rgb_linf"":57}]",75,129.9038,138,0.189825,0.306144,True,205,205,True,True,False,direct unique preconfirmed glyph support,5,AMBIGUOUS,local RGB continuity to preconfirmed wordmark fails frozen max-channel distance 18
90,60,"[89.4485,60.7778]","[89,61]","[[155,155,155,150],[155,155,155,150],[155,155,155,150],[71,112,76,0],[71,112,76,0],[71,112,76,0],[6,4,5,3],[6,4,5,3],[71,112,76,0]]","[69,69,69,22]",22,0,"[{""x"":89,""y"":59,""rgba"":[195,195,195,193],""class"":""solid_achromatic_core"",""wordmark_component_id"":7},{""x"":90,""y"":59,""rgba"":[196,196,196,195],""class"":""solid_achromatic_core"",""wordmark_component_id"":7},{""x"":91,""y"":59,""rgba"":[197,197,197,194],""class"":""solid_achromatic_core"",""wordmark_component_id"":7},{""x"":89,""y"":60,""rgba"":[57,57,57,22],""class"":""other_visible"",""wordmark_component_id"":null},{""x"":91,""y"":60,""rgba"":[69,69,69,22],""class"":""other_visible"",""wordmark_component_id"":null}]",3,0,[7],[7],[7],3,"{""component_id"":7,""x"":90,""y"":59,""distance_px"":1.0,""rgba"":[196,196,196,195],""rgb_linf"":127}","{""class"":""ambiguous_chromatic_boundary"",""present"":true,""distance_px"":40.0,""coordinate"":[50,60],""rgb_linf"":69}","[{""class"":""ambiguous_chromatic_boundary"",""present"":true,""distance_px"":40.0,""coordinate"":[50,60],""rgb_linf"":69},{""class"":""chromatic_core"",""present"":true,""distance_px"":41.0,""coordinate"":[49,60],""rgb_linf"":89},{""class"":""confirmed_true_chromatic_AA"",""present"":true,""distance_px"":42.45,""coordinate"":[49,49],""rgb_linf"":69}]",126,218.2384,126,0.486213,0.329583,False,195,195,True,False,False,direct unique preconfirmed glyph support,5,AMBIGUOUS,local RGB continuity to preconfirmed wordmark fails frozen max-channel distance 18
91,60,"[90.5025,60.7778]","[91,61]","[[155,155,155,150],[155,155,155,150],[155,155,155,150],[71,112,76,0],[71,112,76,0],[6,4,5,3],[71,112,76,0],[71,112,76,0],[71,112,76,0]]","[69,69,69,22]",22,0,"[{""x"":90,""y"":59,""rgba"":[196,196,196,195],""class"":""solid_achromatic_core"",""wordmark_component_id"":7},{""x"":91,""y"":59,""rgba"":[197,197,197,194],""class"":""solid_achromatic_core"",""wordmark_component_id"":7},{""x"":92,""y"":59,""rgba"":[196,196,196,195],""class"":""solid_achromatic_core"",""wordmark_component_id"":7},{""x"":90,""y"":60,""rgba"":[69,69,69,22],""class"":""other_visible"",""wordmark_component_id"":null},{""x"":92,""y"":60,""rgba"":[61,61,61,25],""class"":""other_visible"",""wordmark_component_id"":null}]",3,0,[7],[7],[7],3,"{""component_id"":7,""x"":91,""y"":59,""distance_px"":1.0,""rgba"":[197,197,197,194],""rgb_linf"":128}","{""class"":""ambiguous_chromatic_boundary"",""present"":true,""distance_px"":41.0,""coordinate"":[50,60],""rgb_linf"":69}","[{""class"":""ambiguous_chromatic_boundary"",""present"":true,""distance_px"":41.0,""coordinate"":[50,60],""rgb_linf"":69},{""class"":""chromatic_core"",""present"":true,""distance_px"":42.0,""coordinate"":[49,60],""rgb_linf"":89},{""class"":""confirmed_true_chromatic_AA"",""present"":true,""distance_px"":43.4166,""coordinate"":[49,49],""rgb_linf"":69}]",127,219.9705,127,0.4925,0.329583,False,195,195,True,False,False,direct unique preconfirmed glyph support,5,AMBIGUOUS,local RGB continuity to preconfirmed wordmark fails frozen max-channel distance 18
92,60,"[91.5564,60.7778]","[92,61]","[[155,155,155,150],[155,155,155,150],[173,173,173,161],[71,112,76,0],[6,4,5,3],[71,112,76,0],[71,112,76,0],[71,112,76,0],[71,112,76,0]]","[61,61,61,25]",25,0,"[{""x"":91,""y"":59,""rgba"":[197,197,197,194],""class"":""solid_achromatic_core"",""wordmark_component_id"":7},{""x"":92,""y"":59,""rgba"":[196,196,196,195],""class"":""solid_achromatic_core"",""wordmark_component_id"":7},{""x"":93,""y"":59,""rgba"":[195,195,195,194],""class"":""solid_achromatic_core"",""wordmark_component_id"":7},{""x"":91,""y"":60,""rgba"":[69,69,69,22],""class"":""other_visible"",""wordmark_component_id"":null},{""x"":93,""y"":60,""rgba"":[88,88,88,23],""class"":""confirmed_wordmark"",""wordmark_component_id"":7}]",4,0,[7],[7],[7],3,"{""component_id"":7,""x"":92,""y"":59,""distance_px"":1.0,""rgba"":[196,196,196,195],""rgb_linf"":135}","{""class"":""ambiguous_chromatic_boundary"",""present"":true,""distance_px"":42.0,""coordinate"":[50,60],""rgb_linf"":61}","[{""class"":""ambiguous_chromatic_boundary"",""present"":true,""distance_px"":42.0,""coordinate"":[50,60],""rgb_linf"":61},{""class"":""chromatic_core"",""present"":true,""distance_px"":43.0,""coordinate"":[49,60],""rgb_linf"":97},{""class"":""confirmed_true_chromatic_AA"",""present"":true,""distance_px"":44.3847,""coordinate"":[49,49],""rgb_linf"":61}]",27,46.7654,134,0.050922,0.322499,True,195,195,True,True,False,direct unique preconfirmed glyph support,5,AMBIGUOUS,local RGB continuity to preconfirmed wordmark fails frozen max-channel distance 18
100,60,"[99.9877,60.7778]","[100,61]","[[6,4,5,3],[71,112,76,0],[71,112,76,0],[71,112,76,0],[6,4,5,3],[71,112,76,0],[71,112,76,0],[71,112,76,0],[6,4,5,3]]","[0,0,0,1]",1,0,"[{""x"":100,""y"":59,""rgba"":[0,0,0,1],""class"":""other_visible"",""wordmark_component_id"":null},{""x"":99,""y"":61,""rgba"":[0,0,0,4],""class"":""confirmed_wordmark"",""wordmark_component_id"":7},{""x"":101,""y"":61,""rgba"":[109,109,109,7],""class"":""confirmed_wordmark"",""wordmark_component_id"":8}]",2,0,[],[],"[7,8]",0,"{""component_id"":7,""x"":99,""y"":61,""distance_px"":1.4142,""rgba"":[0,0,0,4],""rgb_linf"":0}","{""class"":""ambiguous_chromatic_boundary"",""present"":true,""distance_px"":50.0,""coordinate"":[50,60],""rgb_linf"":58}","[{""class"":""ambiguous_chromatic_boundary"",""present"":true,""distance_px"":50.0,""coordinate"":[50,60],""rgb_linf"":58},{""class"":""chromatic_core"",""present"":true,""distance_px"":51.0,""coordinate"":[49,60],""rgb_linf"":158},{""class"":""confirmed_true_chromatic_AA"",""present"":true,""distance_px"":52.1728,""coordinate"":[49,49],""rgb_linf"":85}]",0,0.0,,0.0,0.371238,True,,7,True,True,False,multiple direct glyph supports,4,AMBIGUOUS,multiple directly adjacent confirmed glyph owners
113,60,"[113.6887,60.7778]","[114,61]","[[6,4,5,3],[136,136,136,126],[155,155,155,150],[6,4,5,3],[71,112,76,0],[71,112,76,0],[28,25,25,22],[71,112,76,0],[6,4,5,3]]","[42,42,42,12]",12,0,"[{""x"":113,""y"":59,""rgba"":[167,167,167,119],""class"":""solid_achromatic_core"",""wordmark_component_id"":8},{""x"":114,""y"":59,""rgba"":[191,191,191,197],""class"":""solid_achromatic_core"",""wordmark_component_id"":8},{""x"":112,""y"":60,""rgba"":[69,69,69,22],""class"":""confirmed_wordmark"",""wordmark_component_id"":8},{""x"":114,""y"":60,""rgba"":[63,63,63,24],""class"":""other_visible"",""wordmark_component_id"":null},{""x"":112,""y"":61,""rgba"":[165,165,165,80],""class"":""solid_achromatic_core"",""wordmark_component_id"":8}]",4,0,"[9,15]",[8],[8],3,"{""component_id"":8,""x"":112,""y"":60,""distance_px"":1.0,""rgba"":[69,69,69,22],""rgb_linf"":27}","{""class"":""ambiguous_chromatic_boundary"",""present"":true,""distance_px"":63.0,""coordinate"":[50,60],""rgb_linf"":42}","[{""class"":""ambiguous_chromatic_boundary"",""present"":true,""distance_px"":63.0,""coordinate"":[50,60],""rgb_linf"":42},{""class"":""chromatic_core"",""present"":true,""distance_px"":64.0,""coordinate"":[49,60],""rgb_linf"":116},{""class"":""confirmed_true_chromatic_AA"",""present"":true,""distance_px"":64.9384,""coordinate"":[49,49],""rgb_linf"":43}]",27,46.7654,123,0.036358,0.321835,True,197,197,True,True,False,direct unique preconfirmed glyph support,5,AMBIGUOUS,local RGB continuity to preconfirmed wordmark fails frozen max-channel distance 18
114,60,"[114.7426,60.7778]","[115,61]","[[136,136,136,126],[155,155,155,150],[185,185,185,176],[71,112,76,0],[71,112,76,0],[71,112,76,0],[71,112,76,0],[6,4,5,3],[71,112,76,0]]","[63,63,63,24]",24,0,"[{""x"":113,""y"":59,""rgba"":[167,167,167,119],""class"":""solid_achromatic_core"",""wordmark_component_id"":8},{""x"":114,""y"":59,""rgba"":[191,191,191,197],""class"":""solid_achromatic_core"",""wordmark_component_id"":8},{""x"":115,""y"":59,""rgba"":[207,207,207,208],""class"":""solid_achromatic_core"",""wordmark_component_id"":8},{""x"":113,""y"":60,""rgba"":[42,42,42,12],""class"":""other_visible"",""wordmark_component_id"":null},{""x"":115,""y"":60,""rgba"":[127,127,127,26],""class"":""confirmed_wordmark"",""wordmark_component_id"":8}]",4,0,[9],[8],[8],3,"{""component_id"":8,""x"":114,""y"":59,""distance_px"":1.0,""rgba"":[191,191,191,197],""rgb_linf"":128}","{""class"":""ambiguous_chromatic_boundary"",""present"":true,""distance_px"":64.0,""coordinate"":[50,60],""rgb_linf"":63}","[{""class"":""ambiguous_chromatic_boundary"",""present"":true,""distance_px"":64.0,""coordinate"":[50,60],""rgb_linf"":63},{""class"":""chromatic_core"",""present"":true,""distance_px"":65.0,""coordinate"":[49,60],""rgb_linf"":95},{""class"":""confirmed_true_chromatic_AA"",""present"":true,""distance_px"":65.9242,""coordinate"":[49,49],""rgb_linf"":63}]",64,110.8512,104,0.162524,0.255662,True,208,208,True,True,False,direct unique preconfirmed glyph support,5,AMBIGUOUS,local RGB continuity to preconfirmed wordmark fails frozen max-channel distance 18
138,60,"[140.0368,60.7778]","[140,61]","[[216,216,216,211],[28,25,25,22],[71,112,76,0],[216,216,216,211],[28,25,25,22],[71,112,76,0],[216,216,216,211],[28,25,25,22],[71,112,76,0]]","[12,12,12,20]",20,0,"[{""x"":137,""y"":59,""rgba"":[227,227,227,219],""class"":""solid_achromatic_core"",""wordmark_component_id"":9},{""x"":138,""y"":59,""rgba"":[11,11,11,22],""class"":""other_visible"",""wordmark_component_id"":null},{""x"":137,""y"":60,""rgba"":[219,219,219,213],""class"":""solid_achromatic_core"",""wordmark_component_id"":9},{""x"":137,""y"":61,""rgba"":[220,220,220,214],""class"":""solid_achromatic_core"",""wordmark_component_id"":9},{""x"":138,""y"":61,""rgba"":[12,12,12,20],""class"":""other_visible"",""wordmark_component_id"":null}]",3,0,[10],[9],[9],3,"{""component_id"":9,""x"":137,""y"":60,""distance_px"":1.0,""rgba"":[219,219,219,213],""rgb_linf"":207}","{""class"":""ambiguous_chromatic_boundary"",""present"":true,""distance_px"":88.0,""coordinate"":[50,60],""rgb_linf"":46}","[{""class"":""ambiguous_chromatic_boundary"",""present"":true,""distance_px"":88.0,""coordinate"":[50,60],""rgb_linf"":46},{""class"":""chromatic_core"",""present"":true,""distance_px"":89.0,""coordinate"":[49,60],""rgb_linf"":146},{""class"":""confirmed_true_chromatic_AA"",""present"":true,""distance_px"":89.6772,""coordinate"":[49,49],""rgb_linf"":73}]",207,358.5345,207,0.704699,0.170535,False,219,219,True,False,False,direct unique preconfirmed glyph support,5,AMBIGUOUS,local RGB continuity to preconfirmed wordmark fails frozen max-channel distance 18
145,60,"[147.4142,60.7778]","[147,61]","[[155,155,155,150],[155,155,155,150],[155,155,155,150],[71,112,76,0],[71,112,76,0],[71,112,76,0],[71,112,76,0],[6,4,5,3],[6,4,5,3]]","[63,63,63,24]",24,0,"[{""x"":144,""y"":59,""rgba"":[196,196,196,193],""class"":""solid_achromatic_core"",""wordmark_component_id"":10},{""x"":145,""y"":59,""rgba"":[196,196,196,195],""class"":""solid_achromatic_core"",""wordmark_component_id"":10},{""x"":146,""y"":59,""rgba"":[195,195,195,194],""class"":""solid_achromatic_core"",""wordmark_component_id"":10},{""x"":144,""y"":60,""rgba"":[85,85,85,21],""class"":""confirmed_wordmark"",""wordmark_component_id"":10},{""x"":146,""y"":60,""rgba"":[60,60,60,21],""class"":""other_visible"",""wordmark_component_id"":null}]",4,0,[11],[10],[10],3,"{""component_id"":10,""x"":144,""y"":60,""distance_px"":1.0,""rgba"":[85,85,85,21],""rgb_linf"":22}","{""class"":""ambiguous_chromatic_boundary"",""present"":true,""distance_px"":95.0,""coordinate"":[50,60],""rgb_linf"":63}","[{""class"":""ambiguous_chromatic_boundary"",""present"":true,""distance_px"":95.0,""coordinate"":[50,60],""rgb_linf"":63},{""class"":""chromatic_core"",""present"":true,""distance_px"":96.0,""coordinate"":[49,60],""rgb_linf"":95},{""class"":""confirmed_true_chromatic_AA"",""present"":true,""distance_px"":96.6282,""coordinate"":[49,49],""rgb_linf"":63}]",22,38.1051,132,0.041135,0.335912,True,195,195,True,True,False,direct unique preconfirmed glyph support,5,AMBIGUOUS,local RGB continuity to preconfirmed wordmark fails frozen max-channel distance 18
146,60,"[148.4681,60.7778]","[148,61]","[[155,155,155,150],[155,155,155,150],[155,155,155,150],[71,112,76,0],[71,112,76,0],[71,112,76,0],[6,4,5,3],[6,4,5,3],[6,4,5,3]]","[60,60,60,21]",21,0,"[{""x"":145,""y"":59,""rgba"":[196,196,196,195],""class"":""solid_achromatic_core"",""wordmark_component_id"":10},{""x"":146,""y"":59,""rgba"":[195,195,195,194],""class"":""solid_achromatic_core"",""wordmark_component_id"":10},{""x"":147,""y"":59,""rgba"":[195,195,195,194],""class"":""solid_achromatic_core"",""wordmark_component_id"":10},{""x"":145,""y"":60,""rgba"":[63,63,63,24],""class"":""other_visible"",""wordmark_component_id"":null},{""x"":147,""y"":60,""rgba"":[60,60,60,21],""class"":""other_visible"",""wordmark_component_id"":null}]",3,0,[11],[10],[10],3,"{""component_id"":10,""x"":146,""y"":59,""distance_px"":1.0,""rgba"":[195,195,195,194],""rgb_linf"":135}","{""class"":""ambiguous_chromatic_boundary"",""present"":true,""distance_px"":96.0,""coordinate"":[50,60],""rgb_linf"":60}","[{""class"":""ambiguous_chromatic_boundary"",""present"":true,""distance_px"":96.0,""coordinate"":[50,60],""rgb_linf"":60},{""class"":""chromatic_core"",""present"":true,""distance_px"":97.0,""coordinate"":[49,60],""rgb_linf"":98},{""class"":""confirmed_true_chromatic_AA"",""present"":true,""distance_px"":97.6217,""coordinate"":[49,49],""rgb_linf"":60}]",135,233.8269,135,0.500538,0.335912,False,195,195,True,False,False,direct unique preconfirmed glyph support,5,AMBIGUOUS,local RGB continuity to preconfirmed wordmark fails frozen max-channel distance 18
147,60,"[149.5221,60.7778]","[150,61]","[[155,155,155,150],[155,155,155,150],[155,155,155,150],[71,112,76,0],[71,112,76,0],[71,112,76,0],[6,4,5,3],[6,4,5,3],[6,4,5,3]]","[60,60,60,21]",21,0,"[{""x"":146,""y"":59,""rgba"":[195,195,195,194],""class"":""solid_achromatic_core"",""wordmark_component_id"":10},{""x"":147,""y"":59,""rgba"":[195,195,195,194],""class"":""solid_achromatic_core"",""wordmark_component_id"":10},{""x"":148,""y"":59,""rgba"":[195,195,195,194],""class"":""solid_achromatic_core"",""wordmark_component_id"":10},{""x"":146,""y"":60,""rgba"":[60,60,60,21],""class"":""other_visible"",""wordmark_component_id"":null},{""x"":148,""y"":60,""rgba"":[60,60,60,21],""class"":""other_visible"",""wordmark_component_id"":null}]",3,0,[11],[10],[10],3,"{""component_id"":10,""x"":147,""y"":59,""distance_px"":1.0,""rgba"":[195,195,195,194],""rgb_linf"":135}","{""class"":""ambiguous_chromatic_boundary"",""present"":true,""distance_px"":97.0,""coordinate"":[50,60],""rgb_linf"":60}","[{""class"":""ambiguous_chromatic_boundary"",""present"":true,""distance_px"":97.0,""coordinate"":[50,60],""rgb_linf"":60},{""class"":""chromatic_core"",""present"":true,""distance_px"":98.0,""coordinate"":[49,60],""rgb_linf"":98},{""class"":""confirmed_true_chromatic_AA"",""present"":true,""distance_px"":98.6154,""coordinate"":[49,49],""rgb_linf"":60}]",135,233.8269,135,0.500538,0.342199,False,194,194,True,False,False,direct unique preconfirmed glyph support,5,AMBIGUOUS,local RGB continuity to preconfirmed wordmark fails frozen max-channel distance 18
148,60,"[150.576,60.7778]","[151,61]","[[155,155,155,150],[155,155,155,150],[155,155,155,150],[71,112,76,0],[71,112,76,0],[71,112,76,0],[6,4,5,3],[6,4,5,3],[6,4,5,3]]","[60,60,60,21]",21,0,"[{""x"":147,""y"":59,""rgba"":[195,195,195,194],""class"":""solid_achromatic_core"",""wordmark_component_id"":10},{""x"":148,""y"":59,""rgba"":[195,195,195,194],""class"":""solid_achromatic_core"",""wordmark_component_id"":10},{""x"":149,""y"":59,""rgba"":[195,195,195,194],""class"":""solid_achromatic_core"",""wordmark_component_id"":10},{""x"":147,""y"":60,""rgba"":[60,60,60,21],""class"":""other_visible"",""wordmark_component_id"":null},{""x"":149,""y"":60,""rgba"":[60,60,60,21],""class"":""other_visible"",""wordmark_component_id"":null}]",3,0,[11],[10],[10],3,"{""component_id"":10,""x"":148,""y"":59,""distance_px"":1.0,""rgba"":[195,195,195,194],""rgb_linf"":135}","{""class"":""ambiguous_chromatic_boundary"",""present"":true,""distance_px"":98.0,""coordinate"":[50,60],""rgb_linf"":60}","[{""class"":""ambiguous_chromatic_boundary"",""present"":true,""distance_px"":98.0,""coordinate"":[50,60],""rgb_linf"":60},{""class"":""chromatic_core"",""present"":true,""distance_px"":99.0,""coordinate"":[49,60],""rgb_linf"":98},{""class"":""confirmed_true_chromatic_AA"",""present"":true,""distance_px"":99.6092,""coordinate"":[49,49],""rgb_linf"":60}]",135,233.8269,135,0.500538,0.342199,False,194,194,True,False,False,direct unique preconfirmed glyph support,5,AMBIGUOUS,local RGB continuity to preconfirmed wordmark fails frozen max-channel distance 18
149,60,"[151.6299,60.7778]","[152,61]","[[155,155,155,150],[155,155,155,150],[155,155,155,150],[71,112,76,0],[71,112,76,0],[71,112,76,0],[6,4,5,3],[6,4,5,3],[6,4,5,3]]","[60,60,60,21]",21,0,"[{""x"":148,""y"":59,""rgba"":[195,195,195,194],""class"":""solid_achromatic_core"",""wordmark_component_id"":10},{""x"":149,""y"":59,""rgba"":[195,195,195,194],""class"":""solid_achromatic_core"",""wordmark_component_id"":10},{""x"":150,""y"":59,""rgba"":[195,195,195,194],""class"":""solid_achromatic_core"",""wordmark_component_id"":10},{""x"":148,""y"":60,""rgba"":[60,60,60,21],""class"":""other_visible"",""wordmark_component_id"":null},{""x"":150,""y"":60,""rgba"":[60,60,60,21],""class"":""other_visible"",""wordmark_component_id"":null}]",3,0,[11],[10],[10],3,"{""component_id"":10,""x"":149,""y"":59,""distance_px"":1.0,""rgba"":[195,195,195,194],""rgb_linf"":135}","{""class"":""ambiguous_chromatic_boundary"",""present"":true,""distance_px"":99.0,""coordinate"":[50,60],""rgb_linf"":60}","[{""class"":""ambiguous_chromatic_boundary"",""present"":true,""distance_px"":99.0,""coordinate"":[50,60],""rgb_linf"":60},{""class"":""chromatic_core"",""present"":true,""distance_px"":100.0,""coordinate"":[49,60],""rgb_linf"":98},{""class"":""confirmed_true_chromatic_AA"",""present"":true,""distance_px"":100.6032,""coordinate"":[49,49],""rgb_linf"":60}]",135,233.8269,135,0.500538,0.342199,False,194,194,True,False,False,direct unique preconfirmed glyph support,5,AMBIGUOUS,local RGB continuity to preconfirmed wordmark fails frozen max-channel distance 18
150,60,"[152.6838,60.7778]","[153,61]","[[155,155,155,150],[155,155,155,150],[155,155,155,150],[71,112,76,0],[71,112,76,0],[71,112,76,0],[6,4,5,3],[6,4,5,3],[6,4,5,3]]","[60,60,60,21]",21,0,"[{""x"":149,""y"":59,""rgba"":[195,195,195,194],""class"":""solid_achromatic_core"",""wordmark_component_id"":10},{""x"":150,""y"":59,""rgba"":[195,195,195,194],""class"":""solid_achromatic_core"",""wordmark_component_id"":10},{""x"":151,""y"":59,""rgba"":[195,195,195,194],""class"":""solid_achromatic_core"",""wordmark_component_id"":10},{""x"":149,""y"":60,""rgba"":[60,60,60,21],""class"":""other_visible"",""wordmark_component_id"":null},{""x"":151,""y"":60,""rgba"":[57,57,57,22],""class"":""other_visible"",""wordmark_component_id"":null}]",3,0,[11],[10],[10],3,"{""component_id"":10,""x"":150,""y"":59,""distance_px"":1.0,""rgba"":[195,195,195,194],""rgb_linf"":135}","{""class"":""ambiguous_chromatic_boundary"",""present"":true,""distance_px"":100.0,""coordinate"":[50,60],""rgb_linf"":60}","[{""class"":""ambiguous_chromatic_boundary"",""present"":true,""distance_px"":100.0,""coordinate"":[50,60],""rgb_linf"":60},{""class"":""chromatic_core"",""present"":true,""distance_px"":101.0,""coordinate"":[49,60],""rgb_linf"":98},{""class"":""confirmed_true_chromatic_AA"",""present"":true,""distance_px"":101.5972,""coordinate"":[49,49],""rgb_linf"":60}]",135,233.8269,135,0.500538,0.342199,False,194,194,True,False,False,direct unique preconfirmed glyph support,5,AMBIGUOUS,local RGB continuity to preconfirmed wordmark fails frozen max-channel distance 18
151,60,"[153.7377,60.7778]","[154,61]","[[155,155,155,150],[155,155,155,150],[155,155,155,150],[71,112,76,0],[71,112,76,0],[71,112,76,0],[6,4,5,3],[6,4,5,3],[71,112,76,0]]","[57,57,57,22]",22,0,"[{""x"":150,""y"":59,""rgba"":[195,195,195,194],""class"":""solid_achromatic_core"",""wordmark_component_id"":10},{""x"":151,""y"":59,""rgba"":[195,195,195,194],""class"":""solid_achromatic_core"",""wordmark_component_id"":10},{""x"":152,""y"":59,""rgba"":[194,194,194,195],""class"":""solid_achromatic_core"",""wordmark_component_id"":10},{""x"":150,""y"":60,""rgba"":[60,60,60,21],""class"":""other_visible"",""wordmark_component_id"":null},{""x"":152,""y"":60,""rgba"":[81,81,81,22],""class"":""confirmed_wordmark"",""wordmark_component_id"":10}]",4,0,[11],[10],[10],3,"{""component_id"":10,""x"":151,""y"":59,""distance_px"":1.0,""rgba"":[195,195,195,194],""rgb_linf"":138}","{""class"":""ambiguous_chromatic_boundary"",""present"":true,""distance_px"":101.0,""coordinate"":[50,60],""rgb_linf"":57}","[{""class"":""ambiguous_chromatic_boundary"",""present"":true,""distance_px"":101.0,""coordinate"":[50,60],""rgb_linf"":57},{""class"":""chromatic_core"",""present"":true,""distance_px"":102.0,""coordinate"":[49,60],""rgb_linf"":101},{""class"":""confirmed_true_chromatic_AA"",""present"":true,""distance_px"":102.5914,""coordinate"":[49,49],""rgb_linf"":57}]",24,41.5692,137,0.041368,0.342199,True,195,195,True,True,False,direct unique preconfirmed glyph support,5,AMBIGUOUS,local RGB continuity to preconfirmed wordmark fails frozen max-channel distance 18
158,60,"[161.1152,60.7778]","[161,61]","[[71,112,76,0],[102,102,102,90],[155,155,155,150],[71,112,76,0],[6,4,5,3],[71,112,76,0],[71,112,76,0],[6,4,5,3],[71,112,76,0]]","[0,0,0,14]",14,0,"[{""x"":157,""y"":59,""rgba"":[63,63,63,4],""class"":""confirmed_wordmark"",""wordmark_component_id"":10},{""x"":158,""y"":59,""rgba"":[153,153,153,140],""class"":""solid_achromatic_core"",""wordmark_component_id"":10},{""x"":159,""y"":59,""rgba"":[196,196,196,195],""class"":""solid_achromatic_core"",""wordmark_component_id"":10},{""x"":159,""y"":60,""rgba"":[66,66,66,23],""class"":""other_visible"",""wordmark_component_id"":null}]",3,0,[12],[10],[10],2,"{""component_id"":10,""x"":158,""y"":59,""distance_px"":1.0,""rgba"":[153,153,153,140],""rgb_linf"":153}","{""class"":""ambiguous_chromatic_boundary"",""present"":true,""distance_px"":108.0,""coordinate"":[50,60],""rgb_linf"":58}","[{""class"":""ambiguous_chromatic_boundary"",""present"":true,""distance_px"":108.0,""coordinate"":[50,60],""rgb_linf"":58},{""class"":""chromatic_core"",""present"":true,""distance_px"":109.0,""coordinate"":[49,60],""rgb_linf"":158},{""class"":""confirmed_true_chromatic_AA"",""present"":true,""distance_px"":109.5536,""coordinate"":[49,49],""rgb_linf"":85}]",63,109.1192,153,0.049707,0.233465,True,195,195,True,True,False,direct unique preconfirmed glyph support,5,AMBIGUOUS,local RGB continuity to preconfirmed wordmark fails frozen max-channel distance 18
159,60,"[162.1691,60.7778]","[162,61]","[[102,102,102,90],[155,155,155,150],[155,155,155,150],[6,4,5,3],[71,112,76,0],[71,112,76,0],[6,4,5,3],[71,112,76,0],[71,112,76,0]]","[66,66,66,23]",23,0,"[{""x"":158,""y"":59,""rgba"":[153,153,153,140],""class"":""solid_achromatic_core"",""wordmark_component_id"":10},{""x"":159,""y"":59,""rgba"":[196,196,196,195],""class"":""solid_achromatic_core"",""wordmark_component_id"":10},{""x"":160,""y"":59,""rgba"":[195,195,195,193],""class"":""solid_achromatic_core"",""wordmark_component_id"":10},{""x"":158,""y"":60,""rgba"":[0,0,0,14],""class"":""other_visible"",""wordmark_component_id"":null},{""x"":160,""y"":60,""rgba"":[57,57,57,22],""class"":""other_visible"",""wordmark_component_id"":null}]",3,0,[12],[10],[10],3,"{""component_id"":10,""x"":159,""y"":59,""distance_px"":1.0,""rgba"":[196,196,196,195],""rgb_linf"":130}","{""class"":""ambiguous_chromatic_boundary"",""present"":true,""distance_px"":109.0,""coordinate"":[50,60],""rgb_linf"":66}","[{""class"":""ambiguous_chromatic_boundary"",""present"":true,""distance_px"":109.0,""coordinate"":[50,60],""rgb_linf"":66},{""class"":""chromatic_core"",""present"":true,""distance_px"":110.0,""coordinate"":[49,60],""rgb_linf"":92},{""class"":""confirmed_true_chromatic_AA"",""present"":true,""distance_px"":110.5486,""coordinate"":[49,49],""rgb_linf"":66}]",87,150.6884,87,0.264067,0.233465,False,195,195,True,False,False,direct unique preconfirmed glyph support,5,AMBIGUOUS,local RGB continuity to preconfirmed wordmark fails frozen max-channel distance 18
160,60,"[163.223,60.7778]","[163,61]","[[155,155,155,150],[155,155,155,150],[155,155,155,150],[71,112,76,0],[71,112,76,0],[71,112,76,0],[71,112,76,0],[71,112,76,0],[71,112,76,0]]","[57,57,57,22]",22,0,"[{""x"":159,""y"":59,""rgba"":[196,196,196,195],""class"":""solid_achromatic_core"",""wordmark_component_id"":10},{""x"":160,""y"":59,""rgba"":[195,195,195,193],""class"":""solid_achromatic_core"",""wordmark_component_id"":10},{""x"":161,""y"":59,""rgba"":[195,195,195,194],""class"":""solid_achromatic_core"",""wordmark_component_id"":10},{""x"":159,""y"":60,""rgba"":[66,66,66,23],""class"":""other_visible"",""wordmark_component_id"":null},{""x"":161,""y"":60,""rgba"":[57,57,57,22],""class"":""other_visible"",""wordmark_component_id"":null}]",3,0,[12],[10],[10],3,"{""component_id"":10,""x"":160,""y"":59,""distance_px"":1.0,""rgba"":[195,195,195,193],""rgb_linf"":138}","{""class"":""ambiguous_chromatic_boundary"",""present"":true,""distance_px"":110.0,""coordinate"":[50,60],""rgb_linf"":57}","[{""class"":""ambiguous_chromatic_boundary"",""present"":true,""distance_px"":110.0,""coordinate"":[50,60],""rgb_linf"":57},{""class"":""chromatic_core"",""present"":true,""distance_px"":111.0,""coordinate"":[49,60],""rgb_linf"":101},{""class"":""confirmed_true_chromatic_AA"",""present"":true,""distance_px"":111.5437,""coordinate"":[49,49],""rgb_linf"":57}]",138,239.023,138,0.504809,0.327611,False,195,195,True,False,False,direct unique preconfirmed glyph support,5,AMBIGUOUS,local RGB continuity to preconfirmed wordmark fails frozen max-channel distance 18
161,60,"[164.277,60.7778]","[164,61]","[[155,155,155,150],[155,155,155,150],[155,155,155,150],[71,112,76,0],[71,112,76,0],[71,112,76,0],[71,112,76,0],[71,112,76,0],[71,112,76,0]]","[57,57,57,22]",22,0,"[{""x"":160,""y"":59,""rgba"":[195,195,195,193],""class"":""solid_achromatic_core"",""wordmark_component_id"":10},{""x"":161,""y"":59,""rgba"":[195,195,195,194],""class"":""solid_achromatic_core"",""wordmark_component_id"":10},{""x"":162,""y"":59,""rgba"":[196,196,196,195],""class"":""solid_achromatic_core"",""wordmark_component_id"":10},{""x"":160,""y"":60,""rgba"":[57,57,57,22],""class"":""other_visible"",""wordmark_component_id"":null},{""x"":162,""y"":60,""rgba"":[63,63,63,24],""class"":""other_visible"",""wordmark_component_id"":null}]",3,0,[12],[10],[10],3,"{""component_id"":10,""x"":161,""y"":59,""distance_px"":1.0,""rgba"":[195,195,195,194],""rgb_linf"":138}","{""class"":""ambiguous_chromatic_boundary"",""present"":true,""distance_px"":111.0,""coordinate"":[50,60],""rgb_linf"":57}","[{""class"":""ambiguous_chromatic_boundary"",""present"":true,""distance_px"":111.0,""coordinate"":[50,60],""rgb_linf"":57},{""class"":""chromatic_core"",""present"":true,""distance_px"":112.0,""coordinate"":[49,60],""rgb_linf"":101},{""class"":""confirmed_true_chromatic_AA"",""present"":true,""distance_px"":112.5389,""coordinate"":[49,49],""rgb_linf"":57}]",138,239.023,138,0.504809,0.333898,False,195,195,True,False,False,direct unique preconfirmed glyph support,5,AMBIGUOUS,local RGB continuity to preconfirmed wordmark fails frozen max-channel distance 18
162,60,"[165.3309,60.7778]","[165,61]","[[155,155,155,150],[155,155,155,150],[155,155,155,150],[71,112,76,0],[71,112,76,0],[71,112,76,0],[71,112,76,0],[71,112,76,0],[6,4,5,3]]","[63,63,63,24]",24,0,"[{""x"":161,""y"":59,""rgba"":[195,195,195,194],""class"":""solid_achromatic_core"",""wordmark_component_id"":10},{""x"":162,""y"":59,""rgba"":[196,196,196,195],""class"":""solid_achromatic_core"",""wordmark_component_id"":10},{""x"":163,""y"":59,""rgba"":[193,193,193,192],""class"":""solid_achromatic_core"",""wordmark_component_id"":10},{""x"":161,""y"":60,""rgba"":[57,57,57,22],""class"":""other_visible"",""wordmark_component_id"":null},{""x"":163,""y"":60,""rgba"":[72,72,72,21],""class"":""confirmed_wordmark"",""wordmark_component_id"":10}]",4,0,[12],[10],[10],3,"{""component_id"":10,""x"":162,""y"":59,""distance_px"":1.0,""rgba"":[196,196,196,195],""rgb_linf"":133}","{""class"":""ambiguous_chromatic_boundary"",""present"":true,""distance_px"":112.0,""coordinate"":[50,60],""rgb_linf"":63}","[{""class"":""ambiguous_chromatic_boundary"",""present"":true,""distance_px"":112.0,""coordinate"":[50,60],""rgb_linf"":63},{""class"":""chromatic_core"",""present"":true,""distance_px"":113.0,""coordinate"":[49,60],""rgb_linf"":95},{""class"":""confirmed_true_chromatic_AA"",""present"":true,""distance_px"":113.5341,""coordinate"":[49,49],""rgb_linf"":63}]",9,15.5885,130,0.015097,0.339055,True,195,195,True,True,False,direct unique preconfirmed glyph support,5,SAFE WORDMARK OWNERSHIP,one-hop attachment to already-confirmed safe wordmark AA; frozen RGB/luma/alpha evidence passes; no chaining
168,60,"[171.6544,60.7778]","[172,61]","[[173,173,173,161],[155,155,155,150],[155,155,155,150],[28,25,25,22],[71,112,76,0],[71,112,76,0],[28,25,25,22],[71,112,76,0],[6,4,5,3]]","[60,60,60,21]",21,0,"[{""x"":167,""y"":59,""rgba"":[223,223,223,216],""class"":""solid_achromatic_core"",""wordmark_component_id"":10},{""x"":168,""y"":59,""rgba"":[193,193,193,192],""class"":""solid_achromatic_core"",""wordmark_component_id"":10},{""x"":169,""y"":59,""rgba"":[195,195,195,194],""class"":""solid_achromatic_core"",""wordmark_component_id"":10},{""x"":167,""y"":60,""rgba"":[173,173,173,107],""class"":""solid_achromatic_core"",""wordmark_component_id"":10},{""x"":169,""y"":60,""rgba"":[88,88,88,23],""class"":""other_visible"",""wordmark_component_id"":null},{""x"":167,""y"":61,""rgba"":[177,177,177,89],""class"":""solid_achromatic_core"",""wordmark_component_id"":10}]",5,0,[12],[10],[10],5,"{""component_id"":10,""x"":167,""y"":60,""distance_px"":1.0,""rgba"":[173,173,173,107],""rgb_linf"":113}","{""class"":""ambiguous_chromatic_boundary"",""present"":true,""distance_px"":118.0,""coordinate"":[50,60],""rgb_linf"":60}","[{""class"":""ambiguous_chromatic_boundary"",""present"":true,""distance_px"":118.0,""coordinate"":[50,60],""rgb_linf"":60},{""class"":""chromatic_core"",""present"":true,""distance_px"":119.0,""coordinate"":[49,60],""rgb_linf"":98},{""class"":""confirmed_true_chromatic_AA"",""present"":true,""distance_px"":119.5073,""coordinate"":[49,49],""rgb_linf"":60}]",113,195.7217,113,0.372699,0.262089,False,216,216,True,False,False,direct unique preconfirmed glyph support,5,AMBIGUOUS,local RGB continuity to preconfirmed wordmark fails frozen max-channel distance 18
169,60,"[172.7083,60.7778]","[173,61]","[[155,155,155,150],[155,155,155,150],[155,155,155,150],[71,112,76,0],[71,112,76,0],[71,112,76,0],[71,112,76,0],[6,4,5,3],[71,112,76,0]]","[88,88,88,23]",23,0,"[{""x"":168,""y"":59,""rgba"":[193,193,193,192],""class"":""solid_achromatic_core"",""wordmark_component_id"":10},{""x"":169,""y"":59,""rgba"":[195,195,195,194],""class"":""solid_achromatic_core"",""wordmark_component_id"":10},{""x"":170,""y"":59,""rgba"":[195,195,195,194],""class"":""solid_achromatic_core"",""wordmark_component_id"":10},{""x"":168,""y"":60,""rgba"":[60,60,60,21],""class"":""other_visible"",""wordmark_component_id"":null},{""x"":170,""y"":60,""rgba"":[57,57,57,22],""class"":""other_visible"",""wordmark_component_id"":null}]",3,0,[12],[10],[10],3,"{""component_id"":10,""x"":169,""y"":59,""distance_px"":1.0,""rgba"":[195,195,195,194],""rgb_linf"":107}","{""class"":""ambiguous_chromatic_boundary"",""present"":true,""distance_px"":119.0,""coordinate"":[50,60],""rgb_linf"":88}","[{""class"":""ambiguous_chromatic_boundary"",""present"":true,""distance_px"":119.0,""coordinate"":[50,60],""rgb_linf"":88},{""class"":""chromatic_core"",""present"":true,""distance_px"":120.0,""coordinate"":[49,60],""rgb_linf"":70},{""class"":""confirmed_true_chromatic_AA"",""present"":true,""distance_px"":120.5031,""coordinate"":[49,49],""rgb_linf"":88}]",105,181.8653,105,0.435689,0.33604,False,194,194,True,False,False,direct unique preconfirmed glyph support,5,AMBIGUOUS,local RGB continuity to preconfirmed wordmark fails frozen max-channel distance 18
170,60,"[173.7623,60.7778]","[174,61]","[[155,155,155,150],[155,155,155,150],[155,155,155,150],[71,112,76,0],[71,112,76,0],[71,112,76,0],[6,4,5,3],[71,112,76,0],[71,112,76,0]]","[57,57,57,22]",22,0,"[{""x"":169,""y"":59,""rgba"":[195,195,195,194],""class"":""solid_achromatic_core"",""wordmark_component_id"":10},{""x"":170,""y"":59,""rgba"":[195,195,195,194],""class"":""solid_achromatic_core"",""wordmark_component_id"":10},{""x"":171,""y"":59,""rgba"":[195,195,195,194],""class"":""solid_achromatic_core"",""wordmark_component_id"":10},{""x"":169,""y"":60,""rgba"":[88,88,88,23],""class"":""other_visible"",""wordmark_component_id"":null},{""x"":171,""y"":60,""rgba"":[57,57,57,22],""class"":""other_visible"",""wordmark_component_id"":null}]",3,0,[12],[10],[10],3,"{""component_id"":10,""x"":170,""y"":59,""distance_px"":1.0,""rgba"":[195,195,195,194],""rgb_linf"":138}","{""class"":""ambiguous_chromatic_boundary"",""present"":true,""distance_px"":120.0,""coordinate"":[50,60],""rgb_linf"":57}","[{""class"":""ambiguous_chromatic_boundary"",""present"":true,""distance_px"":120.0,""coordinate"":[50,60],""rgb_linf"":57},{""class"":""chromatic_core"",""present"":true,""distance_px"":121.0,""coordinate"":[49,60],""rgb_linf"":101},{""class"":""confirmed_true_chromatic_AA"",""present"":true,""distance_px"":121.499,""coordinate"":[49,49],""rgb_linf"":57}]",138,239.023,138,0.504809,0.342199,False,194,194,True,False,False,direct unique preconfirmed glyph support,5,AMBIGUOUS,local RGB continuity to preconfirmed wordmark fails frozen max-channel distance 18
171,60,"[174.8162,60.7778]","[175,61]","[[155,155,155,150],[155,155,155,150],[155,155,155,150],[71,112,76,0],[71,112,76,0],[71,112,76,0],[71,112,76,0],[71,112,76,0],[71,112,76,0]]","[57,57,57,22]",22,0,"[{""x"":170,""y"":59,""rgba"":[195,195,195,194],""class"":""solid_achromatic_core"",""wordmark_component_id"":10},{""x"":171,""y"":59,""rgba"":[195,195,195,194],""class"":""solid_achromatic_core"",""wordmark_component_id"":10},{""x"":172,""y"":59,""rgba"":[195,195,195,194],""class"":""solid_achromatic_core"",""wordmark_component_id"":10},{""x"":170,""y"":60,""rgba"":[57,57,57,22],""class"":""other_visible"",""wordmark_component_id"":null},{""x"":172,""y"":60,""rgba"":[57,57,57,22],""class"":""other_visible"",""wordmark_component_id"":null}]",3,0,[12],[10],[10],3,"{""component_id"":10,""x"":171,""y"":59,""distance_px"":1.0,""rgba"":[195,195,195,194],""rgb_linf"":138}","{""class"":""ambiguous_chromatic_boundary"",""present"":true,""distance_px"":121.0,""coordinate"":[50,60],""rgb_linf"":57}","[{""class"":""ambiguous_chromatic_boundary"",""present"":true,""distance_px"":121.0,""coordinate"":[50,60],""rgb_linf"":57},{""class"":""chromatic_core"",""present"":true,""distance_px"":122.0,""coordinate"":[49,60],""rgb_linf"":101},{""class"":""confirmed_true_chromatic_AA"",""present"":true,""distance_px"":122.4949,""coordinate"":[49,49],""rgb_linf"":57}]",138,239.023,138,0.504809,0.342199,False,194,194,True,False,False,direct unique preconfirmed glyph support,5,AMBIGUOUS,local RGB continuity to preconfirmed wordmark fails frozen max-channel distance 18
172,60,"[175.8701,60.7778]","[176,61]","[[155,155,155,150],[155,155,155,150],[155,155,155,150],[71,112,76,0],[71,112,76,0],[71,112,76,0],[71,112,76,0],[71,112,76,0],[6,4,5,3]]","[57,57,57,22]",22,0,"[{""x"":171,""y"":59,""rgba"":[195,195,195,194],""class"":""solid_achromatic_core"",""wordmark_component_id"":10},{""x"":172,""y"":59,""rgba"":[195,195,195,194],""class"":""solid_achromatic_core"",""wordmark_component_id"":10},{""x"":173,""y"":59,""rgba"":[194,194,194,197],""class"":""solid_achromatic_core"",""wordmark_component_id"":10},{""x"":171,""y"":60,""rgba"":[57,57,57,22],""class"":""other_visible"",""wordmark_component_id"":null},{""x"":173,""y"":60,""rgba"":[69,69,69,22],""class"":""confirmed_wordmark"",""wordmark_component_id"":10}]",4,0,[12],[10],[10],3,"{""component_id"":10,""x"":172,""y"":59,""distance_px"":1.0,""rgba"":[195,195,195,194],""rgb_linf"":138}","{""class"":""ambiguous_chromatic_boundary"",""present"":true,""distance_px"":122.0,""coordinate"":[50,60],""rgb_linf"":57}","[{""class"":""ambiguous_chromatic_boundary"",""present"":true,""distance_px"":122.0,""coordinate"":[50,60],""rgb_linf"":57},{""class"":""chromatic_core"",""present"":true,""distance_px"":123.0,""coordinate"":[49,60],""rgb_linf"":101},{""class"":""confirmed_true_chromatic_AA"",""present"":true,""distance_px"":123.4909,""coordinate"":[49,49],""rgb_linf"":57}]",12,20.7846,137,0.018596,0.342199,True,197,197,True,True,False,direct unique preconfirmed glyph support,5,SAFE WORDMARK OWNERSHIP,one-hop attachment to already-confirmed safe wordmark AA; frozen RGB/luma/alpha evidence passes; no chaining
193,60,"[198.0025,60.7778]","[198,61]","[[71,112,76,0],[28,25,25,22],[226,226,226,221],[71,112,76,0],[28,25,25,22],[226,226,226,221],[71,112,76,0],[6,4,5,3],[201,201,201,192]]","[44,44,44,23]",23,0,"[{""x"":193,""y"":59,""rgba"":[61,61,61,29],""class"":""confirmed_wordmark"",""wordmark_component_id"":10},{""x"":194,""y"":59,""rgba"":[237,237,237,233],""class"":""solid_achromatic_core"",""wordmark_component_id"":10},{""x"":194,""y"":60,""rgba"":[230,230,230,230],""class"":""solid_achromatic_core"",""wordmark_component_id"":10},{""x"":193,""y"":61,""rgba"":[36,36,36,7],""class"":""other_visible"",""wordmark_component_id"":null},{""x"":194,""y"":61,""rgba"":[214,214,214,209],""class"":""solid_achromatic_core"",""wordmark_component_id"":10}]",4,0,[14],[10],[10],3,"{""component_id"":10,""x"":193,""y"":59,""distance_px"":1.0,""rgba"":[61,61,61,29],""rgb_linf"":17}","{""class"":""ambiguous_chromatic_boundary"",""present"":true,""distance_px"":143.0,""coordinate"":[50,60],""rgb_linf"":44}","[{""class"":""ambiguous_chromatic_boundary"",""present"":true,""distance_px"":143.0,""coordinate"":[50,60],""rgb_linf"":44},{""class"":""chromatic_core"",""present"":true,""distance_px"":144.0,""coordinate"":[49,60],""rgb_linf"":114},{""class"":""confirmed_true_chromatic_AA"",""present"":true,""distance_px"":144.4195,""coordinate"":[49,49],""rgb_linf"":44}]",17,29.4449,170,0.021478,0.150257,True,233,233,True,True,False,direct unique preconfirmed glyph support,5,SAFE WORDMARK OWNERSHIP,one-hop attachment to already-confirmed safe wordmark AA; frozen RGB/luma/alpha evidence passes; no chaining
198,60,"[203.2721,60.7778]","[203,61]","[[155,155,155,150],[155,155,155,150],[155,155,155,150],[71,112,76,0],[71,112,76,0],[71,112,76,0],[71,112,76,0],[6,4,5,3],[6,4,5,3]]","[55,55,55,23]",23,0,"[{""x"":197,""y"":59,""rgba"":[195,195,195,193],""class"":""solid_achromatic_core"",""wordmark_component_id"":10},{""x"":198,""y"":59,""rgba"":[196,196,196,195],""class"":""solid_achromatic_core"",""wordmark_component_id"":10},{""x"":199,""y"":59,""rgba"":[195,195,195,194],""class"":""solid_achromatic_core"",""wordmark_component_id"":10},{""x"":197,""y"":60,""rgba"":[81,81,81,22],""class"":""confirmed_wordmark"",""wordmark_component_id"":10},{""x"":199,""y"":60,""rgba"":[60,60,60,21],""class"":""other_visible"",""wordmark_component_id"":null}]",4,0,[14],[10],[10],3,"{""component_id"":10,""x"":197,""y"":60,""distance_px"":1.0,""rgba"":[81,81,81,22],""rgb_linf"":26}","{""class"":""ambiguous_chromatic_boundary"",""present"":true,""distance_px"":148.0,""coordinate"":[50,60],""rgb_linf"":55}","[{""class"":""ambiguous_chromatic_boundary"",""present"":true,""distance_px"":148.0,""coordinate"":[50,60],""rgb_linf"":55},{""class"":""chromatic_core"",""present"":true,""distance_px"":149.0,""coordinate"":[49,60],""rgb_linf"":103},{""class"":""confirmed_true_chromatic_AA"",""present"":true,""distance_px"":149.4055,""coordinate"":[49,49],""rgb_linf"":55}]",26,45.0333,140,0.044078,0.335912,True,195,195,True,True,False,direct unique preconfirmed glyph support,5,AMBIGUOUS,local RGB continuity to preconfirmed wordmark fails frozen max-channel distance 18
199,60,"[204.326,60.7778]","[204,61]","[[155,155,155,150],[155,155,155,150],[155,155,155,150],[71,112,76,0],[71,112,76,0],[71,112,76,0],[6,4,5,3],[6,4,5,3],[6,4,5,3]]","[60,60,60,21]",21,0,"[{""x"":198,""y"":59,""rgba"":[196,196,196,195],""class"":""solid_achromatic_core"",""wordmark_component_id"":10},{""x"":199,""y"":59,""rgba"":[195,195,195,194],""class"":""solid_achromatic_core"",""wordmark_component_id"":10},{""x"":200,""y"":59,""rgba"":[195,195,195,194],""class"":""solid_achromatic_core"",""wordmark_component_id"":10},{""x"":198,""y"":60,""rgba"":[55,55,55,23],""class"":""other_visible"",""wordmark_component_id"":null},{""x"":200,""y"":60,""rgba"":[60,60,60,21],""class"":""other_visible"",""wordmark_component_id"":null}]",3,0,[14],[10],[10],3,"{""component_id"":10,""x"":199,""y"":59,""distance_px"":1.0,""rgba"":[195,195,195,194],""rgb_linf"":135}","{""class"":""ambiguous_chromatic_boundary"",""present"":true,""distance_px"":149.0,""coordinate"":[50,60],""rgb_linf"":60}","[{""class"":""ambiguous_chromatic_boundary"",""present"":true,""distance_px"":149.0,""coordinate"":[50,60],""rgb_linf"":60},{""class"":""chromatic_core"",""present"":true,""distance_px"":150.0,""coordinate"":[49,60],""rgb_linf"":98},{""class"":""confirmed_true_chromatic_AA"",""present"":true,""distance_px"":150.4028,""coordinate"":[49,49],""rgb_linf"":60}]",135,233.8269,135,0.500538,0.335912,False,195,195,True,False,False,direct unique preconfirmed glyph support,5,AMBIGUOUS,local RGB continuity to preconfirmed wordmark fails frozen max-channel distance 18
200,60,"[205.3799,60.7778]","[205,61]","[[155,155,155,150],[155,155,155,150],[155,155,155,150],[71,112,76,0],[71,112,76,0],[71,112,76,0],[6,4,5,3],[6,4,5,3],[6,4,5,3]]","[60,60,60,21]",21,0,"[{""x"":199,""y"":59,""rgba"":[195,195,195,194],""class"":""solid_achromatic_core"",""wordmark_component_id"":10},{""x"":200,""y"":59,""rgba"":[195,195,195,194],""class"":""solid_achromatic_core"",""wordmark_component_id"":10},{""x"":201,""y"":59,""rgba"":[195,195,195,194],""class"":""solid_achromatic_core"",""wordmark_component_id"":10},{""x"":199,""y"":60,""rgba"":[60,60,60,21],""class"":""other_visible"",""wordmark_component_id"":null},{""x"":201,""y"":60,""rgba"":[60,60,60,21],""class"":""other_visible"",""wordmark_component_id"":null}]",3,0,[14],[10],[10],3,"{""component_id"":10,""x"":200,""y"":59,""distance_px"":1.0,""rgba"":[195,195,195,194],""rgb_linf"":135}","{""class"":""ambiguous_chromatic_boundary"",""present"":true,""distance_px"":150.0,""coordinate"":[50,60],""rgb_linf"":60}","[{""class"":""ambiguous_chromatic_boundary"",""present"":true,""distance_px"":150.0,""coordinate"":[50,60],""rgb_linf"":60},{""class"":""chromatic_core"",""present"":true,""distance_px"":151.0,""coordinate"":[49,60],""rgb_linf"":98},{""class"":""confirmed_true_chromatic_AA"",""present"":true,""distance_px"":151.4001,""coordinate"":[49,49],""rgb_linf"":60}]",135,233.8269,135,0.500538,0.342199,False,194,194,True,False,False,direct unique preconfirmed glyph support,5,AMBIGUOUS,local RGB continuity to preconfirmed wordmark fails frozen max-channel distance 18
201,60,"[206.4338,60.7778]","[206,61]","[[155,155,155,150],[155,155,155,150],[155,155,155,150],[71,112,76,0],[71,112,76,0],[71,112,76,0],[6,4,5,3],[6,4,5,3],[6,4,5,3]]","[60,60,60,21]",21,0,"[{""x"":200,""y"":59,""rgba"":[195,195,195,194],""class"":""solid_achromatic_core"",""wordmark_component_id"":10},{""x"":201,""y"":59,""rgba"":[195,195,195,194],""class"":""solid_achromatic_core"",""wordmark_component_id"":10},{""x"":202,""y"":59,""rgba"":[195,195,195,194],""class"":""solid_achromatic_core"",""wordmark_component_id"":10},{""x"":200,""y"":60,""rgba"":[60,60,60,21],""class"":""other_visible"",""wordmark_component_id"":null},{""x"":202,""y"":60,""rgba"":[60,60,60,21],""class"":""other_visible"",""wordmark_component_id"":null}]",3,0,[14],[10],[10],3,"{""component_id"":10,""x"":201,""y"":59,""distance_px"":1.0,""rgba"":[195,195,195,194],""rgb_linf"":135}","{""class"":""ambiguous_chromatic_boundary"",""present"":true,""distance_px"":151.0,""coordinate"":[50,60],""rgb_linf"":60}","[{""class"":""ambiguous_chromatic_boundary"",""present"":true,""distance_px"":151.0,""coordinate"":[50,60],""rgb_linf"":60},{""class"":""chromatic_core"",""present"":true,""distance_px"":152.0,""coordinate"":[49,60],""rgb_linf"":98},{""class"":""confirmed_true_chromatic_AA"",""present"":true,""distance_px"":152.3975,""coordinate"":[49,49],""rgb_linf"":60}]",135,233.8269,135,0.500538,0.342199,False,194,194,True,False,False,direct unique preconfirmed glyph support,5,AMBIGUOUS,local RGB continuity to preconfirmed wordmark fails frozen max-channel distance 18
202,60,"[207.4877,60.7778]","[207,61]","[[155,155,155,150],[155,155,155,150],[155,155,155,150],[71,112,76,0],[71,112,76,0],[71,112,76,0],[6,4,5,3],[6,4,5,3],[6,4,5,3]]","[60,60,60,21]",21,0,"[{""x"":201,""y"":59,""rgba"":[195,195,195,194],""class"":""solid_achromatic_core"",""wordmark_component_id"":10},{""x"":202,""y"":59,""rgba"":[195,195,195,194],""class"":""solid_achromatic_core"",""wordmark_component_id"":10},{""x"":203,""y"":59,""rgba"":[195,195,195,194],""class"":""solid_achromatic_core"",""wordmark_component_id"":10},{""x"":201,""y"":60,""rgba"":[60,60,60,21],""class"":""other_visible"",""wordmark_component_id"":null},{""x"":203,""y"":60,""rgba"":[60,60,60,21],""class"":""other_visible"",""wordmark_component_id"":null}]",3,0,[14],[10],[10],3,"{""component_id"":10,""x"":202,""y"":59,""distance_px"":1.0,""rgba"":[195,195,195,194],""rgb_linf"":135}","{""class"":""ambiguous_chromatic_boundary"",""present"":true,""distance_px"":152.0,""coordinate"":[50,60],""rgb_linf"":60}","[{""class"":""ambiguous_chromatic_boundary"",""present"":true,""distance_px"":152.0,""coordinate"":[50,60],""rgb_linf"":60},{""class"":""chromatic_core"",""present"":true,""distance_px"":153.0,""coordinate"":[49,60],""rgb_linf"":98},{""class"":""confirmed_true_chromatic_AA"",""present"":true,""distance_px"":153.3949,""coordinate"":[49,49],""rgb_linf"":60}]",135,233.8269,135,0.500538,0.342199,False,194,194,True,False,False,direct unique preconfirmed glyph support,5,AMBIGUOUS,local RGB continuity to preconfirmed wordmark fails frozen max-channel distance 18
203,60,"[208.5417,60.7778]","[209,61]","[[155,155,155,150],[155,155,155,150],[155,155,155,150],[71,112,76,0],[71,112,76,0],[71,112,76,0],[6,4,5,3],[6,4,5,3],[6,4,5,3]]","[60,60,60,21]",21,0,"[{""x"":202,""y"":59,""rgba"":[195,195,195,194],""class"":""solid_achromatic_core"",""wordmark_component_id"":10},{""x"":203,""y"":59,""rgba"":[195,195,195,194],""class"":""solid_achromatic_core"",""wordmark_component_id"":10},{""x"":204,""y"":59,""rgba"":[196,196,196,195],""class"":""solid_achromatic_core"",""wordmark_component_id"":10},{""x"":202,""y"":60,""rgba"":[60,60,60,21],""class"":""other_visible"",""wordmark_component_id"":null},{""x"":204,""y"":60,""rgba"":[69,69,69,22],""class"":""other_visible"",""wordmark_component_id"":null}]",3,0,[14],[10],[10],3,"{""component_id"":10,""x"":203,""y"":59,""distance_px"":1.0,""rgba"":[195,195,195,194],""rgb_linf"":135}","{""class"":""ambiguous_chromatic_boundary"",""present"":true,""distance_px"":153.0,""coordinate"":[50,60],""rgb_linf"":60}","[{""class"":""ambiguous_chromatic_boundary"",""present"":true,""distance_px"":153.0,""coordinate"":[50,60],""rgb_linf"":60},{""class"":""chromatic_core"",""present"":true,""distance_px"":154.0,""coordinate"":[49,60],""rgb_linf"":98},{""class"":""confirmed_true_chromatic_AA"",""present"":true,""distance_px"":154.3924,""coordinate"":[49,49],""rgb_linf"":60}]",135,233.8269,135,0.500538,0.335912,False,195,195,True,False,False,direct unique preconfirmed glyph support,5,AMBIGUOUS,local RGB continuity to preconfirmed wordmark fails frozen max-channel distance 18
204,60,"[209.5956,60.7778]","[210,61]","[[155,155,155,150],[155,155,155,150],[155,155,155,150],[71,112,76,0],[71,112,76,0],[6,4,5,3],[6,4,5,3],[6,4,5,3],[71,112,76,0]]","[69,69,69,22]",22,0,"[{""x"":203,""y"":59,""rgba"":[195,195,195,194],""class"":""solid_achromatic_core"",""wordmark_component_id"":10},{""x"":204,""y"":59,""rgba"":[196,196,196,195],""class"":""solid_achromatic_core"",""wordmark_component_id"":10},{""x"":205,""y"":59,""rgba"":[195,195,195,193],""class"":""solid_achromatic_core"",""wordmark_component_id"":10},{""x"":203,""y"":60,""rgba"":[60,60,60,21],""class"":""other_visible"",""wordmark_component_id"":null},{""x"":205,""y"":60,""rgba"":[102,102,102,25],""class"":""confirmed_wordmark"",""wordmark_component_id"":10}]",4,0,[14],[10],[10],3,"{""component_id"":10,""x"":204,""y"":59,""distance_px"":1.0,""rgba"":[196,196,196,195],""rgb_linf"":127}","{""class"":""ambiguous_chromatic_boundary"",""present"":true,""distance_px"":154.0,""coordinate"":[50,60],""rgb_linf"":69}","[{""class"":""ambiguous_chromatic_boundary"",""present"":true,""distance_px"":154.0,""coordinate"":[50,60],""rgb_linf"":69},{""class"":""chromatic_core"",""present"":true,""distance_px"":155.0,""coordinate"":[49,60],""rgb_linf"":89},{""class"":""confirmed_true_chromatic_AA"",""present"":true,""distance_px"":155.3898,""coordinate"":[49,49],""rgb_linf"":69}]",33,57.1577,126,0.073357,0.335912,True,195,195,True,True,False,direct unique preconfirmed glyph support,5,AMBIGUOUS,local RGB continuity to preconfirmed wordmark fails frozen max-channel distance 18
70,61,"[68.3701,61.8222]","[68,62]","[[6,4,5,3],[71,112,76,0],[71,112,76,0],[6,4,5,3],[6,4,5,3],[71,112,76,0],[71,112,76,0],[71,112,76,0],[71,112,76,0]]","[0,0,0,2]",2,0,"[{""x"":69,""y"":60,""rgba"":[102,102,102,5],""class"":""other_visible"",""wordmark_component_id"":null},{""x"":69,""y"":61,""rgba"":[85,85,85,9],""class"":""confirmed_wordmark"",""wordmark_component_id"":6},{""x"":70,""y"":62,""rgba"":[170,170,170,3],""class"":""confirmed_wordmark"",""wordmark_component_id"":6}]",2,0,[],[],[6],0,"{""component_id"":6,""x"":69,""y"":61,""distance_px"":1.0,""rgba"":[85,85,85,9],""rgb_linf"":85}","{""class"":""ambiguous_chromatic_boundary"",""present"":true,""distance_px"":20.0,""coordinate"":[50,61],""rgb_linf"":54}","[{""class"":""ambiguous_chromatic_boundary"",""present"":true,""distance_px"":20.0,""coordinate"":[50,61],""rgb_linf"":54},{""class"":""chromatic_core"",""present"":true,""distance_px"":21.0,""coordinate"":[49,61],""rgb_linf"":156},{""class"":""confirmed_true_chromatic_AA"",""present"":true,""distance_px"":24.1868,""coordinate"":[49,49],""rgb_linf"":85}]",85,147.2243,,0.090842,0.226637,True,,9,True,True,False,direct unique preconfirmed glyph support,4,AMBIGUOUS,local RGB continuity to preconfirmed wordmark fails frozen max-channel distance 18
77,61,"[75.7475,61.8222]","[76,62]","[[71,112,76,0],[45,37,38,42],[238,238,238,233],[71,112,76,0],[45,37,38,42],[238,238,238,233],[71,112,76,0],[45,37,38,42],[238,238,238,233]]","[0,0,0,16]",16,0,"[{""x"":76,""y"":60,""rgba"":[255,255,255,2],""class"":""other_visible"",""wordmark_component_id"":null},{""x"":77,""y"":60,""rgba"":[0,0,0,16],""class"":""other_visible"",""wordmark_component_id"":null},{""x"":78,""y"":60,""rgba"":[222,222,222,195],""class"":""solid_achromatic_core"",""wordmark_component_id"":6},{""x"":76,""y"":61,""rgba"":[255,255,255,2],""class"":""other_visible"",""wordmark_component_id"":null},{""x"":78,""y"":61,""rgba"":[223,223,223,197],""class"":""solid_achromatic_core"",""wordmark_component_id"":6},{""x"":76,""y"":62,""rgba"":[255,255,255,2],""class"":""other_visible"",""wordmark_component_id"":null},{""x"":77,""y"":62,""rgba"":[14,14,14,18],""class"":""other_visible"",""wordmark_component_id"":null},{""x"":78,""y"":62,""rgba"":[223,223,223,197],""class"":""solid_achromatic_core"",""wordmark_component_id"":6}]",3,0,[6],[6],[6],3,"{""component_id"":6,""x"":78,""y"":61,""distance_px"":1.0,""rgba"":[223,223,223,197],""rgb_linf"":223}","{""class"":""ambiguous_chromatic_boundary"",""present"":true,""distance_px"":27.0,""coordinate"":[50,61],""rgb_linf"":54}","[{""class"":""ambiguous_chromatic_boundary"",""present"":true,""distance_px"":27.0,""coordinate"":[50,61],""rgb_linf"":54},{""class"":""chromatic_core"",""present"":true,""distance_px"":28.0,""coordinate"":[49,61],""rgb_linf"":156},{""class"":""confirmed_true_chromatic_AA"",""present"":true,""distance_px"":30.4631,""coordinate"":[49,49],""rgb_linf"":85}]",222,384.5153,222,0.730461,0.262089,False,197,197,True,False,False,direct unique preconfirmed glyph support,5,AMBIGUOUS,local RGB continuity to preconfirmed wordmark fails frozen max-channel distance 18
126,61,"[127.3897,61.8222]","[127,62]","[[77,77,77,67],[71,112,76,0],[6,4,5,3],[124,123,123,110],[71,112,76,0],[6,4,5,3],[226,226,226,221],[45,37,38,42],[71,112,76,0]]","[255,255,255,2]",2,0,"[{""x"":125,""y"":60,""rgba"":[10,10,10,25],""class"":""confirmed_wordmark"",""wordmark_component_id"":9},{""x"":127,""y"":60,""rgba"":[63,63,63,4],""class"":""other_visible"",""wordmark_component_id"":null},{""x"":125,""y"":61,""rgba"":[26,26,26,48],""class"":""solid_achromatic_core"",""wordmark_component_id"":9},{""x"":127,""y"":61,""rgba"":[63,63,63,8],""class"":""other_visible"",""wordmark_component_id"":null},{""x"":125,""y"":62,""rgba"":[187,187,187,147],""class"":""solid_achromatic_core"",""wordmark_component_id"":9},{""x"":127,""y"":62,""rgba"":[255,255,255,1],""class"":""other_visible"",""wordmark_component_id"":null}]",3,0,[10],[9],[9],2,"{""component_id"":9,""x"":125,""y"":61,""distance_px"":1.0,""rgba"":[26,26,26,48],""rgb_linf"":229}","{""class"":""ambiguous_chromatic_boundary"",""present"":true,""distance_px"":76.0,""coordinate"":[50,61],""rgb_linf"":255}","[{""class"":""ambiguous_chromatic_boundary"",""present"":true,""distance_px"":76.0,""coordinate"":[50,61],""rgb_linf"":255},{""class"":""chromatic_core"",""present"":true,""distance_px"":77.0,""coordinate"":[49,61],""rgb_linf"":225},{""class"":""confirmed_true_chromatic_AA"",""present"":true,""distance_px"":77.9295,""coordinate"":[49,49],""rgb_linf"":255}]",68,117.7795,68,0.503067,0.494835,False,147,147,True,True,False,direct unique preconfirmed glyph support,5,AMBIGUOUS,local RGB continuity to preconfirmed wordmark fails frozen max-channel distance 18
127,61,"[128.4436,61.8222]","[128,62]","[[71,112,76,0],[6,4,5,3],[71,112,76,0],[71,112,76,0],[6,4,5,3],[6,4,5,3],[45,37,38,42],[71,112,76,0],[71,112,76,0]]","[63,63,63,8]",8,0,"[{""x"":127,""y"":60,""rgba"":[63,63,63,4],""class"":""other_visible"",""wordmark_component_id"":null},{""x"":126,""y"":61,""rgba"":[255,255,255,2],""class"":""other_visible"",""wordmark_component_id"":null},{""x"":128,""y"":61,""rgba"":[0,0,0,1],""class"":""other_visible"",""wordmark_component_id"":null},{""x"":127,""y"":62,""rgba"":[255,255,255,1],""class"":""other_visible"",""wordmark_component_id"":null},{""x"":128,""y"":62,""rgba"":[127,127,127,2],""class"":""confirmed_wordmark"",""wordmark_component_id"":9}]",1,0,[],[],[9],0,"{""component_id"":9,""x"":128,""y"":62,""distance_px"":1.4142,""rgba"":[127,127,127,2],""rgb_linf"":64}","{""class"":""ambiguous_chromatic_boundary"",""present"":true,""distance_px"":77.0,""coordinate"":[50,61],""rgb_linf"":63}","[{""class"":""ambiguous_chromatic_boundary"",""present"":true,""distance_px"":77.0,""coordinate"":[50,61],""rgb_linf"":63},{""class"":""chromatic_core"",""present"":true,""distance_px"":78.0,""coordinate"":[49,61],""rgb_linf"":93},{""class"":""confirmed_true_chromatic_AA"",""present"":true,""distance_px"":78.9177,""coordinate"":[49,49],""rgb_linf"":63}]",64,110.8512,,0.162524,0.21041,True,,2,False,True,False,direct unique preconfirmed glyph support,4,AMBIGUOUS,local RGB continuity to preconfirmed wordmark fails frozen max-channel distance 18
128,61,"[129.4975,61.8222]","[129,62]","[[6,4,5,3],[71,112,76,0],[71,112,76,0],[6,4,5,3],[6,4,5,3],[71,112,76,0],[71,112,76,0],[71,112,76,0],[71,112,76,0]]","[0,0,0,1]",1,0,"[{""x"":127,""y"":60,""rgba"":[63,63,63,4],""class"":""other_visible"",""wordmark_component_id"":null},{""x"":127,""y"":61,""rgba"":[63,63,63,8],""class"":""other_visible"",""wordmark_component_id"":null},{""x"":127,""y"":62,""rgba"":[255,255,255,1],""class"":""other_visible"",""wordmark_component_id"":null},{""x"":128,""y"":62,""rgba"":[127,127,127,2],""class"":""confirmed_wordmark"",""wordmark_component_id"":9}]",1,0,[],[],[9],0,"{""component_id"":9,""x"":128,""y"":62,""distance_px"":1.0,""rgba"":[127,127,127,2],""rgb_linf"":127}","{""class"":""ambiguous_chromatic_boundary"",""present"":true,""distance_px"":78.0,""coordinate"":[50,61],""rgb_linf"":54}","[{""class"":""ambiguous_chromatic_boundary"",""present"":true,""distance_px"":78.0,""coordinate"":[50,61],""rgb_linf"":54},{""class"":""chromatic_core"",""present"":true,""distance_px"":79.0,""coordinate"":[49,61],""rgb_linf"":156},{""class"":""confirmed_true_chromatic_AA"",""present"":true,""distance_px"":79.9062,""coordinate"":[49,49],""rgb_linf"":85}]",127,219.9705,,0.212231,0.21041,False,,2,True,True,False,direct unique preconfirmed glyph support,4,AMBIGUOUS,local RGB continuity to preconfirmed wordmark fails frozen max-channel distance 18
133,61,"[134.7672,61.8222]","[135,62]","[[71,112,76,0],[6,4,5,3],[71,112,76,0],[71,112,76,0],[6,4,5,3],[71,112,76,0],[71,112,76,0],[71,112,76,0],[71,112,76,0]]","[63,63,63,4]",4,0,"[{""x"":133,""y"":60,""rgba"":[63,63,63,4],""class"":""other_visible"",""wordmark_component_id"":null},{""x"":133,""y"":62,""rgba"":[255,255,255,2],""class"":""other_visible"",""wordmark_component_id"":null},{""x"":134,""y"":62,""rgba"":[127,127,127,2],""class"":""confirmed_wordmark"",""wordmark_component_id"":9}]",1,0,[],[],[9],0,"{""component_id"":9,""x"":134,""y"":62,""distance_px"":1.4142,""rgba"":[127,127,127,2],""rgb_linf"":64}","{""class"":""ambiguous_chromatic_boundary"",""present"":true,""distance_px"":83.0,""coordinate"":[50,61],""rgb_linf"":63}","[{""class"":""ambiguous_chromatic_boundary"",""present"":true,""distance_px"":83.0,""coordinate"":[50,61],""rgb_linf"":63},{""class"":""chromatic_core"",""present"":true,""distance_px"":84.0,""coordinate"":[49,61],""rgb_linf"":93},{""class"":""confirmed_true_chromatic_AA"",""present"":true,""distance_px"":84.8528,""coordinate"":[49,49],""rgb_linf"":63}]",64,110.8512,,0.162524,0.138017,False,,2,False,True,False,direct unique preconfirmed glyph support,4,AMBIGUOUS,local RGB continuity to preconfirmed wordmark fails frozen max-channel distance 18
138,61,"[140.0368,61.8222]","[140,62]","[[216,216,216,211],[28,25,25,22],[71,112,76,0],[216,216,216,211],[28,25,25,22],[71,112,76,0],[216,216,216,211],[28,25,25,22],[71,112,76,0]]","[12,12,12,20]",20,0,"[{""x"":137,""y"":60,""rgba"":[219,219,219,213],""class"":""solid_achromatic_core"",""wordmark_component_id"":9},{""x"":138,""y"":60,""rgba"":[12,12,12,20],""class"":""other_visible"",""wordmark_component_id"":null},{""x"":137,""y"":61,""rgba"":[220,220,220,214],""class"":""solid_achromatic_core"",""wordmark_component_id"":9},{""x"":137,""y"":62,""rgba"":[220,220,220,214],""class"":""solid_achromatic_core"",""wordmark_component_id"":9},{""x"":138,""y"":62,""rgba"":[12,12,12,20],""class"":""other_visible"",""wordmark_component_id"":null}]",3,0,[10],[9],[9],3,"{""component_id"":9,""x"":137,""y"":61,""distance_px"":1.0,""rgba"":[220,220,220,214],""rgb_linf"":208}","{""class"":""ambiguous_chromatic_boundary"",""present"":true,""distance_px"":88.0,""coordinate"":[50,61],""rgb_linf"":42}","[{""class"":""ambiguous_chromatic_boundary"",""present"":true,""distance_px"":88.0,""coordinate"":[50,61],""rgb_linf"":42},{""class"":""chromatic_core"",""present"":true,""distance_px"":89.0,""coordinate"":[49,61],""rgb_linf"":144},{""class"":""confirmed_true_chromatic_AA"",""present"":true,""distance_px"":89.8053,""coordinate"":[49,49],""rgb_linf"":73}]",207,358.5345,207,0.704699,0.23031,False,214,214,True,False,False,direct unique preconfirmed glyph support,5,AMBIGUOUS,local RGB continuity to preconfirmed wordmark fails frozen max-channel distance 18
175,61,"[179.0319,61.8222]","[179,62]","[[71,112,76,0],[71,112,76,0],[173,173,173,161],[71,112,76,0],[71,112,76,0],[173,173,173,161],[71,112,76,0],[71,112,76,0],[173,173,173,161]]","[0,0,0,4]",4,0,"[{""x"":174,""y"":60,""rgba"":[0,0,0,6],""class"":""confirmed_wordmark"",""wordmark_component_id"":10},{""x"":175,""y"":60,""rgba"":[0,0,0,4],""class"":""confirmed_wordmark"",""wordmark_component_id"":10},{""x"":176,""y"":60,""rgba"":[186,186,186,174],""class"":""solid_achromatic_core"",""wordmark_component_id"":10},{""x"":176,""y"":61,""rgba"":[186,186,186,176],""class"":""solid_achromatic_core"",""wordmark_component_id"":10},{""x"":175,""y"":62,""rgba"":[0,0,0,4],""class"":""other_visible"",""wordmark_component_id"":null},{""x"":176,""y"":62,""rgba"":[186,186,186,176],""class"":""solid_achromatic_core"",""wordmark_component_id"":10}]",5,0,[13],[10],[10],3,"{""component_id"":10,""x"":175,""y"":60,""distance_px"":1.0,""rgba"":[0,0,0,4],""rgb_linf"":0}","{""class"":""ambiguous_chromatic_boundary"",""present"":true,""distance_px"":125.0,""coordinate"":[50,61],""rgb_linf"":54}","[{""class"":""ambiguous_chromatic_boundary"",""present"":true,""distance_px"":125.0,""coordinate"":[50,61],""rgb_linf"":54},{""class"":""chromatic_core"",""present"":true,""distance_px"":126.0,""coordinate"":[49,61],""rgb_linf"":156},{""class"":""confirmed_true_chromatic_AA"",""present"":true,""distance_px"":126.5701,""coordinate"":[49,49],""rgb_linf"":85}]",0,0.0,186,0.0,0.456286,True,176,176,True,True,False,direct unique preconfirmed glyph support,5,SAFE WORDMARK OWNERSHIP,one-hop attachment to already-confirmed safe wordmark AA; frozen RGB/luma/alpha evidence passes; no chaining
193,61,"[198.0025,61.8222]","[198,62]","[[71,112,76,0],[28,25,25,22],[226,226,226,221],[71,112,76,0],[6,4,5,3],[201,201,201,192],[71,112,76,0],[71,112,76,0],[136,136,136,126]]","[36,36,36,7]",7,0,"[{""x"":193,""y"":60,""rgba"":[44,44,44,23],""class"":""other_visible"",""wordmark_component_id"":null},{""x"":194,""y"":60,""rgba"":[230,230,230,230],""class"":""solid_achromatic_core"",""wordmark_component_id"":10},{""x"":194,""y"":61,""rgba"":[214,214,214,209],""class"":""solid_achromatic_core"",""wordmark_component_id"":10},{""x"":194,""y"":62,""rgba"":[158,158,158,146],""class"":""solid_achromatic_core"",""wordmark_component_id"":10}]",3,0,[14],[10],[10],3,"{""component_id"":10,""x"":194,""y"":61,""distance_px"":1.0,""rgba"":[214,214,214,209],""rgb_linf"":178}","{""class"":""ambiguous_chromatic_boundary"",""present"":true,""distance_px"":143.0,""coordinate"":[50,61],""rgb_linf"":36}","[{""class"":""ambiguous_chromatic_boundary"",""present"":true,""distance_px"":143.0,""coordinate"":[50,61],""rgb_linf"":36},{""class"":""chromatic_core"",""present"":true,""distance_px"":144.0,""coordinate"":[49,61],""rgb_linf"":120},{""class"":""confirmed_true_chromatic_AA"",""present"":true,""distance_px"":144.4991,""coordinate"":[49,49],""rgb_linf"":49}]",122,211.3102,122,0.324272,0.251073,False,230,230,True,False,False,direct unique preconfirmed glyph support,5,AMBIGUOUS,local RGB continuity to preconfirmed wordmark fails frozen max-channel distance 18
63,62,"[60.9926,62.8667]","[61,63]","[[71,112,76,0],[71,112,76,0],[71,112,76,0],[71,112,76,0],[6,4,5,3],[71,112,76,0],[71,112,76,0],[71,112,76,0],[71,112,76,0]]","[0,0,0,1]",1,0,"[{""x"":64,""y"":61,""rgba"":[63,63,63,8],""class"":""confirmed_wordmark"",""wordmark_component_id"":6},{""x"":64,""y"":62,""rgba"":[0,0,0,2],""class"":""confirmed_wordmark"",""wordmark_component_id"":6}]",2,0,[],[],[6],0,"{""component_id"":6,""x"":64,""y"":62,""distance_px"":1.0,""rgba"":[0,0,0,2],""rgb_linf"":0}","{""class"":""ambiguous_chromatic_boundary"",""present"":true,""distance_px"":13.0,""coordinate"":[50,62],""rgb_linf"":0}","[{""class"":""ambiguous_chromatic_boundary"",""present"":true,""distance_px"":13.0,""coordinate"":[50,62],""rgb_linf"":0},{""class"":""chromatic_core"",""present"":true,""distance_px"":14.0,""coordinate"":[49,62],""rgb_linf"":162},{""class"":""confirmed_true_chromatic_AA"",""present"":true,""distance_px"":19.105,""coordinate"":[49,49],""rgb_linf"":85}]",0,0.0,,0.0,0.406925,True,,8,True,True,False,direct unique preconfirmed glyph support,4,SAFE WORDMARK OWNERSHIP,one-hop attachment to already-confirmed safe wordmark AA; frozen RGB/luma/alpha evidence passes; no chaining
77,62,"[75.7475,62.8667]","[76,63]","[[71,112,76,0],[45,37,38,42],[238,238,238,233],[71,112,76,0],[45,37,38,42],[238,238,238,233],[6,4,5,3],[45,37,38,42],[238,238,238,233]]","[14,14,14,18]",18,0,"[{""x"":76,""y"":61,""rgba"":[255,255,255,2],""class"":""other_visible"",""wordmark_component_id"":null},{""x"":77,""y"":61,""rgba"":[0,0,0,16],""class"":""other_visible"",""wordmark_component_id"":null},{""x"":78,""y"":61,""rgba"":[223,223,223,197],""class"":""solid_achromatic_core"",""wordmark_component_id"":6},{""x"":76,""y"":62,""rgba"":[255,255,255,2],""class"":""other_visible"",""wordmark_component_id"":null},{""x"":78,""y"":62,""rgba"":[223,223,223,197],""class"":""solid_achromatic_core"",""wordmark_component_id"":6},{""x"":76,""y"":63,""rgba"":[0,0,0,2],""class"":""other_visible"",""wordmark_component_id"":null},{""x"":77,""y"":63,""rgba"":[0,0,0,9],""class"":""other_visible"",""wordmark_component_id"":null},{""x"":78,""y"":63,""rgba"":[222,222,222,196],""class"":""solid_achromatic_core"",""wordmark_component_id"":6}]",3,0,[6],[6],[6],3,"{""component_id"":6,""x"":78,""y"":62,""distance_px"":1.0,""rgba"":[223,223,223,197],""rgb_linf"":209}","{""class"":""ambiguous_chromatic_boundary"",""present"":true,""distance_px"":27.0,""coordinate"":[50,62],""rgb_linf"":14}","[{""class"":""ambiguous_chromatic_boundary"",""present"":true,""distance_px"":27.0,""coordinate"":[50,62],""rgb_linf"":14},{""class"":""chromatic_core"",""present"":true,""distance_px"":28.0,""coordinate"":[49,62],""rgb_linf"":148},{""class"":""confirmed_true_chromatic_AA"",""present"":true,""distance_px"":30.8707,""coordinate"":[49,49],""rgb_linf"":71}]",208,360.2666,208,0.726069,0.262089,False,197,197,True,False,False,direct unique preconfirmed glyph support,5,AMBIGUOUS,local RGB continuity to preconfirmed wordmark fails frozen max-channel distance 18
82,62,"[81.0172,62.8667]","[81,63]","[[71,112,76,0],[71,112,76,0],[155,155,155,150],[71,112,76,0],[28,25,25,22],[201,201,201,192],[71,112,76,0],[28,25,25,22],[226,226,226,221]]","[34,34,34,22]",22,0,"[{""x"":83,""y"":61,""rgba"":[160,158,158,145],""class"":""solid_achromatic_core"",""wordmark_component_id"":7},{""x"":83,""y"":62,""rgba"":[204,204,204,202],""class"":""solid_achromatic_core"",""wordmark_component_id"":7},{""x"":82,""y"":63,""rgba"":[66,66,66,27],""class"":""other_visible"",""wordmark_component_id"":null},{""x"":83,""y"":63,""rgba"":[232,232,232,231],""class"":""solid_achromatic_core"",""wordmark_component_id"":7}]",3,0,[7],[7],[7],3,"{""component_id"":7,""x"":83,""y"":62,""distance_px"":1.0,""rgba"":[204,204,204,202],""rgb_linf"":170}","{""class"":""ambiguous_chromatic_boundary"",""present"":true,""distance_px"":32.0,""coordinate"":[50,62],""rgb_linf"":34}","[{""class"":""ambiguous_chromatic_boundary"",""present"":true,""distance_px"":32.0,""coordinate"":[50,62],""rgb_linf"":34},{""class"":""chromatic_core"",""present"":true,""distance_px"":33.0,""coordinate"":[49,62],""rgb_linf"":128},{""class"":""confirmed_true_chromatic_AA"",""present"":true,""distance_px"":35.4683,""coordinate"":[49,49],""rgb_linf"":51}]",126,215.9352,126,0.327963,0.259868,False,231,231,True,False,False,direct unique preconfirmed glyph support,5,AMBIGUOUS,local RGB continuity to preconfirmed wordmark fails frozen max-channel distance 18
87,62,"[86.2868,62.8667]","[86,63]","[[28,25,25,22],[71,112,76,0],[71,112,76,0],[71,112,76,0],[6,4,5,3],[71,112,76,0],[71,112,76,0],[6,4,5,3],[71,112,76,0]]","[204,204,204,5]",5,0,"[{""x"":86,""y"":61,""rgba"":[67,67,67,19],""class"":""confirmed_wordmark"",""wordmark_component_id"":7},{""x"":88,""y"":62,""rgba"":[127,127,127,2],""class"":""other_visible"",""wordmark_component_id"":null},{""x"":86,""y"":63,""rgba"":[255,255,255,1],""class"":""other_visible"",""wordmark_component_id"":null},{""x"":87,""y"":63,""rgba"":[51,51,51,5],""class"":""other_visible"",""wordmark_component_id"":null}]",1,0,[],[],[7],0,"{""component_id"":7,""x"":86,""y"":61,""distance_px"":1.4142,""rgba"":[67,67,67,19],""rgb_linf"":137}","{""class"":""ambiguous_chromatic_boundary"",""present"":true,""distance_px"":37.0,""coordinate"":[50,62],""rgb_linf"":204}","[{""class"":""ambiguous_chromatic_boundary"",""present"":true,""distance_px"":37.0,""coordinate"":[50,62],""rgb_linf"":204},{""class"":""chromatic_core"",""present"":true,""distance_px"":38.0,""coordinate"":[49,62],""rgb_linf"":175},{""class"":""confirmed_true_chromatic_AA"",""present"":true,""distance_px"":40.1622,""coordinate"":[49,49],""rgb_linf"":204}]",137,237.291,,0.547699,0.452753,False,,19,True,True,False,direct unique preconfirmed glyph support,4,AMBIGUOUS,local RGB continuity to preconfirmed wordmark fails frozen max-channel distance 18
94,62,"[93.6642,62.8667]","[94,63]","[[71,112,76,0],[71,112,76,0],[28,25,25,22],[71,112,76,0],[6,4,5,3],[71,112,76,0],[71,112,76,0],[6,4,5,3],[71,112,76,0]]","[170,170,170,6]",6,0,"[{""x"":95,""y"":61,""rgba"":[68,68,68,15],""class"":""confirmed_wordmark"",""wordmark_component_id"":7},{""x"":93,""y"":62,""rgba"":[255,255,255,1],""class"":""other_visible"",""wordmark_component_id"":null},{""x"":94,""y"":63,""rgba"":[51,51,51,5],""class"":""other_visible"",""wordmark_component_id"":null},{""x"":95,""y"":63,""rgba"":[255,255,255,1],""class"":""other_visible"",""wordmark_component_id"":null}]",1,0,[],[],[7],0,"{""component_id"":7,""x"":95,""y"":61,""distance_px"":1.4142,""rgba"":[68,68,68,15],""rgb_linf"":102}","{""class"":""ambiguous_chromatic_boundary"",""present"":true,""distance_px"":44.0,""coordinate"":[50,62],""rgb_linf"":170}","[{""class"":""ambiguous_chromatic_boundary"",""present"":true,""distance_px"":44.0,""coordinate"":[50,62],""rgb_linf"":170},{""class"":""chromatic_core"",""present"":true,""distance_px"":45.0,""coordinate"":[49,62],""rgb_linf"":141},{""class"":""confirmed_true_chromatic_AA"",""present"":true,""distance_px"":46.8402,""coordinate"":[49,49],""rgb_linf"":170}]",102,176.6692,,0.344172,0.42985,True,,15,True,True,False,direct unique preconfirmed glyph support,4,AMBIGUOUS,local RGB continuity to preconfirmed wordmark fails frozen max-channel distance 18
106,62,"[106.3113,62.8667]","[106,63]","[[71,112,76,0],[71,112,76,0],[71,112,76,0],[71,112,76,0],[6,4,5,3],[71,112,76,0],[71,112,76,0],[6,4,5,3],[71,112,76,0]]","[153,153,153,5]",5,0,"[{""x"":105,""y"":61,""rgba"":[0,0,0,10],""class"":""confirmed_wordmark"",""wordmark_component_id"":8},{""x"":107,""y"":62,""rgba"":[127,127,127,4],""class"":""other_visible"",""wordmark_component_id"":null},{""x"":105,""y"":63,""rgba"":[255,255,255,2],""class"":""other_visible"",""wordmark_component_id"":null},{""x"":106,""y"":63,""rgba"":[0,0,0,3],""class"":""other_visible"",""wordmark_component_id"":null},{""x"":107,""y"":63,""rgba"":[85,85,85,3],""class"":""other_visible"",""wordmark_component_id"":null}]",1,0,[],[],[8],0,"{""component_id"":8,""x"":105,""y"":61,""distance_px"":1.4142,""rgba"":[0,0,0,10],""rgb_linf"":153}","{""class"":""ambiguous_chromatic_boundary"",""present"":true,""distance_px"":56.0,""coordinate"":[50,62],""rgb_linf"":153}","[{""class"":""ambiguous_chromatic_boundary"",""present"":true,""distance_px"":56.0,""coordinate"":[50,62],""rgb_linf"":153},{""class"":""chromatic_core"",""present"":true,""distance_px"":57.0,""coordinate"":[49,62],""rgb_linf"":124},{""class"":""confirmed_true_chromatic_AA"",""present"":true,""distance_px"":58.4637,""coordinate"":[49,49],""rgb_linf"":153}]",153,265.0038,,0.318547,0.363418,True,,10,True,True,False,direct unique preconfirmed glyph support,4,AMBIGUOUS,local RGB continuity to preconfirmed wordmark fails frozen max-channel distance 18
108,62,"[108.4191,62.8667]","[108,63]","[[71,112,76,0],[6,4,5,3],[71,112,76,0],[71,112,76,0],[6,4,5,3],[71,112,76,0],[71,112,76,0],[6,4,5,3],[71,112,76,0]]","[255,255,255,1]",1,0,"[{""x"":109,""y"":61,""rgba"":[0,0,0,21],""class"":""confirmed_wordmark"",""wordmark_component_id"":8},{""x"":107,""y"":62,""rgba"":[127,127,127,4],""class"":""other_visible"",""wordmark_component_id"":null},{""x"":109,""y"":62,""rgba"":[0,0,0,24],""class"":""other_visible"",""wordmark_component_id"":null},{""x"":107,""y"":63,""rgba"":[85,85,85,3],""class"":""other_visible"",""wordmark_component_id"":null},{""x"":109,""y"":63,""rgba"":[0,0,0,23],""class"":""other_visible"",""wordmark_component_id"":null}]",1,0,[],[],[8],0,"{""component_id"":8,""x"":109,""y"":61,""distance_px"":1.4142,""rgba"":[0,0,0,21],""rgb_linf"":255}","{""class"":""ambiguous_chromatic_boundary"",""present"":true,""distance_px"":58.0,""coordinate"":[50,62],""rgb_linf"":255}","[{""class"":""ambiguous_chromatic_boundary"",""present"":true,""distance_px"":58.0,""coordinate"":[50,62],""rgb_linf"":255},{""class"":""chromatic_core"",""present"":true,""distance_px"":59.0,""coordinate"":[49,62],""rgb_linf"":226},{""class"":""confirmed_true_chromatic_AA"",""present"":true,""distance_px"":60.4152,""coordinate"":[49,49],""rgb_linf"":255}]",255,441.6729,,1.0,0.603827,False,,21,True,True,False,direct unique preconfirmed glyph support,4,AMBIGUOUS,local RGB continuity to preconfirmed wordmark fails frozen max-channel distance 18
109,62,"[109.473,62.8667]","[109,63]","[[6,4,5,3],[71,112,76,0],[102,102,102,90],[6,4,5,3],[71,112,76,0],[102,102,102,90],[6,4,5,3],[71,112,76,0],[102,102,102,90]]","[0,0,0,24]",24,0,"[{""x"":109,""y"":61,""rgba"":[0,0,0,21],""class"":""confirmed_wordmark"",""wordmark_component_id"":8},{""x"":110,""y"":61,""rgba"":[204,204,204,171],""class"":""solid_achromatic_core"",""wordmark_component_id"":8},{""x"":108,""y"":62,""rgba"":[255,255,255,1],""class"":""other_visible"",""wordmark_component_id"":null},{""x"":110,""y"":62,""rgba"":[218,218,218,190],""class"":""solid_achromatic_core"",""wordmark_component_id"":8},{""x"":109,""y"":63,""rgba"":[0,0,0,23],""class"":""other_visible"",""wordmark_component_id"":null},{""x"":110,""y"":63,""rgba"":[216,216,216,184],""class"":""solid_achromatic_core"",""wordmark_component_id"":8}]",4,0,[15],[8],[8],3,"{""component_id"":8,""x"":109,""y"":61,""distance_px"":1.0,""rgba"":[0,0,0,21],""rgb_linf"":0}","{""class"":""ambiguous_chromatic_boundary"",""present"":true,""distance_px"":59.0,""coordinate"":[50,62],""rgb_linf"":0}","[{""class"":""ambiguous_chromatic_boundary"",""present"":true,""distance_px"":59.0,""coordinate"":[50,62],""rgb_linf"":0},{""class"":""chromatic_core"",""present"":true,""distance_px"":60.0,""coordinate"":[49,62],""rgb_linf"":162},{""class"":""confirmed_true_chromatic_AA"",""present"":true,""distance_px"":61.3922,""coordinate"":[49,49],""rgb_linf"":85}]",0,0.0,204,0.0,0.298898,True,190,190,True,True,False,direct unique preconfirmed glyph support,5,SAFE WORDMARK OWNERSHIP,one-hop attachment to already-confirmed safe wordmark AA; frozen RGB/luma/alpha evidence passes; no chaining
114,62,"[114.7426,62.8667]","[115,63]","[[71,112,76,0],[6,4,5,3],[71,112,76,0],[71,112,76,0],[6,4,5,3],[71,112,76,0],[71,112,76,0],[71,112,76,0],[71,112,76,0]]","[204,204,204,5]",5,0,"[{""x"":113,""y"":62,""rgba"":[0,0,0,1],""class"":""confirmed_wordmark"",""wordmark_component_id"":8},{""x"":115,""y"":62,""rgba"":[127,127,127,2],""class"":""other_visible"",""wordmark_component_id"":null},{""x"":114,""y"":63,""rgba"":[255,255,255,2],""class"":""other_visible"",""wordmark_component_id"":null}]",1,0,[],[],[8],0,"{""component_id"":8,""x"":113,""y"":62,""distance_px"":1.0,""rgba"":[0,0,0,1],""rgb_linf"":204}","{""class"":""ambiguous_chromatic_boundary"",""present"":true,""distance_px"":64.0,""coordinate"":[50,62],""rgb_linf"":204}","[{""class"":""ambiguous_chromatic_boundary"",""present"":true,""distance_px"":64.0,""coordinate"":[50,62],""rgb_linf"":204},{""class"":""chromatic_core"",""present"":true,""distance_px"":65.0,""coordinate"":[49,62],""rgb_linf"":175},{""class"":""confirmed_true_chromatic_AA"",""present"":true,""distance_px"":66.2873,""coordinate"":[49,49],""rgb_linf"":204}]",204,353.3384,,0.603827,0.412543,False,,1,False,True,False,direct unique preconfirmed glyph support,4,AMBIGUOUS,local RGB continuity to preconfirmed wordmark fails frozen max-channel distance 18
115,62,"[115.7966,62.8667]","[116,63]","[[6,4,5,3],[71,112,76,0],[71,112,76,0],[6,4,5,3],[71,112,76,0],[6,4,5,3],[71,112,76,0],[71,112,76,0],[6,4,5,3]]","[127,127,127,2]",2,0,"[{""x"":114,""y"":62,""rgba"":[204,204,204,5],""class"":""other_visible"",""wordmark_component_id"":null},{""x"":116,""y"":62,""rgba"":[191,191,191,4],""class"":""confirmed_wordmark"",""wordmark_component_id"":8},{""x"":114,""y"":63,""rgba"":[255,255,255,2],""class"":""other_visible"",""wordmark_component_id"":null},{""x"":116,""y"":63,""rgba"":[0,0,0,4],""class"":""other_visible"",""wordmark_component_id"":null}]",1,0,[],[],[8],0,"{""component_id"":8,""x"":116,""y"":62,""distance_px"":1.0,""rgba"":[191,191,191,4],""rgb_linf"":64}","{""class"":""ambiguous_chromatic_boundary"",""present"":true,""distance_px"":65.0,""coordinate"":[50,62],""rgb_linf"":127}","[{""class"":""ambiguous_chromatic_boundary"",""present"":true,""distance_px"":65.0,""coordinate"":[50,62],""rgb_linf"":127},{""class"":""chromatic_core"",""present"":true,""distance_px"":66.0,""coordinate"":[49,62],""rgb_linf"":98},{""class"":""confirmed_true_chromatic_AA"",""present"":true,""distance_px"":67.2681,""coordinate"":[49,49],""rgb_linf"":127}]",64,110.8512,,0.308765,0.46319,True,,4,True,True,False,direct unique preconfirmed glyph support,4,AMBIGUOUS,local RGB continuity to preconfirmed wordmark fails frozen max-channel distance 18
127,62,"[128.4436,62.8667]","[128,63]","[[71,112,76,0],[6,4,5,3],[6,4,5,3],[45,37,38,42],[71,112,76,0],[71,112,76,0],[216,216,216,211],[102,102,102,90],[28,25,25,22]]","[255,255,255,1]",1,0,"[{""x"":126,""y"":61,""rgba"":[255,255,255,2],""class"":""other_visible"",""wordmark_component_id"":null},{""x"":127,""y"":61,""rgba"":[63,63,63,8],""class"":""other_visible"",""wordmark_component_id"":null},{""x"":128,""y"":61,""rgba"":[0,0,0,1],""class"":""other_visible"",""wordmark_component_id"":null},{""x"":128,""y"":62,""rgba"":[127,127,127,2],""class"":""confirmed_wordmark"",""wordmark_component_id"":9},{""x"":126,""y"":63,""rgba"":[179,179,179,151],""class"":""solid_achromatic_core"",""wordmark_component_id"":9},{""x"":127,""y"":63,""rgba"":[6,6,6,38],""class"":""solid_achromatic_core"",""wordmark_component_id"":9},{""x"":128,""y"":63,""rgba"":[0,0,0,10],""class"":""confirmed_wordmark"",""wordmark_component_id"":9}]",4,0,[10],[9],[9],2,"{""component_id"":9,""x"":127,""y"":63,""distance_px"":1.0,""rgba"":[6,6,6,38],""rgb_linf"":249}","{""class"":""ambiguous_chromatic_boundary"",""present"":true,""distance_px"":77.0,""coordinate"":[50,62],""rgb_linf"":255}","[{""class"":""ambiguous_chromatic_boundary"",""present"":true,""distance_px"":77.0,""coordinate"":[50,62],""rgb_linf"":255},{""class"":""chromatic_core"",""present"":true,""distance_px"":78.0,""coordinate"":[49,62],""rgb_linf"":226},{""class"":""confirmed_true_chromatic_AA"",""present"":true,""distance_px"":79.0759,""coordinate"":[49,49],""rgb_linf"":255}]",76,131.6359,76,0.549214,0.540316,False,151,151,True,True,False,direct unique preconfirmed glyph support,5,AMBIGUOUS,local RGB continuity to preconfirmed wordmark fails frozen max-channel distance 18
133,62,"[134.7672,62.8667]","[135,63]","[[71,112,76,0],[6,4,5,3],[71,112,76,0],[71,112,76,0],[71,112,76,0],[71,112,76,0],[28,25,25,22],[28,25,25,22],[6,4,5,3]]","[255,255,255,2]",2,0,"[{""x"":133,""y"":61,""rgba"":[63,63,63,4],""class"":""other_visible"",""wordmark_component_id"":null},{""x"":134,""y"":62,""rgba"":[127,127,127,2],""class"":""confirmed_wordmark"",""wordmark_component_id"":9},{""x"":132,""y"":63,""rgba"":[0,0,0,14],""class"":""other_visible"",""wordmark_component_id"":null},{""x"":133,""y"":63,""rgba"":[0,0,0,18],""class"":""other_visible"",""wordmark_component_id"":null}]",1,0,[],[],[9],0,"{""component_id"":9,""x"":134,""y"":62,""distance_px"":1.0,""rgba"":[127,127,127,2],""rgb_linf"":128}","{""class"":""ambiguous_chromatic_boundary"",""present"":true,""distance_px"":83.0,""coordinate"":[50,62],""rgb_linf"":255}","[{""class"":""ambiguous_chromatic_boundary"",""present"":true,""distance_px"":83.0,""coordinate"":[50,62],""rgb_linf"":255},{""class"":""chromatic_core"",""present"":true,""distance_px"":84.0,""coordinate"":[49,62],""rgb_linf"":226},{""class"":""confirmed_true_chromatic_AA"",""present"":true,""distance_px"":85.0,""coordinate"":[49,49],""rgb_linf"":255}]",128,221.7025,,0.787769,0.138017,False,,2,False,True,False,direct unique preconfirmed glyph support,4,AMBIGUOUS,local RGB continuity to preconfirmed wordmark fails frozen max-channel distance 18
138,62,"[140.0368,62.8667]","[140,63]","[[216,216,216,211],[28,25,25,22],[71,112,76,0],[216,216,216,211],[28,25,25,22],[71,112,76,0],[216,216,216,211],[28,25,25,22],[71,112,76,0]]","[12,12,12,20]",20,0,"[{""x"":137,""y"":61,""rgba"":[220,220,220,214],""class"":""solid_achromatic_core"",""wordmark_component_id"":9},{""x"":138,""y"":61,""rgba"":[12,12,12,20],""class"":""other_visible"",""wordmark_component_id"":null},{""x"":137,""y"":62,""rgba"":[220,220,220,214],""class"":""solid_achromatic_core"",""wordmark_component_id"":9},{""x"":137,""y"":63,""rgba"":[219,219,219,214],""class"":""solid_achromatic_core"",""wordmark_component_id"":9},{""x"":138,""y"":63,""rgba"":[12,12,12,20],""class"":""other_visible"",""wordmark_component_id"":null}]",3,0,[10],[9],[9],3,"{""component_id"":9,""x"":137,""y"":62,""distance_px"":1.0,""rgba"":[220,220,220,214],""rgb_linf"":208}","{""class"":""ambiguous_chromatic_boundary"",""present"":true,""distance_px"":88.0,""coordinate"":[50,62],""rgb_linf"":12}","[{""class"":""ambiguous_chromatic_boundary"",""present"":true,""distance_px"":88.0,""coordinate"":[50,62],""rgb_linf"":12},{""class"":""chromatic_core"",""present"":true,""distance_px"":89.0,""coordinate"":[49,62],""rgb_linf"":150},{""class"":""confirmed_true_chromatic_AA"",""present"":true,""distance_px"":89.9444,""coordinate"":[49,49],""rgb_linf"":73}]",207,358.5345,207,0.704699,0.231613,False,214,214,True,False,False,direct unique preconfirmed glyph support,5,AMBIGUOUS,local RGB continuity to preconfirmed wordmark fails frozen max-channel distance 18
144,62,"[146.3603,62.8667]","[146,63]","[[102,102,102,90],[71,112,76,0],[6,4,5,3],[102,102,102,90],[71,112,76,0],[71,112,76,0],[102,102,102,90],[6,4,5,3],[28,25,25,22]]","[255,255,255,2]",2,0,"[{""x"":143,""y"":61,""rgba"":[0,0,0,41],""class"":""solid_achromatic_core"",""wordmark_component_id"":10},{""x"":143,""y"":62,""rgba"":[26,26,26,49],""class"":""solid_achromatic_core"",""wordmark_component_id"":10},{""x"":145,""y"":62,""rgba"":[153,153,153,5],""class"":""other_visible"",""wordmark_component_id"":null},{""x"":143,""y"":63,""rgba"":[0,0,0,41],""class"":""solid_achromatic_core"",""wordmark_component_id"":10},{""x"":145,""y"":63,""rgba"":[0,0,0,19],""class"":""other_visible"",""wordmark_component_id"":null}]",3,0,[11],[10],[10],3,"{""component_id"":10,""x"":143,""y"":62,""distance_px"":1.0,""rgba"":[26,26,26,49],""rgb_linf"":229}","{""class"":""ambiguous_chromatic_boundary"",""present"":true,""distance_px"":94.0,""coordinate"":[50,62],""rgb_linf"":255}","[{""class"":""ambiguous_chromatic_boundary"",""present"":true,""distance_px"":94.0,""coordinate"":[50,62],""rgb_linf"":255},{""class"":""chromatic_core"",""present"":true,""distance_px"":95.0,""coordinate"":[49,62],""rgb_linf"":226},{""class"":""confirmed_true_chromatic_AA"",""present"":true,""distance_px"":95.8853,""coordinate"":[49,49],""rgb_linf"":255}]",229,396.6396,229,0.98967,0.844663,False,49,49,True,False,False,direct unique preconfirmed glyph support,5,AMBIGUOUS,local RGB continuity to preconfirmed wordmark fails frozen max-channel distance 18
149,62,"[151.6299,62.8667]","[152,63]","[[6,4,5,3],[6,4,5,3],[6,4,5,3],[71,112,76,0],[71,112,76,0],[71,112,76,0],[28,25,25,22],[28,25,25,22],[28,25,25,22]]","[255,255,255,2]",2,0,"[{""x"":148,""y"":62,""rgba"":[255,255,255,2],""class"":""other_visible"",""wordmark_component_id"":null},{""x"":150,""y"":62,""rgba"":[170,170,170,3],""class"":""confirmed_wordmark"",""wordmark_component_id"":10},{""x"":148,""y"":63,""rgba"":[0,0,0,14],""class"":""other_visible"",""wordmark_component_id"":null},{""x"":149,""y"":63,""rgba"":[0,0,0,16],""class"":""other_visible"",""wordmark_component_id"":null},{""x"":150,""y"":63,""rgba"":[0,0,0,10],""class"":""confirmed_wordmark"",""wordmark_component_id"":10}]",2,0,[],[],[10],0,"{""component_id"":10,""x"":150,""y"":62,""distance_px"":1.0,""rgba"":[170,170,170,3],""rgb_linf"":85}","{""class"":""ambiguous_chromatic_boundary"",""present"":true,""distance_px"":99.0,""coordinate"":[50,62],""rgb_linf"":255}","[{""class"":""ambiguous_chromatic_boundary"",""present"":true,""distance_px"":99.0,""coordinate"":[50,62],""rgb_linf"":255},{""class"":""chromatic_core"",""present"":true,""distance_px"":100.0,""coordinate"":[49,62],""rgb_linf"":226},{""class"":""confirmed_true_chromatic_AA"",""present"":true,""distance_px"":100.8415,""coordinate"":[49,49],""rgb_linf"":255}]",85,147.2243,,0.598022,0.686685,True,,10,True,True,False,direct unique preconfirmed glyph support,4,AMBIGUOUS,local RGB continuity to preconfirmed wordmark fails frozen max-channel distance 18
157,62,"[160.0613,62.8667]","[160,63]","[[28,25,25,22],[71,112,76,0],[6,4,5,3],[71,112,76,0],[6,4,5,3],[71,112,76,0],[71,112,76,0],[6,4,5,3],[71,112,76,0]]","[0,0,0,2]",2,0,"[{""x"":156,""y"":61,""rgba"":[35,35,35,29],""class"":""confirmed_wordmark"",""wordmark_component_id"":10},{""x"":156,""y"":62,""rgba"":[0,0,0,3],""class"":""confirmed_wordmark"",""wordmark_component_id"":10},{""x"":158,""y"":62,""rgba"":[0,0,0,1],""class"":""other_visible"",""wordmark_component_id"":null},{""x"":157,""y"":63,""rgba"":[0,0,0,3],""class"":""other_visible"",""wordmark_component_id"":null}]",2,0,[],[],[10],0,"{""component_id"":10,""x"":156,""y"":62,""distance_px"":1.0,""rgba"":[0,0,0,3],""rgb_linf"":0}","{""class"":""ambiguous_chromatic_boundary"",""present"":true,""distance_px"":107.0,""coordinate"":[50,62],""rgb_linf"":0}","[{""class"":""ambiguous_chromatic_boundary"",""present"":true,""distance_px"":107.0,""coordinate"":[50,62],""rgb_linf"":0},{""class"":""chromatic_core"",""present"":true,""distance_px"":108.0,""coordinate"":[49,62],""rgb_linf"":162},{""class"":""confirmed_true_chromatic_AA"",""present"":true,""distance_px"":108.7796,""coordinate"":[49,49],""rgb_linf"":85}]",0,0.0,,0.0,0.417885,True,,29,True,True,False,direct unique preconfirmed glyph support,4,SAFE WORDMARK OWNERSHIP,one-hop attachment to already-confirmed safe wordmark AA; frozen RGB/luma/alpha evidence passes; no chaining
163,62,"[166.3848,62.8667]","[166,63]","[[71,112,76,0],[6,4,5,3],[71,112,76,0],[71,112,76,0],[6,4,5,3],[71,112,76,0],[71,112,76,0],[6,4,5,3],[71,112,76,0]]","[255,255,255,1]",1,0,"[{""x"":164,""y"":61,""rgba"":[0,0,0,13],""class"":""confirmed_wordmark"",""wordmark_component_id"":10},{""x"":162,""y"":62,""rgba"":[127,127,127,4],""class"":""other_visible"",""wordmark_component_id"":null},{""x"":164,""y"":62,""rgba"":[12,12,12,21],""class"":""other_visible"",""wordmark_component_id"":null},{""x"":162,""y"":63,""rgba"":[85,85,85,3],""class"":""other_visible"",""wordmark_component_id"":null},{""x"":164,""y"":63,""rgba"":[0,0,0,20],""class"":""other_visible"",""wordmark_component_id"":null}]",1,0,[],[],[10],0,"{""component_id"":10,""x"":164,""y"":61,""distance_px"":1.4142,""rgba"":[0,0,0,13],""rgb_linf"":255}","{""class"":""ambiguous_chromatic_boundary"",""present"":true,""distance_px"":113.0,""coordinate"":[50,62],""rgb_linf"":255}","[{""class"":""ambiguous_chromatic_boundary"",""present"":true,""distance_px"":113.0,""coordinate"":[50,62],""rgb_linf"":255},{""class"":""chromatic_core"",""present"":true,""distance_px"":114.0,""coordinate"":[49,62],""rgb_linf"":226},{""class"":""confirmed_true_chromatic_AA"",""present"":true,""distance_px"":114.7388,""coordinate"":[49,49],""rgb_linf"":255}]",255,441.6729,,1.0,0.64448,False,,13,True,True,False,direct unique preconfirmed glyph support,4,AMBIGUOUS,local RGB continuity to preconfirmed wordmark fails frozen max-channel distance 18
164,62,"[167.4387,62.8667]","[167,63]","[[6,4,5,3],[71,112,76,0],[102,102,102,90],[6,4,5,3],[71,112,76,0],[102,102,102,90],[6,4,5,3],[71,112,76,0],[102,102,102,90]]","[12,12,12,21]",21,0,"[{""x"":164,""y"":61,""rgba"":[0,0,0,13],""class"":""confirmed_wordmark"",""wordmark_component_id"":10},{""x"":165,""y"":61,""rgba"":[210,210,210,176],""class"":""solid_achromatic_core"",""wordmark_component_id"":10},{""x"":163,""y"":62,""rgba"":[255,255,255,1],""class"":""other_visible"",""wordmark_component_id"":null},{""x"":165,""y"":62,""rgba"":[210,210,210,179],""class"":""solid_achromatic_core"",""wordmark_component_id"":10},{""x"":164,""y"":63,""rgba"":[0,0,0,20],""class"":""other_visible"",""wordmark_component_id"":null},{""x"":165,""y"":63,""rgba"":[213,213,213,180],""class"":""solid_achromatic_core"",""wordmark_component_id"":10}]",4,0,[12],[10],[10],3,"{""component_id"":10,""x"":164,""y"":61,""distance_px"":1.0,""rgba"":[0,0,0,13],""rgb_linf"":12}","{""class"":""ambiguous_chromatic_boundary"",""present"":true,""distance_px"":114.0,""coordinate"":[50,62],""rgb_linf"":12}","[{""class"":""ambiguous_chromatic_boundary"",""present"":true,""distance_px"":114.0,""coordinate"":[50,62],""rgb_linf"":12},{""class"":""chromatic_core"",""present"":true,""distance_px"":115.0,""coordinate"":[49,62],""rgb_linf"":150},{""class"":""confirmed_true_chromatic_AA"",""present"":true,""distance_px"":115.7325,""coordinate"":[49,49],""rgb_linf"":73}]",12,20.7846,198,0.003677,0.336192,True,180,180,True,True,False,direct unique preconfirmed glyph support,5,SAFE WORDMARK OWNERSHIP,one-hop attachment to already-confirmed safe wordmark AA; frozen RGB/luma/alpha evidence passes; no chaining
169,62,"[172.7083,62.8667]","[173,63]","[[71,112,76,0],[6,4,5,3],[71,112,76,0],[71,112,76,0],[6,4,5,3],[71,112,76,0],[71,112,76,0],[71,112,76,0],[71,112,76,0]]","[204,204,204,5]",5,0,"[{""x"":168,""y"":62,""rgba"":[255,255,255,1],""class"":""confirmed_wordmark"",""wordmark_component_id"":10},{""x"":170,""y"":62,""rgba"":[127,127,127,2],""class"":""other_visible"",""wordmark_component_id"":null},{""x"":169,""y"":63,""rgba"":[255,255,255,2],""class"":""other_visible"",""wordmark_component_id"":null}]",1,0,[],[],[10],0,"{""component_id"":10,""x"":168,""y"":62,""distance_px"":1.0,""rgba"":[255,255,255,1],""rgb_linf"":51}","{""class"":""ambiguous_chromatic_boundary"",""present"":true,""distance_px"":119.0,""coordinate"":[50,62],""rgb_linf"":204}","[{""class"":""ambiguous_chromatic_boundary"",""present"":true,""distance_px"":119.0,""coordinate"":[50,62],""rgb_linf"":204},{""class"":""chromatic_core"",""present"":true,""distance_px"":120.0,""coordinate"":[49,62],""rgb_linf"":175},{""class"":""confirmed_true_chromatic_AA"",""present"":true,""distance_px"":120.7021,""coordinate"":[49,49],""rgb_linf"":204}]",51,88.3346,,0.396173,0.560343,True,,1,False,True,False,direct unique preconfirmed glyph support,4,AMBIGUOUS,local RGB continuity to preconfirmed wordmark fails frozen max-channel distance 18
175,62,"[179.0319,62.8667]","[179,63]","[[71,112,76,0],[71,112,76,0],[173,173,173,161],[71,112,76,0],[71,112,76,0],[173,173,173,161],[71,112,76,0],[71,112,76,0],[173,173,173,161]]","[0,0,0,4]",4,0,"[{""x"":175,""y"":61,""rgba"":[0,0,0,4],""class"":""other_visible"",""wordmark_component_id"":null},{""x"":176,""y"":61,""rgba"":[186,186,186,176],""class"":""solid_achromatic_core"",""wordmark_component_id"":10},{""x"":176,""y"":62,""rgba"":[186,186,186,176],""class"":""solid_achromatic_core"",""wordmark_component_id"":10},{""x"":175,""y"":63,""rgba"":[0,0,0,4],""class"":""other_visible"",""wordmark_component_id"":null},{""x"":176,""y"":63,""rgba"":[186,186,186,176],""class"":""solid_achromatic_core"",""wordmark_component_id"":10}]",3,0,[13],[10],[10],3,"{""component_id"":10,""x"":176,""y"":62,""distance_px"":1.0,""rgba"":[186,186,186,176],""rgb_linf"":186}","{""class"":""ambiguous_chromatic_boundary"",""present"":true,""distance_px"":125.0,""coordinate"":[50,62],""rgb_linf"":0}","[{""class"":""ambiguous_chromatic_boundary"",""present"":true,""distance_px"":125.0,""coordinate"":[50,62],""rgb_linf"":0},{""class"":""chromatic_core"",""present"":true,""distance_px"":126.0,""coordinate"":[49,62],""rgb_linf"":162},{""class"":""confirmed_true_chromatic_AA"",""present"":true,""distance_px"":126.6689,""coordinate"":[49,49],""rgb_linf"":85}]",186,322.1614,186,0.491021,0.456286,False,176,176,True,False,False,direct unique preconfirmed glyph support,5,AMBIGUOUS,local RGB continuity to preconfirmed wordmark fails frozen max-channel distance 18
200,62,"[205.3799,62.8667]","[205,63]","[[6,4,5,3],[6,4,5,3],[6,4,5,3],[71,112,76,0],[71,112,76,0],[71,112,76,0],[28,25,25,22],[28,25,25,22],[28,25,25,22]]","[255,255,255,2]",2,0,"[{""x"":199,""y"":62,""rgba"":[191,191,191,4],""class"":""confirmed_wordmark"",""wordmark_component_id"":10},{""x"":201,""y"":62,""rgba"":[255,255,255,2],""class"":""other_visible"",""wordmark_component_id"":null},{""x"":199,""y"":63,""rgba"":[0,0,0,11],""class"":""confirmed_wordmark"",""wordmark_component_id"":10},{""x"":200,""y"":63,""rgba"":[0,0,0,16],""class"":""other_visible"",""wordmark_component_id"":null},{""x"":201,""y"":63,""rgba"":[0,0,0,14],""class"":""other_visible"",""wordmark_component_id"":null}]",2,0,[],[],[10],0,"{""component_id"":10,""x"":199,""y"":62,""distance_px"":1.0,""rgba"":[191,191,191,4],""rgb_linf"":64}","{""class"":""ambiguous_chromatic_boundary"",""present"":true,""distance_px"":150.0,""coordinate"":[50,62],""rgb_linf"":255}","[{""class"":""ambiguous_chromatic_boundary"",""present"":true,""distance_px"":150.0,""coordinate"":[50,62],""rgb_linf"":255},{""class"":""chromatic_core"",""present"":true,""distance_px"":151.0,""coordinate"":[49,62],""rgb_linf"":226},{""class"":""confirmed_true_chromatic_AA"",""present"":true,""distance_px"":151.5586,""coordinate"":[49,49],""rgb_linf"":255}]",64,110.8512,,0.479004,0.686685,True,,11,True,True,False,direct unique preconfirmed glyph support,4,AMBIGUOUS,local RGB continuity to preconfirmed wordmark fails frozen max-channel distance 18
204,62,"[209.5956,62.8667]","[210,63]","[[6,4,5,3],[6,4,5,3],[71,112,76,0],[71,112,76,0],[71,112,76,0],[71,112,76,0],[28,25,25,22],[28,25,25,22],[6,4,5,3]]","[191,191,191,4]",4,0,"[{""x"":203,""y"":62,""rgba"":[255,255,255,2],""class"":""other_visible"",""wordmark_component_id"":null},{""x"":205,""y"":62,""rgba"":[255,255,255,2],""class"":""other_visible"",""wordmark_component_id"":null},{""x"":203,""y"":63,""rgba"":[0,0,0,13],""class"":""other_visible"",""wordmark_component_id"":null},{""x"":204,""y"":63,""rgba"":[0,0,0,18],""class"":""other_visible"",""wordmark_component_id"":null},{""x"":205,""y"":63,""rgba"":[0,0,0,1],""class"":""confirmed_wordmark"",""wordmark_component_id"":10}]",1,0,[],[],[10],0,"{""component_id"":10,""x"":205,""y"":63,""distance_px"":1.4142,""rgba"":[0,0,0,1],""rgb_linf"":191}","{""class"":""ambiguous_chromatic_boundary"",""present"":true,""distance_px"":154.0,""coordinate"":[50,62],""rgb_linf"":191}","[{""class"":""ambiguous_chromatic_boundary"",""present"":true,""distance_px"":154.0,""coordinate"":[50,62],""rgb_linf"":191},{""class"":""chromatic_core"",""present"":true,""distance_px"":155.0,""coordinate"":[49,62],""rgb_linf"":162},{""class"":""confirmed_true_chromatic_AA"",""present"":true,""distance_px"":155.5442,""coordinate"":[49,49],""rgb_linf"":191}]",191,330.8217,,0.520996,0.665583,True,,1,False,True,False,direct unique preconfirmed glyph support,4,AMBIGUOUS,local RGB continuity to preconfirmed wordmark fails frozen max-channel distance 18
205,62,"[210.6495,62.8667]","[211,63]","[[6,4,5,3],[71,112,76,0],[77,77,77,67],[71,112,76,0],[71,112,76,0],[77,77,77,67],[28,25,25,22],[6,4,5,3],[77,77,77,67]]","[255,255,255,2]",2,0,"[{""x"":206,""y"":61,""rgba"":[0,0,0,19],""class"":""confirmed_wordmark"",""wordmark_component_id"":10},{""x"":204,""y"":62,""rgba"":[191,191,191,4],""class"":""other_visible"",""wordmark_component_id"":null},{""x"":206,""y"":62,""rgba"":[15,15,15,33],""class"":""solid_achromatic_core"",""wordmark_component_id"":10},{""x"":204,""y"":63,""rgba"":[0,0,0,18],""class"":""other_visible"",""wordmark_component_id"":null},{""x"":205,""y"":63,""rgba"":[0,0,0,1],""class"":""confirmed_wordmark"",""wordmark_component_id"":10},{""x"":206,""y"":63,""rgba"":[0,0,0,23],""class"":""confirmed_wordmark"",""wordmark_component_id"":10}]",4,0,[14],[10],[10],1,"{""component_id"":10,""x"":205,""y"":63,""distance_px"":1.0,""rgba"":[0,0,0,1],""rgb_linf"":255}","{""class"":""ambiguous_chromatic_boundary"",""present"":true,""distance_px"":155.0,""coordinate"":[50,62],""rgb_linf"":255}","[{""class"":""ambiguous_chromatic_boundary"",""present"":true,""distance_px"":155.0,""coordinate"":[50,62],""rgb_linf"":255},{""class"":""chromatic_core"",""present"":true,""distance_px"":156.0,""coordinate"":[49,62],""rgb_linf"":226},{""class"":""confirmed_true_chromatic_AA"",""present"":true,""distance_px"":156.5407,""coordinate"":[49,49],""rgb_linf"":255}]",240,415.6922,240,0.995223,0.775659,False,33,33,True,True,False,direct unique preconfirmed glyph support,5,AMBIGUOUS,local RGB continuity to preconfirmed wordmark fails frozen max-channel distance 18
71,63,"[69.424,63.9111]","[69,64]","[[71,112,76,0],[71,112,76,0],[71,112,76,0],[45,37,38,42],[28,25,25,22],[28,25,25,22],[238,238,238,233],[216,216,216,211],[216,216,216,211]]","[0,0,0,14]",14,0,"[{""x"":70,""y"":62,""rgba"":[170,170,170,3],""class"":""confirmed_wordmark"",""wordmark_component_id"":6},{""x"":70,""y"":63,""rgba"":[0,0,0,23],""class"":""confirmed_wordmark"",""wordmark_component_id"":6},{""x"":72,""y"":63,""rgba"":[0,0,0,15],""class"":""other_visible"",""wordmark_component_id"":null},{""x"":70,""y"":64,""rgba"":[226,226,226,215],""class"":""solid_achromatic_core"",""wordmark_component_id"":6},{""x"":71,""y"":64,""rgba"":[214,214,214,201],""class"":""solid_achromatic_core"",""wordmark_component_id"":6},{""x"":72,""y"":64,""rgba"":[216,216,216,204],""class"":""solid_achromatic_core"",""wordmark_component_id"":6}]",5,0,[6],[6],[6],3,"{""component_id"":6,""x"":70,""y"":63,""distance_px"":1.0,""rgba"":[0,0,0,23],""rgb_linf"":0}","{""class"":""ambiguous_chromatic_boundary"",""present"":true,""distance_px"":21.0238,""coordinate"":[50,62],""rgb_linf"":0}","[{""class"":""ambiguous_chromatic_boundary"",""present"":true,""distance_px"":21.0238,""coordinate"":[50,62],""rgb_linf"":0},{""class"":""chromatic_core"",""present"":true,""distance_px"":22.0,""coordinate"":[49,63],""rgb_linf"":137},{""class"":""confirmed_true_chromatic_AA"",""present"":true,""distance_px"":26.0768,""coordinate"":[49,49],""rgb_linf"":85}]",0,0.0,214,0.0,0.28676,True,215,215,True,True,False,direct unique preconfirmed glyph support,5,SAFE WORDMARK OWNERSHIP,one-hop attachment to already-confirmed safe wordmark AA; frozen RGB/luma/alpha evidence passes; no chaining
72,63,"[70.4779,63.9111]","[70,64]","[[71,112,76,0],[71,112,76,0],[71,112,76,0],[28,25,25,22],[28,25,25,22],[28,25,25,22],[216,216,216,211],[216,216,216,211],[216,216,216,211]]","[0,0,0,15]",15,0,"[{""x"":71,""y"":63,""rgba"":[0,0,0,14],""class"":""other_visible"",""wordmark_component_id"":null},{""x"":73,""y"":63,""rgba"":[0,0,0,14],""class"":""other_visible"",""wordmark_component_id"":null},{""x"":71,""y"":64,""rgba"":[214,214,214,201],""class"":""solid_achromatic_core"",""wordmark_component_id"":6},{""x"":72,""y"":64,""rgba"":[216,216,216,204],""class"":""solid_achromatic_core"",""wordmark_component_id"":6},{""x"":73,""y"":64,""rgba"":[216,216,216,203],""class"":""solid_achromatic_core"",""wordmark_component_id"":6}]",3,0,[6],[6],[6],3,"{""component_id"":6,""x"":72,""y"":64,""distance_px"":1.0,""rgba"":[216,216,216,204],""rgb_linf"":216}","{""class"":""ambiguous_chromatic_boundary"",""present"":true,""distance_px"":22.0227,""coordinate"":[50,62],""rgb_linf"":0}","[{""class"":""ambiguous_chromatic_boundary"",""present"":true,""distance_px"":22.0227,""coordinate"":[50,62],""rgb_linf"":0},{""class"":""chromatic_core"",""present"":true,""distance_px"":23.0,""coordinate"":[49,63],""rgb_linf"":137},{""class"":""confirmed_true_chromatic_AA"",""present"":true,""distance_px"":26.9258,""coordinate"":[49,49],""rgb_linf"":85}]",214,370.6589,214,0.672443,0.295565,False,204,204,True,False,False,direct unique preconfirmed glyph support,5,AMBIGUOUS,local RGB continuity to preconfirmed wordmark fails frozen max-channel distance 18
73,63,"[71.5319,63.9111]","[72,64]","[[71,112,76,0],[71,112,76,0],[71,112,76,0],[28,25,25,22],[28,25,25,22],[28,25,25,22],[216,216,216,211],[216,216,216,211],[216,216,216,211]]","[0,0,0,14]",14,0,"[{""x"":72,""y"":63,""rgba"":[0,0,0,15],""class"":""other_visible"",""wordmark_component_id"":null},{""x"":74,""y"":63,""rgba"":[0,0,0,13],""class"":""other_visible"",""wordmark_component_id"":null},{""x"":72,""y"":64,""rgba"":[216,216,216,204],""class"":""solid_achromatic_core"",""wordmark_component_id"":6},{""x"":73,""y"":64,""rgba"":[216,216,216,203],""class"":""solid_achromatic_core"",""wordmark_component_id"":6},{""x"":74,""y"":64,""rgba"":[216,216,216,203],""class"":""solid_achromatic_core"",""wordmark_component_id"":6}]",3,0,[6],[6],[6],3,"{""component_id"":6,""x"":73,""y"":64,""distance_px"":1.0,""rgba"":[216,216,216,203],""rgb_linf"":216}","{""class"":""ambiguous_chromatic_boundary"",""present"":true,""distance_px"":23.0217,""coordinate"":[50,62],""rgb_linf"":0}","[{""class"":""ambiguous_chromatic_boundary"",""present"":true,""distance_px"":23.0217,""coordinate"":[50,62],""rgb_linf"":0},{""class"":""chromatic_core"",""present"":true,""distance_px"":24.0,""coordinate"":[49,63],""rgb_linf"":137},{""class"":""confirmed_true_chromatic_AA"",""present"":true,""distance_px"":27.7849,""coordinate"":[49,49],""rgb_linf"":85}]",216,374.123,216,0.686685,0.295565,False,204,204,True,False,False,direct unique preconfirmed glyph support,5,AMBIGUOUS,local RGB continuity to preconfirmed wordmark fails frozen max-channel distance 18
74,63,"[72.5858,63.9111]","[73,64]","[[71,112,76,0],[71,112,76,0],[71,112,76,0],[28,25,25,22],[28,25,25,22],[28,25,25,22],[216,216,216,211],[216,216,216,211],[216,216,216,211]]","[0,0,0,13]",13,0,"[{""x"":75,""y"":62,""rgba"":[255,255,255,1],""class"":""other_visible"",""wordmark_component_id"":null},{""x"":73,""y"":63,""rgba"":[0,0,0,14],""class"":""other_visible"",""wordmark_component_id"":null},{""x"":75,""y"":63,""rgba"":[0,0,0,17],""class"":""other_visible"",""wordmark_component_id"":null},{""x"":73,""y"":64,""rgba"":[216,216,216,203],""class"":""solid_achromatic_core"",""wordmark_component_id"":6},{""x"":74,""y"":64,""rgba"":[216,216,216,203],""class"":""solid_achromatic_core"",""wordmark_component_id"":6},{""x"":75,""y"":64,""rgba"":[216,216,216,203],""class"":""solid_achromatic_core"",""wordmark_component_id"":6}]",3,0,[6],[6],[6],3,"{""component_id"":6,""x"":74,""y"":64,""distance_px"":1.0,""rgba"":[216,216,216,203],""rgb_linf"":216}","{""class"":""ambiguous_chromatic_boundary"",""present"":true,""distance_px"":24.0208,""coordinate"":[50,62],""rgb_linf"":0}","[{""class"":""ambiguous_chromatic_boundary"",""present"":true,""distance_px"":24.0208,""coordinate"":[50,62],""rgb_linf"":0},{""class"":""chromatic_core"",""present"":true,""distance_px"":25.0,""coordinate"":[49,63],""rgb_linf"":137},{""class"":""confirmed_true_chromatic_AA"",""present"":true,""distance_px"":28.6531,""coordinate"":[49,49],""rgb_linf"":85}]",216,374.123,216,0.686685,0.295565,False,203,203,True,False,False,direct unique preconfirmed glyph support,5,AMBIGUOUS,local RGB continuity to preconfirmed wordmark fails frozen max-channel distance 18
75,63,"[73.6397,63.9111]","[74,64]","[[71,112,76,0],[71,112,76,0],[71,112,76,0],[28,25,25,22],[28,25,25,22],[6,4,5,3],[216,216,216,211],[216,216,216,211],[216,216,216,211]]","[0,0,0,17]",17,0,"[{""x"":75,""y"":62,""rgba"":[255,255,255,1],""class"":""other_visible"",""wordmark_component_id"":null},{""x"":76,""y"":62,""rgba"":[255,255,255,2],""class"":""other_visible"",""wordmark_component_id"":null},{""x"":74,""y"":63,""rgba"":[0,0,0,13],""class"":""other_visible"",""wordmark_component_id"":null},{""x"":76,""y"":63,""rgba"":[0,0,0,2],""class"":""other_visible"",""wordmark_component_id"":null},{""x"":74,""y"":64,""rgba"":[216,216,216,203],""class"":""solid_achromatic_core"",""wordmark_component_id"":6},{""x"":75,""y"":64,""rgba"":[216,216,216,203],""class"":""solid_achromatic_core"",""wordmark_component_id"":6},{""x"":76,""y"":64,""rgba"":[218,218,218,203],""class"":""solid_achromatic_core"",""wordmark_component_id"":6}]",3,0,[6],[6],[6],3,"{""component_id"":6,""x"":75,""y"":64,""distance_px"":1.0,""rgba"":[216,216,216,203],""rgb_linf"":216}","{""class"":""ambiguous_chromatic_boundary"",""present"":true,""distance_px"":25.02,""coordinate"":[50,62],""rgb_linf"":0}","[{""class"":""ambiguous_chromatic_boundary"",""present"":true,""distance_px"":25.02,""coordinate"":[50,62],""rgb_linf"":0},{""class"":""chromatic_core"",""present"":true,""distance_px"":26.0,""coordinate"":[49,63],""rgb_linf"":137},{""class"":""confirmed_true_chromatic_AA"",""present"":true,""distance_px"":29.5296,""coordinate"":[49,49],""rgb_linf"":85}]",216,374.123,216,0.686685,0.281149,False,203,203,True,False,False,direct unique preconfirmed glyph support,5,AMBIGUOUS,local RGB continuity to preconfirmed wordmark fails frozen max-channel distance 18
76,63,"[74.6936,63.9111]","[75,64]","[[71,112,76,0],[71,112,76,0],[45,37,38,42],[28,25,25,22],[6,4,5,3],[45,37,38,42],[216,216,216,211],[216,216,216,211],[216,216,216,211]]","[0,0,0,2]",2,0,"[{""x"":75,""y"":62,""rgba"":[255,255,255,1],""class"":""other_visible"",""wordmark_component_id"":null},{""x"":76,""y"":62,""rgba"":[255,255,255,2],""class"":""other_visible"",""wordmark_component_id"":null},{""x"":77,""y"":62,""rgba"":[14,14,14,18],""class"":""other_visible"",""wordmark_component_id"":null},{""x"":75,""y"":63,""rgba"":[0,0,0,17],""class"":""other_visible"",""wordmark_component_id"":null},{""x"":77,""y"":63,""rgba"":[0,0,0,9],""class"":""other_visible"",""wordmark_component_id"":null},{""x"":75,""y"":64,""rgba"":[216,216,216,203],""class"":""solid_achromatic_core"",""wordmark_component_id"":6},{""x"":76,""y"":64,""rgba"":[218,218,218,203],""class"":""solid_achromatic_core"",""wordmark_component_id"":6},{""x"":77,""y"":64,""rgba"":[213,213,213,199],""class"":""solid_achromatic_core"",""wordmark_component_id"":6}]",3,0,[6],[6],[6],3,"{""component_id"":6,""x"":76,""y"":64,""distance_px"":1.0,""rgba"":[218,218,218,203],""rgb_linf"":218}","{""class"":""ambiguous_chromatic_boundary"",""present"":true,""distance_px"":26.0192,""coordinate"":[50,62],""rgb_linf"":0}","[{""class"":""ambiguous_chromatic_boundary"",""present"":true,""distance_px"":26.0192,""coordinate"":[50,62],""rgb_linf"":0},{""class"":""chromatic_core"",""present"":true,""distance_px"":27.0,""coordinate"":[49,63],""rgb_linf"":137},{""class"":""confirmed_true_chromatic_AA"",""present"":true,""distance_px"":30.4138,""coordinate"":[49,49],""rgb_linf"":85}]",213,368.9268,213,0.665387,0.281149,False,203,203,True,False,False,direct unique preconfirmed glyph support,5,AMBIGUOUS,local RGB continuity to preconfirmed wordmark fails frozen max-channel distance 18
77,63,"[75.7475,63.9111]","[76,64]","[[71,112,76,0],[45,37,38,42],[238,238,238,233],[6,4,5,3],[45,37,38,42],[238,238,238,233],[216,216,216,211],[216,216,216,211],[249,249,249,246]]","[0,0,0,9]",9,0,"[{""x"":76,""y"":62,""rgba"":[255,255,255,2],""class"":""other_visible"",""wordmark_component_id"":null},{""x"":77,""y"":62,""rgba"":[14,14,14,18],""class"":""other_visible"",""wordmark_component_id"":null},{""x"":78,""y"":62,""rgba"":[223,223,223,197],""class"":""solid_achromatic_core"",""wordmark_component_id"":6},{""x"":76,""y"":63,""rgba"":[0,0,0,2],""class"":""other_visible"",""wordmark_component_id"":null},{""x"":78,""y"":63,""rgba"":[222,222,222,196],""class"":""solid_achromatic_core"",""wordmark_component_id"":6},{""x"":76,""y"":64,""rgba"":[218,218,218,203],""class"":""solid_achromatic_core"",""wordmark_component_id"":6},{""x"":77,""y"":64,""rgba"":[213,213,213,199],""class"":""solid_achromatic_core"",""wordmark_component_id"":6},{""x"":78,""y"":64,""rgba"":[241,241,241,234],""class"":""solid_achromatic_core"",""wordmark_component_id"":6}]",5,0,[6],[6],[6],5,"{""component_id"":6,""x"":77,""y"":64,""distance_px"":1.0,""rgba"":[213,213,213,199],""rgb_linf"":213}","{""class"":""ambiguous_chromatic_boundary"",""present"":true,""distance_px"":27.0185,""coordinate"":[50,62],""rgb_linf"":0}","[{""class"":""ambiguous_chromatic_boundary"",""present"":true,""distance_px"":27.0185,""coordinate"":[50,62],""rgb_linf"":0},{""class"":""chromatic_core"",""present"":true,""distance_px"":28.0,""coordinate"":[49,63],""rgb_linf"":137},{""class"":""confirmed_true_chromatic_AA"",""present"":true,""distance_px"":31.305,""coordinate"":[49,49],""rgb_linf"":85}]",213,368.9268,213,0.665387,0.149162,False,234,234,True,False,False,direct unique preconfirmed glyph support,5,AMBIGUOUS,local RGB continuity to preconfirmed wordmark fails frozen max-channel distance 18
82,63,"[81.0172,63.9111]","[81,64]","[[71,112,76,0],[28,25,25,22],[201,201,201,192],[71,112,76,0],[28,25,25,22],[226,226,226,221],[71,112,76,0],[28,25,25,22],[216,216,216,211]]","[66,66,66,27]",27,0,"[{""x"":82,""y"":62,""rgba"":[34,34,34,22],""class"":""other_visible"",""wordmark_component_id"":null},{""x"":83,""y"":62,""rgba"":[204,204,204,202],""class"":""solid_achromatic_core"",""wordmark_component_id"":7},{""x"":83,""y"":63,""rgba"":[232,232,232,231],""class"":""solid_achromatic_core"",""wordmark_component_id"":7},{""x"":82,""y"":64,""rgba"":[58,58,58,26],""class"":""other_visible"",""wordmark_component_id"":null},{""x"":83,""y"":64,""rgba"":[224,224,224,224],""class"":""solid_achromatic_core"",""wordmark_component_id"":7}]",3,0,[7],[7],[7],3,"{""component_id"":7,""x"":83,""y"":63,""distance_px"":1.0,""rgba"":[232,232,232,231],""rgb_linf"":166}","{""class"":""ambiguous_chromatic_boundary"",""present"":true,""distance_px"":32.0156,""coordinate"":[50,62],""rgb_linf"":66}","[{""class"":""ambiguous_chromatic_boundary"",""present"":true,""distance_px"":32.0156,""coordinate"":[50,62],""rgb_linf"":66},{""class"":""chromatic_core"",""present"":true,""distance_px"":33.0,""coordinate"":[49,63],""rgb_linf"":71},{""class"":""confirmed_true_chromatic_AA"",""present"":true,""distance_px"":35.8469,""coordinate"":[49,49],""rgb_linf"":66}]",138,239.023,138,0.549347,0.167694,False,231,231,True,False,False,direct unique preconfirmed glyph support,5,AMBIGUOUS,local RGB continuity to preconfirmed wordmark fails frozen max-channel distance 18
86,63,"[85.2328,63.9111]","[85,64]","[[136,136,136,126],[71,112,76,0],[6,4,5,3],[99,99,99,101],[71,112,76,0],[6,4,5,3],[99,99,99,101],[71,112,76,0],[6,4,5,3]]","[255,255,255,1]",1,0,"[{""x"":85,""y"":62,""rgba"":[128,128,128,103],""class"":""solid_achromatic_core"",""wordmark_component_id"":7},{""x"":87,""y"":62,""rgba"":[204,204,204,5],""class"":""other_visible"",""wordmark_component_id"":null},{""x"":85,""y"":63,""rgba"":[59,59,59,73],""class"":""solid_achromatic_core"",""wordmark_component_id"":7},{""x"":87,""y"":63,""rgba"":[51,51,51,5],""class"":""other_visible"",""wordmark_component_id"":null},{""x"":85,""y"":64,""rgba"":[62,62,62,74],""class"":""solid_achromatic_core"",""wordmark_component_id"":7},{""x"":87,""y"":64,""rgba"":[51,51,51,5],""class"":""other_visible"",""wordmark_component_id"":null}]",3,0,[7],[7],[7],3,"{""component_id"":7,""x"":85,""y"":63,""distance_px"":1.0,""rgba"":[59,59,59,73],""rgb_linf"":196}","{""class"":""ambiguous_chromatic_boundary"",""present"":true,""distance_px"":36.0139,""coordinate"":[50,62],""rgb_linf"":255}","[{""class"":""ambiguous_chromatic_boundary"",""present"":true,""distance_px"":36.0139,""coordinate"":[50,62],""rgb_linf"":255},{""class"":""chromatic_core"",""present"":true,""distance_px"":37.0,""coordinate"":[49,63],""rgb_linf"":229},{""class"":""confirmed_true_chromatic_AA"",""present"":true,""distance_px"":39.5601,""coordinate"":[49,49],""rgb_linf"":255}]",127,219.9705,127,0.784139,0.722825,False,103,103,True,False,False,direct unique preconfirmed glyph support,5,AMBIGUOUS,local RGB continuity to preconfirmed wordmark fails frozen max-channel distance 18
95,63,"[94.7181,63.9111]","[95,64]","[[6,4,5,3],[71,112,76,0],[136,136,136,126],[6,4,5,3],[71,112,76,0],[99,99,99,101],[6,4,5,3],[71,112,76,0],[99,99,99,101]]","[255,255,255,1]",1,0,"[{""x"":94,""y"":62,""rgba"":[170,170,170,6],""class"":""other_visible"",""wordmark_component_id"":null},{""x"":96,""y"":62,""rgba"":[118,118,118,95],""class"":""solid_achromatic_core"",""wordmark_component_id"":7},{""x"":94,""y"":63,""rgba"":[51,51,51,5],""class"":""other_visible"",""wordmark_component_id"":null},{""x"":96,""y"":63,""rgba"":[42,42,42,66],""class"":""solid_achromatic_core"",""wordmark_component_id"":7},{""x"":94,""y"":64,""rgba"":[51,51,51,5],""class"":""other_visible"",""wordmark_component_id"":null},{""x"":96,""y"":64,""rgba"":[45,45,45,67],""class"":""solid_achromatic_core"",""wordmark_component_id"":7}]",3,0,[7],[7],[7],3,"{""component_id"":7,""x"":96,""y"":63,""distance_px"":1.0,""rgba"":[42,42,42,66],""rgb_linf"":213}","{""class"":""ambiguous_chromatic_boundary"",""present"":true,""distance_px"":45.0111,""coordinate"":[50,62],""rgb_linf"":255}","[{""class"":""ambiguous_chromatic_boundary"",""present"":true,""distance_px"":45.0111,""coordinate"":[50,62],""rgb_linf"":255},{""class"":""chromatic_core"",""present"":true,""distance_px"":46.0,""coordinate"":[49,63],""rgb_linf"":229},{""class"":""confirmed_true_chromatic_AA"",""present"":true,""distance_px"":48.0833,""coordinate"":[49,49],""rgb_linf"":255}]",137,237.291,137,0.818836,0.723497,False,95,95,True,False,False,direct unique preconfirmed glyph support,5,AMBIGUOUS,local RGB continuity to preconfirmed wordmark fails frozen max-channel distance 18
105,63,"[105.2574,63.9111]","[105,64]","[[77,77,77,67],[71,112,76,0],[6,4,5,3],[45,37,38,42],[71,112,76,0],[6,4,5,3],[45,37,38,42],[71,112,76,0],[6,4,5,3]]","[255,255,255,2]",2,0,"[{""x"":104,""y"":62,""rgba"":[26,26,26,48],""class"":""solid_achromatic_core"",""wordmark_component_id"":8},{""x"":106,""y"":62,""rgba"":[153,153,153,5],""class"":""other_visible"",""wordmark_component_id"":null},{""x"":104,""y"":63,""rgba"":[0,0,0,18],""class"":""confirmed_wordmark"",""wordmark_component_id"":8},{""x"":106,""y"":63,""rgba"":[0,0,0,3],""class"":""other_visible"",""wordmark_component_id"":null},{""x"":104,""y"":64,""rgba"":[0,0,0,19],""class"":""other_visible"",""wordmark_component_id"":null},{""x"":105,""y"":64,""rgba"":[255,255,255,2],""class"":""other_visible"",""wordmark_component_id"":null},{""x"":106,""y"":64,""rgba"":[0,0,0,3],""class"":""other_visible"",""wordmark_component_id"":null}]",2,0,[8],[8],[8],1,"{""component_id"":8,""x"":104,""y"":63,""distance_px"":1.0,""rgba"":[0,0,0,18],""rgb_linf"":255}","{""class"":""ambiguous_chromatic_boundary"",""present"":true,""distance_px"":55.0091,""coordinate"":[50,62],""rgb_linf"":255}","[{""class"":""ambiguous_chromatic_boundary"",""present"":true,""distance_px"":55.0091,""coordinate"":[50,62],""rgb_linf"":255},{""class"":""chromatic_core"",""present"":true,""distance_px"":56.0,""coordinate"":[49,63],""rgb_linf"":229},{""class"":""confirmed_true_chromatic_AA"",""present"":true,""distance_px"":57.7235,""coordinate"":[49,49],""rgb_linf"":255}]",229,396.6396,229,0.98967,0.883773,False,48,48,True,True,False,direct unique preconfirmed glyph support,5,AMBIGUOUS,local RGB continuity to preconfirmed wordmark fails frozen max-channel distance 18
109,63,"[109.473,63.9111]","[109,64]","[[6,4,5,3],[71,112,76,0],[102,102,102,90],[6,4,5,3],[71,112,76,0],[102,102,102,90],[6,4,5,3],[71,112,76,0],[102,102,102,90]]","[0,0,0,23]",23,0,"[{""x"":108,""y"":62,""rgba"":[255,255,255,1],""class"":""other_visible"",""wordmark_component_id"":null},{""x"":109,""y"":62,""rgba"":[0,0,0,24],""class"":""other_visible"",""wordmark_component_id"":null},{""x"":110,""y"":62,""rgba"":[218,218,218,190],""class"":""solid_achromatic_core"",""wordmark_component_id"":8},{""x"":110,""y"":63,""rgba"":[216,216,216,184],""class"":""solid_achromatic_core"",""wordmark_component_id"":8},{""x"":109,""y"":64,""rgba"":[0,0,0,23],""class"":""other_visible"",""wordmark_component_id"":null},{""x"":110,""y"":64,""rgba"":[216,216,216,185],""class"":""solid_achromatic_core"",""wordmark_component_id"":8}]",3,0,[15],[8],[8],3,"{""component_id"":8,""x"":110,""y"":63,""distance_px"":1.0,""rgba"":[216,216,216,184],""rgb_linf"":216}","{""class"":""ambiguous_chromatic_boundary"",""present"":true,""distance_px"":59.0085,""coordinate"":[50,62],""rgb_linf"":0}","[{""class"":""ambiguous_chromatic_boundary"",""present"":true,""distance_px"":59.0085,""coordinate"":[50,62],""rgb_linf"":0},{""class"":""chromatic_core"",""present"":true,""distance_px"":60.0,""coordinate"":[49,63],""rgb_linf"":137},{""class"":""confirmed_true_chromatic_AA"",""present"":true,""distance_px"":61.6117,""coordinate"":[49,49],""rgb_linf"":85}]",216,374.123,216,0.686685,0.298898,False,190,190,True,False,False,direct unique preconfirmed glyph support,5,AMBIGUOUS,local RGB continuity to preconfirmed wordmark fails frozen max-channel distance 18
114,63,"[114.7426,63.9111]","[115,64]","[[71,112,76,0],[6,4,5,3],[71,112,76,0],[71,112,76,0],[71,112,76,0],[71,112,76,0],[71,112,76,0],[71,112,76,0],[71,112,76,0]]","[255,255,255,2]",2,0,"[{""x"":113,""y"":62,""rgba"":[0,0,0,1],""class"":""confirmed_wordmark"",""wordmark_component_id"":8},{""x"":114,""y"":62,""rgba"":[204,204,204,5],""class"":""other_visible"",""wordmark_component_id"":null},{""x"":115,""y"":62,""rgba"":[127,127,127,2],""class"":""other_visible"",""wordmark_component_id"":null},{""x"":114,""y"":64,""rgba"":[255,255,255,2],""class"":""other_visible"",""wordmark_component_id"":null}]",1,0,[],[],[8],0,"{""component_id"":8,""x"":113,""y"":62,""distance_px"":1.4142,""rgba"":[0,0,0,1],""rgb_linf"":255}","{""class"":""ambiguous_chromatic_boundary"",""present"":true,""distance_px"":64.0078,""coordinate"":[50,62],""rgb_linf"":255}","[{""class"":""ambiguous_chromatic_boundary"",""present"":true,""distance_px"":64.0078,""coordinate"":[50,62],""rgb_linf"":255},{""class"":""chromatic_core"",""present"":true,""distance_px"":65.0,""coordinate"":[49,63],""rgb_linf"":229},{""class"":""confirmed_true_chromatic_AA"",""present"":true,""distance_px"":66.4906,""coordinate"":[49,49],""rgb_linf"":255}]",255,441.6729,,1.0,0.412543,False,,1,False,True,False,direct unique preconfirmed glyph support,4,AMBIGUOUS,local RGB continuity to preconfirmed wordmark fails frozen max-channel distance 18
116,63,"[116.8505,63.9111]","[117,64]","[[71,112,76,0],[6,4,5,3],[71,112,76,0],[71,112,76,0],[6,4,5,3],[71,112,76,0],[71,112,76,0],[6,4,5,3],[71,112,76,0]]","[0,0,0,4]",4,0,"[{""x"":115,""y"":62,""rgba"":[127,127,127,2],""class"":""other_visible"",""wordmark_component_id"":null},{""x"":116,""y"":62,""rgba"":[191,191,191,4],""class"":""confirmed_wordmark"",""wordmark_component_id"":8},{""x"":116,""y"":64,""rgba"":[0,0,0,4],""class"":""other_visible"",""wordmark_component_id"":null}]",1,0,[],[],[8],0,"{""component_id"":8,""x"":116,""y"":62,""distance_px"":1.0,""rgba"":[191,191,191,4],""rgb_linf"":191}","{""class"":""ambiguous_chromatic_boundary"",""present"":true,""distance_px"":66.0076,""coordinate"":[50,62],""rgb_linf"":0}","[{""class"":""ambiguous_chromatic_boundary"",""present"":true,""distance_px"":66.0076,""coordinate"":[50,62],""rgb_linf"":0},{""class"":""chromatic_core"",""present"":true,""distance_px"":67.0,""coordinate"":[49,63],""rgb_linf"":137},{""class"":""confirmed_true_chromatic_AA"",""present"":true,""distance_px"":68.4471,""coordinate"":[49,49],""rgb_linf"":85}]",191,330.8217,,0.520996,0.46319,False,,4,False,True,False,direct unique preconfirmed glyph support,4,AMBIGUOUS,local RGB continuity to preconfirmed wordmark fails frozen max-channel distance 18
122,63,"[123.174,63.9111]","[123,64]","[[6,4,5,3],[71,112,76,0],[173,173,173,161],[6,4,5,3],[71,112,76,0],[45,37,38,42],[6,4,5,3],[71,112,76,0],[71,112,76,0]]","[0,0,0,1]",1,0,"[{""x"":122,""y"":62,""rgba"":[112,112,112,25],""class"":""confirmed_wordmark"",""wordmark_component_id"":9},{""x"":123,""y"":62,""rgba"":[203,203,203,203],""class"":""solid_achromatic_core"",""wordmark_component_id"":9},{""x"":123,""y"":63,""rgba"":[162,159,159,96],""class"":""solid_achromatic_core"",""wordmark_component_id"":9},{""x"":123,""y"":64,""rgba"":[0,0,0,9],""class"":""confirmed_wordmark"",""wordmark_component_id"":9}]",4,0,[10],[9],[9],2,"{""component_id"":9,""x"":122,""y"":62,""distance_px"":1.0,""rgba"":[112,112,112,25],""rgb_linf"":112}","{""class"":""ambiguous_chromatic_boundary"",""present"":true,""distance_px"":72.0069,""coordinate"":[50,62],""rgb_linf"":0}","[{""class"":""ambiguous_chromatic_boundary"",""present"":true,""distance_px"":72.0069,""coordinate"":[50,62],""rgb_linf"":0},{""class"":""chromatic_core"",""present"":true,""distance_px"":73.0,""coordinate"":[49,63],""rgb_linf"":137},{""class"":""confirmed_true_chromatic_AA"",""present"":true,""distance_px"":74.3303,""coordinate"":[49,49],""rgb_linf"":85}]",0,0.0,162,0.0,0.376244,True,203,203,True,True,False,direct unique preconfirmed glyph support,5,SAFE WORDMARK OWNERSHIP,one-hop attachment to already-confirmed safe wordmark AA; frozen RGB/luma/alpha evidence passes; no chaining
129,63,"[130.5515,63.9111]","[131,64]","[[71,112,76,0],[71,112,76,0],[71,112,76,0],[28,25,25,22],[28,25,25,22],[28,25,25,22],[216,216,216,211],[216,216,216,211],[216,216,216,211]]","[0,0,0,16]",16,0,"[{""x"":128,""y"":62,""rgba"":[127,127,127,2],""class"":""confirmed_wordmark"",""wordmark_component_id"":9},{""x"":128,""y"":63,""rgba"":[0,0,0,10],""class"":""confirmed_wordmark"",""wordmark_component_id"":9},{""x"":130,""y"":63,""rgba"":[0,0,0,14],""class"":""other_visible"",""wordmark_component_id"":null},{""x"":128,""y"":64,""rgba"":[216,216,216,204],""class"":""solid_achromatic_core"",""wordmark_component_id"":9},{""x"":129,""y"":64,""rgba"":[216,216,216,203],""class"":""solid_achromatic_core"",""wordmark_component_id"":9},{""x"":130,""y"":64,""rgba"":[216,216,216,203],""class"":""solid_achromatic_core"",""wordmark_component_id"":9}]",5,0,[10],[9],[9],3,"{""component_id"":9,""x"":128,""y"":63,""distance_px"":1.0,""rgba"":[0,0,0,10],""rgb_linf"":0}","{""class"":""ambiguous_chromatic_boundary"",""present"":true,""distance_px"":79.0063,""coordinate"":[50,62],""rgb_linf"":0}","[{""class"":""ambiguous_chromatic_boundary"",""present"":true,""distance_px"":79.0063,""coordinate"":[50,62],""rgb_linf"":0},{""class"":""chromatic_core"",""present"":true,""distance_px"":80.0,""coordinate"":[49,63],""rgb_linf"":137},{""class"":""confirmed_true_chromatic_AA"",""present"":true,""distance_px"":81.2158,""coordinate"":[49,49],""rgb_linf"":85}]",0,0.0,216,0.0,0.295565,True,204,204,True,True,False,direct unique preconfirmed glyph support,5,SAFE WORDMARK OWNERSHIP,one-hop attachment to already-confirmed safe wordmark AA; frozen RGB/luma/alpha evidence passes; no chaining
130,63,"[131.6054,63.9111]","[132,64]","[[71,112,76,0],[71,112,76,0],[71,112,76,0],[28,25,25,22],[28,25,25,22],[28,25,25,22],[216,216,216,211],[216,216,216,211],[216,216,216,211]]","[0,0,0,14]",14,0,"[{""x"":129,""y"":63,""rgba"":[0,0,0,16],""class"":""other_visible"",""wordmark_component_id"":null},{""x"":131,""y"":63,""rgba"":[0,0,0,14],""class"":""other_visible"",""wordmark_component_id"":null},{""x"":129,""y"":64,""rgba"":[216,216,216,203],""class"":""solid_achromatic_core"",""wordmark_component_id"":9},{""x"":130,""y"":64,""rgba"":[216,216,216,203],""class"":""solid_achromatic_core"",""wordmark_component_id"":9},{""x"":131,""y"":64,""rgba"":[216,216,216,203],""class"":""solid_achromatic_core"",""wordmark_component_id"":9}]",3,0,[10],[9],[9],3,"{""component_id"":9,""x"":130,""y"":64,""distance_px"":1.0,""rgba"":[216,216,216,203],""rgb_linf"":216}","{""class"":""ambiguous_chromatic_boundary"",""present"":true,""distance_px"":80.0062,""coordinate"":[50,62],""rgb_linf"":0}","[{""class"":""ambiguous_chromatic_boundary"",""present"":true,""distance_px"":80.0062,""coordinate"":[50,62],""rgb_linf"":0},{""class"":""chromatic_core"",""present"":true,""distance_px"":81.0,""coordinate"":[49,63],""rgb_linf"":137},{""class"":""confirmed_true_chromatic_AA"",""present"":true,""distance_px"":82.201,""coordinate"":[49,49],""rgb_linf"":85}]",216,374.123,216,0.686685,0.295565,False,203,203,True,False,False,direct unique preconfirmed glyph support,5,AMBIGUOUS,local RGB continuity to preconfirmed wordmark fails frozen max-channel distance 18
131,63,"[132.6593,63.9111]","[133,64]","[[71,112,76,0],[71,112,76,0],[71,112,76,0],[28,25,25,22],[28,25,25,22],[28,25,25,22],[216,216,216,211],[216,216,216,211],[216,216,216,211]]","[0,0,0,14]",14,0,"[{""x"":130,""y"":63,""rgba"":[0,0,0,14],""class"":""other_visible"",""wordmark_component_id"":null},{""x"":132,""y"":63,""rgba"":[0,0,0,14],""class"":""other_visible"",""wordmark_component_id"":null},{""x"":130,""y"":64,""rgba"":[216,216,216,203],""class"":""solid_achromatic_core"",""wordmark_component_id"":9},{""x"":131,""y"":64,""rgba"":[216,216,216,203],""class"":""solid_achromatic_core"",""wordmark_component_id"":9},{""x"":132,""y"":64,""rgba"":[216,216,216,203],""class"":""solid_achromatic_core"",""wordmark_component_id"":9}]",3,0,[10],[9],[9],3,"{""component_id"":9,""x"":131,""y"":64,""distance_px"":1.0,""rgba"":[216,216,216,203],""rgb_linf"":216}","{""class"":""ambiguous_chromatic_boundary"",""present"":true,""distance_px"":81.0062,""coordinate"":[50,62],""rgb_linf"":0}","[{""class"":""ambiguous_chromatic_boundary"",""present"":true,""distance_px"":81.0062,""coordinate"":[50,62],""rgb_linf"":0},{""class"":""chromatic_core"",""present"":true,""distance_px"":82.0,""coordinate"":[49,63],""rgb_linf"":137},{""class"":""confirmed_true_chromatic_AA"",""present"":true,""distance_px"":83.1865,""coordinate"":[49,49],""rgb_linf"":85}]",216,374.123,216,0.686685,0.295565,False,203,203,True,False,False,direct unique preconfirmed glyph support,5,AMBIGUOUS,local RGB continuity to preconfirmed wordmark fails frozen max-channel distance 18
132,63,"[133.7132,63.9111]","[134,64]","[[71,112,76,0],[71,112,76,0],[71,112,76,0],[28,25,25,22],[28,25,25,22],[28,25,25,22],[216,216,216,211],[216,216,216,211],[216,216,216,211]]","[0,0,0,14]",14,0,"[{""x"":133,""y"":62,""rgba"":[255,255,255,2],""class"":""other_visible"",""wordmark_component_id"":null},{""x"":131,""y"":63,""rgba"":[0,0,0,14],""class"":""other_visible"",""wordmark_component_id"":null},{""x"":133,""y"":63,""rgba"":[0,0,0,18],""class"":""other_visible"",""wordmark_component_id"":null},{""x"":131,""y"":64,""rgba"":[216,216,216,203],""class"":""solid_achromatic_core"",""wordmark_component_id"":9},{""x"":132,""y"":64,""rgba"":[216,216,216,203],""class"":""solid_achromatic_core"",""wordmark_component_id"":9},{""x"":133,""y"":64,""rgba"":[216,216,216,203],""class"":""solid_achromatic_core"",""wordmark_component_id"":9}]",3,0,[10],[9],[9],3,"{""component_id"":9,""x"":132,""y"":64,""distance_px"":1.0,""rgba"":[216,216,216,203],""rgb_linf"":216}","{""class"":""ambiguous_chromatic_boundary"",""present"":true,""distance_px"":82.0061,""coordinate"":[50,62],""rgb_linf"":0}","[{""class"":""ambiguous_chromatic_boundary"",""present"":true,""distance_px"":82.0061,""coordinate"":[50,62],""rgb_linf"":0},{""class"":""chromatic_core"",""present"":true,""distance_px"":83.0,""coordinate"":[49,63],""rgb_linf"":137},{""class"":""confirmed_true_chromatic_AA"",""present"":true,""distance_px"":84.1724,""coordinate"":[49,49],""rgb_linf"":85}]",216,374.123,216,0.686685,0.295565,False,203,203,True,False,False,direct unique preconfirmed glyph support,5,AMBIGUOUS,local RGB continuity to preconfirmed wordmark fails frozen max-channel distance 18
133,63,"[134.7672,63.9111]","[135,64]","[[71,112,76,0],[71,112,76,0],[71,112,76,0],[28,25,25,22],[28,25,25,22],[6,4,5,3],[216,216,216,211],[216,216,216,211],[216,216,216,211]]","[0,0,0,18]",18,0,"[{""x"":133,""y"":62,""rgba"":[255,255,255,2],""class"":""other_visible"",""wordmark_component_id"":null},{""x"":134,""y"":62,""rgba"":[127,127,127,2],""class"":""confirmed_wordmark"",""wordmark_component_id"":9},{""x"":132,""y"":63,""rgba"":[0,0,0,14],""class"":""other_visible"",""wordmark_component_id"":null},{""x"":132,""y"":64,""rgba"":[216,216,216,203],""class"":""solid_achromatic_core"",""wordmark_component_id"":9},{""x"":133,""y"":64,""rgba"":[216,216,216,203],""class"":""solid_achromatic_core"",""wordmark_component_id"":9},{""x"":134,""y"":64,""rgba"":[215,215,215,202],""class"":""solid_achromatic_core"",""wordmark_component_id"":9}]",4,0,[10],[9],[9],3,"{""component_id"":9,""x"":133,""y"":64,""distance_px"":1.0,""rgba"":[216,216,216,203],""rgb_linf"":216}","{""class"":""ambiguous_chromatic_boundary"",""present"":true,""distance_px"":83.006,""coordinate"":[50,62],""rgb_linf"":0}","[{""class"":""ambiguous_chromatic_boundary"",""present"":true,""distance_px"":83.006,""coordinate"":[50,62],""rgb_linf"":0},{""class"":""chromatic_core"",""present"":true,""distance_px"":84.0,""coordinate"":[49,63],""rgb_linf"":137},{""class"":""confirmed_true_chromatic_AA"",""present"":true,""distance_px"":85.1587,""coordinate"":[49,49],""rgb_linf"":85}]",127,219.9705,215,0.212231,0.295565,True,203,203,True,True,False,direct unique preconfirmed glyph support,5,AMBIGUOUS,local RGB continuity to preconfirmed wordmark fails frozen max-channel distance 18
138,63,"[140.0368,63.9111]","[140,64]","[[216,216,216,211],[28,25,25,22],[71,112,76,0],[216,216,216,211],[28,25,25,22],[71,112,76,0],[216,216,216,211],[28,25,25,22],[71,112,76,0]]","[12,12,12,20]",20,0,"[{""x"":137,""y"":62,""rgba"":[220,220,220,214],""class"":""solid_achromatic_core"",""wordmark_component_id"":9},{""x"":138,""y"":62,""rgba"":[12,12,12,20],""class"":""other_visible"",""wordmark_component_id"":null},{""x"":137,""y"":63,""rgba"":[219,219,219,214],""class"":""solid_achromatic_core"",""wordmark_component_id"":9},{""x"":137,""y"":64,""rgba"":[218,218,218,211],""class"":""solid_achromatic_core"",""wordmark_component_id"":9},{""x"":138,""y"":64,""rgba"":[24,24,24,21],""class"":""other_visible"",""wordmark_component_id"":null}]",3,0,[10],[9],[9],3,"{""component_id"":9,""x"":137,""y"":63,""distance_px"":1.0,""rgba"":[219,219,219,214],""rgb_linf"":207}","{""class"":""ambiguous_chromatic_boundary"",""present"":true,""distance_px"":88.0057,""coordinate"":[50,62],""rgb_linf"":12}","[{""class"":""ambiguous_chromatic_boundary"",""present"":true,""distance_px"":88.0057,""coordinate"":[50,62],""rgb_linf"":12},{""class"":""chromatic_core"",""present"":true,""distance_px"":89.0,""coordinate"":[49,63],""rgb_linf"":125},{""class"":""confirmed_true_chromatic_AA"",""present"":true,""distance_px"":90.0944,""coordinate"":[49,49],""rgb_linf"":73}]",206,356.8025,206,0.697426,0.231613,False,214,214,True,False,False,direct unique preconfirmed glyph support,5,AMBIGUOUS,local RGB continuity to preconfirmed wordmark fails frozen max-channel distance 18
145,63,"[147.4142,63.9111]","[147,64]","[[71,112,76,0],[71,112,76,0],[71,112,76,0],[6,4,5,3],[28,25,25,22],[28,25,25,22],[216,216,216,211],[216,216,216,211],[216,216,216,211]]","[0,0,0,19]",19,0,"[{""x"":144,""y"":62,""rgba"":[255,255,255,2],""class"":""other_visible"",""wordmark_component_id"":null},{""x"":145,""y"":62,""rgba"":[153,153,153,5],""class"":""other_visible"",""wordmark_component_id"":null},{""x"":146,""y"":62,""rgba"":[255,255,255,2],""class"":""other_visible"",""wordmark_component_id"":null},{""x"":146,""y"":63,""rgba"":[0,0,0,13],""class"":""other_visible"",""wordmark_component_id"":null},{""x"":144,""y"":64,""rgba"":[217,217,217,202],""class"":""solid_achromatic_core"",""wordmark_component_id"":10},{""x"":145,""y"":64,""rgba"":[216,216,216,204],""class"":""solid_achromatic_core"",""wordmark_component_id"":10},{""x"":146,""y"":64,""rgba"":[216,216,216,203],""class"":""solid_achromatic_core"",""wordmark_component_id"":10}]",3,0,[11],[10],[10],3,"{""component_id"":10,""x"":145,""y"":64,""distance_px"":1.0,""rgba"":[216,216,216,204],""rgb_linf"":216}","{""class"":""ambiguous_chromatic_boundary"",""present"":true,""distance_px"":95.0053,""coordinate"":[50,62],""rgb_linf"":0}","[{""class"":""ambiguous_chromatic_boundary"",""present"":true,""distance_px"":95.0053,""coordinate"":[50,62],""rgb_linf"":0},{""class"":""chromatic_core"",""present"":true,""distance_px"":96.0,""coordinate"":[49,63],""rgb_linf"":137},{""class"":""confirmed_true_chromatic_AA"",""present"":true,""distance_px"":97.0155,""coordinate"":[49,49],""rgb_linf"":85}]",216,374.123,216,0.686685,0.288379,False,204,204,True,False,False,direct unique preconfirmed glyph support,5,AMBIGUOUS,local RGB continuity to preconfirmed wordmark fails frozen max-channel distance 18
146,63,"[148.4681,63.9111]","[148,64]","[[71,112,76,0],[71,112,76,0],[71,112,76,0],[28,25,25,22],[28,25,25,22],[28,25,25,22],[216,216,216,211],[216,216,216,211],[216,216,216,211]]","[0,0,0,13]",13,0,"[{""x"":145,""y"":62,""rgba"":[153,153,153,5],""class"":""other_visible"",""wordmark_component_id"":null},{""x"":146,""y"":62,""rgba"":[255,255,255,2],""class"":""other_visible"",""wordmark_component_id"":null},{""x"":147,""y"":62,""rgba"":[255,255,255,2],""class"":""other_visible"",""wordmark_component_id"":null},{""x"":145,""y"":63,""rgba"":[0,0,0,19],""class"":""other_visible"",""wordmark_component_id"":null},{""x"":147,""y"":63,""rgba"":[0,0,0,14],""class"":""other_visible"",""wordmark_component_id"":null},{""x"":145,""y"":64,""rgba"":[216,216,216,204],""class"":""solid_achromatic_core"",""wordmark_component_id"":10},{""x"":146,""y"":64,""rgba"":[216,216,216,203],""class"":""solid_achromatic_core"",""wordmark_component_id"":10},{""x"":147,""y"":64,""rgba"":[216,216,216,203],""class"":""solid_achromatic_core"",""wordmark_component_id"":10}]",3,0,[11],[10],[10],3,"{""component_id"":10,""x"":146,""y"":64,""distance_px"":1.0,""rgba"":[216,216,216,203],""rgb_linf"":216}","{""class"":""ambiguous_chromatic_boundary"",""present"":true,""distance_px"":96.0052,""coordinate"":[50,62],""rgb_linf"":0}","[{""class"":""ambiguous_chromatic_boundary"",""present"":true,""distance_px"":96.0052,""coordinate"":[50,62],""rgb_linf"":0},{""class"":""chromatic_core"",""present"":true,""distance_px"":97.0,""coordinate"":[49,63],""rgb_linf"":137},{""class"":""confirmed_true_chromatic_AA"",""present"":true,""distance_px"":98.0051,""coordinate"":[49,49],""rgb_linf"":85}]",216,374.123,216,0.686685,0.295565,False,204,204,True,False,False,direct unique preconfirmed glyph support,5,AMBIGUOUS,local RGB continuity to preconfirmed wordmark fails frozen max-channel distance 18
147,63,"[149.5221,63.9111]","[150,64]","[[71,112,76,0],[71,112,76,0],[71,112,76,0],[28,25,25,22],[28,25,25,22],[28,25,25,22],[216,216,216,211],[216,216,216,211],[216,216,216,211]]","[0,0,0,14]",14,0,"[{""x"":146,""y"":62,""rgba"":[255,255,255,2],""class"":""other_visible"",""wordmark_component_id"":null},{""x"":147,""y"":62,""rgba"":[255,255,255,2],""class"":""other_visible"",""wordmark_component_id"":null},{""x"":148,""y"":62,""rgba"":[255,255,255,2],""class"":""other_visible"",""wordmark_component_id"":null},{""x"":146,""y"":63,""rgba"":[0,0,0,13],""class"":""other_visible"",""wordmark_component_id"":null},{""x"":148,""y"":63,""rgba"":[0,0,0,14],""class"":""other_visible"",""wordmark_component_id"":null},{""x"":146,""y"":64,""rgba"":[216,216,216,203],""class"":""solid_achromatic_core"",""wordmark_component_id"":10},{""x"":147,""y"":64,""rgba"":[216,216,216,203],""class"":""solid_achromatic_core"",""wordmark_component_id"":10},{""x"":148,""y"":64,""rgba"":[217,217,217,203],""class"":""solid_achromatic_core"",""wordmark_component_id"":10}]",3,0,[11],[10],[10],3,"{""component_id"":10,""x"":147,""y"":64,""distance_px"":1.0,""rgba"":[216,216,216,203],""rgb_linf"":216}","{""class"":""ambiguous_chromatic_boundary"",""present"":true,""distance_px"":97.0052,""coordinate"":[50,62],""rgb_linf"":0}","[{""class"":""ambiguous_chromatic_boundary"",""present"":true,""distance_px"":97.0052,""coordinate"":[50,62],""rgb_linf"":0},{""class"":""chromatic_core"",""present"":true,""distance_px"":98.0,""coordinate"":[49,63],""rgb_linf"":137},{""class"":""confirmed_true_chromatic_AA"",""present"":true,""distance_px"":98.9949,""coordinate"":[49,49],""rgb_linf"":85}]",216,374.123,216,0.686685,0.288379,False,203,203,True,False,False,direct unique preconfirmed glyph support,5,AMBIGUOUS,local RGB continuity to preconfirmed wordmark fails frozen max-channel distance 18
148,63,"[150.576,63.9111]","[151,64]","[[71,112,76,0],[71,112,76,0],[71,112,76,0],[28,25,25,22],[28,25,25,22],[28,25,25,22],[216,216,216,211],[216,216,216,211],[216,216,216,211]]","[0,0,0,14]",14,0,"[{""x"":147,""y"":62,""rgba"":[255,255,255,2],""class"":""other_visible"",""wordmark_component_id"":null},{""x"":148,""y"":62,""rgba"":[255,255,255,2],""class"":""other_visible"",""wordmark_component_id"":null},{""x"":149,""y"":62,""rgba"":[255,255,255,2],""class"":""other_visible"",""wordmark_component_id"":null},{""x"":147,""y"":63,""rgba"":[0,0,0,14],""class"":""other_visible"",""wordmark_component_id"":null},{""x"":149,""y"":63,""rgba"":[0,0,0,16],""class"":""other_visible"",""wordmark_component_id"":null},{""x"":147,""y"":64,""rgba"":[216,216,216,203],""class"":""solid_achromatic_core"",""wordmark_component_id"":10},{""x"":148,""y"":64,""rgba"":[217,217,217,203],""class"":""solid_achromatic_core"",""wordmark_component_id"":10},{""x"":149,""y"":64,""rgba"":[216,216,216,203],""class"":""solid_achromatic_core"",""wordmark_component_id"":10}]",3,0,[11],[10],[10],3,"{""component_id"":10,""x"":148,""y"":64,""distance_px"":1.0,""rgba"":[217,217,217,203],""rgb_linf"":217}","{""class"":""ambiguous_chromatic_boundary"",""present"":true,""distance_px"":98.0051,""coordinate"":[50,62],""rgb_linf"":0}","[{""class"":""ambiguous_chromatic_boundary"",""present"":true,""distance_px"":98.0051,""coordinate"":[50,62],""rgb_linf"":0},{""class"":""chromatic_core"",""present"":true,""distance_px"":99.0,""coordinate"":[49,63],""rgb_linf"":137},{""class"":""confirmed_true_chromatic_AA"",""present"":true,""distance_px"":99.985,""coordinate"":[49,49],""rgb_linf"":85}]",216,374.123,216,0.686685,0.288379,False,203,203,True,False,False,direct unique preconfirmed glyph support,5,AMBIGUOUS,local RGB continuity to preconfirmed wordmark fails frozen max-channel distance 18
149,63,"[151.6299,63.9111]","[152,64]","[[71,112,76,0],[71,112,76,0],[71,112,76,0],[28,25,25,22],[28,25,25,22],[28,25,25,22],[216,216,216,211],[216,216,216,211],[226,226,226,221]]","[0,0,0,16]",16,0,"[{""x"":148,""y"":62,""rgba"":[255,255,255,2],""class"":""other_visible"",""wordmark_component_id"":null},{""x"":149,""y"":62,""rgba"":[255,255,255,2],""class"":""other_visible"",""wordmark_component_id"":null},{""x"":150,""y"":62,""rgba"":[170,170,170,3],""class"":""confirmed_wordmark"",""wordmark_component_id"":10},{""x"":148,""y"":63,""rgba"":[0,0,0,14],""class"":""other_visible"",""wordmark_component_id"":null},{""x"":150,""y"":63,""rgba"":[0,0,0,10],""class"":""confirmed_wordmark"",""wordmark_component_id"":10},{""x"":148,""y"":64,""rgba"":[217,217,217,203],""class"":""solid_achromatic_core"",""wordmark_component_id"":10},{""x"":149,""y"":64,""rgba"":[216,216,216,203],""class"":""solid_achromatic_core"",""wordmark_component_id"":10},{""x"":150,""y"":64,""rgba"":[218,218,218,207],""class"":""solid_achromatic_core"",""wordmark_component_id"":10}]",5,0,[11],[10],[10],3,"{""component_id"":10,""x"":149,""y"":64,""distance_px"":1.0,""rgba"":[216,216,216,203],""rgb_linf"":216}","{""class"":""ambiguous_chromatic_boundary"",""present"":true,""distance_px"":99.0051,""coordinate"":[50,62],""rgb_linf"":0}","[{""class"":""ambiguous_chromatic_boundary"",""present"":true,""distance_px"":99.0051,""coordinate"":[50,62],""rgb_linf"":0},{""class"":""chromatic_core"",""present"":true,""distance_px"":100.0,""coordinate"":[49,63],""rgb_linf"":137},{""class"":""confirmed_true_chromatic_AA"",""present"":true,""distance_px"":100.9752,""coordinate"":[49,49],""rgb_linf"":85}]",0,0.0,216,0.0,0.288379,True,207,207,True,True,False,direct unique preconfirmed glyph support,5,SAFE WORDMARK OWNERSHIP,one-hop attachment to already-confirmed safe wordmark AA; frozen RGB/luma/alpha evidence passes; no chaining
157,63,"[160.0613,63.9111]","[160,64]","[[71,112,76,0],[6,4,5,3],[71,112,76,0],[71,112,76,0],[6,4,5,3],[71,112,76,0],[6,4,5,3],[71,112,76,0],[71,112,76,0]]","[0,0,0,3]",3,0,"[{""x"":156,""y"":62,""rgba"":[0,0,0,3],""class"":""confirmed_wordmark"",""wordmark_component_id"":10},{""x"":157,""y"":62,""rgba"":[0,0,0,2],""class"":""other_visible"",""wordmark_component_id"":null},{""x"":158,""y"":62,""rgba"":[0,0,0,1],""class"":""other_visible"",""wordmark_component_id"":null},{""x"":156,""y"":64,""rgba"":[0,0,0,1],""class"":""confirmed_wordmark"",""wordmark_component_id"":10}]",2,0,[],[],[10],0,"{""component_id"":10,""x"":156,""y"":62,""distance_px"":1.4142,""rgba"":[0,0,0,3],""rgb_linf"":0}","{""class"":""ambiguous_chromatic_boundary"",""present"":true,""distance_px"":107.0047,""coordinate"":[50,62],""rgb_linf"":0}","[{""class"":""ambiguous_chromatic_boundary"",""present"":true,""distance_px"":107.0047,""coordinate"":[50,62],""rgb_linf"":0},{""class"":""chromatic_core"",""present"":true,""distance_px"":108.0,""coordinate"":[49,63],""rgb_linf"":137},{""class"":""confirmed_true_chromatic_AA"",""present"":true,""distance_px"":108.9036,""coordinate"":[49,49],""rgb_linf"":85}]",0,0.0,,0.0,0.255326,True,,3,False,True,False,direct unique preconfirmed glyph support,4,AMBIGUOUS,alpha does not attenuate away from direct confirmed support
164,63,"[167.4387,63.9111]","[167,64]","[[6,4,5,3],[71,112,76,0],[102,102,102,90],[6,4,5,3],[71,112,76,0],[102,102,102,90],[6,4,5,3],[71,112,76,0],[102,102,102,90]]","[0,0,0,20]",20,0,"[{""x"":163,""y"":62,""rgba"":[255,255,255,1],""class"":""other_visible"",""wordmark_component_id"":null},{""x"":164,""y"":62,""rgba"":[12,12,12,21],""class"":""other_visible"",""wordmark_component_id"":null},{""x"":165,""y"":62,""rgba"":[210,210,210,179],""class"":""solid_achromatic_core"",""wordmark_component_id"":10},{""x"":165,""y"":63,""rgba"":[213,213,213,180],""class"":""solid_achromatic_core"",""wordmark_component_id"":10},{""x"":164,""y"":64,""rgba"":[0,0,0,20],""class"":""other_visible"",""wordmark_component_id"":null},{""x"":165,""y"":64,""rgba"":[213,213,213,180],""class"":""solid_achromatic_core"",""wordmark_component_id"":10}]",3,0,[12],[10],[10],3,"{""component_id"":10,""x"":165,""y"":63,""distance_px"":1.0,""rgba"":[213,213,213,180],""rgb_linf"":213}","{""class"":""ambiguous_chromatic_boundary"",""present"":true,""distance_px"":114.0044,""coordinate"":[50,62],""rgb_linf"":0}","[{""class"":""ambiguous_chromatic_boundary"",""present"":true,""distance_px"":114.0044,""coordinate"":[50,62],""rgb_linf"":0},{""class"":""chromatic_core"",""present"":true,""distance_px"":115.0,""coordinate"":[49,63],""rgb_linf"":137},{""class"":""confirmed_true_chromatic_AA"",""present"":true,""distance_px"":115.849,""coordinate"":[49,49],""rgb_linf"":85}]",210,363.7307,210,0.64448,0.334613,False,180,180,True,False,False,direct unique preconfirmed glyph support,5,AMBIGUOUS,local RGB continuity to preconfirmed wordmark fails frozen max-channel distance 18
169,63,"[172.7083,63.9111]","[173,64]","[[71,112,76,0],[6,4,5,3],[71,112,76,0],[71,112,76,0],[71,112,76,0],[71,112,76,0],[71,112,76,0],[71,112,76,0],[71,112,76,0]]","[255,255,255,2]",2,0,"[{""x"":168,""y"":62,""rgba"":[255,255,255,1],""class"":""confirmed_wordmark"",""wordmark_component_id"":10},{""x"":169,""y"":62,""rgba"":[204,204,204,5],""class"":""other_visible"",""wordmark_component_id"":null},{""x"":170,""y"":62,""rgba"":[127,127,127,2],""class"":""other_visible"",""wordmark_component_id"":null},{""x"":169,""y"":64,""rgba"":[255,255,255,2],""class"":""other_visible"",""wordmark_component_id"":null}]",1,0,[],[],[10],0,"{""component_id"":10,""x"":168,""y"":62,""distance_px"":1.4142,""rgba"":[255,255,255,1],""rgb_linf"":0}","{""class"":""ambiguous_chromatic_boundary"",""present"":true,""distance_px"":119.0042,""coordinate"":[50,62],""rgb_linf"":255}","[{""class"":""ambiguous_chromatic_boundary"",""present"":true,""distance_px"":119.0042,""coordinate"":[50,62],""rgb_linf"":255},{""class"":""chromatic_core"",""present"":true,""distance_px"":120.0,""coordinate"":[49,63],""rgb_linf"":229},{""class"":""confirmed_true_chromatic_AA"",""present"":true,""distance_px"":120.8139,""coordinate"":[49,49],""rgb_linf"":255}]",0,0.0,,0.0,0.560343,True,,1,False,True,False,direct unique preconfirmed glyph support,4,AMBIGUOUS,alpha does not attenuate away from direct confirmed support
175,63,"[179.0319,63.9111]","[179,64]","[[71,112,76,0],[71,112,76,0],[173,173,173,161],[71,112,76,0],[71,112,76,0],[173,173,173,161],[71,112,76,0],[71,112,76,0],[173,173,173,161]]","[0,0,0,4]",4,0,"[{""x"":175,""y"":62,""rgba"":[0,0,0,4],""class"":""other_visible"",""wordmark_component_id"":null},{""x"":176,""y"":62,""rgba"":[186,186,186,176],""class"":""solid_achromatic_core"",""wordmark_component_id"":10},{""x"":176,""y"":63,""rgba"":[186,186,186,176],""class"":""solid_achromatic_core"",""wordmark_component_id"":10},{""x"":175,""y"":64,""rgba"":[0,0,0,4],""class"":""other_visible"",""wordmark_component_id"":null},{""x"":176,""y"":64,""rgba"":[186,186,186,176],""class"":""solid_achromatic_core"",""wordmark_component_id"":10}]",3,0,[13],[10],[10],3,"{""component_id"":10,""x"":176,""y"":63,""distance_px"":1.0,""rgba"":[186,186,186,176],""rgb_linf"":186}","{""class"":""ambiguous_chromatic_boundary"",""present"":true,""distance_px"":125.004,""coordinate"":[50,62],""rgb_linf"":0}","[{""class"":""ambiguous_chromatic_boundary"",""present"":true,""distance_px"":125.004,""coordinate"":[50,62],""rgb_linf"":0},{""class"":""chromatic_core"",""present"":true,""distance_px"":126.0,""coordinate"":[49,63],""rgb_linf"":137},{""class"":""confirmed_true_chromatic_AA"",""present"":true,""distance_px"":126.7754,""coordinate"":[49,49],""rgb_linf"":85}]",186,322.1614,186,0.491021,0.456286,False,176,176,True,False,False,direct unique preconfirmed glyph support,5,AMBIGUOUS,local RGB continuity to preconfirmed wordmark fails frozen max-channel distance 18
200,63,"[205.3799,63.9111]","[205,64]","[[71,112,76,0],[71,112,76,0],[71,112,76,0],[28,25,25,22],[28,25,25,22],[28,25,25,22],[226,226,226,221],[216,216,216,211],[216,216,216,211]]","[0,0,0,16]",16,0,"[{""x"":199,""y"":62,""rgba"":[191,191,191,4],""class"":""confirmed_wordmark"",""wordmark_component_id"":10},{""x"":200,""y"":62,""rgba"":[255,255,255,2],""class"":""other_visible"",""wordmark_component_id"":null},{""x"":201,""y"":62,""rgba"":[255,255,255,2],""class"":""other_visible"",""wordmark_component_id"":null},{""x"":199,""y"":63,""rgba"":[0,0,0,11],""class"":""confirmed_wordmark"",""wordmark_component_id"":10},{""x"":201,""y"":63,""rgba"":[0,0,0,14],""class"":""other_visible"",""wordmark_component_id"":null},{""x"":199,""y"":64,""rgba"":[219,219,219,206],""class"":""solid_achromatic_core"",""wordmark_component_id"":10},{""x"":200,""y"":64,""rgba"":[216,216,216,203],""class"":""solid_achromatic_core"",""wordmark_component_id"":10},{""x"":201,""y"":64,""rgba"":[217,217,217,203],""class"":""solid_achromatic_core"",""wordmark_component_id"":10}]",5,0,[14],[10],[10],3,"{""component_id"":10,""x"":199,""y"":63,""distance_px"":1.0,""rgba"":[0,0,0,11],""rgb_linf"":0}","{""class"":""ambiguous_chromatic_boundary"",""present"":true,""distance_px"":150.0033,""coordinate"":[50,62],""rgb_linf"":0}","[{""class"":""ambiguous_chromatic_boundary"",""present"":true,""distance_px"":150.0033,""coordinate"":[50,62],""rgb_linf"":0},{""class"":""chromatic_core"",""present"":true,""distance_px"":151.0,""coordinate"":[49,63],""rgb_linf"":137},{""class"":""confirmed_true_chromatic_AA"",""present"":true,""distance_px"":151.6476,""coordinate"":[49,49],""rgb_linf"":85}]",0,0.0,216,0.0,0.288379,True,206,206,True,True,False,direct unique preconfirmed glyph support,5,SAFE WORDMARK OWNERSHIP,one-hop attachment to already-confirmed safe wordmark AA; frozen RGB/luma/alpha evidence passes; no chaining
201,63,"[206.4338,63.9111]","[206,64]","[[71,112,76,0],[71,112,76,0],[71,112,76,0],[28,25,25,22],[28,25,25,22],[28,25,25,22],[216,216,216,211],[216,216,216,211],[216,216,216,211]]","[0,0,0,14]",14,0,"[{""x"":200,""y"":62,""rgba"":[255,255,255,2],""class"":""other_visible"",""wordmark_component_id"":null},{""x"":201,""y"":62,""rgba"":[255,255,255,2],""class"":""other_visible"",""wordmark_component_id"":null},{""x"":202,""y"":62,""rgba"":[255,255,255,2],""class"":""other_visible"",""wordmark_component_id"":null},{""x"":200,""y"":63,""rgba"":[0,0,0,16],""class"":""other_visible"",""wordmark_component_id"":null},{""x"":202,""y"":63,""rgba"":[0,0,0,14],""class"":""other_visible"",""wordmark_component_id"":null},{""x"":200,""y"":64,""rgba"":[216,216,216,203],""class"":""solid_achromatic_core"",""wordmark_component_id"":10},{""x"":201,""y"":64,""rgba"":[217,217,217,203],""class"":""solid_achromatic_core"",""wordmark_component_id"":10},{""x"":202,""y"":64,""rgba"":[216,216,216,203],""class"":""solid_achromatic_core"",""wordmark_component_id"":10}]",3,0,[14],[10],[10],3,"{""component_id"":10,""x"":201,""y"":64,""distance_px"":1.0,""rgba"":[217,217,217,203],""rgb_linf"":217}","{""class"":""ambiguous_chromatic_boundary"",""present"":true,""distance_px"":151.0033,""coordinate"":[50,62],""rgb_linf"":0}","[{""class"":""ambiguous_chromatic_boundary"",""present"":true,""distance_px"":151.0033,""coordinate"":[50,62],""rgb_linf"":0},{""class"":""chromatic_core"",""present"":true,""distance_px"":152.0,""coordinate"":[49,63],""rgb_linf"":137},{""class"":""confirmed_true_chromatic_AA"",""present"":true,""distance_px"":152.6434,""coordinate"":[49,49],""rgb_linf"":85}]",216,374.123,216,0.686685,0.288379,False,203,203,True,False,False,direct unique preconfirmed glyph support,5,AMBIGUOUS,local RGB continuity to preconfirmed wordmark fails frozen max-channel distance 18
202,63,"[207.4877,63.9111]","[207,64]","[[71,112,76,0],[71,112,76,0],[71,112,76,0],[28,25,25,22],[28,25,25,22],[28,25,25,22],[216,216,216,211],[216,216,216,211],[216,216,216,211]]","[0,0,0,14]",14,0,"[{""x"":201,""y"":62,""rgba"":[255,255,255,2],""class"":""other_visible"",""wordmark_component_id"":null},{""x"":202,""y"":62,""rgba"":[255,255,255,2],""class"":""other_visible"",""wordmark_component_id"":null},{""x"":203,""y"":62,""rgba"":[255,255,255,2],""class"":""other_visible"",""wordmark_component_id"":null},{""x"":201,""y"":63,""rgba"":[0,0,0,14],""class"":""other_visible"",""wordmark_component_id"":null},{""x"":203,""y"":63,""rgba"":[0,0,0,13],""class"":""other_visible"",""wordmark_component_id"":null},{""x"":201,""y"":64,""rgba"":[217,217,217,203],""class"":""solid_achromatic_core"",""wordmark_component_id"":10},{""x"":202,""y"":64,""rgba"":[216,216,216,203],""class"":""solid_achromatic_core"",""wordmark_component_id"":10},{""x"":203,""y"":64,""rgba"":[216,216,216,203],""class"":""solid_achromatic_core"",""wordmark_component_id"":10}]",3,0,[14],[10],[10],3,"{""component_id"":10,""x"":202,""y"":64,""distance_px"":1.0,""rgba"":[216,216,216,203],""rgb_linf"":216}","{""class"":""ambiguous_chromatic_boundary"",""present"":true,""distance_px"":152.0033,""coordinate"":[50,62],""rgb_linf"":0}","[{""class"":""ambiguous_chromatic_boundary"",""present"":true,""distance_px"":152.0033,""coordinate"":[50,62],""rgb_linf"":0},{""class"":""chromatic_core"",""present"":true,""distance_px"":153.0,""coordinate"":[49,63],""rgb_linf"":137},{""class"":""confirmed_true_chromatic_AA"",""present"":true,""distance_px"":153.6392,""coordinate"":[49,49],""rgb_linf"":85}]",216,374.123,216,0.686685,0.288379,False,203,203,True,False,False,direct unique preconfirmed glyph support,5,AMBIGUOUS,local RGB continuity to preconfirmed wordmark fails frozen max-channel distance 18
203,63,"[208.5417,63.9111]","[209,64]","[[71,112,76,0],[71,112,76,0],[71,112,76,0],[28,25,25,22],[28,25,25,22],[28,25,25,22],[216,216,216,211],[216,216,216,211],[216,216,216,211]]","[0,0,0,13]",13,0,"[{""x"":202,""y"":62,""rgba"":[255,255,255,2],""class"":""other_visible"",""wordmark_component_id"":null},{""x"":203,""y"":62,""rgba"":[255,255,255,2],""class"":""other_visible"",""wordmark_component_id"":null},{""x"":204,""y"":62,""rgba"":[191,191,191,4],""class"":""other_visible"",""wordmark_component_id"":null},{""x"":202,""y"":63,""rgba"":[0,0,0,14],""class"":""other_visible"",""wordmark_component_id"":null},{""x"":204,""y"":63,""rgba"":[0,0,0,18],""class"":""other_visible"",""wordmark_component_id"":null},{""x"":202,""y"":64,""rgba"":[216,216,216,203],""class"":""solid_achromatic_core"",""wordmark_component_id"":10},{""x"":203,""y"":64,""rgba"":[216,216,216,203],""class"":""solid_achromatic_core"",""wordmark_component_id"":10},{""x"":204,""y"":64,""rgba"":[216,216,216,203],""class"":""solid_achromatic_core"",""wordmark_component_id"":10}]",3,0,[14],[10],[10],3,"{""component_id"":10,""x"":203,""y"":64,""distance_px"":1.0,""rgba"":[216,216,216,203],""rgb_linf"":216}","{""class"":""ambiguous_chromatic_boundary"",""present"":true,""distance_px"":153.0033,""coordinate"":[50,62],""rgb_linf"":0}","[{""class"":""ambiguous_chromatic_boundary"",""present"":true,""distance_px"":153.0033,""coordinate"":[50,62],""rgb_linf"":0},{""class"":""chromatic_core"",""present"":true,""distance_px"":154.0,""coordinate"":[49,63],""rgb_linf"":137},{""class"":""confirmed_true_chromatic_AA"",""present"":true,""distance_px"":154.6351,""coordinate"":[49,49],""rgb_linf"":85}]",216,374.123,216,0.686685,0.295565,False,203,203,True,False,False,direct unique preconfirmed glyph support,5,AMBIGUOUS,local RGB continuity to preconfirmed wordmark fails frozen max-channel distance 18
204,63,"[209.5956,63.9111]","[210,64]","[[71,112,76,0],[71,112,76,0],[71,112,76,0],[28,25,25,22],[28,25,25,22],[6,4,5,3],[216,216,216,211],[216,216,216,211],[216,216,216,211]]","[0,0,0,18]",18,0,"[{""x"":203,""y"":62,""rgba"":[255,255,255,2],""class"":""other_visible"",""wordmark_component_id"":null},{""x"":204,""y"":62,""rgba"":[191,191,191,4],""class"":""other_visible"",""wordmark_component_id"":null},{""x"":205,""y"":62,""rgba"":[255,255,255,2],""class"":""other_visible"",""wordmark_component_id"":null},{""x"":203,""y"":63,""rgba"":[0,0,0,13],""class"":""other_visible"",""wordmark_component_id"":null},{""x"":205,""y"":63,""rgba"":[0,0,0,1],""class"":""confirmed_wordmark"",""wordmark_component_id"":10},{""x"":203,""y"":64,""rgba"":[216,216,216,203],""class"":""solid_achromatic_core"",""wordmark_component_id"":10},{""x"":204,""y"":64,""rgba"":[216,216,216,203],""class"":""solid_achromatic_core"",""wordmark_component_id"":10},{""x"":205,""y"":64,""rgba"":[218,218,218,203],""class"":""solid_achromatic_core"",""wordmark_component_id"":10}]",4,0,[14],[10],[10],3,"{""component_id"":10,""x"":204,""y"":64,""distance_px"":1.0,""rgba"":[216,216,216,203],""rgb_linf"":216}","{""class"":""ambiguous_chromatic_boundary"",""present"":true,""distance_px"":154.0032,""coordinate"":[50,62],""rgb_linf"":0}","[{""class"":""ambiguous_chromatic_boundary"",""present"":true,""distance_px"":154.0032,""coordinate"":[50,62],""rgb_linf"":0},{""class"":""chromatic_core"",""present"":true,""distance_px"":155.0,""coordinate"":[49,63],""rgb_linf"":137},{""class"":""confirmed_true_chromatic_AA"",""present"":true,""distance_px"":155.631,""coordinate"":[49,49],""rgb_linf"":85}]",0,0.0,216,0.0,0.281149,True,203,203,True,True,False,direct unique preconfirmed glyph support,5,SAFE WORDMARK OWNERSHIP,one-hop attachment to already-confirmed safe wordmark AA; frozen RGB/luma/alpha evidence passes; no chaining
82,64,"[81.0172,64.9556]","[81,65]","[[71,112,76,0],[28,25,25,22],[226,226,226,221],[71,112,76,0],[28,25,25,22],[216,216,216,211],[71,112,76,0],[28,25,25,22],[226,226,226,221]]","[58,58,58,26]",26,0,"[{""x"":82,""y"":63,""rgba"":[66,66,66,27],""class"":""other_visible"",""wordmark_component_id"":null},{""x"":83,""y"":63,""rgba"":[232,232,232,231],""class"":""solid_achromatic_core"",""wordmark_component_id"":7},{""x"":83,""y"":64,""rgba"":[224,224,224,224],""class"":""solid_achromatic_core"",""wordmark_component_id"":7},{""x"":82,""y"":65,""rgba"":[68,68,68,26],""class"":""other_visible"",""wordmark_component_id"":null},{""x"":83,""y"":65,""rgba"":[231,231,231,232],""class"":""solid_achromatic_core"",""wordmark_component_id"":7}]",3,0,[7],[7],[7],3,"{""component_id"":7,""x"":83,""y"":64,""distance_px"":1.0,""rgba"":[224,224,224,224],""rgb_linf"":166}","{""class"":""ambiguous_chromatic_boundary"",""present"":true,""distance_px"":32.0624,""coordinate"":[50,62],""rgb_linf"":58}","[{""class"":""ambiguous_chromatic_boundary"",""present"":true,""distance_px"":32.0624,""coordinate"":[50,62],""rgb_linf"":58},{""class"":""chromatic_core"",""present"":true,""distance_px"":33.0,""coordinate"":[49,64],""rgb_linf"":41},{""class"":""confirmed_true_chromatic_AA"",""present"":true,""distance_px"":36.2491,""coordinate"":[49,49],""rgb_linf"":58}]",166,287.5204,166,0.703093,0.113996,False,232,232,True,False,False,direct unique preconfirmed glyph support,5,AMBIGUOUS,local RGB continuity to preconfirmed wordmark fails frozen max-channel distance 18
104,64,"[104.2034,64.9556]","[104,65]","[[249,249,249,246],[45,37,38,42],[71,112,76,0],[249,249,249,246],[45,37,38,42],[71,112,76,0],[249,249,249,246],[45,37,38,42],[71,112,76,0]]","[0,0,0,19]",19,0,"[{""x"":103,""y"":63,""rgba"":[242,242,242,219],""class"":""solid_achromatic_core"",""wordmark_component_id"":8},{""x"":104,""y"":63,""rgba"":[0,0,0,18],""class"":""confirmed_wordmark"",""wordmark_component_id"":8},{""x"":105,""y"":63,""rgba"":[255,255,255,2],""class"":""other_visible"",""wordmark_component_id"":null},{""x"":103,""y"":64,""rgba"":[241,241,241,219],""class"":""solid_achromatic_core"",""wordmark_component_id"":8},{""x"":105,""y"":64,""rgba"":[255,255,255,2],""class"":""other_visible"",""wordmark_component_id"":null},{""x"":103,""y"":65,""rgba"":[241,241,241,219],""class"":""solid_achromatic_core"",""wordmark_component_id"":8},{""x"":104,""y"":65,""rgba"":[0,0,0,19],""class"":""other_visible"",""wordmark_component_id"":null},{""x"":105,""y"":65,""rgba"":[255,255,255,2],""class"":""other_visible"",""wordmark_component_id"":null}]",4,0,[8],[8],[8],3,"{""component_id"":8,""x"":103,""y"":64,""distance_px"":1.0,""rgba"":[241,241,241,219],""rgb_linf"":241}","{""class"":""ambiguous_chromatic_boundary"",""present"":true,""distance_px"":54.037,""coordinate"":[50,62],""rgb_linf"":0}","[{""class"":""ambiguous_chromatic_boundary"",""present"":true,""distance_px"":54.037,""coordinate"":[50,62],""rgb_linf"":0},{""class"":""chromatic_core"",""present"":true,""distance_px"":55.0,""coordinate"":[49,64],""rgb_linf"":99},{""class"":""confirmed_true_chromatic_AA"",""present"":true,""distance_px"":57.0088,""coordinate"":[49,49],""rgb_linf"":85}]",0,0.0,241,0.0,0.116227,True,219,219,True,True,False,direct unique preconfirmed glyph support,5,SAFE WORDMARK OWNERSHIP,one-hop attachment to already-confirmed safe wordmark AA; frozen RGB/luma/alpha evidence passes; no chaining
105,64,"[105.2574,64.9556]","[105,65]","[[45,37,38,42],[71,112,76,0],[6,4,5,3],[45,37,38,42],[71,112,76,0],[6,4,5,3],[45,37,38,42],[71,112,76,0],[6,4,5,3]]","[255,255,255,2]",2,0,"[{""x"":104,""y"":63,""rgba"":[0,0,0,18],""class"":""confirmed_wordmark"",""wordmark_component_id"":8},{""x"":105,""y"":63,""rgba"":[255,255,255,2],""class"":""other_visible"",""wordmark_component_id"":null},{""x"":106,""y"":63,""rgba"":[0,0,0,3],""class"":""other_visible"",""wordmark_component_id"":null},{""x"":104,""y"":64,""rgba"":[0,0,0,19],""class"":""other_visible"",""wordmark_component_id"":null},{""x"":106,""y"":64,""rgba"":[0,0,0,3],""class"":""other_visible"",""wordmark_component_id"":null},{""x"":104,""y"":65,""rgba"":[0,0,0,19],""class"":""other_visible"",""wordmark_component_id"":null},{""x"":105,""y"":65,""rgba"":[255,255,255,2],""class"":""other_visible"",""wordmark_component_id"":null},{""x"":106,""y"":65,""rgba"":[0,0,0,3],""class"":""other_visible"",""wordmark_component_id"":null}]",1,0,[],[],[8],0,"{""component_id"":8,""x"":104,""y"":63,""distance_px"":1.4142,""rgba"":[0,0,0,18],""rgb_linf"":255}","{""class"":""ambiguous_chromatic_boundary"",""present"":true,""distance_px"":55.0364,""coordinate"":[50,62],""rgb_linf"":255}","[{""class"":""ambiguous_chromatic_boundary"",""present"":true,""distance_px"":55.0364,""coordinate"":[50,62],""rgb_linf"":255},{""class"":""chromatic_core"",""present"":true,""distance_px"":56.0,""coordinate"":[49,64],""rgb_linf"":237},{""class"":""confirmed_true_chromatic_AA"",""present"":true,""distance_px"":57.9741,""coordinate"":[49,49],""rgb_linf"":255}]",255,441.6729,,1.0,0.883773,False,,18,True,True,False,direct unique preconfirmed glyph support,4,AMBIGUOUS,local RGB continuity to preconfirmed wordmark fails frozen max-channel distance 18
109,64,"[109.473,64.9556]","[109,65]","[[6,4,5,3],[71,112,76,0],[102,102,102,90],[6,4,5,3],[71,112,76,0],[102,102,102,90],[6,4,5,3],[71,112,76,0],[102,102,102,90]]","[0,0,0,23]",23,0,"[{""x"":109,""y"":63,""rgba"":[0,0,0,23],""class"":""other_visible"",""wordmark_component_id"":null},{""x"":110,""y"":63,""rgba"":[216,216,216,184],""class"":""solid_achromatic_core"",""wordmark_component_id"":8},{""x"":110,""y"":64,""rgba"":[216,216,216,185],""class"":""solid_achromatic_core"",""wordmark_component_id"":8},{""x"":109,""y"":65,""rgba"":[0,0,0,23],""class"":""other_visible"",""wordmark_component_id"":null},{""x"":110,""y"":65,""rgba"":[216,216,216,185],""class"":""solid_achromatic_core"",""wordmark_component_id"":8}]",3,0,[15],[8],[8],3,"{""component_id"":8,""x"":110,""y"":64,""distance_px"":1.0,""rgba"":[216,216,216,185],""rgb_linf"":216}","{""class"":""ambiguous_chromatic_boundary"",""present"":true,""distance_px"":59.0339,""coordinate"":[50,62],""rgb_linf"":0}","[{""class"":""ambiguous_chromatic_boundary"",""present"":true,""distance_px"":59.0339,""coordinate"":[50,62],""rgb_linf"":0},{""class"":""chromatic_core"",""present"":true,""distance_px"":60.0,""coordinate"":[49,64],""rgb_linf"":99},{""class"":""confirmed_true_chromatic_AA"",""present"":true,""distance_px"":61.8466,""coordinate"":[49,49],""rgb_linf"":85}]",216,374.123,216,0.686685,0.313315,False,185,185,True,False,False,direct unique preconfirmed glyph support,5,AMBIGUOUS,local RGB continuity to preconfirmed wordmark fails frozen max-channel distance 18
138,64,"[140.0368,64.9556]","[140,65]","[[216,216,216,211],[28,25,25,22],[71,112,76,0],[216,216,216,211],[28,25,25,22],[71,112,76,0],[216,216,216,211],[28,25,25,22],[71,112,76,0]]","[24,24,24,21]",21,0,"[{""x"":137,""y"":63,""rgba"":[219,219,219,214],""class"":""solid_achromatic_core"",""wordmark_component_id"":9},{""x"":138,""y"":63,""rgba"":[12,12,12,20],""class"":""other_visible"",""wordmark_component_id"":null},{""x"":137,""y"":64,""rgba"":[218,218,218,211],""class"":""solid_achromatic_core"",""wordmark_component_id"":9},{""x"":137,""y"":65,""rgba"":[217,217,217,211],""class"":""solid_achromatic_core"",""wordmark_component_id"":9},{""x"":138,""y"":65,""rgba"":[24,24,24,21],""class"":""other_visible"",""wordmark_component_id"":null}]",3,0,[10],[9],[9],3,"{""component_id"":9,""x"":137,""y"":64,""distance_px"":1.0,""rgba"":[218,218,218,211],""rgb_linf"":194}","{""class"":""ambiguous_chromatic_boundary"",""present"":true,""distance_px"":88.0227,""coordinate"":[50,62],""rgb_linf"":24}","[{""class"":""ambiguous_chromatic_boundary"",""present"":true,""distance_px"":88.0227,""coordinate"":[50,62],""rgb_linf"":24},{""class"":""chromatic_core"",""present"":true,""distance_px"":89.0,""coordinate"":[49,64],""rgb_linf"":75},{""class"":""confirmed_true_chromatic_AA"",""present"":true,""distance_px"":90.2552,""coordinate"":[49,49],""rgb_linf"":61}]",193,334.2858,193,0.684738,0.238931,False,214,214,True,False,False,direct unique preconfirmed glyph support,5,AMBIGUOUS,local RGB continuity to preconfirmed wordmark fails frozen max-channel distance 18
164,64,"[167.4387,64.9556]","[167,65]","[[6,4,5,3],[71,112,76,0],[102,102,102,90],[6,4,5,3],[71,112,76,0],[102,102,102,90],[6,4,5,3],[71,112,76,0],[102,102,102,90]]","[0,0,0,20]",20,0,"[{""x"":164,""y"":63,""rgba"":[0,0,0,20],""class"":""other_visible"",""wordmark_component_id"":null},{""x"":165,""y"":63,""rgba"":[213,213,213,180],""class"":""solid_achromatic_core"",""wordmark_component_id"":10},{""x"":165,""y"":64,""rgba"":[213,213,213,180],""class"":""solid_achromatic_core"",""wordmark_component_id"":10},{""x"":164,""y"":65,""rgba"":[0,0,0,20],""class"":""other_visible"",""wordmark_component_id"":null},{""x"":165,""y"":65,""rgba"":[213,213,213,180],""class"":""solid_achromatic_core"",""wordmark_component_id"":10}]",3,0,[12],[10],[10],3,"{""component_id"":10,""x"":165,""y"":64,""distance_px"":1.0,""rgba"":[213,213,213,180],""rgb_linf"":213}","{""class"":""ambiguous_chromatic_boundary"",""present"":true,""distance_px"":114.0175,""coordinate"":[50,62],""rgb_linf"":0}","[{""class"":""ambiguous_chromatic_boundary"",""present"":true,""distance_px"":114.0175,""coordinate"":[50,62],""rgb_linf"":0},{""class"":""chromatic_core"",""present"":true,""distance_px"":115.0,""coordinate"":[49,64],""rgb_linf"":99},{""class"":""confirmed_true_chromatic_AA"",""present"":true,""distance_px"":115.9741,""coordinate"":[49,49],""rgb_linf"":85}]",213,368.9268,213,0.665387,0.334613,False,180,180,True,False,False,direct unique preconfirmed glyph support,5,AMBIGUOUS,local RGB continuity to preconfirmed wordmark fails frozen max-channel distance 18
175,64,"[179.0319,64.9556]","[179,65]","[[71,112,76,0],[71,112,76,0],[173,173,173,161],[71,112,76,0],[71,112,76,0],[173,173,173,161],[71,112,76,0],[71,112,76,0],[173,173,173,161]]","[0,0,0,4]",4,0,"[{""x"":175,""y"":63,""rgba"":[0,0,0,4],""class"":""other_visible"",""wordmark_component_id"":null},{""x"":176,""y"":63,""rgba"":[186,186,186,176],""class"":""solid_achromatic_core"",""wordmark_component_id"":10},{""x"":176,""y"":64,""rgba"":[186,186,186,176],""class"":""solid_achromatic_core"",""wordmark_component_id"":10},{""x"":175,""y"":65,""rgba"":[0,0,0,4],""class"":""other_visible"",""wordmark_component_id"":null},{""x"":176,""y"":65,""rgba"":[186,186,186,176],""class"":""solid_achromatic_core"",""wordmark_component_id"":10}]",3,0,[13],[10],[10],3,"{""component_id"":10,""x"":176,""y"":64,""distance_px"":1.0,""rgba"":[186,186,186,176],""rgb_linf"":186}","{""class"":""ambiguous_chromatic_boundary"",""present"":true,""distance_px"":125.016,""coordinate"":[50,62],""rgb_linf"":0}","[{""class"":""ambiguous_chromatic_boundary"",""present"":true,""distance_px"":125.016,""coordinate"":[50,62],""rgb_linf"":0},{""class"":""chromatic_core"",""present"":true,""distance_px"":126.0,""coordinate"":[49,64],""rgb_linf"":99},{""class"":""confirmed_true_chromatic_AA"",""present"":true,""distance_px"":126.8897,""coordinate"":[49,49],""rgb_linf"":85}]",186,322.1614,186,0.491021,0.456286,False,176,176,True,False,False,direct unique preconfirmed glyph support,5,AMBIGUOUS,local RGB continuity to preconfirmed wordmark fails frozen max-channel distance 18
82,65,"[81.0172,66.0]","[81,66]","[[71,112,76,0],[28,25,25,22],[216,216,216,211],[71,112,76,0],[28,25,25,22],[226,226,226,221],[71,112,76,0],[28,25,25,22],[226,226,226,221]]","[68,68,68,26]",26,0,"[{""x"":82,""y"":64,""rgba"":[58,58,58,26],""class"":""other_visible"",""wordmark_component_id"":null},{""x"":83,""y"":64,""rgba"":[224,224,224,224],""class"":""solid_achromatic_core"",""wordmark_component_id"":7},{""x"":83,""y"":65,""rgba"":[231,231,231,232],""class"":""solid_achromatic_core"",""wordmark_component_id"":7},{""x"":82,""y"":66,""rgba"":[68,68,68,26],""class"":""other_visible"",""wordmark_component_id"":null},{""x"":83,""y"":66,""rgba"":[233,233,233,232],""class"":""solid_achromatic_core"",""wordmark_component_id"":7}]",3,0,[7],[7],[7],3,"{""component_id"":7,""x"":83,""y"":65,""distance_px"":1.0,""rgba"":[231,231,231,232],""rgb_linf"":163}","{""class"":""ambiguous_chromatic_boundary"",""present"":true,""distance_px"":32.0156,""coordinate"":[50,66],""rgb_linf"":187}","[{""class"":""ambiguous_chromatic_boundary"",""present"":true,""distance_px"":32.0156,""coordinate"":[50,66],""rgb_linf"":187},{""class"":""chromatic_core"",""present"":true,""distance_px"":33.0,""coordinate"":[49,65],""rgb_linf"":64},{""class"":""confirmed_true_chromatic_AA"",""present"":true,""distance_px"":36.6742,""coordinate"":[49,49],""rgb_linf"":68}]",156,270.1999,156,0.687599,0.098252,False,232,232,True,False,False,direct unique preconfirmed glyph support,5,AMBIGUOUS,local RGB continuity to preconfirmed wordmark fails frozen max-channel distance 18
104,65,"[104.2034,66.0]","[104,66]","[[249,249,249,246],[45,37,38,42],[71,112,76,0],[249,249,249,246],[45,37,38,42],[71,112,76,0],[249,249,249,246],[45,37,38,42],[71,112,76,0]]","[0,0,0,19]",19,0,"[{""x"":103,""y"":64,""rgba"":[241,241,241,219],""class"":""solid_achromatic_core"",""wordmark_component_id"":8},{""x"":104,""y"":64,""rgba"":[0,0,0,19],""class"":""other_visible"",""wordmark_component_id"":null},{""x"":105,""y"":64,""rgba"":[255,255,255,2],""class"":""other_visible"",""wordmark_component_id"":null},{""x"":103,""y"":65,""rgba"":[241,241,241,219],""class"":""solid_achromatic_core"",""wordmark_component_id"":8},{""x"":105,""y"":65,""rgba"":[255,255,255,2],""class"":""other_visible"",""wordmark_component_id"":null},{""x"":103,""y"":66,""rgba"":[241,241,241,219],""class"":""solid_achromatic_core"",""wordmark_component_id"":8},{""x"":104,""y"":66,""rgba"":[0,0,0,19],""class"":""other_visible"",""wordmark_component_id"":null},{""x"":105,""y"":66,""rgba"":[255,255,255,2],""class"":""other_visible"",""wordmark_component_id"":null}]",3,0,[8],[8],[8],3,"{""component_id"":8,""x"":103,""y"":65,""distance_px"":1.0,""rgba"":[241,241,241,219],""rgb_linf"":241}","{""class"":""ambiguous_chromatic_boundary"",""present"":true,""distance_px"":54.0093,""coordinate"":[50,66],""rgb_linf"":255}","[{""class"":""ambiguous_chromatic_boundary"",""present"":true,""distance_px"":54.0093,""coordinate"":[50,66],""rgb_linf"":255},{""class"":""chromatic_core"",""present"":true,""distance_px"":55.0,""coordinate"":[49,65],""rgb_linf"":27},{""class"":""confirmed_true_chromatic_AA"",""present"":true,""distance_px"":57.28,""coordinate"":[49,49],""rgb_linf"":85}]",241,417.4243,241,0.879622,0.120378,False,219,219,True,False,False,direct unique preconfirmed glyph support,5,AMBIGUOUS,local RGB continuity to preconfirmed wordmark fails frozen max-channel distance 18
109,65,"[109.473,66.0]","[109,66]","[[6,4,5,3],[71,112,76,0],[102,102,102,90],[6,4,5,3],[71,112,76,0],[102,102,102,90],[6,4,5,3],[71,112,76,0],[102,102,102,90]]","[0,0,0,23]",23,0,"[{""x"":109,""y"":64,""rgba"":[0,0,0,23],""class"":""other_visible"",""wordmark_component_id"":null},{""x"":110,""y"":64,""rgba"":[216,216,216,185],""class"":""solid_achromatic_core"",""wordmark_component_id"":8},{""x"":110,""y"":65,""rgba"":[216,216,216,185],""class"":""solid_achromatic_core"",""wordmark_component_id"":8},{""x"":109,""y"":66,""rgba"":[0,0,0,23],""class"":""other_visible"",""wordmark_component_id"":null},{""x"":110,""y"":66,""rgba"":[216,216,216,185],""class"":""solid_achromatic_core"",""wordmark_component_id"":8}]",3,0,[15],[8],[8],3,"{""component_id"":8,""x"":110,""y"":65,""distance_px"":1.0,""rgba"":[216,216,216,185],""rgb_linf"":216}","{""class"":""ambiguous_chromatic_boundary"",""present"":true,""distance_px"":59.0085,""coordinate"":[50,66],""rgb_linf"":255}","[{""class"":""ambiguous_chromatic_boundary"",""present"":true,""distance_px"":59.0085,""coordinate"":[50,66],""rgb_linf"":255},{""class"":""chromatic_core"",""present"":true,""distance_px"":60.0,""coordinate"":[49,65],""rgb_linf"":27},{""class"":""confirmed_true_chromatic_AA"",""present"":true,""distance_px"":62.0967,""coordinate"":[49,49],""rgb_linf"":85}]",216,374.123,216,0.686685,0.313315,False,185,185,True,False,False,direct unique preconfirmed glyph support,5,AMBIGUOUS,local RGB continuity to preconfirmed wordmark fails frozen max-channel distance 18
122,65,"[123.174,66.0]","[123,66]","[[6,4,5,3],[71,112,76,0],[71,112,76,0],[6,4,5,3],[71,112,76,0],[6,4,5,3],[6,4,5,3],[71,112,76,0],[71,112,76,0]]","[170,170,170,3]",3,0,"[{""x"":123,""y"":64,""rgba"":[0,0,0,9],""class"":""confirmed_wordmark"",""wordmark_component_id"":9},{""x"":122,""y"":66,""rgba"":[255,255,255,2],""class"":""other_visible"",""wordmark_component_id"":null}]",1,0,[],[],[9],0,"{""component_id"":9,""x"":123,""y"":64,""distance_px"":1.4142,""rgba"":[0,0,0,9],""rgb_linf"":170}","{""class"":""ambiguous_chromatic_boundary"",""present"":true,""distance_px"":72.0069,""coordinate"":[50,66],""rgb_linf"":170}","[{""class"":""ambiguous_chromatic_boundary"",""present"":true,""distance_px"":72.0069,""coordinate"":[50,66],""rgb_linf"":170},{""class"":""chromatic_core"",""present"":true,""distance_px"":73.0,""coordinate"":[49,65],""rgb_linf"":166},{""class"":""confirmed_true_chromatic_AA"",""present"":true,""distance_px"":74.7329,""coordinate"":[49,49],""rgb_linf"":170}]",170,294.4486,,0.401978,0.434154,True,,9,True,True,False,direct unique preconfirmed glyph support,4,AMBIGUOUS,local RGB continuity to preconfirmed wordmark fails frozen max-channel distance 18
138,65,"[140.0368,66.0]","[140,66]","[[216,216,216,211],[28,25,25,22],[71,112,76,0],[216,216,216,211],[28,25,25,22],[71,112,76,0],[216,216,216,211],[28,25,25,22],[71,112,76,0]]","[24,24,24,21]",21,0,"[{""x"":137,""y"":64,""rgba"":[218,218,218,211],""class"":""solid_achromatic_core"",""wordmark_component_id"":9},{""x"":138,""y"":64,""rgba"":[24,24,24,21],""class"":""other_visible"",""wordmark_component_id"":null},{""x"":137,""y"":65,""rgba"":[217,217,217,211],""class"":""solid_achromatic_core"",""wordmark_component_id"":9},{""x"":137,""y"":66,""rgba"":[219,219,219,214],""class"":""solid_achromatic_core"",""wordmark_component_id"":9},{""x"":138,""y"":66,""rgba"":[12,12,12,20],""class"":""other_visible"",""wordmark_component_id"":null}]",3,0,[10],[9],[9],3,"{""component_id"":9,""x"":137,""y"":65,""distance_px"":1.0,""rgba"":[217,217,217,211],""rgb_linf"":193}","{""class"":""ambiguous_chromatic_boundary"",""present"":true,""distance_px"":88.0057,""coordinate"":[50,66],""rgb_linf"":231}","[{""class"":""ambiguous_chromatic_boundary"",""present"":true,""distance_px"":88.0057,""coordinate"":[50,66],""rgb_linf"":231},{""class"":""chromatic_core"",""present"":true,""distance_px"":89.0,""coordinate"":[49,65],""rgb_linf"":20},{""class"":""confirmed_true_chromatic_AA"",""present"":true,""distance_px"":90.4268,""coordinate"":[49,49],""rgb_linf"":61}]",193,334.2858,193,0.684738,0.246205,False,214,214,True,False,False,direct unique preconfirmed glyph support,5,AMBIGUOUS,local RGB continuity to preconfirmed wordmark fails frozen max-channel distance 18
164,65,"[167.4387,66.0]","[167,66]","[[6,4,5,3],[71,112,76,0],[102,102,102,90],[6,4,5,3],[71,112,76,0],[102,102,102,90],[6,4,5,3],[71,112,76,0],[102,102,102,90]]","[0,0,0,20]",20,0,"[{""x"":164,""y"":64,""rgba"":[0,0,0,20],""class"":""other_visible"",""wordmark_component_id"":null},{""x"":165,""y"":64,""rgba"":[213,213,213,180],""class"":""solid_achromatic_core"",""wordmark_component_id"":10},{""x"":165,""y"":65,""rgba"":[213,213,213,180],""class"":""solid_achromatic_core"",""wordmark_component_id"":10},{""x"":164,""y"":66,""rgba"":[0,0,0,20],""class"":""other_visible"",""wordmark_component_id"":null},{""x"":165,""y"":66,""rgba"":[213,213,213,180],""class"":""solid_achromatic_core"",""wordmark_component_id"":10}]",3,0,[12],[10],[10],3,"{""component_id"":10,""x"":165,""y"":65,""distance_px"":1.0,""rgba"":[213,213,213,180],""rgb_linf"":213}","{""class"":""ambiguous_chromatic_boundary"",""present"":true,""distance_px"":114.0044,""coordinate"":[50,66],""rgb_linf"":255}","[{""class"":""ambiguous_chromatic_boundary"",""present"":true,""distance_px"":114.0044,""coordinate"":[50,66],""rgb_linf"":255},{""class"":""chromatic_core"",""present"":true,""distance_px"":115.0,""coordinate"":[49,65],""rgb_linf"":27},{""class"":""confirmed_true_chromatic_AA"",""present"":true,""distance_px"":116.1077,""coordinate"":[49,49],""rgb_linf"":85}]",213,368.9268,213,0.665387,0.334613,False,180,180,True,False,False,direct unique preconfirmed glyph support,5,AMBIGUOUS,local RGB continuity to preconfirmed wordmark fails frozen max-channel distance 18
175,65,"[179.0319,66.0]","[179,66]","[[71,112,76,0],[71,112,76,0],[173,173,173,161],[71,112,76,0],[71,112,76,0],[173,173,173,161],[71,112,76,0],[71,112,76,0],[173,173,173,161]]","[0,0,0,4]",4,0,"[{""x"":175,""y"":64,""rgba"":[0,0,0,4],""class"":""other_visible"",""wordmark_component_id"":null},{""x"":176,""y"":64,""rgba"":[186,186,186,176],""class"":""solid_achromatic_core"",""wordmark_component_id"":10},{""x"":176,""y"":65,""rgba"":[186,186,186,176],""class"":""solid_achromatic_core"",""wordmark_component_id"":10},{""x"":175,""y"":66,""rgba"":[0,0,0,4],""class"":""confirmed_wordmark"",""wordmark_component_id"":10},{""x"":176,""y"":66,""rgba"":[186,186,186,176],""class"":""solid_achromatic_core"",""wordmark_component_id"":10}]",4,0,[13],[10],[10],3,"{""component_id"":10,""x"":175,""y"":66,""distance_px"":1.0,""rgba"":[0,0,0,4],""rgb_linf"":0}","{""class"":""ambiguous_chromatic_boundary"",""present"":true,""distance_px"":125.004,""coordinate"":[50,66],""rgb_linf"":255}","[{""class"":""ambiguous_chromatic_boundary"",""present"":true,""distance_px"":125.004,""coordinate"":[50,66],""rgb_linf"":255},{""class"":""chromatic_core"",""present"":true,""distance_px"":126.0,""coordinate"":[49,65],""rgb_linf"":27},{""class"":""confirmed_true_chromatic_AA"",""present"":true,""distance_px"":127.0118,""coordinate"":[49,49],""rgb_linf"":85}]",0,0.0,186,0.0,0.456286,True,176,176,True,True,False,direct unique preconfirmed glyph support,5,SAFE WORDMARK OWNERSHIP,one-hop attachment to already-confirmed safe wordmark AA; frozen RGB/luma/alpha evidence passes; no chaining
193,65,"[198.0025,66.0]","[198,66]","[[71,112,76,0],[6,4,5,3],[71,112,76,0],[71,112,76,0],[6,4,5,3],[71,112,76,0],[71,112,76,0],[6,4,5,3],[71,112,76,0]]","[0,0,0,1]",1,0,"[{""x"":192,""y"":64,""rgba"":[0,0,0,2],""class"":""confirmed_wordmark"",""wordmark_component_id"":10},{""x"":192,""y"":65,""rgba"":[0,0,0,2],""class"":""confirmed_wordmark"",""wordmark_component_id"":10},{""x"":192,""y"":66,""rgba"":[0,0,0,2],""class"":""confirmed_wordmark"",""wordmark_component_id"":10},{""x"":194,""y"":66,""rgba"":[0,0,0,9],""class"":""confirmed_wordmark"",""wordmark_component_id"":10}]",4,0,[],[],[10],0,"{""component_id"":10,""x"":192,""y"":65,""distance_px"":1.0,""rgba"":[0,0,0,2],""rgb_linf"":0}","{""class"":""ambiguous_chromatic_boundary"",""present"":true,""distance_px"":143.0035,""coordinate"":[50,66],""rgb_linf"":255}","[{""class"":""ambiguous_chromatic_boundary"",""present"":true,""distance_px"":143.0035,""coordinate"":[50,66],""rgb_linf"":255},{""class"":""chromatic_core"",""present"":true,""distance_px"":144.0,""coordinate"":[49,65],""rgb_linf"":27},{""class"":""confirmed_true_chromatic_AA"",""present"":true,""distance_px"":144.8862,""coordinate"":[49,49],""rgb_linf"":85}]",0,0.0,,0.0,0.313989,True,,9,True,True,False,direct unique preconfirmed glyph support,4,SAFE WORDMARK OWNERSHIP,one-hop attachment to already-confirmed safe wordmark AA; frozen RGB/luma/alpha evidence passes; no chaining
82,66,"[81.0172,67.0444]","[81,67]","[[71,112,76,0],[28,25,25,22],[226,226,226,221],[71,112,76,0],[28,25,25,22],[226,226,226,221],[71,112,76,0],[28,25,25,22],[226,226,226,221]]","[68,68,68,26]",26,0,"[{""x"":82,""y"":65,""rgba"":[68,68,68,26],""class"":""other_visible"",""wordmark_component_id"":null},{""x"":83,""y"":65,""rgba"":[231,231,231,232],""class"":""solid_achromatic_core"",""wordmark_component_id"":7},{""x"":83,""y"":66,""rgba"":[233,233,233,232],""class"":""solid_achromatic_core"",""wordmark_component_id"":7},{""x"":82,""y"":67,""rgba"":[68,68,68,26],""class"":""other_visible"",""wordmark_component_id"":null},{""x"":83,""y"":67,""rgba"":[233,233,233,232],""class"":""solid_achromatic_core"",""wordmark_component_id"":7}]",3,0,[7],[7],[7],3,"{""component_id"":7,""x"":83,""y"":66,""distance_px"":1.0,""rgba"":[233,233,233,232],""rgb_linf"":165}","{""class"":""ambiguous_chromatic_boundary"",""present"":true,""distance_px"":32.0,""coordinate"":[50,66],""rgb_linf"":187}","[{""class"":""ambiguous_chromatic_boundary"",""present"":true,""distance_px"":32.0,""coordinate"":[50,66],""rgb_linf"":187},{""class"":""chromatic_core"",""present"":true,""distance_px"":33.0151,""coordinate"":[49,65],""rgb_linf"":64},{""class"":""confirmed_true_chromatic_AA"",""present"":true,""distance_px"":37.1214,""coordinate"":[49,49],""rgb_linf"":68}]",163,282.3243,163,0.741297,0.098252,False,232,232,True,False,False,direct unique preconfirmed glyph support,5,AMBIGUOUS,local RGB continuity to preconfirmed wordmark fails frozen max-channel distance 18
104,66,"[104.2034,67.0444]","[104,67]","[[249,249,249,246],[45,37,38,42],[71,112,76,0],[249,249,249,246],[45,37,38,42],[71,112,76,0],[249,249,249,246],[45,37,38,42],[71,112,76,0]]","[0,0,0,19]",19,0,"[{""x"":103,""y"":65,""rgba"":[241,241,241,219],""class"":""solid_achromatic_core"",""wordmark_component_id"":8},{""x"":104,""y"":65,""rgba"":[0,0,0,19],""class"":""other_visible"",""wordmark_component_id"":null},{""x"":105,""y"":65,""rgba"":[255,255,255,2],""class"":""other_visible"",""wordmark_component_id"":null},{""x"":103,""y"":66,""rgba"":[241,241,241,219],""class"":""solid_achromatic_core"",""wordmark_component_id"":8},{""x"":105,""y"":66,""rgba"":[255,255,255,2],""class"":""other_visible"",""wordmark_component_id"":null},{""x"":103,""y"":67,""rgba"":[241,241,241,219],""class"":""solid_achromatic_core"",""wordmark_component_id"":8},{""x"":104,""y"":67,""rgba"":[0,0,0,19],""class"":""other_visible"",""wordmark_component_id"":null},{""x"":105,""y"":67,""rgba"":[255,255,255,2],""class"":""other_visible"",""wordmark_component_id"":null}]",3,0,[8],[8],[8],3,"{""component_id"":8,""x"":103,""y"":66,""distance_px"":1.0,""rgba"":[241,241,241,219],""rgb_linf"":241}","{""class"":""ambiguous_chromatic_boundary"",""present"":true,""distance_px"":54.0,""coordinate"":[50,66],""rgb_linf"":255}","[{""class"":""ambiguous_chromatic_boundary"",""present"":true,""distance_px"":54.0,""coordinate"":[50,66],""rgb_linf"":255},{""class"":""chromatic_core"",""present"":true,""distance_px"":55.0091,""coordinate"":[49,65],""rgb_linf"":27},{""class"":""confirmed_true_chromatic_AA"",""present"":true,""distance_px"":57.5674,""coordinate"":[49,49],""rgb_linf"":85}]",241,417.4243,241,0.879622,0.120378,False,219,219,True,False,False,direct unique preconfirmed glyph support,5,AMBIGUOUS,local RGB continuity to preconfirmed wordmark fails frozen max-channel distance 18
109,66,"[109.473,67.0444]","[109,67]","[[6,4,5,3],[71,112,76,0],[102,102,102,90],[6,4,5,3],[71,112,76,0],[102,102,102,90],[6,4,5,3],[71,112,76,0],[102,102,102,90]]","[0,0,0,23]",23,0,"[{""x"":109,""y"":65,""rgba"":[0,0,0,23],""class"":""other_visible"",""wordmark_component_id"":null},{""x"":110,""y"":65,""rgba"":[216,216,216,185],""class"":""solid_achromatic_core"",""wordmark_component_id"":8},{""x"":110,""y"":66,""rgba"":[216,216,216,185],""class"":""solid_achromatic_core"",""wordmark_component_id"":8},{""x"":109,""y"":67,""rgba"":[0,0,0,23],""class"":""other_visible"",""wordmark_component_id"":null},{""x"":110,""y"":67,""rgba"":[216,216,216,185],""class"":""solid_achromatic_core"",""wordmark_component_id"":8}]",3,0,[15],[8],[8],3,"{""component_id"":8,""x"":110,""y"":66,""distance_px"":1.0,""rgba"":[216,216,216,185],""rgb_linf"":216}","{""class"":""ambiguous_chromatic_boundary"",""present"":true,""distance_px"":59.0,""coordinate"":[50,66],""rgb_linf"":255}","[{""class"":""ambiguous_chromatic_boundary"",""present"":true,""distance_px"":59.0,""coordinate"":[50,66],""rgb_linf"":255},{""class"":""chromatic_core"",""present"":true,""distance_px"":60.0083,""coordinate"":[49,65],""rgb_linf"":27},{""class"":""confirmed_true_chromatic_AA"",""present"":true,""distance_px"":62.3618,""coordinate"":[49,49],""rgb_linf"":85}]",216,374.123,216,0.686685,0.313315,False,185,185,True,False,False,direct unique preconfirmed glyph support,5,AMBIGUOUS,local RGB continuity to preconfirmed wordmark fails frozen max-channel distance 18
138,66,"[140.0368,67.0444]","[140,67]","[[216,216,216,211],[28,25,25,22],[71,112,76,0],[216,216,216,211],[28,25,25,22],[71,112,76,0],[216,216,216,211],[28,25,25,22],[71,112,76,0]]","[12,12,12,20]",20,0,"[{""x"":137,""y"":65,""rgba"":[217,217,217,211],""class"":""solid_achromatic_core"",""wordmark_component_id"":9},{""x"":138,""y"":65,""rgba"":[24,24,24,21],""class"":""other_visible"",""wordmark_component_id"":null},{""x"":137,""y"":66,""rgba"":[219,219,219,214],""class"":""solid_achromatic_core"",""wordmark_component_id"":9},{""x"":137,""y"":67,""rgba"":[220,220,220,213],""class"":""solid_achromatic_core"",""wordmark_component_id"":9},{""x"":138,""y"":67,""rgba"":[13,13,13,19],""class"":""other_visible"",""wordmark_component_id"":null}]",3,0,[10],[9],[9],3,"{""component_id"":9,""x"":137,""y"":66,""distance_px"":1.0,""rgba"":[219,219,219,214],""rgb_linf"":207}","{""class"":""ambiguous_chromatic_boundary"",""present"":true,""distance_px"":88.0,""coordinate"":[50,66],""rgb_linf"":243}","[{""class"":""ambiguous_chromatic_boundary"",""present"":true,""distance_px"":88.0,""coordinate"":[50,66],""rgb_linf"":243},{""class"":""chromatic_core"",""present"":true,""distance_px"":89.0056,""coordinate"":[49,65],""rgb_linf"":15},{""class"":""confirmed_true_chromatic_AA"",""present"":true,""distance_px"":90.6091,""coordinate"":[49,49],""rgb_linf"":73}]",205,355.0704,205,0.690195,0.24028,False,214,214,True,False,False,direct unique preconfirmed glyph support,5,AMBIGUOUS,local RGB continuity to preconfirmed wordmark fails frozen max-channel distance 18
164,66,"[167.4387,67.0444]","[167,67]","[[6,4,5,3],[71,112,76,0],[102,102,102,90],[6,4,5,3],[71,112,76,0],[102,102,102,90],[6,4,5,3],[71,112,76,0],[102,102,102,90]]","[0,0,0,20]",20,0,"[{""x"":164,""y"":65,""rgba"":[0,0,0,20],""class"":""other_visible"",""wordmark_component_id"":null},{""x"":165,""y"":65,""rgba"":[213,213,213,180],""class"":""solid_achromatic_core"",""wordmark_component_id"":10},{""x"":165,""y"":66,""rgba"":[213,213,213,180],""class"":""solid_achromatic_core"",""wordmark_component_id"":10},{""x"":164,""y"":67,""rgba"":[0,0,0,20],""class"":""other_visible"",""wordmark_component_id"":null},{""x"":165,""y"":67,""rgba"":[213,213,213,180],""class"":""solid_achromatic_core"",""wordmark_component_id"":10}]",3,0,[12],[10],[10],3,"{""component_id"":10,""x"":165,""y"":66,""distance_px"":1.0,""rgba"":[213,213,213,180],""rgb_linf"":213}","{""class"":""ambiguous_chromatic_boundary"",""present"":true,""distance_px"":114.0,""coordinate"":[50,66],""rgb_linf"":255}","[{""class"":""ambiguous_chromatic_boundary"",""present"":true,""distance_px"":114.0,""coordinate"":[50,66],""rgb_linf"":255},{""class"":""chromatic_core"",""present"":true,""distance_px"":115.0043,""coordinate"":[49,65],""rgb_linf"":27},{""class"":""confirmed_true_chromatic_AA"",""present"":true,""distance_px"":116.2497,""coordinate"":[49,49],""rgb_linf"":85}]",213,368.9268,213,0.665387,0.334613,False,180,180,True,False,False,direct unique preconfirmed glyph support,5,AMBIGUOUS,local RGB continuity to preconfirmed wordmark fails frozen max-channel distance 18
66,67,"[64.1544,68.0889]","[64,68]","[[71,112,76,0],[6,4,5,3],[71,112,76,0],[71,112,76,0],[71,112,76,0],[6,4,5,3],[71,112,76,0],[71,112,76,0],[71,112,76,0]]","[0,0,0,1]",1,0,"[{""x"":66,""y"":66,""rgba"":[0,0,0,3],""class"":""confirmed_wordmark"",""wordmark_component_id"":6},{""x"":67,""y"":67,""rgba"":[0,0,0,3],""class"":""other_visible"",""wordmark_component_id"":null}]",1,0,[],[],[6],0,"{""component_id"":6,""x"":66,""y"":66,""distance_px"":1.0,""rgba"":[0,0,0,3],""rgb_linf"":0}","{""class"":""ambiguous_chromatic_boundary"",""present"":true,""distance_px"":16.0312,""coordinate"":[50,66],""rgb_linf"":255}","[{""class"":""ambiguous_chromatic_boundary"",""present"":true,""distance_px"":16.0312,""coordinate"":[50,66],""rgb_linf"":255},{""class"":""chromatic_core"",""present"":true,""distance_px"":17.1172,""coordinate"":[49,65],""rgb_linf"":27},{""class"":""confirmed_true_chromatic_AA"",""present"":true,""distance_px"":24.7588,""coordinate"":[49,49],""rgb_linf"":85}]",0,0.0,,0.0,0.066626,True,,3,True,True,False,direct unique preconfirmed glyph support,4,SAFE WORDMARK OWNERSHIP,one-hop attachment to already-confirmed safe wordmark AA; frozen RGB/luma/alpha evidence passes; no chaining
67,67,"[65.2083,68.0889]","[65,68]","[[6,4,5,3],[71,112,76,0],[71,112,76,0],[71,112,76,0],[6,4,5,3],[71,112,76,0],[71,112,76,0],[71,112,76,0],[71,112,76,0]]","[0,0,0,3]",3,0,"[{""x"":66,""y"":66,""rgba"":[0,0,0,3],""class"":""confirmed_wordmark"",""wordmark_component_id"":6},{""x"":68,""y"":66,""rgba"":[0,0,0,5],""class"":""confirmed_wordmark"",""wordmark_component_id"":6},{""x"":66,""y"":67,""rgba"":[0,0,0,1],""class"":""other_visible"",""wordmark_component_id"":null}]",2,0,[],[],[6],0,"{""component_id"":6,""x"":66,""y"":66,""distance_px"":1.4142,""rgba"":[0,0,0,3],""rgb_linf"":0}","{""class"":""ambiguous_chromatic_boundary"",""present"":true,""distance_px"":17.0294,""coordinate"":[50,66],""rgb_linf"":255}","[{""class"":""ambiguous_chromatic_boundary"",""present"":true,""distance_px"":17.0294,""coordinate"":[50,66],""rgb_linf"":255},{""class"":""chromatic_core"",""present"":true,""distance_px"":18.1108,""coordinate"":[49,65],""rgb_linf"":27},{""class"":""confirmed_true_chromatic_AA"",""present"":true,""distance_px"":25.4558,""coordinate"":[49,49],""rgb_linf"":85}]",0,0.0,,0.0,0.066626,True,,5,True,True,False,direct unique preconfirmed glyph support,4,SAFE WORDMARK OWNERSHIP,one-hop attachment to already-confirmed safe wordmark AA; frozen RGB/luma/alpha evidence passes; no chaining
82,67,"[81.0172,68.0889]","[81,68]","[[71,112,76,0],[28,25,25,22],[226,226,226,221],[71,112,76,0],[28,25,25,22],[226,226,226,221],[71,112,76,0],[28,25,25,22],[226,226,226,221]]","[68,68,68,26]",26,0,"[{""x"":82,""y"":66,""rgba"":[68,68,68,26],""class"":""other_visible"",""wordmark_component_id"":null},{""x"":83,""y"":66,""rgba"":[233,233,233,232],""class"":""solid_achromatic_core"",""wordmark_component_id"":7},{""x"":83,""y"":67,""rgba"":[233,233,233,232],""class"":""solid_achromatic_core"",""wordmark_component_id"":7},{""x"":82,""y"":68,""rgba"":[66,66,66,27],""class"":""other_visible"",""wordmark_component_id"":null},{""x"":83,""y"":68,""rgba"":[233,233,233,233],""class"":""solid_achromatic_core"",""wordmark_component_id"":7}]",3,0,[7],[7],[7],3,"{""component_id"":7,""x"":83,""y"":67,""distance_px"":1.0,""rgba"":[233,233,233,232],""rgb_linf"":165}","{""class"":""ambiguous_chromatic_boundary"",""present"":true,""distance_px"":32.0156,""coordinate"":[50,66],""rgb_linf"":187}","[{""class"":""ambiguous_chromatic_boundary"",""present"":true,""distance_px"":32.0156,""coordinate"":[50,66],""rgb_linf"":187},{""class"":""chromatic_core"",""present"":true,""distance_px"":33.0606,""coordinate"":[49,65],""rgb_linf"":64},{""class"":""confirmed_true_chromatic_AA"",""present"":true,""distance_px"":37.5899,""coordinate"":[49,49],""rgb_linf"":68}]",165,285.7884,165,0.757041,0.098252,False,233,233,True,False,False,direct unique preconfirmed glyph support,5,AMBIGUOUS,local RGB continuity to preconfirmed wordmark fails frozen max-channel distance 18
104,67,"[104.2034,68.0889]","[104,68]","[[249,249,249,246],[45,37,38,42],[71,112,76,0],[249,249,249,246],[45,37,38,42],[71,112,76,0],[249,249,249,246],[45,37,38,42],[71,112,76,0]]","[0,0,0,19]",19,0,"[{""x"":103,""y"":66,""rgba"":[241,241,241,219],""class"":""solid_achromatic_core"",""wordmark_component_id"":8},{""x"":104,""y"":66,""rgba"":[0,0,0,19],""class"":""other_visible"",""wordmark_component_id"":null},{""x"":105,""y"":66,""rgba"":[255,255,255,2],""class"":""other_visible"",""wordmark_component_id"":null},{""x"":103,""y"":67,""rgba"":[241,241,241,219],""class"":""solid_achromatic_core"",""wordmark_component_id"":8},{""x"":105,""y"":67,""rgba"":[255,255,255,2],""class"":""other_visible"",""wordmark_component_id"":null},{""x"":103,""y"":68,""rgba"":[241,241,241,219],""class"":""solid_achromatic_core"",""wordmark_component_id"":8},{""x"":104,""y"":68,""rgba"":[0,0,0,19],""class"":""other_visible"",""wordmark_component_id"":null},{""x"":105,""y"":68,""rgba"":[255,255,255,2],""class"":""other_visible"",""wordmark_component_id"":null}]",3,0,[8],[8],[8],3,"{""component_id"":8,""x"":103,""y"":67,""distance_px"":1.0,""rgba"":[241,241,241,219],""rgb_linf"":241}","{""class"":""ambiguous_chromatic_boundary"",""present"":true,""distance_px"":54.0093,""coordinate"":[50,66],""rgb_linf"":255}","[{""class"":""ambiguous_chromatic_boundary"",""present"":true,""distance_px"":54.0093,""coordinate"":[50,66],""rgb_linf"":255},{""class"":""chromatic_core"",""present"":true,""distance_px"":55.0364,""coordinate"":[49,65],""rgb_linf"":27},{""class"":""confirmed_true_chromatic_AA"",""present"":true,""distance_px"":57.8705,""coordinate"":[49,49],""rgb_linf"":85}]",241,417.4243,241,0.879622,0.120378,False,219,219,True,False,False,direct unique preconfirmed glyph support,5,AMBIGUOUS,local RGB continuity to preconfirmed wordmark fails frozen max-channel distance 18
109,67,"[109.473,68.0889]","[109,68]","[[6,4,5,3],[71,112,76,0],[102,102,102,90],[6,4,5,3],[71,112,76,0],[102,102,102,90],[6,4,5,3],[71,112,76,0],[102,102,102,90]]","[0,0,0,23]",23,0,"[{""x"":109,""y"":66,""rgba"":[0,0,0,23],""class"":""other_visible"",""wordmark_component_id"":null},{""x"":110,""y"":66,""rgba"":[216,216,216,185],""class"":""solid_achromatic_core"",""wordmark_component_id"":8},{""x"":110,""y"":67,""rgba"":[216,216,216,185],""class"":""solid_achromatic_core"",""wordmark_component_id"":8},{""x"":109,""y"":68,""rgba"":[0,0,0,23],""class"":""other_visible"",""wordmark_component_id"":null},{""x"":110,""y"":68,""rgba"":[216,216,216,185],""class"":""solid_achromatic_core"",""wordmark_component_id"":8}]",3,0,[15],[8],[8],3,"{""component_id"":8,""x"":110,""y"":67,""distance_px"":1.0,""rgba"":[216,216,216,185],""rgb_linf"":216}","{""class"":""ambiguous_chromatic_boundary"",""present"":true,""distance_px"":59.0085,""coordinate"":[50,66],""rgb_linf"":255}","[{""class"":""ambiguous_chromatic_boundary"",""present"":true,""distance_px"":59.0085,""coordinate"":[50,66],""rgb_linf"":255},{""class"":""chromatic_core"",""present"":true,""distance_px"":60.0333,""coordinate"":[49,65],""rgb_linf"":27},{""class"":""confirmed_true_chromatic_AA"",""present"":true,""distance_px"":62.6418,""coordinate"":[49,49],""rgb_linf"":85}]",216,374.123,216,0.686685,0.313315,False,185,185,True,False,False,direct unique preconfirmed glyph support,5,AMBIGUOUS,local RGB continuity to preconfirmed wordmark fails frozen max-channel distance 18
125,67,"[126.3358,68.0889]","[126,68]","[[71,112,76,0],[71,112,76,0],[6,4,5,3],[71,112,76,0],[6,4,5,3],[71,112,76,0],[71,112,76,0],[71,112,76,0],[6,4,5,3]]","[0,0,0,2]",2,0,"[{""x"":126,""y"":66,""rgba"":[0,0,0,11],""class"":""confirmed_wordmark"",""wordmark_component_id"":9},{""x"":124,""y"":67,""rgba"":[0,0,0,1],""class"":""other_visible"",""wordmark_component_id"":null},{""x"":126,""y"":68,""rgba"":[0,0,0,1],""class"":""other_visible"",""wordmark_component_id"":null}]",1,0,[],[],[9],0,"{""component_id"":9,""x"":126,""y"":66,""distance_px"":1.4142,""rgba"":[0,0,0,11],""rgb_linf"":0}","{""class"":""ambiguous_chromatic_boundary"",""present"":true,""distance_px"":75.0067,""coordinate"":[50,66],""rgb_linf"":255}","[{""class"":""ambiguous_chromatic_boundary"",""present"":true,""distance_px"":75.0067,""coordinate"":[50,66],""rgb_linf"":255},{""class"":""chromatic_core"",""present"":true,""distance_px"":76.0263,""coordinate"":[49,65],""rgb_linf"":27},{""class"":""confirmed_true_chromatic_AA"",""present"":true,""distance_px"":78.1025,""coordinate"":[49,49],""rgb_linf"":85}]",0,0.0,,0.0,0.44786,True,,11,True,True,False,direct unique preconfirmed glyph support,4,SAFE WORDMARK OWNERSHIP,one-hop attachment to already-confirmed safe wordmark AA; frozen RGB/luma/alpha evidence passes; no chaining
138,67,"[140.0368,68.0889]","[140,68]","[[216,216,216,211],[28,25,25,22],[71,112,76,0],[216,216,216,211],[28,25,25,22],[71,112,76,0],[185,185,185,176],[6,4,5,3],[71,112,76,0]]","[13,13,13,19]",19,0,"[{""x"":137,""y"":66,""rgba"":[219,219,219,214],""class"":""solid_achromatic_core"",""wordmark_component_id"":9},{""x"":138,""y"":66,""rgba"":[12,12,12,20],""class"":""other_visible"",""wordmark_component_id"":null},{""x"":137,""y"":67,""rgba"":[220,220,220,213],""class"":""solid_achromatic_core"",""wordmark_component_id"":9},{""x"":137,""y"":68,""rgba"":[180,180,180,172],""class"":""solid_achromatic_core"",""wordmark_component_id"":9},{""x"":138,""y"":68,""rgba"":[0,0,0,1],""class"":""confirmed_wordmark"",""wordmark_component_id"":9}]",4,0,[10],[9],[9],3,"{""component_id"":9,""x"":137,""y"":67,""distance_px"":1.0,""rgba"":[220,220,220,213],""rgb_linf"":207}","{""class"":""ambiguous_chromatic_boundary"",""present"":true,""distance_px"":88.0057,""coordinate"":[50,66],""rgb_linf"":242}","[{""class"":""ambiguous_chromatic_boundary"",""present"":true,""distance_px"":88.0057,""coordinate"":[50,66],""rgb_linf"":242},{""class"":""chromatic_core"",""present"":true,""distance_px"":89.0225,""coordinate"":[49,65],""rgb_linf"":14},{""class"":""confirmed_true_chromatic_AA"",""present"":true,""distance_px"":90.802,""coordinate"":[49,49],""rgb_linf"":72}]",13,22.5167,167,0.004025,0.259283,True,214,214,True,True,False,direct unique preconfirmed glyph support,5,SAFE WORDMARK OWNERSHIP,one-hop attachment to already-confirmed safe wordmark AA; frozen RGB/luma/alpha evidence passes; no chaining
153,67,"[155.8456,68.0889]","[156,68]","[[6,4,5,3],[71,112,76,0],[6,4,5,3],[71,112,76,0],[6,4,5,3],[71,112,76,0],[71,112,76,0],[71,112,76,0],[71,112,76,0]]","[0,0,0,3]",3,0,"[{""x"":152,""y"":66,""rgba"":[0,0,0,5],""class"":""confirmed_wordmark"",""wordmark_component_id"":10},{""x"":154,""y"":66,""rgba"":[0,0,0,2],""class"":""confirmed_wordmark"",""wordmark_component_id"":10},{""x"":152,""y"":68,""rgba"":[0,0,0,1],""class"":""other_visible"",""wordmark_component_id"":null}]",2,0,[],[],[10],0,"{""component_id"":10,""x"":152,""y"":66,""distance_px"":1.4142,""rgba"":[0,0,0,5],""rgb_linf"":0}","{""class"":""ambiguous_chromatic_boundary"",""present"":true,""distance_px"":103.0049,""coordinate"":[50,66],""rgb_linf"":255}","[{""class"":""ambiguous_chromatic_boundary"",""present"":true,""distance_px"":103.0049,""coordinate"":[50,66],""rgb_linf"":255},{""class"":""chromatic_core"",""present"":true,""distance_px"":104.0192,""coordinate"":[49,65],""rgb_linf"":27},{""class"":""confirmed_true_chromatic_AA"",""present"":true,""distance_px"":105.5462,""coordinate"":[49,49],""rgb_linf"":85}]",0,0.0,,0.0,0.130136,True,,5,True,True,False,direct unique preconfirmed glyph support,4,SAFE WORDMARK OWNERSHIP,one-hop attachment to already-confirmed safe wordmark AA; frozen RGB/luma/alpha evidence passes; no chaining
164,67,"[167.4387,68.0889]","[167,68]","[[6,4,5,3],[71,112,76,0],[102,102,102,90],[6,4,5,3],[71,112,76,0],[102,102,102,90],[6,4,5,3],[71,112,76,0],[102,102,102,90]]","[0,0,0,20]",20,0,"[{""x"":164,""y"":66,""rgba"":[0,0,0,20],""class"":""other_visible"",""wordmark_component_id"":null},{""x"":165,""y"":66,""rgba"":[213,213,213,180],""class"":""solid_achromatic_core"",""wordmark_component_id"":10},{""x"":165,""y"":67,""rgba"":[213,213,213,180],""class"":""solid_achromatic_core"",""wordmark_component_id"":10},{""x"":164,""y"":68,""rgba"":[0,0,0,20],""class"":""other_visible"",""wordmark_component_id"":null},{""x"":165,""y"":68,""rgba"":[213,213,213,180],""class"":""solid_achromatic_core"",""wordmark_component_id"":10}]",3,0,[12],[10],[10],3,"{""component_id"":10,""x"":165,""y"":67,""distance_px"":1.0,""rgba"":[213,213,213,180],""rgb_linf"":213}","{""class"":""ambiguous_chromatic_boundary"",""present"":true,""distance_px"":114.0044,""coordinate"":[50,66],""rgb_linf"":255}","[{""class"":""ambiguous_chromatic_boundary"",""present"":true,""distance_px"":114.0044,""coordinate"":[50,66],""rgb_linf"":255},{""class"":""chromatic_core"",""present"":true,""distance_px"":115.0174,""coordinate"":[49,65],""rgb_linf"":27},{""class"":""confirmed_true_chromatic_AA"",""present"":true,""distance_px"":116.4002,""coordinate"":[49,49],""rgb_linf"":85}]",213,368.9268,213,0.665387,0.334613,False,180,180,True,False,False,direct unique preconfirmed glyph support,5,AMBIGUOUS,local RGB continuity to preconfirmed wordmark fails frozen max-channel distance 18
174,67,"[177.9779,68.0889]","[178,68]","[[71,112,76,0],[71,112,76,0],[71,112,76,0],[71,112,76,0],[6,4,5,3],[71,112,76,0],[71,112,76,0],[6,4,5,3],[71,112,76,0]]","[0,0,0,1]",1,0,"[{""x"":175,""y"":66,""rgba"":[0,0,0,4],""class"":""confirmed_wordmark"",""wordmark_component_id"":10},{""x"":175,""y"":67,""rgba"":[0,0,0,3],""class"":""confirmed_wordmark"",""wordmark_component_id"":10},{""x"":174,""y"":68,""rgba"":[0,0,0,1],""class"":""other_visible"",""wordmark_component_id"":null},{""x"":175,""y"":68,""rgba"":[0,0,0,1],""class"":""confirmed_wordmark"",""wordmark_component_id"":10}]",3,0,[],[],[10],0,"{""component_id"":10,""x"":175,""y"":67,""distance_px"":1.0,""rgba"":[0,0,0,3],""rgb_linf"":0}","{""class"":""ambiguous_chromatic_boundary"",""present"":true,""distance_px"":124.004,""coordinate"":[50,66],""rgb_linf"":255}","[{""class"":""ambiguous_chromatic_boundary"",""present"":true,""distance_px"":124.004,""coordinate"":[50,66],""rgb_linf"":255},{""class"":""chromatic_core"",""present"":true,""distance_px"":125.016,""coordinate"":[49,65],""rgb_linf"":27},{""class"":""confirmed_true_chromatic_AA"",""present"":true,""distance_px"":126.2894,""coordinate"":[49,49],""rgb_linf"":85}]",0,0.0,,0.0,0.396755,True,,4,True,True,False,direct unique preconfirmed glyph support,4,SAFE WORDMARK OWNERSHIP,one-hop attachment to already-confirmed safe wordmark AA; frozen RGB/luma/alpha evidence passes; no chaining
199,67,"[204.326,68.0889]","[204,68]","[[201,201,201,192],[124,123,123,110],[99,99,99,101],[6,4,5,3],[71,112,76,0],[71,112,76,0],[71,112,76,0],[6,4,5,3],[6,4,5,3]]","[255,255,255,1]",1,0,"[{""x"":198,""y"":66,""rgba"":[180,180,180,157],""class"":""solid_achromatic_core"",""wordmark_component_id"":10},{""x"":199,""y"":66,""rgba"":[102,102,102,95],""class"":""solid_achromatic_core"",""wordmark_component_id"":10},{""x"":200,""y"":66,""rgba"":[98,98,98,96],""class"":""solid_achromatic_core"",""wordmark_component_id"":10},{""x"":198,""y"":68,""rgba"":[145,145,145,7],""class"":""confirmed_wordmark"",""wordmark_component_id"":10},{""x"":199,""y"":68,""rgba"":[0,0,0,3],""class"":""other_visible"",""wordmark_component_id"":null},{""x"":200,""y"":68,""rgba"":[0,0,0,4],""class"":""other_visible"",""wordmark_component_id"":null}]",4,0,[14],[10],[10],3,"{""component_id"":10,""x"":199,""y"":66,""distance_px"":1.0,""rgba"":[102,102,102,95],""rgb_linf"":153}","{""class"":""ambiguous_chromatic_boundary"",""present"":true,""distance_px"":149.0034,""coordinate"":[50,66],""rgb_linf"":255}","[{""class"":""ambiguous_chromatic_boundary"",""present"":true,""distance_px"":149.0034,""coordinate"":[50,66],""rgb_linf"":255},{""class"":""chromatic_core"",""present"":true,""distance_px"":150.0133,""coordinate"":[49,65],""rgb_linf"":251},{""class"":""confirmed_true_chromatic_AA"",""present"":true,""distance_px"":151.0761,""coordinate"":[49,49],""rgb_linf"":255}]",75,129.9038,75,0.543589,0.534691,False,157,157,True,True,False,direct unique preconfirmed glyph support,5,AMBIGUOUS,local RGB continuity to preconfirmed wordmark fails frozen max-channel distance 18
69,68,"[67.3162,69.1333]","[67,69]","[[71,112,76,0],[71,112,76,0],[71,112,76,0],[71,112,76,0],[6,4,5,3],[6,4,5,3],[71,112,76,0],[71,112,76,0],[71,112,76,0]]","[255,255,255,1]",1,0,"[{""x"":70,""y"":68,""rgba"":[127,127,127,2],""class"":""other_visible"",""wordmark_component_id"":null},{""x"":68,""y"":69,""rgba"":[0,0,0,1],""class"":""confirmed_wordmark"",""wordmark_component_id"":6}]",1,0,[],[],[6],0,"{""component_id"":6,""x"":68,""y"":69,""distance_px"":1.4142,""rgba"":[0,0,0,1],""rgb_linf"":255}","{""class"":""ambiguous_chromatic_boundary"",""present"":true,""distance_px"":19.105,""coordinate"":[50,66],""rgb_linf"":255}","[{""class"":""ambiguous_chromatic_boundary"",""present"":true,""distance_px"":19.105,""coordinate"":[50,66],""rgb_linf"":255},{""class"":""chromatic_core"",""present"":true,""distance_px"":20.2237,""coordinate"":[49,65],""rgb_linf"":251},{""class"":""confirmed_true_chromatic_AA"",""present"":true,""distance_px"":27.5862,""coordinate"":[49,49],""rgb_linf"":255}]",255,441.6729,,1.0,0.229443,False,,1,False,True,False,direct unique preconfirmed glyph support,4,AMBIGUOUS,local RGB continuity to preconfirmed wordmark fails frozen max-channel distance 18
73,68,"[71.5319,69.1333]","[72,69]","[[71,112,76,0],[71,112,76,0],[71,112,76,0],[6,4,5,3],[6,4,5,3],[6,4,5,3],[71,112,76,0],[71,112,76,0],[71,112,76,0]]","[127,127,127,2]",2,0,"[{""x"":72,""y"":68,""rgba"":[127,127,127,2],""class"":""other_visible"",""wordmark_component_id"":null},{""x"":74,""y"":68,""rgba"":[127,127,127,2],""class"":""other_visible"",""wordmark_component_id"":null},{""x"":74,""y"":69,""rgba"":[0,0,0,1],""class"":""confirmed_wordmark"",""wordmark_component_id"":6}]",1,0,[],[],[6],0,"{""component_id"":6,""x"":74,""y"":69,""distance_px"":1.4142,""rgba"":[0,0,0,1],""rgb_linf"":127}","{""class"":""ambiguous_chromatic_boundary"",""present"":true,""distance_px"":23.0868,""coordinate"":[50,66],""rgb_linf"":128}","[{""class"":""ambiguous_chromatic_boundary"",""present"":true,""distance_px"":23.0868,""coordinate"":[50,66],""rgb_linf"":128},{""class"":""chromatic_core"",""present"":true,""distance_px"":24.1868,""coordinate"":[49,65],""rgb_linf"":123},{""class"":""confirmed_true_chromatic_AA"",""present"":true,""distance_px"":30.6105,""coordinate"":[49,49],""rgb_linf"":127}]",127,219.9705,,0.212231,0.341914,True,,1,False,True,False,direct unique preconfirmed glyph support,4,AMBIGUOUS,local RGB continuity to preconfirmed wordmark fails frozen max-channel distance 18
74,68,"[72.5858,69.1333]","[73,69]","[[71,112,76,0],[71,112,76,0],[71,112,76,0],[6,4,5,3],[6,4,5,3],[6,4,5,3],[71,112,76,0],[71,112,76,0],[71,112,76,0]]","[127,127,127,2]",2,0,"[{""x"":73,""y"":68,""rgba"":[127,127,127,2],""class"":""other_visible"",""wordmark_component_id"":null},{""x"":75,""y"":68,""rgba"":[191,191,191,4],""class"":""confirmed_wordmark"",""wordmark_component_id"":6},{""x"":74,""y"":69,""rgba"":[0,0,0,1],""class"":""confirmed_wordmark"",""wordmark_component_id"":6},{""x"":75,""y"":69,""rgba"":[0,0,0,5],""class"":""confirmed_wordmark"",""wordmark_component_id"":6}]",3,0,[],[],[6],0,"{""component_id"":6,""x"":74,""y"":69,""distance_px"":1.0,""rgba"":[0,0,0,1],""rgb_linf"":127}","{""class"":""ambiguous_chromatic_boundary"",""present"":true,""distance_px"":24.0832,""coordinate"":[50,66],""rgb_linf"":128}","[{""class"":""ambiguous_chromatic_boundary"",""present"":true,""distance_px"":24.0832,""coordinate"":[50,66],""rgb_linf"":128},{""class"":""chromatic_core"",""present"":true,""distance_px"":25.1794,""coordinate"":[49,65],""rgb_linf"":123},{""class"":""confirmed_true_chromatic_AA"",""present"":true,""distance_px"":31.4006,""coordinate"":[49,49],""rgb_linf"":127}]",64,110.8512,,0.212231,0.349157,True,,5,True,True,False,direct unique preconfirmed glyph support,4,AMBIGUOUS,local RGB continuity to preconfirmed wordmark fails frozen max-channel distance 18
82,68,"[81.0172,69.1333]","[81,69]","[[71,112,76,0],[28,25,25,22],[226,226,226,221],[71,112,76,0],[28,25,25,22],[226,226,226,221],[71,112,76,0],[28,25,25,22],[226,226,226,221]]","[66,66,66,27]",27,0,"[{""x"":82,""y"":67,""rgba"":[68,68,68,26],""class"":""other_visible"",""wordmark_component_id"":null},{""x"":83,""y"":67,""rgba"":[233,233,233,232],""class"":""solid_achromatic_core"",""wordmark_component_id"":7},{""x"":83,""y"":68,""rgba"":[233,233,233,233],""class"":""solid_achromatic_core"",""wordmark_component_id"":7},{""x"":82,""y"":69,""rgba"":[66,66,66,27],""class"":""other_visible"",""wordmark_component_id"":null},{""x"":83,""y"":69,""rgba"":[230,230,230,230],""class"":""solid_achromatic_core"",""wordmark_component_id"":7}]",3,0,[7],[7],[7],3,"{""component_id"":7,""x"":83,""y"":68,""distance_px"":1.0,""rgba"":[233,233,233,233],""rgb_linf"":167}","{""class"":""ambiguous_chromatic_boundary"",""present"":true,""distance_px"":32.0624,""coordinate"":[50,66],""rgb_linf"":189}","[{""class"":""ambiguous_chromatic_boundary"",""present"":true,""distance_px"":32.0624,""coordinate"":[50,66],""rgb_linf"":189},{""class"":""chromatic_core"",""present"":true,""distance_px"":33.1361,""coordinate"":[49,65],""rgb_linf"":62},{""class"":""confirmed_true_chromatic_AA"",""present"":true,""distance_px"":38.0789,""coordinate"":[49,49],""rgb_linf"":66}]",164,284.0563,164,0.736818,0.098252,False,233,233,True,False,False,direct unique preconfirmed glyph support,5,AMBIGUOUS,local RGB continuity to preconfirmed wordmark fails frozen max-channel distance 18
87,68,"[86.2868,69.1333]","[86,69]","[[71,112,76,0],[6,4,5,3],[71,112,76,0],[71,112,76,0],[6,4,5,3],[6,4,5,3],[71,112,76,0],[71,112,76,0],[71,112,76,0]]","[127,127,127,4]",4,0,"[{""x"":87,""y"":67,""rgba"":[42,42,42,6],""class"":""other_visible"",""wordmark_component_id"":null},{""x"":88,""y"":67,""rgba"":[0,0,0,1],""class"":""other_visible"",""wordmark_component_id"":null},{""x"":88,""y"":68,""rgba"":[255,255,255,1],""class"":""other_visible"",""wordmark_component_id"":null},{""x"":87,""y"":69,""rgba"":[0,0,0,1],""class"":""confirmed_wordmark"",""wordmark_component_id"":7}]",1,0,[],[],[7],0,"{""component_id"":7,""x"":87,""y"":69,""distance_px"":1.0,""rgba"":[0,0,0,1],""rgb_linf"":127}","{""class"":""ambiguous_chromatic_boundary"",""present"":true,""distance_px"":37.054,""coordinate"":[50,66],""rgb_linf"":128}","[{""class"":""ambiguous_chromatic_boundary"",""present"":true,""distance_px"":37.054,""coordinate"":[50,66],""rgb_linf"":128},{""class"":""chromatic_core"",""present"":true,""distance_px"":38.1182,""coordinate"":[49,65],""rgb_linf"":123},{""class"":""confirmed_true_chromatic_AA"",""present"":true,""distance_px"":42.4853,""coordinate"":[49,49],""rgb_linf"":127}]",127,219.9705,,0.212231,0.346704,True,,1,False,True,False,direct unique preconfirmed glyph support,4,AMBIGUOUS,local RGB continuity to preconfirmed wordmark fails frozen max-channel distance 18
88,68,"[87.3407,69.1333]","[87,69]","[[6,4,5,3],[71,112,76,0],[71,112,76,0],[6,4,5,3],[6,4,5,3],[6,4,5,3],[71,112,76,0],[71,112,76,0],[71,112,76,0]]","[255,255,255,1]",1,0,"[{""x"":87,""y"":67,""rgba"":[42,42,42,6],""class"":""other_visible"",""wordmark_component_id"":null},{""x"":88,""y"":67,""rgba"":[0,0,0,1],""class"":""other_visible"",""wordmark_component_id"":null},{""x"":89,""y"":67,""rgba"":[0,0,0,1],""class"":""other_visible"",""wordmark_component_id"":null},{""x"":87,""y"":68,""rgba"":[127,127,127,4],""class"":""other_visible"",""wordmark_component_id"":null},{""x"":89,""y"":68,""rgba"":[255,255,255,1],""class"":""other_visible"",""wordmark_component_id"":null},{""x"":87,""y"":69,""rgba"":[0,0,0,1],""class"":""confirmed_wordmark"",""wordmark_component_id"":7}]",1,0,[],[],[7],0,"{""component_id"":7,""x"":87,""y"":69,""distance_px"":1.4142,""rgba"":[0,0,0,1],""rgb_linf"":255}","{""class"":""ambiguous_chromatic_boundary"",""present"":true,""distance_px"":38.0526,""coordinate"":[50,66],""rgb_linf"":255}","[{""class"":""ambiguous_chromatic_boundary"",""present"":true,""distance_px"":38.0526,""coordinate"":[50,66],""rgb_linf"":255},{""class"":""chromatic_core"",""present"":true,""distance_px"":39.1152,""coordinate"":[49,65],""rgb_linf"":251},{""class"":""confirmed_true_chromatic_AA"",""present"":true,""distance_px"":43.382,""coordinate"":[49,49],""rgb_linf"":255}]",255,441.6729,,1.0,0.346704,False,,1,False,True,False,direct unique preconfirmed glyph support,4,AMBIGUOUS,local RGB continuity to preconfirmed wordmark fails frozen max-channel distance 18
93,68,"[92.6103,69.1333]","[93,69]","[[71,112,76,0],[71,112,76,0],[6,4,5,3],[6,4,5,3],[6,4,5,3],[6,4,5,3],[71,112,76,0],[71,112,76,0],[71,112,76,0]]","[255,255,255,1]",1,0,"[{""x"":92,""y"":67,""rgba"":[0,0,0,1],""class"":""other_visible"",""wordmark_component_id"":null},{""x"":93,""y"":67,""rgba"":[0,0,0,1],""class"":""other_visible"",""wordmark_component_id"":null},{""x"":94,""y"":67,""rgba"":[42,42,42,6],""class"":""other_visible"",""wordmark_component_id"":null},{""x"":92,""y"":68,""rgba"":[255,255,255,1],""class"":""other_visible"",""wordmark_component_id"":null},{""x"":94,""y"":68,""rgba"":[127,127,127,4],""class"":""other_visible"",""wordmark_component_id"":null},{""x"":94,""y"":69,""rgba"":[0,0,0,1],""class"":""confirmed_wordmark"",""wordmark_component_id"":7}]",1,0,[],[],[7],0,"{""component_id"":7,""x"":94,""y"":69,""distance_px"":1.4142,""rgba"":[0,0,0,1],""rgb_linf"":255}","{""class"":""ambiguous_chromatic_boundary"",""present"":true,""distance_px"":43.0465,""coordinate"":[50,66],""rgb_linf"":255}","[{""class"":""ambiguous_chromatic_boundary"",""present"":true,""distance_px"":43.0465,""coordinate"":[50,66],""rgb_linf"":255},{""class"":""chromatic_core"",""present"":true,""distance_px"":44.1022,""coordinate"":[49,65],""rgb_linf"":251},{""class"":""confirmed_true_chromatic_AA"",""present"":true,""distance_px"":47.927,""coordinate"":[49,49],""rgb_linf"":255}]",255,441.6729,,1.0,0.346704,False,,1,False,True,False,direct unique preconfirmed glyph support,4,AMBIGUOUS,local RGB continuity to preconfirmed wordmark fails frozen max-channel distance 18
94,68,"[93.6642,69.1333]","[94,69]","[[71,112,76,0],[6,4,5,3],[71,112,76,0],[6,4,5,3],[6,4,5,3],[71,112,76,0],[71,112,76,0],[71,112,76,0],[71,112,76,0]]","[127,127,127,4]",4,0,"[{""x"":93,""y"":67,""rgba"":[0,0,0,1],""class"":""other_visible"",""wordmark_component_id"":null},{""x"":94,""y"":67,""rgba"":[42,42,42,6],""class"":""other_visible"",""wordmark_component_id"":null},{""x"":93,""y"":68,""rgba"":[255,255,255,1],""class"":""other_visible"",""wordmark_component_id"":null},{""x"":94,""y"":69,""rgba"":[0,0,0,1],""class"":""confirmed_wordmark"",""wordmark_component_id"":7}]",1,0,[],[],[7],0,"{""component_id"":7,""x"":94,""y"":69,""distance_px"":1.0,""rgba"":[0,0,0,1],""rgb_linf"":127}","{""class"":""ambiguous_chromatic_boundary"",""present"":true,""distance_px"":44.0454,""coordinate"":[50,66],""rgb_linf"":128}","[{""class"":""ambiguous_chromatic_boundary"",""present"":true,""distance_px"":44.0454,""coordinate"":[50,66],""rgb_linf"":128},{""class"":""chromatic_core"",""present"":true,""distance_px"":45.0999,""coordinate"":[49,65],""rgb_linf"":123},{""class"":""confirmed_true_chromatic_AA"",""present"":true,""distance_px"":48.8467,""coordinate"":[49,49],""rgb_linf"":127}]",127,219.9705,,0.212231,0.346704,True,,1,False,True,False,direct unique preconfirmed glyph support,4,AMBIGUOUS,local RGB continuity to preconfirmed wordmark fails frozen max-channel distance 18
104,68,"[104.2034,69.1333]","[104,69]","[[249,249,249,246],[45,37,38,42],[71,112,76,0],[249,249,249,246],[45,37,38,42],[71,112,76,0],[249,249,249,246],[45,37,38,42],[71,112,76,0]]","[0,0,0,19]",19,0,"[{""x"":103,""y"":67,""rgba"":[241,241,241,219],""class"":""solid_achromatic_core"",""wordmark_component_id"":8},{""x"":104,""y"":67,""rgba"":[0,0,0,19],""class"":""other_visible"",""wordmark_component_id"":null},{""x"":105,""y"":67,""rgba"":[255,255,255,2],""class"":""other_visible"",""wordmark_component_id"":null},{""x"":103,""y"":68,""rgba"":[241,241,241,219],""class"":""solid_achromatic_core"",""wordmark_component_id"":8},{""x"":105,""y"":68,""rgba"":[255,255,255,2],""class"":""other_visible"",""wordmark_component_id"":null},{""x"":103,""y"":69,""rgba"":[241,241,241,219],""class"":""solid_achromatic_core"",""wordmark_component_id"":8},{""x"":104,""y"":69,""rgba"":[0,0,0,19],""class"":""other_visible"",""wordmark_component_id"":null},{""x"":105,""y"":69,""rgba"":[255,255,255,2],""class"":""other_visible"",""wordmark_component_id"":null}]",3,0,[8],[8],[8],3,"{""component_id"":8,""x"":103,""y"":68,""distance_px"":1.0,""rgba"":[241,241,241,219],""rgb_linf"":241}","{""class"":""ambiguous_chromatic_boundary"",""present"":true,""distance_px"":54.037,""coordinate"":[50,66],""rgb_linf"":255}","[{""class"":""ambiguous_chromatic_boundary"",""present"":true,""distance_px"":54.037,""coordinate"":[50,66],""rgb_linf"":255},{""class"":""chromatic_core"",""present"":true,""distance_px"":55.0818,""coordinate"":[49,65],""rgb_linf"":27},{""class"":""confirmed_true_chromatic_AA"",""present"":true,""distance_px"":58.1893,""coordinate"":[49,49],""rgb_linf"":85}]",241,417.4243,241,0.879622,0.120378,False,219,219,True,False,False,direct unique preconfirmed glyph support,5,AMBIGUOUS,local RGB continuity to preconfirmed wordmark fails frozen max-channel distance 18
109,68,"[109.473,69.1333]","[109,69]","[[6,4,5,3],[71,112,76,0],[102,102,102,90],[6,4,5,3],[71,112,76,0],[102,102,102,90],[6,4,5,3],[71,112,76,0],[102,102,102,90]]","[0,0,0,23]",23,0,"[{""x"":109,""y"":67,""rgba"":[0,0,0,23],""class"":""other_visible"",""wordmark_component_id"":null},{""x"":110,""y"":67,""rgba"":[216,216,216,185],""class"":""solid_achromatic_core"",""wordmark_component_id"":8},{""x"":110,""y"":68,""rgba"":[216,216,216,185],""class"":""solid_achromatic_core"",""wordmark_component_id"":8},{""x"":109,""y"":69,""rgba"":[0,0,0,23],""class"":""other_visible"",""wordmark_component_id"":null},{""x"":110,""y"":69,""rgba"":[216,216,216,185],""class"":""solid_achromatic_core"",""wordmark_component_id"":8}]",3,0,[15],[8],[8],3,"{""component_id"":8,""x"":110,""y"":68,""distance_px"":1.0,""rgba"":[216,216,216,185],""rgb_linf"":216}","{""class"":""ambiguous_chromatic_boundary"",""present"":true,""distance_px"":59.0339,""coordinate"":[50,66],""rgb_linf"":255}","[{""class"":""ambiguous_chromatic_boundary"",""present"":true,""distance_px"":59.0339,""coordinate"":[50,66],""rgb_linf"":255},{""class"":""chromatic_core"",""present"":true,""distance_px"":60.075,""coordinate"":[49,65],""rgb_linf"":27},{""class"":""confirmed_true_chromatic_AA"",""present"":true,""distance_px"":62.9365,""coordinate"":[49,49],""rgb_linf"":85}]",216,374.123,216,0.686685,0.313315,False,185,185,True,False,False,direct unique preconfirmed glyph support,5,AMBIGUOUS,local RGB continuity to preconfirmed wordmark fails frozen max-channel distance 18
126,68,"[127.3897,69.1333]","[127,69]","[[6,4,5,3],[71,112,76,0],[71,112,76,0],[71,112,76,0],[6,4,5,3],[6,4,5,3],[71,112,76,0],[71,112,76,0],[71,112,76,0]]","[0,0,0,1]",1,0,"[{""x"":125,""y"":67,""rgba"":[0,0,0,2],""class"":""other_visible"",""wordmark_component_id"":null},{""x"":127,""y"":68,""rgba"":[255,255,255,1],""class"":""other_visible"",""wordmark_component_id"":null},{""x"":125,""y"":69,""rgba"":[0,0,0,1],""class"":""confirmed_wordmark"",""wordmark_component_id"":9},{""x"":126,""y"":69,""rgba"":[0,0,0,1],""class"":""confirmed_wordmark"",""wordmark_component_id"":9}]",2,0,[],[],[9],0,"{""component_id"":9,""x"":126,""y"":69,""distance_px"":1.0,""rgba"":[0,0,0,1],""rgb_linf"":0}","{""class"":""ambiguous_chromatic_boundary"",""present"":true,""distance_px"":76.0263,""coordinate"":[50,66],""rgb_linf"":255}","[{""class"":""ambiguous_chromatic_boundary"",""present"":true,""distance_px"":76.0263,""coordinate"":[50,66],""rgb_linf"":255},{""class"":""chromatic_core"",""present"":true,""distance_px"":77.0584,""coordinate"":[49,65],""rgb_linf"":27},{""class"":""confirmed_true_chromatic_AA"",""present"":true,""distance_px"":79.3095,""coordinate"":[49,49],""rgb_linf"":85}]",0,0.0,,0.0,0.170314,True,,1,False,True,False,direct unique preconfirmed glyph support,4,AMBIGUOUS,alpha does not attenuate away from direct confirmed support
127,68,"[128.4436,69.1333]","[128,69]","[[71,112,76,0],[71,112,76,0],[71,112,76,0],[6,4,5,3],[6,4,5,3],[6,4,5,3],[71,112,76,0],[71,112,76,0],[71,112,76,0]]","[255,255,255,1]",1,0,"[{""x"":126,""y"":68,""rgba"":[0,0,0,1],""class"":""other_visible"",""wordmark_component_id"":null},{""x"":128,""y"":68,""rgba"":[127,127,127,2],""class"":""other_visible"",""wordmark_component_id"":null},{""x"":126,""y"":69,""rgba"":[0,0,0,1],""class"":""confirmed_wordmark"",""wordmark_component_id"":9}]",1,0,[],[],[9],0,"{""component_id"":9,""x"":126,""y"":69,""distance_px"":1.4142,""rgba"":[0,0,0,1],""rgb_linf"":255}","{""class"":""ambiguous_chromatic_boundary"",""present"":true,""distance_px"":77.026,""coordinate"":[50,66],""rgb_linf"":255}","[{""class"":""ambiguous_chromatic_boundary"",""present"":true,""distance_px"":77.026,""coordinate"":[50,66],""rgb_linf"":255},{""class"":""chromatic_core"",""present"":true,""distance_px"":78.0577,""coordinate"":[49,65],""rgb_linf"":251},{""class"":""confirmed_true_chromatic_AA"",""present"":true,""distance_px"":80.2808,""coordinate"":[49,49],""rgb_linf"":255}]",255,441.6729,,1.0,0.249046,False,,1,False,True,False,direct unique preconfirmed glyph support,4,AMBIGUOUS,local RGB continuity to preconfirmed wordmark fails frozen max-channel distance 18
131,68,"[132.6593,69.1333]","[133,69]","[[71,112,76,0],[71,112,76,0],[71,112,76,0],[6,4,5,3],[6,4,5,3],[6,4,5,3],[71,112,76,0],[71,112,76,0],[71,112,76,0]]","[127,127,127,2]",2,0,"[{""x"":130,""y"":68,""rgba"":[127,127,127,2],""class"":""other_visible"",""wordmark_component_id"":null},{""x"":132,""y"":68,""rgba"":[127,127,127,2],""class"":""other_visible"",""wordmark_component_id"":null},{""x"":132,""y"":69,""rgba"":[0,0,0,5],""class"":""confirmed_wordmark"",""wordmark_component_id"":9}]",1,0,[],[],[9],0,"{""component_id"":9,""x"":132,""y"":69,""distance_px"":1.4142,""rgba"":[0,0,0,5],""rgb_linf"":127}","{""class"":""ambiguous_chromatic_boundary"",""present"":true,""distance_px"":81.0247,""coordinate"":[50,66],""rgb_linf"":128}","[{""class"":""ambiguous_chromatic_boundary"",""present"":true,""distance_px"":81.0247,""coordinate"":[50,66],""rgb_linf"":128},{""class"":""chromatic_core"",""present"":true,""distance_px"":82.0549,""coordinate"":[49,65],""rgb_linf"":123},{""class"":""confirmed_true_chromatic_AA"",""present"":true,""distance_px"":84.1724,""coordinate"":[49,49],""rgb_linf"":127}]",127,219.9705,,0.212231,0.3564,True,,5,True,True,False,direct unique preconfirmed glyph support,4,AMBIGUOUS,local RGB continuity to preconfirmed wordmark fails frozen max-channel distance 18
132,68,"[133.7132,69.1333]","[134,69]","[[71,112,76,0],[71,112,76,0],[71,112,76,0],[6,4,5,3],[6,4,5,3],[6,4,5,3],[71,112,76,0],[71,112,76,0],[71,112,76,0]]","[127,127,127,2]",2,0,"[{""x"":131,""y"":68,""rgba"":[127,127,127,2],""class"":""other_visible"",""wordmark_component_id"":null},{""x"":133,""y"":68,""rgba"":[0,0,0,1],""class"":""confirmed_wordmark"",""wordmark_component_id"":9},{""x"":132,""y"":69,""rgba"":[0,0,0,5],""class"":""confirmed_wordmark"",""wordmark_component_id"":9},{""x"":133,""y"":69,""rgba"":[51,51,51,15],""class"":""confirmed_wordmark"",""wordmark_component_id"":9}]",3,0,[],[],[9],0,"{""component_id"":9,""x"":132,""y"":69,""distance_px"":1.0,""rgba"":[0,0,0,5],""rgb_linf"":127}","{""class"":""ambiguous_chromatic_boundary"",""present"":true,""distance_px"":82.0244,""coordinate"":[50,66],""rgb_linf"":128}","[{""class"":""ambiguous_chromatic_boundary"",""present"":true,""distance_px"":82.0244,""coordinate"":[50,66],""rgb_linf"":128},{""class"":""chromatic_core"",""present"":true,""distance_px"":83.0542,""coordinate"":[49,65],""rgb_linf"":123},{""class"":""confirmed_true_chromatic_AA"",""present"":true,""distance_px"":85.1469,""coordinate"":[49,49],""rgb_linf"":127}]",76,131.6359,,0.179126,0.351552,True,,15,True,True,False,direct unique preconfirmed glyph support,4,AMBIGUOUS,local RGB continuity to preconfirmed wordmark fails frozen max-channel distance 18
144,68,"[146.3603,69.1333]","[146,69]","[[77,77,77,67],[71,112,76,0],[71,112,76,0],[102,102,102,90],[71,112,76,0],[6,4,5,3],[102,102,102,90],[71,112,76,0],[6,4,5,3]]","[255,255,255,1]",1,0,"[{""x"":143,""y"":67,""rgba"":[0,0,0,27],""class"":""confirmed_wordmark"",""wordmark_component_id"":10},{""x"":143,""y"":68,""rgba"":[20,20,20,49],""class"":""solid_achromatic_core"",""wordmark_component_id"":10},{""x"":145,""y"":68,""rgba"":[36,36,36,7],""class"":""other_visible"",""wordmark_component_id"":null},{""x"":143,""y"":69,""rgba"":[16,16,16,47],""class"":""solid_achromatic_core"",""wordmark_component_id"":10},{""x"":145,""y"":69,""rgba"":[51,51,51,5],""class"":""other_visible"",""wordmark_component_id"":null}]",3,0,[11],[10],[10],2,"{""component_id"":10,""x"":143,""y"":68,""distance_px"":1.0,""rgba"":[20,20,20,49],""rgb_linf"":235}","{""class"":""ambiguous_chromatic_boundary"",""present"":true,""distance_px"":94.0213,""coordinate"":[50,66],""rgb_linf"":255}","[{""class"":""ambiguous_chromatic_boundary"",""present"":true,""distance_px"":94.0213,""coordinate"":[50,66],""rgb_linf"":255},{""class"":""chromatic_core"",""present"":true,""distance_px"":95.0474,""coordinate"":[49,65],""rgb_linf"":251},{""class"":""confirmed_true_chromatic_AA"",""present"":true,""distance_px"":96.8814,""coordinate"":[49,49],""rgb_linf"":255}]",235,407.032,235,0.993005,0.841692,False,49,49,True,True,False,direct unique preconfirmed glyph support,5,AMBIGUOUS,local RGB continuity to preconfirmed wordmark fails frozen max-channel distance 18
164,68,"[167.4387,69.1333]","[167,69]","[[6,4,5,3],[71,112,76,0],[102,102,102,90],[6,4,5,3],[71,112,76,0],[102,102,102,90],[6,4,5,3],[71,112,76,0],[102,102,102,90]]","[0,0,0,20]",20,0,"[{""x"":164,""y"":67,""rgba"":[0,0,0,20],""class"":""other_visible"",""wordmark_component_id"":null},{""x"":165,""y"":67,""rgba"":[213,213,213,180],""class"":""solid_achromatic_core"",""wordmark_component_id"":10},{""x"":165,""y"":68,""rgba"":[213,213,213,180],""class"":""solid_achromatic_core"",""wordmark_component_id"":10},{""x"":164,""y"":69,""rgba"":[0,0,0,20],""class"":""other_visible"",""wordmark_component_id"":null},{""x"":165,""y"":69,""rgba"":[212,212,212,178],""class"":""solid_achromatic_core"",""wordmark_component_id"":10}]",3,0,[12],[10],[10],3,"{""component_id"":10,""x"":165,""y"":68,""distance_px"":1.0,""rgba"":[213,213,213,180],""rgb_linf"":213}","{""class"":""ambiguous_chromatic_boundary"",""present"":true,""distance_px"":114.0175,""coordinate"":[50,66],""rgb_linf"":255}","[{""class"":""ambiguous_chromatic_boundary"",""present"":true,""distance_px"":114.0175,""coordinate"":[50,66],""rgb_linf"":255},{""class"":""chromatic_core"",""present"":true,""distance_px"":115.0391,""coordinate"":[49,65],""rgb_linf"":27},{""class"":""confirmed_true_chromatic_AA"",""present"":true,""distance_px"":116.559,""coordinate"":[49,49],""rgb_linf"":85}]",212,367.1948,212,0.658375,0.334613,False,180,180,True,False,False,direct unique preconfirmed glyph support,5,AMBIGUOUS,local RGB continuity to preconfirmed wordmark fails frozen max-channel distance 18
174,68,"[177.9779,69.1333]","[178,69]","[[71,112,76,0],[6,4,5,3],[71,112,76,0],[71,112,76,0],[6,4,5,3],[71,112,76,0],[71,112,76,0],[6,4,5,3],[71,112,76,0]]","[0,0,0,1]",1,0,"[{""x"":174,""y"":67,""rgba"":[0,0,0,1],""class"":""other_visible"",""wordmark_component_id"":null},{""x"":175,""y"":67,""rgba"":[0,0,0,3],""class"":""confirmed_wordmark"",""wordmark_component_id"":10},{""x"":175,""y"":68,""rgba"":[0,0,0,1],""class"":""confirmed_wordmark"",""wordmark_component_id"":10},{""x"":174,""y"":69,""rgba"":[0,0,0,3],""class"":""other_visible"",""wordmark_component_id"":null}]",2,0,[],[],[10],0,"{""component_id"":10,""x"":175,""y"":68,""distance_px"":1.0,""rgba"":[0,0,0,1],""rgb_linf"":0}","{""class"":""ambiguous_chromatic_boundary"",""present"":true,""distance_px"":124.0161,""coordinate"":[50,66],""rgb_linf"":255}","[{""class"":""ambiguous_chromatic_boundary"",""present"":true,""distance_px"":124.0161,""coordinate"":[50,66],""rgb_linf"":255},{""class"":""chromatic_core"",""present"":true,""distance_px"":125.036,""coordinate"":[49,65],""rgb_linf"":27},{""class"":""confirmed_true_chromatic_AA"",""present"":true,""distance_px"":126.4358,""coordinate"":[49,49],""rgb_linf"":85}]",0,0.0,,0.0,0.329503,True,,3,True,True,False,direct unique preconfirmed glyph support,4,SAFE WORDMARK OWNERSHIP,one-hop attachment to already-confirmed safe wordmark AA; frozen RGB/luma/alpha evidence passes; no chaining
179,68,"[183.2475,69.1333]","[183,69]","[[185,185,185,176],[71,112,76,0],[71,112,76,0],[238,238,238,233],[45,37,38,42],[71,112,76,0],[255,255,255,255],[173,173,173,161],[6,4,5,3]]","[11,11,11,23]",23,0,"[{""x"":178,""y"":67,""rgba"":[177,177,177,142],""class"":""solid_achromatic_core"",""wordmark_component_id"":10},{""x"":180,""y"":67,""rgba"":[204,204,204,5],""class"":""other_visible"",""wordmark_component_id"":null},{""x"":178,""y"":68,""rgba"":[227,227,227,206],""class"":""solid_achromatic_core"",""wordmark_component_id"":10},{""x"":178,""y"":69,""rgba"":[249,249,249,255],""class"":""solid_achromatic_core"",""wordmark_component_id"":10},{""x"":179,""y"":69,""rgba"":[175,175,175,142],""class"":""solid_achromatic_core"",""wordmark_component_id"":10},{""x"":180,""y"":69,""rgba"":[107,107,107,19],""class"":""confirmed_wordmark"",""wordmark_component_id"":10}]",5,0,[13],[10],[10],4,"{""component_id"":10,""x"":178,""y"":68,""distance_px"":1.0,""rgba"":[227,227,227,206],""rgb_linf"":216}","{""class"":""ambiguous_chromatic_boundary"",""present"":true,""distance_px"":129.0155,""coordinate"":[50,66],""rgb_linf"":244}","[{""class"":""ambiguous_chromatic_boundary"",""present"":true,""distance_px"":129.0155,""coordinate"":[50,66],""rgb_linf"":244},{""class"":""chromatic_core"",""present"":true,""distance_px"":130.0346,""coordinate"":[49,65],""rgb_linf"":16},{""class"":""confirmed_true_chromatic_AA"",""present"":true,""distance_px"":131.3811,""coordinate"":[49,49],""rgb_linf"":74}]",96,166.2769,164,0.143681,0.328494,True,255,255,True,True,False,direct unique preconfirmed glyph support,5,AMBIGUOUS,local RGB continuity to preconfirmed wordmark fails frozen max-channel distance 18
181,68,"[185.3554,69.1333]","[185,69]","[[71,112,76,0],[71,112,76,0],[71,112,76,0],[71,112,76,0],[6,4,5,3],[6,4,5,3],[6,4,5,3],[71,112,76,0],[71,112,76,0]]","[127,127,127,2]",2,0,"[{""x"":180,""y"":67,""rgba"":[204,204,204,5],""class"":""other_visible"",""wordmark_component_id"":null},{""x"":181,""y"":67,""rgba"":[0,0,0,1],""class"":""other_visible"",""wordmark_component_id"":null},{""x"":182,""y"":67,""rgba"":[0,0,0,1],""class"":""other_visible"",""wordmark_component_id"":null},{""x"":182,""y"":68,""rgba"":[255,255,255,1],""class"":""other_visible"",""wordmark_component_id"":null},{""x"":180,""y"":69,""rgba"":[107,107,107,19],""class"":""confirmed_wordmark"",""wordmark_component_id"":10},{""x"":181,""y"":69,""rgba"":[0,0,0,4],""class"":""confirmed_wordmark"",""wordmark_component_id"":10}]",2,0,[],[],[10],0,"{""component_id"":10,""x"":181,""y"":69,""distance_px"":1.0,""rgba"":[0,0,0,4],""rgb_linf"":127}","{""class"":""ambiguous_chromatic_boundary"",""present"":true,""distance_px"":131.0153,""coordinate"":[50,66],""rgb_linf"":128}","[{""class"":""ambiguous_chromatic_boundary"",""present"":true,""distance_px"":131.0153,""coordinate"":[50,66],""rgb_linf"":128},{""class"":""chromatic_core"",""present"":true,""distance_px"":132.0341,""coordinate"":[49,65],""rgb_linf"":123},{""class"":""confirmed_true_chromatic_AA"",""present"":true,""distance_px"":133.3604,""coordinate"":[49,49],""rgb_linf"":127}]",20,34.641,,0.065203,0.366253,True,,19,True,True,False,direct unique preconfirmed glyph support,4,AMBIGUOUS,local RGB continuity to preconfirmed wordmark fails frozen max-channel distance 18
182,68,"[186.4093,69.1333]","[186,69]","[[71,112,76,0],[71,112,76,0],[71,112,76,0],[6,4,5,3],[6,4,5,3],[6,4,5,3],[71,112,76,0],[71,112,76,0],[71,112,76,0]]","[255,255,255,1]",1,0,"[{""x"":181,""y"":67,""rgba"":[0,0,0,1],""class"":""other_visible"",""wordmark_component_id"":null},{""x"":182,""y"":67,""rgba"":[0,0,0,1],""class"":""other_visible"",""wordmark_component_id"":null},{""x"":183,""y"":67,""rgba"":[0,0,0,1],""class"":""other_visible"",""wordmark_component_id"":null},{""x"":181,""y"":68,""rgba"":[127,127,127,2],""class"":""other_visible"",""wordmark_component_id"":null},{""x"":183,""y"":68,""rgba"":[255,255,255,1],""class"":""other_visible"",""wordmark_component_id"":null},{""x"":181,""y"":69,""rgba"":[0,0,0,4],""class"":""confirmed_wordmark"",""wordmark_component_id"":10}]",1,0,[],[],[10],0,"{""component_id"":10,""x"":181,""y"":69,""distance_px"":1.4142,""rgba"":[0,0,0,4],""rgb_linf"":255}","{""class"":""ambiguous_chromatic_boundary"",""present"":true,""distance_px"":132.0152,""coordinate"":[50,66],""rgb_linf"":255}","[{""class"":""ambiguous_chromatic_boundary"",""present"":true,""distance_px"":132.0152,""coordinate"":[50,66],""rgb_linf"":255},{""class"":""chromatic_core"",""present"":true,""distance_px"":133.0338,""coordinate"":[49,65],""rgb_linf"":251},{""class"":""confirmed_true_chromatic_AA"",""present"":true,""distance_px"":134.3503,""coordinate"":[49,49],""rgb_linf"":255}]",255,441.6729,,1.0,0.366253,False,,4,True,True,False,direct unique preconfirmed glyph support,4,AMBIGUOUS,local RGB continuity to preconfirmed wordmark fails frozen max-channel distance 18
186,68,"[190.625,69.1333]","[191,69]","[[71,112,76,0],[71,112,76,0],[71,112,76,0],[6,4,5,3],[6,4,5,3],[71,112,76,0],[71,112,76,0],[71,112,76,0],[71,112,76,0]]","[127,127,127,2]",2,0,"[{""x"":185,""y"":67,""rgba"":[0,0,0,1],""class"":""other_visible"",""wordmark_component_id"":null},{""x"":186,""y"":67,""rgba"":[0,0,0,2],""class"":""other_visible"",""wordmark_component_id"":null},{""x"":187,""y"":67,""rgba"":[255,255,255,3],""class"":""other_visible"",""wordmark_component_id"":null},{""x"":185,""y"":68,""rgba"":[255,255,255,1],""class"":""other_visible"",""wordmark_component_id"":null},{""x"":187,""y"":68,""rgba"":[255,255,255,3],""class"":""other_visible"",""wordmark_component_id"":null},{""x"":187,""y"":69,""rgba"":[0,0,0,4],""class"":""confirmed_wordmark"",""wordmark_component_id"":10}]",1,0,[],[],[10],0,"{""component_id"":10,""x"":187,""y"":69,""distance_px"":1.4142,""rgba"":[0,0,0,4],""rgb_linf"":127}","{""class"":""ambiguous_chromatic_boundary"",""present"":true,""distance_px"":136.0147,""coordinate"":[50,66],""rgb_linf"":128}","[{""class"":""ambiguous_chromatic_boundary"",""present"":true,""distance_px"":136.0147,""coordinate"":[50,66],""rgb_linf"":128},{""class"":""chromatic_core"",""present"":true,""distance_px"":137.0328,""coordinate"":[49,65],""rgb_linf"":123},{""class"":""confirmed_true_chromatic_AA"",""present"":true,""distance_px"":138.3112,""coordinate"":[49,49],""rgb_linf"":127}]",127,219.9705,,0.212231,0.337164,True,,4,True,True,False,direct unique preconfirmed glyph support,4,AMBIGUOUS,local RGB continuity to preconfirmed wordmark fails frozen max-channel distance 18
187,68,"[191.6789,69.1333]","[192,69]","[[71,112,76,0],[71,112,76,0],[28,25,25,22],[6,4,5,3],[71,112,76,0],[28,25,25,22],[71,112,76,0],[71,112,76,0],[6,4,5,3]]","[255,255,255,3]",3,0,"[{""x"":186,""y"":67,""rgba"":[0,0,0,2],""class"":""other_visible"",""wordmark_component_id"":null},{""x"":187,""y"":67,""rgba"":[255,255,255,3],""class"":""other_visible"",""wordmark_component_id"":null},{""x"":186,""y"":68,""rgba"":[127,127,127,2],""class"":""other_visible"",""wordmark_component_id"":null},{""x"":187,""y"":69,""rgba"":[0,0,0,4],""class"":""confirmed_wordmark"",""wordmark_component_id"":10},{""x"":188,""y"":69,""rgba"":[0,0,0,1],""class"":""confirmed_wordmark"",""wordmark_component_id"":10}]",2,0,[],[],[10],0,"{""component_id"":10,""x"":187,""y"":69,""distance_px"":1.0,""rgba"":[0,0,0,4],""rgb_linf"":255}","{""class"":""ambiguous_chromatic_boundary"",""present"":true,""distance_px"":137.0146,""coordinate"":[50,66],""rgb_linf"":255}","[{""class"":""ambiguous_chromatic_boundary"",""present"":true,""distance_px"":137.0146,""coordinate"":[50,66],""rgb_linf"":255},{""class"":""chromatic_core"",""present"":true,""distance_px"":138.0326,""coordinate"":[49,65],""rgb_linf"":251},{""class"":""confirmed_true_chromatic_AA"",""present"":true,""distance_px"":139.3018,""coordinate"":[49,49],""rgb_linf"":255}]",255,441.6729,,1.0,0.381326,False,,4,True,True,False,direct unique preconfirmed glyph support,4,AMBIGUOUS,local RGB continuity to preconfirmed wordmark fails frozen max-channel distance 18
199,68,"[204.326,69.1333]","[204,69]","[[6,4,5,3],[71,112,76,0],[71,112,76,0],[71,112,76,0],[6,4,5,3],[6,4,5,3],[6,4,5,3],[71,112,76,0],[71,112,76,0]]","[0,0,0,3]",3,0,"[{""x"":199,""y"":67,""rgba"":[255,255,255,1],""class"":""other_visible"",""wordmark_component_id"":null},{""x"":198,""y"":68,""rgba"":[145,145,145,7],""class"":""confirmed_wordmark"",""wordmark_component_id"":10},{""x"":200,""y"":68,""rgba"":[0,0,0,4],""class"":""other_visible"",""wordmark_component_id"":null},{""x"":198,""y"":69,""rgba"":[51,51,51,5],""class"":""other_visible"",""wordmark_component_id"":null}]",1,0,[],[],[10],0,"{""component_id"":10,""x"":198,""y"":68,""distance_px"":1.0,""rgba"":[145,145,145,7],""rgb_linf"":145}","{""class"":""ambiguous_chromatic_boundary"",""present"":true,""distance_px"":149.0134,""coordinate"":[50,66],""rgb_linf"":255}","[{""class"":""ambiguous_chromatic_boundary"",""present"":true,""distance_px"":149.0134,""coordinate"":[50,66],""rgb_linf"":255},{""class"":""chromatic_core"",""present"":true,""distance_px"":150.03,""coordinate"":[49,65],""rgb_linf"":27},{""class"":""confirmed_true_chromatic_AA"",""present"":true,""distance_px"":151.1985,""coordinate"":[49,49],""rgb_linf"":85}]",145,251.1474,,0.283149,0.081593,False,,7,True,True,False,direct unique preconfirmed glyph support,4,AMBIGUOUS,local RGB continuity to preconfirmed wordmark fails frozen max-channel distance 18
205,68,"[210.6495,69.1333]","[211,69]","[[71,112,76,0],[71,112,76,0],[45,37,38,42],[6,4,5,3],[71,112,76,0],[77,77,77,67],[6,4,5,3],[71,112,76,0],[77,77,77,67]]","[255,255,255,1]",1,0,"[{""x"":206,""y"":67,""rgba"":[0,0,0,9],""class"":""confirmed_wordmark"",""wordmark_component_id"":10},{""x"":204,""y"":68,""rgba"":[42,42,42,6],""class"":""other_visible"",""wordmark_component_id"":null},{""x"":206,""y"":68,""rgba"":[0,0,0,32],""class"":""solid_achromatic_core"",""wordmark_component_id"":10},{""x"":204,""y"":69,""rgba"":[63,63,63,4],""class"":""other_visible"",""wordmark_component_id"":null},{""x"":206,""y"":69,""rgba"":[0,0,0,30],""class"":""confirmed_wordmark"",""wordmark_component_id"":10}]",3,0,[14],[10],[10],1,"{""component_id"":10,""x"":206,""y"":68,""distance_px"":1.0,""rgba"":[0,0,0,32],""rgb_linf"":255}","{""class"":""ambiguous_chromatic_boundary"",""present"":true,""distance_px"":155.0129,""coordinate"":[50,66],""rgb_linf"":255}","[{""class"":""ambiguous_chromatic_boundary"",""present"":true,""distance_px"":155.0129,""coordinate"":[50,66],""rgb_linf"":255},{""class"":""chromatic_core"",""present"":true,""distance_px"":156.0288,""coordinate"":[49,65],""rgb_linf"":251},{""class"":""confirmed_true_chromatic_AA"",""present"":true,""distance_px"":157.1528,""coordinate"":[49,49],""rgb_linf"":255}]",255,441.6729,255,1.0,0.846873,False,32,32,True,True,False,direct unique preconfirmed glyph support,5,AMBIGUOUS,local RGB continuity to preconfirmed wordmark fails frozen max-channel distance 18
82,69,"[81.0172,70.1778]","[81,70]","[[71,112,76,0],[28,25,25,22],[226,226,226,221],[71,112,76,0],[28,25,25,22],[226,226,226,221],[71,112,76,0],[28,25,25,22],[216,216,216,211]]","[66,66,66,27]",27,0,"[{""x"":82,""y"":68,""rgba"":[66,66,66,27],""class"":""other_visible"",""wordmark_component_id"":null},{""x"":83,""y"":68,""rgba"":[233,233,233,233],""class"":""solid_achromatic_core"",""wordmark_component_id"":7},{""x"":83,""y"":69,""rgba"":[230,230,230,230],""class"":""solid_achromatic_core"",""wordmark_component_id"":7},{""x"":82,""y"":70,""rgba"":[56,56,56,27],""class"":""other_visible"",""wordmark_component_id"":null},{""x"":83,""y"":70,""rgba"":[225,225,225,222],""class"":""solid_achromatic_core"",""wordmark_component_id"":7}]",3,0,[7],[7],[7],3,"{""component_id"":7,""x"":83,""y"":69,""distance_px"":1.0,""rgba"":[230,230,230,230],""rgb_linf"":164}","{""class"":""ambiguous_chromatic_boundary"",""present"":true,""distance_px"":32.1403,""coordinate"":[50,66],""rgb_linf"":189}","[{""class"":""ambiguous_chromatic_boundary"",""present"":true,""distance_px"":32.1403,""coordinate"":[50,66],""rgb_linf"":189},{""class"":""chromatic_core"",""present"":true,""distance_px"":33.0606,""coordinate"":[49,71],""rgb_linf"":58},{""class"":""confirmed_true_chromatic_AA"",""present"":true,""distance_px"":38.5876,""coordinate"":[49,49],""rgb_linf"":66}]",159,275.3961,159,0.698462,0.098252,False,233,233,True,False,False,direct unique preconfirmed glyph support,5,AMBIGUOUS,local RGB continuity to preconfirmed wordmark fails frozen max-channel distance 18
104,69,"[104.2034,70.1778]","[104,70]","[[249,249,249,246],[45,37,38,42],[71,112,76,0],[249,249,249,246],[45,37,38,42],[71,112,76,0],[249,249,249,246],[45,37,38,42],[71,112,76,0]]","[0,0,0,19]",19,0,"[{""x"":103,""y"":68,""rgba"":[241,241,241,219],""class"":""solid_achromatic_core"",""wordmark_component_id"":8},{""x"":104,""y"":68,""rgba"":[0,0,0,19],""class"":""other_visible"",""wordmark_component_id"":null},{""x"":105,""y"":68,""rgba"":[255,255,255,2],""class"":""other_visible"",""wordmark_component_id"":null},{""x"":103,""y"":69,""rgba"":[241,241,241,219],""class"":""solid_achromatic_core"",""wordmark_component_id"":8},{""x"":105,""y"":69,""rgba"":[255,255,255,2],""class"":""other_visible"",""wordmark_component_id"":null},{""x"":103,""y"":70,""rgba"":[240,240,240,218],""class"":""solid_achromatic_core"",""wordmark_component_id"":8},{""x"":104,""y"":70,""rgba"":[0,0,0,19],""class"":""other_visible"",""wordmark_component_id"":null},{""x"":105,""y"":70,""rgba"":[255,255,255,2],""class"":""other_visible"",""wordmark_component_id"":null}]",3,0,[8],[8],[8],3,"{""component_id"":8,""x"":103,""y"":69,""distance_px"":1.0,""rgba"":[241,241,241,219],""rgb_linf"":241}","{""class"":""ambiguous_chromatic_boundary"",""present"":true,""distance_px"":54.0833,""coordinate"":[50,66],""rgb_linf"":255}","[{""class"":""ambiguous_chromatic_boundary"",""present"":true,""distance_px"":54.0833,""coordinate"":[50,66],""rgb_linf"":255},{""class"":""chromatic_core"",""present"":true,""distance_px"":55.0364,""coordinate"":[49,71],""rgb_linf"":124},{""class"":""confirmed_true_chromatic_AA"",""present"":true,""distance_px"":58.5235,""coordinate"":[49,49],""rgb_linf"":85}]",240,415.6922,240,0.871367,0.120378,False,219,219,True,False,False,direct unique preconfirmed glyph support,5,AMBIGUOUS,local RGB continuity to preconfirmed wordmark fails frozen max-channel distance 18
109,69,"[109.473,70.1778]","[109,70]","[[6,4,5,3],[71,112,76,0],[102,102,102,90],[6,4,5,3],[71,112,76,0],[102,102,102,90],[6,4,5,3],[71,112,76,0],[102,102,102,90]]","[0,0,0,23]",23,0,"[{""x"":109,""y"":68,""rgba"":[0,0,0,23],""class"":""other_visible"",""wordmark_component_id"":null},{""x"":110,""y"":68,""rgba"":[216,216,216,185],""class"":""solid_achromatic_core"",""wordmark_component_id"":8},{""x"":110,""y"":69,""rgba"":[216,216,216,185],""class"":""solid_achromatic_core"",""wordmark_component_id"":8},{""x"":109,""y"":70,""rgba"":[0,0,0,23],""class"":""other_visible"",""wordmark_component_id"":null},{""x"":110,""y"":70,""rgba"":[217,217,217,183],""class"":""solid_achromatic_core"",""wordmark_component_id"":8}]",3,0,[15],[8],[8],3,"{""component_id"":8,""x"":110,""y"":69,""distance_px"":1.0,""rgba"":[216,216,216,185],""rgb_linf"":216}","{""class"":""ambiguous_chromatic_boundary"",""present"":true,""distance_px"":59.0762,""coordinate"":[50,66],""rgb_linf"":255}","[{""class"":""ambiguous_chromatic_boundary"",""present"":true,""distance_px"":59.0762,""coordinate"":[50,66],""rgb_linf"":255},{""class"":""chromatic_core"",""present"":true,""distance_px"":60.0333,""coordinate"":[49,71],""rgb_linf"":124},{""class"":""confirmed_true_chromatic_AA"",""present"":true,""distance_px"":63.2456,""coordinate"":[49,49],""rgb_linf"":85}]",216,374.123,216,0.686685,0.306128,False,185,185,True,False,False,direct unique preconfirmed glyph support,5,AMBIGUOUS,local RGB continuity to preconfirmed wordmark fails frozen max-channel distance 18
164,69,"[167.4387,70.1778]","[167,70]","[[6,4,5,3],[71,112,76,0],[102,102,102,90],[6,4,5,3],[71,112,76,0],[102,102,102,90],[6,4,5,3],[71,112,76,0],[102,102,102,90]]","[0,0,0,20]",20,0,"[{""x"":164,""y"":68,""rgba"":[0,0,0,20],""class"":""other_visible"",""wordmark_component_id"":null},{""x"":165,""y"":68,""rgba"":[213,213,213,180],""class"":""solid_achromatic_core"",""wordmark_component_id"":10},{""x"":165,""y"":69,""rgba"":[212,212,212,178],""class"":""solid_achromatic_core"",""wordmark_component_id"":10},{""x"":164,""y"":70,""rgba"":[0,0,0,21],""class"":""other_visible"",""wordmark_component_id"":null},{""x"":165,""y"":70,""rgba"":[209,209,209,179],""class"":""solid_achromatic_core"",""wordmark_component_id"":10}]",3,0,[12],[10],[10],3,"{""component_id"":10,""x"":165,""y"":69,""distance_px"":1.0,""rgba"":[212,212,212,178],""rgb_linf"":212}","{""class"":""ambiguous_chromatic_boundary"",""present"":true,""distance_px"":114.0395,""coordinate"":[50,66],""rgb_linf"":255}","[{""class"":""ambiguous_chromatic_boundary"",""present"":true,""distance_px"":114.0395,""coordinate"":[50,66],""rgb_linf"":255},{""class"":""chromatic_core"",""present"":true,""distance_px"":115.0174,""coordinate"":[49,71],""rgb_linf"":124},{""class"":""confirmed_true_chromatic_AA"",""present"":true,""distance_px"":116.7262,""coordinate"":[49,49],""rgb_linf"":85}]",209,361.9986,209,0.637597,0.334613,False,180,180,True,False,False,direct unique preconfirmed glyph support,5,AMBIGUOUS,local RGB continuity to preconfirmed wordmark fails frozen max-channel distance 18
174,69,"[177.9779,70.1778]","[178,70]","[[71,112,76,0],[6,4,5,3],[71,112,76,0],[71,112,76,0],[6,4,5,3],[71,112,76,0],[71,112,76,0],[71,112,76,0],[6,4,5,3]]","[0,0,0,3]",3,0,"[{""x"":174,""y"":68,""rgba"":[0,0,0,1],""class"":""other_visible"",""wordmark_component_id"":null},{""x"":175,""y"":68,""rgba"":[0,0,0,1],""class"":""confirmed_wordmark"",""wordmark_component_id"":10}]",1,0,[],[],[10],0,"{""component_id"":10,""x"":175,""y"":68,""distance_px"":1.4142,""rgba"":[0,0,0,1],""rgb_linf"":0}","{""class"":""ambiguous_chromatic_boundary"",""present"":true,""distance_px"":124.0363,""coordinate"":[50,66],""rgb_linf"":255}","[{""class"":""ambiguous_chromatic_boundary"",""present"":true,""distance_px"":124.0363,""coordinate"":[50,66],""rgb_linf"":255},{""class"":""chromatic_core"",""present"":true,""distance_px"":125.016,""coordinate"":[49,71],""rgb_linf"":124},{""class"":""confirmed_true_chromatic_AA"",""present"":true,""distance_px"":126.5899,""coordinate"":[49,49],""rgb_linf"":85}]",0,0.0,,0.0,0.262251,True,,1,False,True,False,direct unique preconfirmed glyph support,4,AMBIGUOUS,alpha does not attenuate away from direct confirmed support
193,69,"[198.0025,70.1778]","[198,70]","[[71,112,76,0],[71,112,76,0],[185,185,185,176],[71,112,76,0],[28,25,25,22],[216,216,216,211],[71,112,76,0],[28,25,25,22],[226,226,226,221]]","[42,42,42,24]",24,0,"[{""x"":193,""y"":68,""rgba"":[0,0,0,4],""class"":""confirmed_wordmark"",""wordmark_component_id"":10},{""x"":194,""y"":68,""rgba"":[200,200,200,191],""class"":""solid_achromatic_core"",""wordmark_component_id"":10},{""x"":194,""y"":69,""rgba"":[223,223,223,222],""class"":""solid_achromatic_core"",""wordmark_component_id"":10},{""x"":193,""y"":70,""rgba"":[44,44,44,23],""class"":""other_visible"",""wordmark_component_id"":null},{""x"":194,""y"":70,""rgba"":[234,234,234,233],""class"":""solid_achromatic_core"",""wordmark_component_id"":10}]",4,0,[14],[10],[10],3,"{""component_id"":10,""x"":193,""y"":68,""distance_px"":1.0,""rgba"":[0,0,0,4],""rgb_linf"":42}","{""class"":""ambiguous_chromatic_boundary"",""present"":true,""distance_px"":143.0315,""coordinate"":[50,66],""rgb_linf"":213}","[{""class"":""ambiguous_chromatic_boundary"",""present"":true,""distance_px"":143.0315,""coordinate"":[50,66],""rgb_linf"":213},{""class"":""chromatic_core"",""present"":true,""distance_px"":144.0139,""coordinate"":[49,71],""rgb_linf"":82},{""class"":""confirmed_true_chromatic_AA"",""present"":true,""distance_px"":145.3823,""coordinate"":[49,49],""rgb_linf"":43}]",42,72.7461,158,0.023153,0.187936,True,233,233,True,True,False,direct unique preconfirmed glyph support,5,AMBIGUOUS,local RGB continuity to preconfirmed wordmark fails frozen max-channel distance 18
198,69,"[203.2721,70.1778]","[203,70]","[[71,112,76,0],[71,112,76,0],[6,4,5,3],[71,112,76,0],[6,4,5,3],[71,112,76,0],[71,112,76,0],[6,4,5,3],[71,112,76,0]]","[51,51,51,5]",5,0,"[{""x"":198,""y"":68,""rgba"":[145,145,145,7],""class"":""confirmed_wordmark"",""wordmark_component_id"":10},{""x"":199,""y"":68,""rgba"":[0,0,0,3],""class"":""other_visible"",""wordmark_component_id"":null},{""x"":197,""y"":69,""rgba"":[127,127,127,2],""class"":""confirmed_wordmark"",""wordmark_component_id"":10},{""x"":198,""y"":70,""rgba"":[51,51,51,5],""class"":""other_visible"",""wordmark_component_id"":null}]",2,0,[],[],[10],0,"{""component_id"":10,""x"":197,""y"":69,""distance_px"":1.0,""rgba"":[127,127,127,2],""rgb_linf"":76}","{""class"":""ambiguous_chromatic_boundary"",""present"":true,""distance_px"":148.0304,""coordinate"":[50,66],""rgb_linf"":204}","[{""class"":""ambiguous_chromatic_boundary"",""present"":true,""distance_px"":148.0304,""coordinate"":[50,66],""rgb_linf"":204},{""class"":""chromatic_core"",""present"":true,""distance_px"":149.0134,""coordinate"":[49,71],""rgb_linf"":73},{""class"":""confirmed_true_chromatic_AA"",""present"":true,""distance_px"":150.3363,""coordinate"":[49,49],""rgb_linf"":51}]",76,131.6359,,0.179126,0.142802,False,,7,True,True,False,direct unique preconfirmed glyph support,4,AMBIGUOUS,local RGB continuity to preconfirmed wordmark fails frozen max-channel distance 18
82,70,"[81.0172,71.2222]","[81,71]","[[71,112,76,0],[28,25,25,22],[226,226,226,221],[71,112,76,0],[28,25,25,22],[216,216,216,211],[71,112,76,0],[28,25,25,22],[226,226,226,221]]","[56,56,56,27]",27,0,"[{""x"":82,""y"":69,""rgba"":[66,66,66,27],""class"":""other_visible"",""wordmark_component_id"":null},{""x"":83,""y"":69,""rgba"":[230,230,230,230],""class"":""solid_achromatic_core"",""wordmark_component_id"":7},{""x"":83,""y"":70,""rgba"":[225,225,225,222],""class"":""solid_achromatic_core"",""wordmark_component_id"":7},{""x"":82,""y"":71,""rgba"":[59,59,59,30],""class"":""other_visible"",""wordmark_component_id"":null},{""x"":83,""y"":71,""rgba"":[226,226,226,232],""class"":""solid_achromatic_core"",""wordmark_component_id"":7}]",3,0,[7],[7],[7],3,"{""component_id"":7,""x"":83,""y"":70,""distance_px"":1.0,""rgba"":[225,225,225,222],""rgb_linf"":169}","{""class"":""ambiguous_chromatic_boundary"",""present"":true,""distance_px"":32.0624,""coordinate"":[50,72],""rgb_linf"":56}","[{""class"":""ambiguous_chromatic_boundary"",""present"":true,""distance_px"":32.0624,""coordinate"":[50,72],""rgb_linf"":56},{""class"":""chromatic_core"",""present"":true,""distance_px"":33.0151,""coordinate"":[49,71],""rgb_linf"":68},{""class"":""confirmed_true_chromatic_AA"",""present"":true,""distance_px"":39.1152,""coordinate"":[49,49],""rgb_linf"":56}]",169,292.7166,169,0.713396,0.121801,False,232,232,True,False,False,direct unique preconfirmed glyph support,5,AMBIGUOUS,local RGB continuity to preconfirmed wordmark fails frozen max-channel distance 18
104,70,"[104.2034,71.2222]","[104,71]","[[249,249,249,246],[45,37,38,42],[71,112,76,0],[249,249,249,246],[45,37,38,42],[71,112,76,0],[249,249,249,246],[45,37,38,42],[71,112,76,0]]","[0,0,0,19]",19,0,"[{""x"":103,""y"":69,""rgba"":[241,241,241,219],""class"":""solid_achromatic_core"",""wordmark_component_id"":8},{""x"":104,""y"":69,""rgba"":[0,0,0,19],""class"":""other_visible"",""wordmark_component_id"":null},{""x"":105,""y"":69,""rgba"":[255,255,255,2],""class"":""other_visible"",""wordmark_component_id"":null},{""x"":103,""y"":70,""rgba"":[240,240,240,218],""class"":""solid_achromatic_core"",""wordmark_component_id"":8},{""x"":105,""y"":70,""rgba"":[255,255,255,2],""class"":""other_visible"",""wordmark_component_id"":null},{""x"":103,""y"":71,""rgba"":[239,239,239,229],""class"":""solid_achromatic_core"",""wordmark_component_id"":8},{""x"":104,""y"":71,""rgba"":[0,0,0,21],""class"":""other_visible"",""wordmark_component_id"":null},{""x"":105,""y"":71,""rgba"":[255,255,255,2],""class"":""other_visible"",""wordmark_component_id"":null}]",3,0,[8],[8],[8],3,"{""component_id"":8,""x"":103,""y"":70,""distance_px"":1.0,""rgba"":[240,240,240,218],""rgb_linf"":240}","{""class"":""ambiguous_chromatic_boundary"",""present"":true,""distance_px"":54.037,""coordinate"":[50,72],""rgb_linf"":63}","[{""class"":""ambiguous_chromatic_boundary"",""present"":true,""distance_px"":54.037,""coordinate"":[50,72],""rgb_linf"":63},{""class"":""chromatic_core"",""present"":true,""distance_px"":55.0091,""coordinate"":[49,71],""rgb_linf"":124},{""class"":""confirmed_true_chromatic_AA"",""present"":true,""distance_px"":58.8727,""coordinate"":[49,49],""rgb_linf"":85}]",239,413.9601,239,0.863157,0.120378,False,229,229,True,False,False,direct unique preconfirmed glyph support,5,AMBIGUOUS,local RGB continuity to preconfirmed wordmark fails frozen max-channel distance 18
109,70,"[109.473,71.2222]","[109,71]","[[6,4,5,3],[71,112,76,0],[102,102,102,90],[6,4,5,3],[71,112,76,0],[102,102,102,90],[6,4,5,3],[71,112,76,0],[102,102,102,90]]","[0,0,0,23]",23,0,"[{""x"":109,""y"":69,""rgba"":[0,0,0,23],""class"":""other_visible"",""wordmark_component_id"":null},{""x"":110,""y"":69,""rgba"":[216,216,216,185],""class"":""solid_achromatic_core"",""wordmark_component_id"":8},{""x"":110,""y"":70,""rgba"":[217,217,217,183],""class"":""solid_achromatic_core"",""wordmark_component_id"":8},{""x"":109,""y"":71,""rgba"":[0,0,0,24],""class"":""other_visible"",""wordmark_component_id"":null},{""x"":110,""y"":71,""rgba"":[217,217,217,195],""class"":""solid_achromatic_core"",""wordmark_component_id"":8}]",3,0,[15],[8],[8],3,"{""component_id"":8,""x"":110,""y"":70,""distance_px"":1.0,""rgba"":[217,217,217,183],""rgb_linf"":217}","{""class"":""ambiguous_chromatic_boundary"",""present"":true,""distance_px"":59.0339,""coordinate"":[50,72],""rgb_linf"":63}","[{""class"":""ambiguous_chromatic_boundary"",""present"":true,""distance_px"":59.0339,""coordinate"":[50,72],""rgb_linf"":63},{""class"":""chromatic_core"",""present"":true,""distance_px"":60.0083,""coordinate"":[49,71],""rgb_linf"":124},{""class"":""confirmed_true_chromatic_AA"",""present"":true,""distance_px"":63.5689,""coordinate"":[49,49],""rgb_linf"":85}]",216,374.123,216,0.686685,0.306128,False,195,195,True,False,False,direct unique preconfirmed glyph support,5,AMBIGUOUS,local RGB continuity to preconfirmed wordmark fails frozen max-channel distance 18
164,70,"[167.4387,71.2222]","[167,71]","[[6,4,5,3],[71,112,76,0],[102,102,102,90],[6,4,5,3],[71,112,76,0],[102,102,102,90],[6,4,5,3],[71,112,76,0],[99,99,99,101]]","[0,0,0,21]",21,0,"[{""x"":164,""y"":69,""rgba"":[0,0,0,20],""class"":""other_visible"",""wordmark_component_id"":null},{""x"":165,""y"":69,""rgba"":[212,212,212,178],""class"":""solid_achromatic_core"",""wordmark_component_id"":10},{""x"":165,""y"":70,""rgba"":[209,209,209,179],""class"":""solid_achromatic_core"",""wordmark_component_id"":10},{""x"":164,""y"":71,""rgba"":[0,0,0,26],""class"":""other_visible"",""wordmark_component_id"":null},{""x"":165,""y"":71,""rgba"":[209,209,209,195],""class"":""solid_achromatic_core"",""wordmark_component_id"":10}]",3,0,[12],[10],[10],3,"{""component_id"":10,""x"":165,""y"":70,""distance_px"":1.0,""rgba"":[209,209,209,179],""rgb_linf"":209}","{""class"":""ambiguous_chromatic_boundary"",""present"":true,""distance_px"":114.0175,""coordinate"":[50,72],""rgb_linf"":63}","[{""class"":""ambiguous_chromatic_boundary"",""present"":true,""distance_px"":114.0175,""coordinate"":[50,72],""rgb_linf"":63},{""class"":""chromatic_core"",""present"":true,""distance_px"":115.0043,""coordinate"":[49,71],""rgb_linf"":124},{""class"":""confirmed_true_chromatic_AA"",""present"":true,""distance_px"":116.9017,""coordinate"":[49,49],""rgb_linf"":85}]",209,361.9986,209,0.637597,0.341625,False,195,195,True,False,False,direct unique preconfirmed glyph support,5,AMBIGUOUS,local RGB continuity to preconfirmed wordmark fails frozen max-channel distance 18
193,70,"[198.0025,71.2222]","[198,71]","[[71,112,76,0],[28,25,25,22],[216,216,216,211],[71,112,76,0],[28,25,25,22],[226,226,226,221],[71,112,76,0],[28,25,25,22],[238,238,238,233]]","[44,44,44,23]",23,0,"[{""x"":193,""y"":69,""rgba"":[42,42,42,24],""class"":""other_visible"",""wordmark_component_id"":null},{""x"":194,""y"":69,""rgba"":[223,223,223,222],""class"":""solid_achromatic_core"",""wordmark_component_id"":10},{""x"":194,""y"":70,""rgba"":[234,234,234,233],""class"":""solid_achromatic_core"",""wordmark_component_id"":10},{""x"":193,""y"":71,""rgba"":[51,51,51,25],""class"":""other_visible"",""wordmark_component_id"":null},{""x"":194,""y"":71,""rgba"":[239,239,239,250],""class"":""solid_achromatic_core"",""wordmark_component_id"":10}]",3,0,[14],[10],[10],3,"{""component_id"":10,""x"":194,""y"":70,""distance_px"":1.0,""rgba"":[234,234,234,233],""rgb_linf"":190}","{""class"":""ambiguous_chromatic_boundary"",""present"":true,""distance_px"":143.014,""coordinate"":[50,72],""rgb_linf"":44}","[{""class"":""ambiguous_chromatic_boundary"",""present"":true,""distance_px"":143.014,""coordinate"":[50,72],""rgb_linf"":44},{""class"":""chromatic_core"",""present"":true,""distance_px"":144.0035,""coordinate"":[49,71],""rgb_linf"":80},{""class"":""confirmed_true_chromatic_AA"",""present"":true,""distance_px"":145.5232,""coordinate"":[49,49],""rgb_linf"":44}]",179,310.0371,179,0.712724,0.107325,False,250,250,True,False,False,direct unique preconfirmed glyph support,5,AMBIGUOUS,local RGB continuity to preconfirmed wordmark fails frozen max-channel distance 18
198,70,"[203.2721,71.2222]","[203,71]","[[71,112,76,0],[6,4,5,3],[71,112,76,0],[71,112,76,0],[6,4,5,3],[71,112,76,0],[71,112,76,0],[6,4,5,3],[71,112,76,0]]","[51,51,51,5]",5,0,"[{""x"":197,""y"":69,""rgba"":[127,127,127,2],""class"":""confirmed_wordmark"",""wordmark_component_id"":10},{""x"":198,""y"":69,""rgba"":[51,51,51,5],""class"":""other_visible"",""wordmark_component_id"":null},{""x"":198,""y"":71,""rgba"":[51,51,51,5],""class"":""other_visible"",""wordmark_component_id"":null}]",1,0,[],[],[10],0,"{""component_id"":10,""x"":197,""y"":69,""distance_px"":1.4142,""rgba"":[127,127,127,2],""rgb_linf"":76}","{""class"":""ambiguous_chromatic_boundary"",""present"":true,""distance_px"":148.0135,""coordinate"":[50,72],""rgb_linf"":51}","[{""class"":""ambiguous_chromatic_boundary"",""present"":true,""distance_px"":148.0135,""coordinate"":[50,72],""rgb_linf"":51},{""class"":""chromatic_core"",""present"":true,""distance_px"":149.0034,""coordinate"":[49,71],""rgb_linf"":73},{""class"":""confirmed_true_chromatic_AA"",""present"":true,""distance_px"":150.4726,""coordinate"":[49,49],""rgb_linf"":51}]",76,131.6359,,0.179126,0.15775,False,,2,False,True,False,direct unique preconfirmed glyph support,4,AMBIGUOUS,local RGB continuity to preconfirmed wordmark fails frozen max-channel distance 18
206,70,"[211.7034,71.2222]","[212,71]","[[71,112,76,0],[77,77,77,67],[255,255,255,255],[71,112,76,0],[77,77,77,67],[255,255,255,255],[71,112,76,0],[77,77,77,67],[255,255,255,255]]","[0,0,0,31]",31,0,"[{""x"":206,""y"":69,""rgba"":[0,0,0,30],""class"":""confirmed_wordmark"",""wordmark_component_id"":10},{""x"":207,""y"":69,""rgba"":[238,238,238,215],""class"":""solid_achromatic_core"",""wordmark_component_id"":10},{""x"":207,""y"":70,""rgba"":[238,238,238,215],""class"":""solid_achromatic_core"",""wordmark_component_id"":10},{""x"":205,""y"":71,""rgba"":[255,255,255,1],""class"":""other_visible"",""wordmark_component_id"":null},{""x"":206,""y"":71,""rgba"":[0,0,0,26],""class"":""other_visible"",""wordmark_component_id"":null},{""x"":207,""y"":71,""rgba"":[237,236,236,221],""class"":""solid_achromatic_core"",""wordmark_component_id"":10}]",4,0,[14],[10],[10],3,"{""component_id"":10,""x"":206,""y"":69,""distance_px"":1.0,""rgba"":[0,0,0,30],""rgb_linf"":0}","{""class"":""ambiguous_chromatic_boundary"",""present"":true,""distance_px"":156.0128,""coordinate"":[50,72],""rgb_linf"":63}","[{""class"":""ambiguous_chromatic_boundary"",""present"":true,""distance_px"":156.0128,""coordinate"":[50,72],""rgb_linf"":63},{""class"":""chromatic_core"",""present"":true,""distance_px"":157.0032,""coordinate"":[49,71],""rgb_linf"":124},{""class"":""confirmed_true_chromatic_AA"",""present"":true,""distance_px"":158.3982,""coordinate"":[49,49],""rgb_linf"":85}]",0,0.0,237,0.0,0.145007,True,221,221,True,True,False,direct unique preconfirmed glyph support,5,SAFE WORDMARK OWNERSHIP,one-hop attachment to already-confirmed safe wordmark AA; frozen RGB/luma/alpha evidence passes; no chaining
66,71,"[64.1544,72.2667]","[64,72]","[[71,112,76,0],[71,112,76,0],[71,112,76,0],[71,112,76,0],[6,4,5,3],[71,112,76,0],[71,112,76,0],[6,4,5,3],[71,112,76,0]]","[255,255,255,1]",1,0,"[{""x"":67,""y"":70,""rgba"":[0,0,0,1],""class"":""confirmed_wordmark"",""wordmark_component_id"":6},{""x"":65,""y"":71,""rgba"":[0,0,0,1],""class"":""other_visible"",""wordmark_component_id"":null},{""x"":67,""y"":71,""rgba"":[0,0,0,1],""class"":""confirmed_wordmark"",""wordmark_component_id"":6},{""x"":65,""y"":72,""rgba"":[0,0,0,1],""class"":""other_visible"",""wordmark_component_id"":null},{""x"":66,""y"":72,""rgba"":[255,255,255,1],""class"":""other_visible"",""wordmark_component_id"":null},{""x"":67,""y"":72,""rgba"":[0,0,0,1],""class"":""confirmed_wordmark"",""wordmark_component_id"":6}]",3,0,[],[],[6],0,"{""component_id"":6,""x"":67,""y"":71,""distance_px"":1.0,""rgba"":[0,0,0,1],""rgb_linf"":255}","{""class"":""ambiguous_chromatic_boundary"",""present"":true,""distance_px"":16.0312,""coordinate"":[50,72],""rgb_linf"":255}","[{""class"":""ambiguous_chromatic_boundary"",""present"":true,""distance_px"":16.0312,""coordinate"":[50,72],""rgb_linf"":255},{""class"":""chromatic_core"",""present"":true,""distance_px"":17.0,""coordinate"":[49,71],""rgb_linf"":236},{""class"":""confirmed_true_chromatic_AA"",""present"":true,""distance_px"":27.8029,""coordinate"":[49,49],""rgb_linf"":255}]",255,441.6729,,1.0,0.291771,False,,1,False,True,False,direct unique preconfirmed glyph support,4,AMBIGUOUS,local RGB continuity to preconfirmed wordmark fails frozen max-channel distance 18
82,71,"[81.0172,72.2667]","[81,72]","[[71,112,76,0],[28,25,25,22],[216,216,216,211],[71,112,76,0],[28,25,25,22],[226,226,226,221],[71,112,76,0],[28,25,25,22],[201,201,201,192]]","[59,59,59,30]",30,0,"[{""x"":82,""y"":70,""rgba"":[56,56,56,27],""class"":""other_visible"",""wordmark_component_id"":null},{""x"":83,""y"":70,""rgba"":[225,225,225,222],""class"":""solid_achromatic_core"",""wordmark_component_id"":7},{""x"":83,""y"":71,""rgba"":[226,226,226,232],""class"":""solid_achromatic_core"",""wordmark_component_id"":7},{""x"":82,""y"":72,""rgba"":[36,36,36,21],""class"":""other_visible"",""wordmark_component_id"":null},{""x"":83,""y"":72,""rgba"":[183,182,182,154],""class"":""solid_achromatic_core"",""wordmark_component_id"":7}]",3,0,[7],[7],[7],3,"{""component_id"":7,""x"":83,""y"":71,""distance_px"":1.0,""rgba"":[226,226,226,232],""rgb_linf"":167}","{""class"":""ambiguous_chromatic_boundary"",""present"":true,""distance_px"":32.0156,""coordinate"":[50,72],""rgb_linf"":59}","[{""class"":""ambiguous_chromatic_boundary"",""present"":true,""distance_px"":32.0156,""coordinate"":[50,72],""rgb_linf"":59},{""class"":""chromatic_core"",""present"":true,""distance_px"":33.0,""coordinate"":[49,71],""rgb_linf"":65},{""class"":""confirmed_true_chromatic_AA"",""present"":true,""distance_px"":39.6611,""coordinate"":[49,49],""rgb_linf"":59}]",124,213.6212,124,0.425271,0.203031,False,232,232,True,False,False,direct unique preconfirmed glyph support,5,AMBIGUOUS,local RGB continuity to preconfirmed wordmark fails frozen max-channel distance 18
104,71,"[104.2034,72.2667]","[104,72]","[[249,249,249,246],[45,37,38,42],[71,112,76,0],[249,249,249,246],[45,37,38,42],[71,112,76,0],[238,238,238,233],[45,37,38,42],[71,112,76,0]]","[0,0,0,21]",21,0,"[{""x"":103,""y"":70,""rgba"":[240,240,240,218],""class"":""solid_achromatic_core"",""wordmark_component_id"":8},{""x"":104,""y"":70,""rgba"":[0,0,0,19],""class"":""other_visible"",""wordmark_component_id"":null},{""x"":105,""y"":70,""rgba"":[255,255,255,2],""class"":""other_visible"",""wordmark_component_id"":null},{""x"":103,""y"":71,""rgba"":[239,239,239,229],""class"":""solid_achromatic_core"",""wordmark_component_id"":8},{""x"":105,""y"":71,""rgba"":[255,255,255,2],""class"":""other_visible"",""wordmark_component_id"":null},{""x"":103,""y"":72,""rgba"":[210,210,210,161],""class"":""solid_achromatic_core"",""wordmark_component_id"":8},{""x"":104,""y"":72,""rgba"":[0,0,0,14],""class"":""other_visible"",""wordmark_component_id"":null},{""x"":105,""y"":72,""rgba"":[255,255,255,1],""class"":""other_visible"",""wordmark_component_id"":null}]",3,0,[8],[8],[8],3,"{""component_id"":8,""x"":103,""y"":71,""distance_px"":1.0,""rgba"":[239,239,239,229],""rgb_linf"":239}","{""class"":""ambiguous_chromatic_boundary"",""present"":true,""distance_px"":54.0093,""coordinate"":[50,72],""rgb_linf"":63}","[{""class"":""ambiguous_chromatic_boundary"",""present"":true,""distance_px"":54.0093,""coordinate"":[50,72],""rgb_linf"":63},{""class"":""chromatic_core"",""present"":true,""distance_px"":55.0,""coordinate"":[49,71],""rgb_linf"":124},{""class"":""confirmed_true_chromatic_AA"",""present"":true,""distance_px"":59.2368,""coordinate"":[49,49],""rgb_linf"":85}]",210,363.7307,210,0.64448,0.128633,False,229,229,True,False,False,direct unique preconfirmed glyph support,5,AMBIGUOUS,local RGB continuity to preconfirmed wordmark fails frozen max-channel distance 18
109,71,"[109.473,72.2667]","[109,72]","[[6,4,5,3],[71,112,76,0],[102,102,102,90],[6,4,5,3],[71,112,76,0],[102,102,102,90],[6,4,5,3],[71,112,76,0],[102,102,102,90]]","[0,0,0,24]",24,0,"[{""x"":109,""y"":70,""rgba"":[0,0,0,23],""class"":""other_visible"",""wordmark_component_id"":null},{""x"":110,""y"":70,""rgba"":[217,217,217,183],""class"":""solid_achromatic_core"",""wordmark_component_id"":8},{""x"":110,""y"":71,""rgba"":[217,217,217,195],""class"":""solid_achromatic_core"",""wordmark_component_id"":8},{""x"":109,""y"":72,""rgba"":[0,0,0,20],""class"":""other_visible"",""wordmark_component_id"":null},{""x"":110,""y"":72,""rgba"":[195,193,193,141],""class"":""solid_achromatic_core"",""wordmark_component_id"":8}]",3,0,[15],[8],[8],3,"{""component_id"":8,""x"":110,""y"":71,""distance_px"":1.0,""rgba"":[217,217,217,195],""rgb_linf"":217}","{""class"":""ambiguous_chromatic_boundary"",""present"":true,""distance_px"":59.0085,""coordinate"":[50,72],""rgb_linf"":63}","[{""class"":""ambiguous_chromatic_boundary"",""present"":true,""distance_px"":59.0085,""coordinate"":[50,72],""rgb_linf"":63},{""class"":""chromatic_core"",""present"":true,""distance_px"":60.0,""coordinate"":[49,71],""rgb_linf"":124},{""class"":""confirmed_true_chromatic_AA"",""present"":true,""distance_px"":63.9062,""coordinate"":[49,49],""rgb_linf"":85}]",195,335.4445,195,0.535923,0.194538,False,195,195,True,False,False,direct unique preconfirmed glyph support,5,AMBIGUOUS,local RGB continuity to preconfirmed wordmark fails frozen max-channel distance 18
121,71,"[122.1201,72.2667]","[122,72]","[[201,201,201,192],[6,4,5,3],[71,112,76,0],[201,201,201,192],[6,4,5,3],[71,112,76,0],[185,185,185,176],[28,25,25,22],[71,112,76,0]]","[0,0,0,4]",4,0,"[{""x"":120,""y"":70,""rgba"":[200,200,200,178],""class"":""solid_achromatic_core"",""wordmark_component_id"":8},{""x"":122,""y"":70,""rgba"":[255,255,255,2],""class"":""other_visible"",""wordmark_component_id"":null},{""x"":120,""y"":71,""rgba"":[196,196,196,187],""class"":""solid_achromatic_core"",""wordmark_component_id"":8},{""x"":122,""y"":71,""rgba"":[255,255,255,2],""class"":""other_visible"",""wordmark_component_id"":null},{""x"":120,""y"":72,""rgba"":[170,170,170,124],""class"":""solid_achromatic_core"",""wordmark_component_id"":8},{""x"":121,""y"":72,""rgba"":[0,0,0,11],""class"":""other_visible"",""wordmark_component_id"":null}]",3,0,[9],[8],[8],3,"{""component_id"":8,""x"":120,""y"":71,""distance_px"":1.0,""rgba"":[196,196,196,187],""rgb_linf"":196}","{""class"":""ambiguous_chromatic_boundary"",""present"":true,""distance_px"":71.007,""coordinate"":[50,72],""rgb_linf"":63}","[{""class"":""ambiguous_chromatic_boundary"",""present"":true,""distance_px"":71.007,""coordinate"":[50,72],""rgb_linf"":63},{""class"":""chromatic_core"",""present"":true,""distance_px"":72.0,""coordinate"":[49,71],""rgb_linf"":124},{""class"":""confirmed_true_chromatic_AA"",""present"":true,""distance_px"":75.2861,""coordinate"":[49,49],""rgb_linf"":85}]",170,294.4486,170,0.401978,0.373844,False,187,187,True,False,False,direct unique preconfirmed glyph support,5,AMBIGUOUS,local RGB continuity to preconfirmed wordmark fails frozen max-channel distance 18
136,71,"[137.9289,72.2667]","[138,72]","[[255,255,255,255],[185,185,185,176],[6,4,5,3],[201,201,201,192],[28,25,25,22],[71,112,76,0],[6,4,5,3],[71,112,76,0],[6,4,5,3]]","[0,0,0,11]",11,0,"[{""x"":135,""y"":70,""rgba"":[249,249,249,255],""class"":""solid_achromatic_core"",""wordmark_component_id"":9},{""x"":136,""y"":70,""rgba"":[175,175,175,151],""class"":""solid_achromatic_core"",""wordmark_component_id"":9},{""x"":135,""y"":71,""rgba"":[197,197,197,156],""class"":""solid_achromatic_core"",""wordmark_component_id"":9},{""x"":137,""y"":71,""rgba"":[85,85,85,3],""class"":""confirmed_wordmark"",""wordmark_component_id"":9},{""x"":136,""y"":72,""rgba"":[255,255,255,2],""class"":""other_visible"",""wordmark_component_id"":null},{""x"":137,""y"":72,""rgba"":[0,0,0,3],""class"":""other_visible"",""wordmark_component_id"":null}]",4,0,[10],[9],[9],3,"{""component_id"":9,""x"":135,""y"":71,""distance_px"":1.0,""rgba"":[197,197,197,156],""rgb_linf"":197}","{""class"":""ambiguous_chromatic_boundary"",""present"":true,""distance_px"":86.0058,""coordinate"":[50,72],""rgb_linf"":63}","[{""class"":""ambiguous_chromatic_boundary"",""present"":true,""distance_px"":86.0058,""coordinate"":[50,72],""rgb_linf"":63},{""class"":""chromatic_core"",""present"":true,""distance_px"":87.0,""coordinate"":[49,71],""rgb_linf"":124},{""class"":""confirmed_true_chromatic_AA"",""present"":true,""distance_px"":89.7385,""coordinate"":[49,49],""rgb_linf"":85}]",85,147.2243,175,0.090842,0.363407,True,255,255,True,True,False,direct unique preconfirmed glyph support,5,AMBIGUOUS,local RGB continuity to preconfirmed wordmark fails frozen max-channel distance 18
138,71,"[140.0368,72.2667]","[140,72]","[[6,4,5,3],[71,112,76,0],[71,112,76,0],[71,112,76,0],[6,4,5,3],[71,112,76,0],[6,4,5,3],[71,112,76,0],[6,4,5,3]]","[85,85,85,3]",3,0,"[{""x"":138,""y"":70,""rgba"":[0,0,0,1],""class"":""confirmed_wordmark"",""wordmark_component_id"":9},{""x"":137,""y"":71,""rgba"":[85,85,85,3],""class"":""confirmed_wordmark"",""wordmark_component_id"":9},{""x"":137,""y"":72,""rgba"":[0,0,0,3],""class"":""other_visible"",""wordmark_component_id"":null}]",2,0,[],[],[9],0,"{""component_id"":9,""x"":137,""y"":71,""distance_px"":1.0,""rgba"":[85,85,85,3],""rgb_linf"":0}","{""class"":""ambiguous_chromatic_boundary"",""present"":true,""distance_px"":88.0057,""coordinate"":[50,72],""rgb_linf"":85}","[{""class"":""ambiguous_chromatic_boundary"",""present"":true,""distance_px"":88.0057,""coordinate"":[50,72],""rgb_linf"":85},{""class"":""chromatic_core"",""present"":true,""distance_px"":89.0,""coordinate"":[49,71],""rgb_linf"":66},{""class"":""confirmed_true_chromatic_AA"",""present"":true,""distance_px"":91.6788,""coordinate"":[49,49],""rgb_linf"":85}]",0,0.0,,0.0,0.228694,True,,3,False,True,False,direct unique preconfirmed glyph support,4,AMBIGUOUS,alpha does not attenuate away from direct confirmed support
164,71,"[167.4387,72.2667]","[167,72]","[[6,4,5,3],[71,112,76,0],[102,102,102,90],[6,4,5,3],[71,112,76,0],[99,99,99,101],[6,4,5,3],[71,112,76,0],[102,102,102,90]]","[0,0,0,26]",26,0,"[{""x"":164,""y"":70,""rgba"":[0,0,0,21],""class"":""other_visible"",""wordmark_component_id"":null},{""x"":165,""y"":70,""rgba"":[209,209,209,179],""class"":""solid_achromatic_core"",""wordmark_component_id"":10},{""x"":165,""y"":71,""rgba"":[209,209,209,195],""class"":""solid_achromatic_core"",""wordmark_component_id"":10},{""x"":164,""y"":72,""rgba"":[0,0,0,17],""class"":""other_visible"",""wordmark_component_id"":null},{""x"":165,""y"":72,""rgba"":[194,194,194,138],""class"":""solid_achromatic_core"",""wordmark_component_id"":10}]",3,0,[12],[10],[10],3,"{""component_id"":10,""x"":165,""y"":71,""distance_px"":1.0,""rgba"":[209,209,209,195],""rgb_linf"":209}","{""class"":""ambiguous_chromatic_boundary"",""present"":true,""distance_px"":114.0044,""coordinate"":[50,72],""rgb_linf"":63}","[{""class"":""ambiguous_chromatic_boundary"",""present"":true,""distance_px"":114.0044,""coordinate"":[50,72],""rgb_linf"":63},{""class"":""chromatic_core"",""present"":true,""distance_px"":115.0,""coordinate"":[49,71],""rgb_linf"":124},{""class"":""confirmed_true_chromatic_AA"",""present"":true,""distance_px"":117.0854,""coordinate"":[49,49],""rgb_linf"":85}]",194,336.0179,194,0.53948,0.118895,False,195,195,True,False,False,direct unique preconfirmed glyph support,5,AMBIGUOUS,local RGB continuity to preconfirmed wordmark fails frozen max-channel distance 18
176,71,"[180.0858,72.2667]","[180,72]","[[6,4,5,3],[71,112,76,0],[124,123,123,110],[71,112,76,0],[71,112,76,0],[71,112,76,0],[71,112,76,0],[71,112,76,0],[71,112,76,0]]","[255,255,255,1]",1,0,"[{""x"":177,""y"":70,""rgba"":[131,131,131,101],""class"":""solid_achromatic_core"",""wordmark_component_id"":10},{""x"":177,""y"":72,""rgba"":[255,255,255,2],""class"":""other_visible"",""wordmark_component_id"":null}]",1,0,[13],[10],[10],1,"{""component_id"":10,""x"":177,""y"":70,""distance_px"":1.4142,""rgba"":[131,131,131,101],""rgb_linf"":124}","{""class"":""ambiguous_chromatic_boundary"",""present"":true,""distance_px"":126.004,""coordinate"":[50,72],""rgb_linf"":255}","[{""class"":""ambiguous_chromatic_boundary"",""present"":true,""distance_px"":126.004,""coordinate"":[50,72],""rgb_linf"":255},{""class"":""chromatic_core"",""present"":true,""distance_px"":127.0,""coordinate"":[49,71],""rgb_linf"":236},{""class"":""confirmed_true_chromatic_AA"",""present"":true,""distance_px"":128.8914,""coordinate"":[49,49],""rgb_linf"":255}]",124,214.7743,124,0.773034,0.59582,False,101,101,True,False,False,direct unique preconfirmed glyph support,5,AMBIGUOUS,local RGB continuity to preconfirmed wordmark fails frozen max-channel distance 18
193,71,"[198.0025,72.2667]","[198,72]","[[71,112,76,0],[28,25,25,22],[226,226,226,221],[71,112,76,0],[28,25,25,22],[238,238,238,233],[71,112,76,0],[28,25,25,22],[216,216,216,211]]","[51,51,51,25]",25,0,"[{""x"":193,""y"":70,""rgba"":[44,44,44,23],""class"":""other_visible"",""wordmark_component_id"":null},{""x"":194,""y"":70,""rgba"":[234,234,234,233],""class"":""solid_achromatic_core"",""wordmark_component_id"":10},{""x"":194,""y"":71,""rgba"":[239,239,239,250],""class"":""solid_achromatic_core"",""wordmark_component_id"":10},{""x"":193,""y"":72,""rgba"":[45,45,45,17],""class"":""other_visible"",""wordmark_component_id"":null},{""x"":194,""y"":72,""rgba"":[201,201,201,170],""class"":""solid_achromatic_core"",""wordmark_component_id"":10}]",3,0,[14],[10],[10],3,"{""component_id"":10,""x"":194,""y"":71,""distance_px"":1.0,""rgba"":[239,239,239,250],""rgb_linf"":188}","{""class"":""ambiguous_chromatic_boundary"",""present"":true,""distance_px"":143.0035,""coordinate"":[50,72],""rgb_linf"":51}","[{""class"":""ambiguous_chromatic_boundary"",""present"":true,""distance_px"":143.0035,""coordinate"":[50,72],""rgb_linf"":51},{""class"":""chromatic_core"",""present"":true,""distance_px"":144.0,""coordinate"":[49,71],""rgb_linf"":73},{""class"":""confirmed_true_chromatic_AA"",""present"":true,""distance_px"":145.6709,""coordinate"":[49,49],""rgb_linf"":51}]",150,259.8076,150,0.550974,0.107325,False,250,250,True,False,False,direct unique preconfirmed glyph support,5,AMBIGUOUS,local RGB continuity to preconfirmed wordmark fails frozen max-channel distance 18
206,71,"[211.7034,72.2667]","[212,72]","[[71,112,76,0],[77,77,77,67],[255,255,255,255],[71,112,76,0],[77,77,77,67],[255,255,255,255],[71,112,76,0],[45,37,38,42],[238,238,238,233]]","[0,0,0,26]",26,0,"[{""x"":206,""y"":70,""rgba"":[0,0,0,31],""class"":""other_visible"",""wordmark_component_id"":null},{""x"":207,""y"":70,""rgba"":[238,238,238,215],""class"":""solid_achromatic_core"",""wordmark_component_id"":10},{""x"":205,""y"":71,""rgba"":[255,255,255,1],""class"":""other_visible"",""wordmark_component_id"":null},{""x"":207,""y"":71,""rgba"":[237,236,236,221],""class"":""solid_achromatic_core"",""wordmark_component_id"":10},{""x"":205,""y"":72,""rgba"":[255,255,255,2],""class"":""other_visible"",""wordmark_component_id"":null},{""x"":206,""y"":72,""rgba"":[0,0,0,6],""class"":""other_visible"",""wordmark_component_id"":null},{""x"":207,""y"":72,""rgba"":[207,206,206,146],""class"":""solid_achromatic_core"",""wordmark_component_id"":10}]",3,0,[14],[10],[10],3,"{""component_id"":10,""x"":207,""y"":71,""distance_px"":1.0,""rgba"":[237,236,236,221],""rgb_linf"":237}","{""class"":""ambiguous_chromatic_boundary"",""present"":true,""distance_px"":156.0032,""coordinate"":[50,72],""rgb_linf"":63}","[{""class"":""ambiguous_chromatic_boundary"",""present"":true,""distance_px"":156.0032,""coordinate"":[50,72],""rgb_linf"":63},{""class"":""chromatic_core"",""present"":true,""distance_px"":157.0,""coordinate"":[49,71],""rgb_linf"":124},{""class"":""confirmed_true_chromatic_AA"",""present"":true,""distance_px"":158.5339,""coordinate"":[49,49],""rgb_linf"":85}]",207,357.3807,207,0.618643,0.145007,False,221,221,True,False,False,direct unique preconfirmed glyph support,5,AMBIGUOUS,local RGB continuity to preconfirmed wordmark fails frozen max-channel distance 18
66,72,"[64.1544,73.3111]","[64,73]","[[71,112,76,0],[6,4,5,3],[71,112,76,0],[71,112,76,0],[6,4,5,3],[71,112,76,0],[71,112,76,0],[71,112,76,0],[71,112,76,0]]","[255,255,255,1]",1,0,"[{""x"":65,""y"":71,""rgba"":[0,0,0,1],""class"":""other_visible"",""wordmark_component_id"":null},{""x"":66,""y"":71,""rgba"":[255,255,255,1],""class"":""other_visible"",""wordmark_component_id"":null},{""x"":67,""y"":71,""rgba"":[0,0,0,1],""class"":""confirmed_wordmark"",""wordmark_component_id"":6},{""x"":65,""y"":72,""rgba"":[0,0,0,1],""class"":""other_visible"",""wordmark_component_id"":null},{""x"":67,""y"":72,""rgba"":[0,0,0,1],""class"":""confirmed_wordmark"",""wordmark_component_id"":6}]",2,0,[],[],[6],0,"{""component_id"":6,""x"":67,""y"":72,""distance_px"":1.0,""rgba"":[0,0,0,1],""rgb_linf"":255}","{""class"":""ambiguous_chromatic_boundary"",""present"":true,""distance_px"":16.0,""coordinate"":[50,72],""rgb_linf"":255}","[{""class"":""ambiguous_chromatic_boundary"",""present"":true,""distance_px"":16.0,""coordinate"":[50,72],""rgb_linf"":255},{""class"":""chromatic_core"",""present"":true,""distance_px"":17.0,""coordinate"":[49,72],""rgb_linf"":229},{""class"":""confirmed_true_chromatic_AA"",""present"":true,""distance_px"":28.6007,""coordinate"":[49,49],""rgb_linf"":255}]",255,441.6729,,1.0,0.291771,False,,1,False,True,False,direct unique preconfirmed glyph support,4,AMBIGUOUS,local RGB continuity to preconfirmed wordmark fails frozen max-channel distance 18
80,72,"[78.9093,73.3111]","[79,73]","[[71,112,76,0],[6,4,5,3],[71,112,76,0],[6,4,5,3],[71,112,76,0],[71,112,76,0],[71,112,76,0],[71,112,76,0],[71,112,76,0]]","[0,0,0,1]",1,0,"[{""x"":80,""y"":71,""rgba"":[0,0,0,1],""class"":""confirmed_wordmark"",""wordmark_component_id"":6},{""x"":79,""y"":72,""rgba"":[63,63,63,4],""class"":""confirmed_wordmark"",""wordmark_component_id"":6},{""x"":79,""y"":73,""rgba"":[0,0,0,1],""class"":""other_visible"",""wordmark_component_id"":null}]",2,0,[],[],[6],0,"{""component_id"":6,""x"":79,""y"":72,""distance_px"":1.0,""rgba"":[63,63,63,4],""rgb_linf"":63}","{""class"":""ambiguous_chromatic_boundary"",""present"":true,""distance_px"":30.0,""coordinate"":[50,72],""rgb_linf"":63}","[{""class"":""ambiguous_chromatic_boundary"",""present"":true,""distance_px"":30.0,""coordinate"":[50,72],""rgb_linf"":63},{""class"":""chromatic_core"",""present"":true,""distance_px"":31.0,""coordinate"":[49,72],""rgb_linf"":145},{""class"":""confirmed_true_chromatic_AA"",""present"":true,""distance_px"":38.6005,""coordinate"":[49,49],""rgb_linf"":85}]",0,0.0,,0.0,0.084786,True,,4,True,True,False,direct unique preconfirmed glyph support,4,SAFE WORDMARK OWNERSHIP,one-hop attachment to already-confirmed safe wordmark AA; frozen RGB/luma/alpha evidence passes; no chaining
82,72,"[81.0172,73.3111]","[81,73]","[[71,112,76,0],[28,25,25,22],[226,226,226,221],[71,112,76,0],[28,25,25,22],[201,201,201,192],[71,112,76,0],[6,4,5,3],[45,37,38,42]]","[36,36,36,21]",21,0,"[{""x"":82,""y"":71,""rgba"":[59,59,59,30],""class"":""other_visible"",""wordmark_component_id"":null},{""x"":83,""y"":71,""rgba"":[226,226,226,232],""class"":""solid_achromatic_core"",""wordmark_component_id"":7},{""x"":83,""y"":72,""rgba"":[183,182,182,154],""class"":""solid_achromatic_core"",""wordmark_component_id"":7},{""x"":83,""y"":73,""rgba"":[0,0,0,12],""class"":""other_visible"",""wordmark_component_id"":null}]",2,0,[7],[7],[7],2,"{""component_id"":7,""x"":83,""y"":72,""distance_px"":1.0,""rgba"":[183,182,182,154],""rgb_linf"":147}","{""class"":""ambiguous_chromatic_boundary"",""present"":true,""distance_px"":32.0,""coordinate"":[50,72],""rgb_linf"":36}","[{""class"":""ambiguous_chromatic_boundary"",""present"":true,""distance_px"":32.0,""coordinate"":[50,72],""rgb_linf"":36},{""class"":""chromatic_core"",""present"":true,""distance_px"":33.0,""coordinate"":[49,72],""rgb_linf"":109},{""class"":""confirmed_true_chromatic_AA"",""present"":true,""distance_px"":40.2244,""coordinate"":[49,49],""rgb_linf"":49}]",147,253.4581,147,0.451364,0.235786,False,232,232,True,False,False,direct unique preconfirmed glyph support,5,AMBIGUOUS,local RGB continuity to preconfirmed wordmark fails frozen max-channel distance 18
104,72,"[104.2034,73.3111]","[104,73]","[[249,249,249,246],[45,37,38,42],[71,112,76,0],[238,238,238,233],[45,37,38,42],[71,112,76,0],[45,37,38,42],[6,4,5,3],[71,112,76,0]]","[0,0,0,14]",14,0,"[{""x"":103,""y"":71,""rgba"":[239,239,239,229],""class"":""solid_achromatic_core"",""wordmark_component_id"":8},{""x"":104,""y"":71,""rgba"":[0,0,0,21],""class"":""other_visible"",""wordmark_component_id"":null},{""x"":105,""y"":71,""rgba"":[255,255,255,2],""class"":""other_visible"",""wordmark_component_id"":null},{""x"":103,""y"":72,""rgba"":[210,210,210,161],""class"":""solid_achromatic_core"",""wordmark_component_id"":8},{""x"":105,""y"":72,""rgba"":[255,255,255,1],""class"":""other_visible"",""wordmark_component_id"":null},{""x"":103,""y"":73,""rgba"":[0,0,0,6],""class"":""other_visible"",""wordmark_component_id"":null},{""x"":105,""y"":73,""rgba"":[0,0,0,1],""class"":""other_visible"",""wordmark_component_id"":null}]",2,0,[8],[8],[8],2,"{""component_id"":8,""x"":103,""y"":72,""distance_px"":1.0,""rgba"":[210,210,210,161],""rgb_linf"":210}","{""class"":""ambiguous_chromatic_boundary"",""present"":true,""distance_px"":54.0,""coordinate"":[50,72],""rgb_linf"":63}","[{""class"":""ambiguous_chromatic_boundary"",""present"":true,""distance_px"":54.0,""coordinate"":[50,72],""rgb_linf"":63},{""class"":""chromatic_core"",""present"":true,""distance_px"":55.0,""coordinate"":[49,72],""rgb_linf"":145},{""class"":""confirmed_true_chromatic_AA"",""present"":true,""distance_px"":59.6154,""coordinate"":[49,49],""rgb_linf"":85}]",210,363.7307,210,0.64448,0.142153,False,229,229,True,False,False,direct unique preconfirmed glyph support,5,AMBIGUOUS,local RGB continuity to preconfirmed wordmark fails frozen max-channel distance 18
109,72,"[109.473,73.3111]","[109,73]","[[6,4,5,3],[71,112,76,0],[102,102,102,90],[6,4,5,3],[71,112,76,0],[102,102,102,90],[71,112,76,0],[71,112,76,0],[28,25,25,22]]","[0,0,0,20]",20,0,"[{""x"":109,""y"":71,""rgba"":[0,0,0,24],""class"":""other_visible"",""wordmark_component_id"":null},{""x"":110,""y"":71,""rgba"":[217,217,217,195],""class"":""solid_achromatic_core"",""wordmark_component_id"":8},{""x"":110,""y"":72,""rgba"":[195,193,193,141],""class"":""solid_achromatic_core"",""wordmark_component_id"":8},{""x"":109,""y"":73,""rgba"":[0,63,63,4],""class"":""other_visible"",""wordmark_component_id"":null},{""x"":110,""y"":73,""rgba"":[0,0,0,7],""class"":""other_visible"",""wordmark_component_id"":null}]",2,0,[15],[8],[8],2,"{""component_id"":8,""x"":110,""y"":72,""distance_px"":1.0,""rgba"":[195,193,193,141],""rgb_linf"":195}","{""class"":""ambiguous_chromatic_boundary"",""present"":true,""distance_px"":59.0,""coordinate"":[50,72],""rgb_linf"":63}","[{""class"":""ambiguous_chromatic_boundary"",""present"":true,""distance_px"":59.0,""coordinate"":[50,72],""rgb_linf"":63},{""class"":""chromatic_core"",""present"":true,""distance_px"":60.0,""coordinate"":[49,72],""rgb_linf"":145},{""class"":""confirmed_true_chromatic_AA"",""present"":true,""distance_px"":64.2573,""coordinate"":[49,49],""rgb_linf"":85}]",195,335.4445,195,0.535923,0.176243,False,195,195,True,False,False,direct unique preconfirmed glyph support,5,AMBIGUOUS,local RGB continuity to preconfirmed wordmark fails frozen max-channel distance 18
121,72,"[122.1201,73.3111]","[122,73]","[[201,201,201,192],[6,4,5,3],[71,112,76,0],[185,185,185,176],[28,25,25,22],[71,112,76,0],[28,25,25,22],[71,112,76,0],[71,112,76,0]]","[0,0,0,11]",11,0,"[{""x"":120,""y"":71,""rgba"":[196,196,196,187],""class"":""solid_achromatic_core"",""wordmark_component_id"":8},{""x"":121,""y"":71,""rgba"":[0,0,0,4],""class"":""other_visible"",""wordmark_component_id"":null},{""x"":122,""y"":71,""rgba"":[255,255,255,2],""class"":""other_visible"",""wordmark_component_id"":null},{""x"":120,""y"":72,""rgba"":[170,170,170,124],""class"":""solid_achromatic_core"",""wordmark_component_id"":8}]",2,0,[9],[8],[8],2,"{""component_id"":8,""x"":120,""y"":72,""distance_px"":1.0,""rgba"":[170,170,170,124],""rgb_linf"":170}","{""class"":""ambiguous_chromatic_boundary"",""present"":true,""distance_px"":71.0,""coordinate"":[50,72],""rgb_linf"":63}","[{""class"":""ambiguous_chromatic_boundary"",""present"":true,""distance_px"":71.0,""coordinate"":[50,72],""rgb_linf"":63},{""class"":""chromatic_core"",""present"":true,""distance_px"":72.0,""coordinate"":[49,72],""rgb_linf"":145},{""class"":""confirmed_true_chromatic_AA"",""present"":true,""distance_px"":75.5844,""coordinate"":[49,49],""rgb_linf"":85}]",170,294.4486,170,0.401978,0.298828,False,187,187,True,False,False,direct unique preconfirmed glyph support,5,AMBIGUOUS,local RGB continuity to preconfirmed wordmark fails frozen max-channel distance 18
125,72,"[126.3358,73.3111]","[126,73]","[[6,4,5,3],[71,112,76,0],[136,136,136,126],[6,4,5,3],[71,112,76,0],[136,136,136,126],[71,112,76,0],[71,112,76,0],[28,25,25,22]]","[46,46,46,22]",22,0,"[{""x"":125,""y"":71,""rgba"":[41,41,41,31],""class"":""confirmed_wordmark"",""wordmark_component_id"":9},{""x"":126,""y"":71,""rgba"":[203,204,204,211],""class"":""solid_achromatic_core"",""wordmark_component_id"":9},{""x"":126,""y"":72,""rgba"":[178,178,178,140],""class"":""solid_achromatic_core"",""wordmark_component_id"":9},{""x"":125,""y"":73,""rgba"":[0,0,0,1],""class"":""other_visible"",""wordmark_component_id"":null},{""x"":126,""y"":73,""rgba"":[0,0,0,5],""class"":""other_visible"",""wordmark_component_id"":null}]",3,0,[10],[9],[9],2,"{""component_id"":9,""x"":125,""y"":71,""distance_px"":1.0,""rgba"":[41,41,41,31],""rgb_linf"":5}","{""class"":""ambiguous_chromatic_boundary"",""present"":true,""distance_px"":75.0,""coordinate"":[50,72],""rgb_linf"":46}","[{""class"":""ambiguous_chromatic_boundary"",""present"":true,""distance_px"":75.0,""coordinate"":[50,72],""rgb_linf"":46},{""class"":""chromatic_core"",""present"":true,""distance_px"":76.0,""coordinate"":[49,72],""rgb_linf"":99},{""class"":""confirmed_true_chromatic_AA"",""present"":true,""distance_px"":79.404,""coordinate"":[49,49],""rgb_linf"":46}]",5,8.6603,132,0.005147,0.346097,True,211,211,True,True,False,direct unique preconfirmed glyph support,5,SAFE WORDMARK OWNERSHIP,one-hop attachment to already-confirmed safe wordmark AA; frozen RGB/luma/alpha evidence passes; no chaining
136,72,"[137.9289,73.3111]","[138,73]","[[201,201,201,192],[28,25,25,22],[71,112,76,0],[6,4,5,3],[71,112,76,0],[6,4,5,3],[71,112,76,0],[6,4,5,3],[71,112,76,0]]","[255,255,255,2]",2,0,"[{""x"":135,""y"":71,""rgba"":[197,197,197,156],""class"":""solid_achromatic_core"",""wordmark_component_id"":9},{""x"":136,""y"":71,""rgba"":[0,0,0,11],""class"":""other_visible"",""wordmark_component_id"":null},{""x"":137,""y"":71,""rgba"":[85,85,85,3],""class"":""confirmed_wordmark"",""wordmark_component_id"":9},{""x"":137,""y"":72,""rgba"":[0,0,0,3],""class"":""other_visible"",""wordmark_component_id"":null},{""x"":135,""y"":73,""rgba"":[255,255,255,4],""class"":""other_visible"",""wordmark_component_id"":null},{""x"":136,""y"":73,""rgba"":[0,0,0,3],""class"":""other_visible"",""wordmark_component_id"":null}]",2,0,[10],[9],[9],1,"{""component_id"":9,""x"":135,""y"":71,""distance_px"":1.4142,""rgba"":[197,197,197,156],""rgb_linf"":58}","{""class"":""ambiguous_chromatic_boundary"",""present"":true,""distance_px"":86.0,""coordinate"":[50,72],""rgb_linf"":255}","[{""class"":""ambiguous_chromatic_boundary"",""present"":true,""distance_px"":86.0,""coordinate"":[50,72],""rgb_linf"":255},{""class"":""chromatic_core"",""present"":true,""distance_px"":87.0,""coordinate"":[49,72],""rgb_linf"":229},{""class"":""confirmed_true_chromatic_AA"",""present"":true,""distance_px"":89.9889,""coordinate"":[49,49],""rgb_linf"":255}]",58,100.4589,58,0.44166,0.363407,False,156,156,True,True,False,direct unique preconfirmed glyph support,5,AMBIGUOUS,local RGB continuity to preconfirmed wordmark fails frozen max-channel distance 18
137,72,"[138.9828,73.3111]","[139,73]","[[28,25,25,22],[71,112,76,0],[6,4,5,3],[71,112,76,0],[6,4,5,3],[71,112,76,0],[6,4,5,3],[71,112,76,0],[71,112,76,0]]","[0,0,0,3]",3,0,"[{""x"":136,""y"":71,""rgba"":[0,0,0,11],""class"":""other_visible"",""wordmark_component_id"":null},{""x"":137,""y"":71,""rgba"":[85,85,85,3],""class"":""confirmed_wordmark"",""wordmark_component_id"":9},{""x"":138,""y"":71,""rgba"":[85,85,85,3],""class"":""other_visible"",""wordmark_component_id"":null},{""x"":136,""y"":72,""rgba"":[255,255,255,2],""class"":""other_visible"",""wordmark_component_id"":null},{""x"":136,""y"":73,""rgba"":[0,0,0,3],""class"":""other_visible"",""wordmark_component_id"":null}]",1,0,[],[],[9],0,"{""component_id"":9,""x"":137,""y"":71,""distance_px"":1.0,""rgba"":[85,85,85,3],""rgb_linf"":85}","{""class"":""ambiguous_chromatic_boundary"",""present"":true,""distance_px"":87.0,""coordinate"":[50,72],""rgb_linf"":63}","[{""class"":""ambiguous_chromatic_boundary"",""present"":true,""distance_px"":87.0,""coordinate"":[50,72],""rgb_linf"":63},{""class"":""chromatic_core"",""present"":true,""distance_px"":88.0,""coordinate"":[49,72],""rgb_linf"":145},{""class"":""confirmed_true_chromatic_AA"",""present"":true,""distance_px"":90.956,""coordinate"":[49,49],""rgb_linf"":85}]",85,147.2243,,0.090842,0.337849,True,,3,False,True,False,direct unique preconfirmed glyph support,4,AMBIGUOUS,local RGB continuity to preconfirmed wordmark fails frozen max-channel distance 18
164,72,"[167.4387,73.3111]","[167,73]","[[6,4,5,3],[71,112,76,0],[99,99,99,101],[6,4,5,3],[71,112,76,0],[102,102,102,90],[71,112,76,0],[71,112,76,0],[28,25,25,22]]","[0,0,0,17]",17,0,"[{""x"":164,""y"":71,""rgba"":[0,0,0,26],""class"":""other_visible"",""wordmark_component_id"":null},{""x"":165,""y"":71,""rgba"":[209,209,209,195],""class"":""solid_achromatic_core"",""wordmark_component_id"":10},{""x"":165,""y"":72,""rgba"":[194,194,194,138],""class"":""solid_achromatic_core"",""wordmark_component_id"":10},{""x"":164,""y"":73,""rgba"":[0,0,0,3],""class"":""other_visible"",""wordmark_component_id"":null},{""x"":165,""y"":73,""rgba"":[0,0,0,6],""class"":""other_visible"",""wordmark_component_id"":null}]",2,0,[12],[10],[10],2,"{""component_id"":10,""x"":165,""y"":72,""distance_px"":1.0,""rgba"":[194,194,194,138],""rgb_linf"":194}","{""class"":""ambiguous_chromatic_boundary"",""present"":true,""distance_px"":114.0,""coordinate"":[50,72],""rgb_linf"":63}","[{""class"":""ambiguous_chromatic_boundary"",""present"":true,""distance_px"":114.0,""coordinate"":[50,72],""rgb_linf"":63},{""class"":""chromatic_core"",""present"":true,""distance_px"":115.0,""coordinate"":[49,72],""rgb_linf"":145},{""class"":""confirmed_true_chromatic_AA"",""present"":true,""distance_px"":117.2774,""coordinate"":[49,49],""rgb_linf"":85}]",194,336.0179,194,0.53948,0.108506,False,195,195,True,False,False,direct unique preconfirmed glyph support,5,AMBIGUOUS,local RGB continuity to preconfirmed wordmark fails frozen max-channel distance 18
177,72,"[181.1397,73.3111]","[181,73]","[[71,112,76,0],[71,112,76,0],[136,136,136,126],[71,112,76,0],[71,112,76,0],[6,4,5,3],[71,112,76,0],[71,112,76,0],[71,112,76,0]]","[255,255,255,2]",2,0,"[{""x"":176,""y"":71,""rgba"":[255,255,255,1],""class"":""other_visible"",""wordmark_component_id"":null},{""x"":178,""y"":71,""rgba"":[146,146,146,113],""class"":""solid_achromatic_core"",""wordmark_component_id"":10},{""x"":178,""y"":73,""rgba"":[191,191,191,4],""class"":""confirmed_wordmark"",""wordmark_component_id"":10}]",2,0,[13],[10],[10],1,"{""component_id"":10,""x"":178,""y"":71,""distance_px"":1.4142,""rgba"":[146,146,146,113],""rgb_linf"":109}","{""class"":""ambiguous_chromatic_boundary"",""present"":true,""distance_px"":127.0,""coordinate"":[50,72],""rgb_linf"":255}","[{""class"":""ambiguous_chromatic_boundary"",""present"":true,""distance_px"":127.0,""coordinate"":[50,72],""rgb_linf"":255},{""class"":""chromatic_core"",""present"":true,""distance_px"":128.0,""coordinate"":[49,72],""rgb_linf"":229},{""class"":""confirmed_true_chromatic_AA"",""present"":true,""distance_px"":130.05,""coordinate"":[49,49],""rgb_linf"":255}]",64,110.8512,109,0.479004,0.521553,True,113,113,True,True,False,direct unique preconfirmed glyph support,5,AMBIGUOUS,local RGB continuity to preconfirmed wordmark fails frozen max-channel distance 18
193,72,"[198.0025,73.3111]","[198,73]","[[71,112,76,0],[28,25,25,22],[238,238,238,233],[71,112,76,0],[28,25,25,22],[216,216,216,211],[71,112,76,0],[6,4,5,3],[45,37,38,42]]","[45,45,45,17]",17,0,"[{""x"":193,""y"":71,""rgba"":[51,51,51,25],""class"":""other_visible"",""wordmark_component_id"":null},{""x"":194,""y"":71,""rgba"":[239,239,239,250],""class"":""solid_achromatic_core"",""wordmark_component_id"":10},{""x"":194,""y"":72,""rgba"":[201,201,201,170],""class"":""solid_achromatic_core"",""wordmark_component_id"":10},{""x"":194,""y"":73,""rgba"":[0,0,0,10],""class"":""other_visible"",""wordmark_component_id"":null}]",2,0,[14],[10],[10],2,"{""component_id"":10,""x"":194,""y"":72,""distance_px"":1.0,""rgba"":[201,201,201,170],""rgb_linf"":156}","{""class"":""ambiguous_chromatic_boundary"",""present"":true,""distance_px"":143.0,""coordinate"":[50,72],""rgb_linf"":45}","[{""class"":""ambiguous_chromatic_boundary"",""present"":true,""distance_px"":143.0,""coordinate"":[50,72],""rgb_linf"":45},{""class"":""chromatic_core"",""present"":true,""distance_px"":144.0,""coordinate"":[49,72],""rgb_linf"":100},{""class"":""confirmed_true_chromatic_AA"",""present"":true,""distance_px"":145.8252,""coordinate"":[49,49],""rgb_linf"":45}]",156,270.1999,156,0.557837,0.139539,False,250,250,True,False,False,direct unique preconfirmed glyph support,5,AMBIGUOUS,local RGB continuity to preconfirmed wordmark fails frozen max-channel distance 18
206,72,"[211.7034,73.3111]","[212,73]","[[71,112,76,0],[77,77,77,67],[255,255,255,255],[71,112,76,0],[45,37,38,42],[238,238,238,233],[71,112,76,0],[6,4,5,3],[45,37,38,42]]","[0,0,0,6]",6,0,"[{""x"":205,""y"":71,""rgba"":[255,255,255,1],""class"":""other_visible"",""wordmark_component_id"":null},{""x"":206,""y"":71,""rgba"":[0,0,0,26],""class"":""other_visible"",""wordmark_component_id"":null},{""x"":207,""y"":71,""rgba"":[237,236,236,221],""class"":""solid_achromatic_core"",""wordmark_component_id"":10},{""x"":205,""y"":72,""rgba"":[255,255,255,2],""class"":""other_visible"",""wordmark_component_id"":null},{""x"":207,""y"":72,""rgba"":[207,206,206,146],""class"":""solid_achromatic_core"",""wordmark_component_id"":10},{""x"":207,""y"":73,""rgba"":[0,0,0,6],""class"":""other_visible"",""wordmark_component_id"":null}]",2,0,[14],[10],[10],2,"{""component_id"":10,""x"":207,""y"":72,""distance_px"":1.0,""rgba"":[207,206,206,146],""rgb_linf"":207}","{""class"":""ambiguous_chromatic_boundary"",""present"":true,""distance_px"":156.0,""coordinate"":[50,72],""rgb_linf"":63}","[{""class"":""ambiguous_chromatic_boundary"",""present"":true,""distance_px"":156.0,""coordinate"":[50,72],""rgb_linf"":63},{""class"":""chromatic_core"",""present"":true,""distance_px"":157.0,""coordinate"":[49,72],""rgb_linf"":145},{""class"":""confirmed_true_chromatic_AA"",""present"":true,""distance_px"":158.6758,""coordinate"":[49,49],""rgb_linf"":85}]",207,357.3807,207,0.618643,0.167306,False,221,221,True,False,False,direct unique preconfirmed glyph support,5,AMBIGUOUS,local RGB continuity to preconfirmed wordmark fails frozen max-channel distance 18
70,73,"[68.3701,74.3556]","[68,74]","[[238,238,238,233],[238,238,238,233],[238,238,238,233],[45,37,38,42],[45,37,38,42],[45,37,38,42],[71,112,76,0],[71,112,76,0],[71,112,76,0]]","[0,0,0,7]",7,0,"[{""x"":69,""y"":72,""rgba"":[219,219,219,188],""class"":""solid_achromatic_core"",""wordmark_component_id"":6},{""x"":70,""y"":72,""rgba"":[213,213,213,170],""class"":""solid_achromatic_core"",""wordmark_component_id"":6},{""x"":71,""y"":72,""rgba"":[215,213,213,174],""class"":""solid_achromatic_core"",""wordmark_component_id"":6},{""x"":69,""y"":73,""rgba"":[0,0,0,9],""class"":""confirmed_wordmark"",""wordmark_component_id"":6},{""x"":71,""y"":73,""rgba"":[0,0,0,8],""class"":""other_visible"",""wordmark_component_id"":null},{""x"":69,""y"":74,""rgba"":[255,255,255,2],""class"":""other_visible"",""wordmark_component_id"":null},{""x"":70,""y"":74,""rgba"":[255,255,255,3],""class"":""other_visible"",""wordmark_component_id"":null},{""x"":71,""y"":74,""rgba"":[255,255,255,3],""class"":""other_visible"",""wordmark_component_id"":null}]",4,0,[6],[6],[6],3,"{""component_id"":6,""x"":69,""y"":73,""distance_px"":1.0,""rgba"":[0,0,0,9],""rgb_linf"":0}","{""class"":""ambiguous_chromatic_boundary"",""present"":true,""distance_px"":20.0,""coordinate"":[50,73],""rgb_linf"":54}","[{""class"":""ambiguous_chromatic_boundary"",""present"":true,""distance_px"":20.0,""coordinate"":[50,73],""rgb_linf"":54},{""class"":""chromatic_core"",""present"":true,""distance_px"":21.0,""coordinate"":[49,73],""rgb_linf"":157},{""class"":""confirmed_true_chromatic_AA"",""present"":true,""distance_px"":31.8904,""coordinate"":[49,49],""rgb_linf"":85}]",0,0.0,213,0.0,0.329327,True,188,188,True,True,False,direct unique preconfirmed glyph support,5,SAFE WORDMARK OWNERSHIP,one-hop attachment to already-confirmed safe wordmark AA; frozen RGB/luma/alpha evidence passes; no chaining
71,73,"[69.424,74.3556]","[69,74]","[[238,238,238,233],[238,238,238,233],[238,238,238,233],[45,37,38,42],[45,37,38,42],[45,37,38,42],[71,112,76,0],[71,112,76,0],[71,112,76,0]]","[0,0,0,8]",8,0,"[{""x"":70,""y"":72,""rgba"":[213,213,213,170],""class"":""solid_achromatic_core"",""wordmark_component_id"":6},{""x"":71,""y"":72,""rgba"":[215,213,213,174],""class"":""solid_achromatic_core"",""wordmark_component_id"":6},{""x"":72,""y"":72,""rgba"":[215,213,213,174],""class"":""solid_achromatic_core"",""wordmark_component_id"":6},{""x"":70,""y"":73,""rgba"":[0,0,0,7],""class"":""other_visible"",""wordmark_component_id"":null},{""x"":72,""y"":73,""rgba"":[0,0,0,8],""class"":""other_visible"",""wordmark_component_id"":null},{""x"":70,""y"":74,""rgba"":[255,255,255,3],""class"":""other_visible"",""wordmark_component_id"":null},{""x"":71,""y"":74,""rgba"":[255,255,255,3],""class"":""other_visible"",""wordmark_component_id"":null},{""x"":72,""y"":74,""rgba"":[255,255,255,3],""class"":""other_visible"",""wordmark_component_id"":null}]",3,0,[6],[6],[6],3,"{""component_id"":6,""x"":71,""y"":72,""distance_px"":1.0,""rgba"":[215,213,213,174],""rgb_linf"":215}","{""class"":""ambiguous_chromatic_boundary"",""present"":true,""distance_px"":21.0,""coordinate"":[50,73],""rgb_linf"":54}","[{""class"":""ambiguous_chromatic_boundary"",""present"":true,""distance_px"":21.0,""coordinate"":[50,73],""rgb_linf"":54},{""class"":""chromatic_core"",""present"":true,""distance_px"":22.0,""coordinate"":[49,73],""rgb_linf"":157},{""class"":""confirmed_true_chromatic_AA"",""present"":true,""distance_px"":32.5576,""coordinate"":[49,49],""rgb_linf"":85}]",213,368.9268,213,0.665387,0.331603,False,174,174,True,False,False,direct unique preconfirmed glyph support,5,AMBIGUOUS,local RGB continuity to preconfirmed wordmark fails frozen max-channel distance 18
72,73,"[70.4779,74.3556]","[70,74]","[[238,238,238,233],[238,238,238,233],[238,238,238,233],[45,37,38,42],[45,37,38,42],[45,37,38,42],[71,112,76,0],[71,112,76,0],[71,112,76,0]]","[0,0,0,8]",8,0,"[{""x"":71,""y"":72,""rgba"":[215,213,213,174],""class"":""solid_achromatic_core"",""wordmark_component_id"":6},{""x"":72,""y"":72,""rgba"":[215,213,213,174],""class"":""solid_achromatic_core"",""wordmark_component_id"":6},{""x"":73,""y"":72,""rgba"":[215,213,213,173],""class"":""solid_achromatic_core"",""wordmark_component_id"":6},{""x"":71,""y"":73,""rgba"":[0,0,0,8],""class"":""other_visible"",""wordmark_component_id"":null},{""x"":73,""y"":73,""rgba"":[0,0,0,7],""class"":""other_visible"",""wordmark_component_id"":null},{""x"":71,""y"":74,""rgba"":[255,255,255,3],""class"":""other_visible"",""wordmark_component_id"":null},{""x"":72,""y"":74,""rgba"":[255,255,255,3],""class"":""other_visible"",""wordmark_component_id"":null},{""x"":73,""y"":74,""rgba"":[255,255,255,3],""class"":""other_visible"",""wordmark_component_id"":null}]",3,0,[6],[6],[6],3,"{""component_id"":6,""x"":72,""y"":72,""distance_px"":1.0,""rgba"":[215,213,213,174],""rgb_linf"":215}","{""class"":""ambiguous_chromatic_boundary"",""present"":true,""distance_px"":22.0,""coordinate"":[50,73],""rgb_linf"":54}","[{""class"":""ambiguous_chromatic_boundary"",""present"":true,""distance_px"":22.0,""coordinate"":[50,73],""rgb_linf"":54},{""class"":""chromatic_core"",""present"":true,""distance_px"":23.0,""coordinate"":[49,73],""rgb_linf"":157},{""class"":""confirmed_true_chromatic_AA"",""present"":true,""distance_px"":33.2415,""coordinate"":[49,49],""rgb_linf"":85}]",215,370.0851,215,0.668397,0.331603,False,174,174,True,False,False,direct unique preconfirmed glyph support,5,AMBIGUOUS,local RGB continuity to preconfirmed wordmark fails frozen max-channel distance 18
73,73,"[71.5319,74.3556]","[72,74]","[[238,238,238,233],[238,238,238,233],[238,238,238,233],[45,37,38,42],[45,37,38,42],[45,37,38,42],[71,112,76,0],[71,112,76,0],[71,112,76,0]]","[0,0,0,7]",7,0,"[{""x"":72,""y"":72,""rgba"":[215,213,213,174],""class"":""solid_achromatic_core"",""wordmark_component_id"":6},{""x"":73,""y"":72,""rgba"":[215,213,213,173],""class"":""solid_achromatic_core"",""wordmark_component_id"":6},{""x"":74,""y"":72,""rgba"":[215,215,215,175],""class"":""solid_achromatic_core"",""wordmark_component_id"":6},{""x"":72,""y"":73,""rgba"":[0,0,0,8],""class"":""other_visible"",""wordmark_component_id"":null},{""x"":74,""y"":73,""rgba"":[0,0,0,9],""class"":""other_visible"",""wordmark_component_id"":null},{""x"":72,""y"":74,""rgba"":[255,255,255,3],""class"":""other_visible"",""wordmark_component_id"":null},{""x"":73,""y"":74,""rgba"":[255,255,255,3],""class"":""other_visible"",""wordmark_component_id"":null},{""x"":74,""y"":74,""rgba"":[255,255,255,2],""class"":""other_visible"",""wordmark_component_id"":null}]",3,0,[6],[6],[6],3,"{""component_id"":6,""x"":73,""y"":72,""distance_px"":1.0,""rgba"":[215,213,213,173],""rgb_linf"":215}","{""class"":""ambiguous_chromatic_boundary"",""present"":true,""distance_px"":23.0,""coordinate"":[50,73],""rgb_linf"":54}","[{""class"":""ambiguous_chromatic_boundary"",""present"":true,""distance_px"":23.0,""coordinate"":[50,73],""rgb_linf"":54},{""class"":""chromatic_core"",""present"":true,""distance_px"":24.0,""coordinate"":[49,73],""rgb_linf"":157},{""class"":""confirmed_true_chromatic_AA"",""present"":true,""distance_px"":33.9411,""coordinate"":[49,49],""rgb_linf"":85}]",215,370.0851,215,0.668397,0.320457,False,175,175,True,False,False,direct unique preconfirmed glyph support,5,AMBIGUOUS,local RGB continuity to preconfirmed wordmark fails frozen max-channel distance 18
74,73,"[72.5858,74.3556]","[73,74]","[[238,238,238,233],[238,238,238,233],[216,216,216,211],[45,37,38,42],[45,37,38,42],[28,25,25,22],[71,112,76,0],[71,112,76,0],[71,112,76,0]]","[0,0,0,9]",9,0,"[{""x"":73,""y"":72,""rgba"":[215,213,213,173],""class"":""solid_achromatic_core"",""wordmark_component_id"":6},{""x"":74,""y"":72,""rgba"":[215,215,215,175],""class"":""solid_achromatic_core"",""wordmark_component_id"":6},{""x"":75,""y"":72,""rgba"":[206,206,206,162],""class"":""solid_achromatic_core"",""wordmark_component_id"":6},{""x"":73,""y"":73,""rgba"":[0,0,0,7],""class"":""other_visible"",""wordmark_component_id"":null},{""x"":75,""y"":73,""rgba"":[0,0,0,1],""class"":""confirmed_wordmark"",""wordmark_component_id"":6},{""x"":73,""y"":74,""rgba"":[255,255,255,3],""class"":""other_visible"",""wordmark_component_id"":null},{""x"":74,""y"":74,""rgba"":[255,255,255,2],""class"":""other_visible"",""wordmark_component_id"":null},{""x"":75,""y"":74,""rgba"":[255,255,255,3],""class"":""other_visible"",""wordmark_component_id"":null}]",4,0,[6],[6],[6],3,"{""component_id"":6,""x"":74,""y"":72,""distance_px"":1.0,""rgba"":[215,215,215,175],""rgb_linf"":215}","{""class"":""ambiguous_chromatic_boundary"",""present"":true,""distance_px"":24.0,""coordinate"":[50,73],""rgb_linf"":54}","[{""class"":""ambiguous_chromatic_boundary"",""present"":true,""distance_px"":24.0,""coordinate"":[50,73],""rgb_linf"":54},{""class"":""chromatic_core"",""present"":true,""distance_px"":25.0,""coordinate"":[49,73],""rgb_linf"":157},{""class"":""confirmed_true_chromatic_AA"",""present"":true,""distance_px"":34.6554,""coordinate"":[49,49],""rgb_linf"":85}]",0,0.0,206,0.0,0.320457,True,175,175,True,True,False,direct unique preconfirmed glyph support,5,SAFE WORDMARK OWNERSHIP,one-hop attachment to already-confirmed safe wordmark AA; frozen RGB/luma/alpha evidence passes; no chaining
78,73,"[76.8015,74.3556]","[77,74]","[[45,37,38,42],[71,112,76,0],[6,4,5,3],[71,112,76,0],[6,4,5,3],[71,112,76,0],[71,112,76,0],[71,112,76,0],[71,112,76,0]]","[51,51,51,5]",5,0,"[{""x"":77,""y"":72,""rgba"":[0,0,0,30],""class"":""confirmed_wordmark"",""wordmark_component_id"":6},{""x"":79,""y"":72,""rgba"":[63,63,63,4],""class"":""confirmed_wordmark"",""wordmark_component_id"":6},{""x"":79,""y"":73,""rgba"":[0,0,0,1],""class"":""other_visible"",""wordmark_component_id"":null},{""x"":77,""y"":74,""rgba"":[85,85,85,3],""class"":""other_visible"",""wordmark_component_id"":null}]",2,0,[],[],[6],0,"{""component_id"":6,""x"":77,""y"":72,""distance_px"":1.4142,""rgba"":[0,0,0,30],""rgb_linf"":51}","{""class"":""ambiguous_chromatic_boundary"",""present"":true,""distance_px"":28.0,""coordinate"":[50,73],""rgb_linf"":51}","[{""class"":""ambiguous_chromatic_boundary"",""present"":true,""distance_px"":28.0,""coordinate"":[50,73],""rgb_linf"":51},{""class"":""chromatic_core"",""present"":true,""distance_px"":29.0,""coordinate"":[49,73],""rgb_linf"":106},{""class"":""confirmed_true_chromatic_AA"",""present"":true,""distance_px"":37.6431,""coordinate"":[49,49],""rgb_linf"":51}]",12,20.7846,,0.016602,0.313989,True,,30,True,True,False,direct unique preconfirmed glyph support,4,SAFE WORDMARK OWNERSHIP,one-hop attachment to already-confirmed safe wordmark AA; frozen RGB/luma/alpha evidence passes; no chaining
79,73,"[77.8554,74.3556]","[78,74]","[[71,112,76,0],[6,4,5,3],[71,112,76,0],[6,4,5,3],[71,112,76,0],[71,112,76,0],[71,112,76,0],[71,112,76,0],[71,112,76,0]]","[0,0,0,1]",1,0,"[{""x"":79,""y"":72,""rgba"":[63,63,63,4],""class"":""confirmed_wordmark"",""wordmark_component_id"":6},{""x"":80,""y"":72,""rgba"":[0,0,0,1],""class"":""other_visible"",""wordmark_component_id"":null},{""x"":78,""y"":73,""rgba"":[51,51,51,5],""class"":""other_visible"",""wordmark_component_id"":null}]",1,0,[],[],[6],0,"{""component_id"":6,""x"":79,""y"":72,""distance_px"":1.0,""rgba"":[63,63,63,4],""rgb_linf"":63}","{""class"":""ambiguous_chromatic_boundary"",""present"":true,""distance_px"":29.0,""coordinate"":[50,73],""rgb_linf"":54}","[{""class"":""ambiguous_chromatic_boundary"",""present"":true,""distance_px"":29.0,""coordinate"":[50,73],""rgb_linf"":54},{""class"":""chromatic_core"",""present"":true,""distance_px"":30.0,""coordinate"":[49,73],""rgb_linf"":157},{""class"":""confirmed_true_chromatic_AA"",""present"":true,""distance_px"":38.4187,""coordinate"":[49,49],""rgb_linf"":85}]",63,109.1192,,0.049707,0.05491,True,,4,True,True,False,direct unique preconfirmed glyph support,4,AMBIGUOUS,local RGB continuity to preconfirmed wordmark fails frozen max-channel distance 18
83,73,"[82.0711,74.3556]","[82,74]","[[28,25,25,22],[201,201,201,192],[238,238,238,233],[6,4,5,3],[45,37,38,42],[45,37,38,42],[71,112,76,0],[71,112,76,0],[71,112,76,0]]","[0,0,0,12]",12,0,"[{""x"":82,""y"":72,""rgba"":[36,36,36,21],""class"":""other_visible"",""wordmark_component_id"":null},{""x"":83,""y"":72,""rgba"":[183,182,182,154],""class"":""solid_achromatic_core"",""wordmark_component_id"":7},{""x"":84,""y"":72,""rgba"":[218,218,218,180],""class"":""solid_achromatic_core"",""wordmark_component_id"":7},{""x"":84,""y"":73,""rgba"":[0,0,0,8],""class"":""other_visible"",""wordmark_component_id"":null},{""x"":83,""y"":74,""rgba"":[255,255,255,1],""class"":""other_visible"",""wordmark_component_id"":null},{""x"":84,""y"":74,""rgba"":[255,255,255,3],""class"":""other_visible"",""wordmark_component_id"":null}]",2,0,[7],[7],[7],2,"{""component_id"":7,""x"":83,""y"":72,""distance_px"":1.0,""rgba"":[183,182,182,154],""rgb_linf"":183}","{""class"":""ambiguous_chromatic_boundary"",""present"":true,""distance_px"":33.0,""coordinate"":[50,73],""rgb_linf"":54}","[{""class"":""ambiguous_chromatic_boundary"",""present"":true,""distance_px"":33.0,""coordinate"":[50,73],""rgb_linf"":54},{""class"":""chromatic_core"",""present"":true,""distance_px"":34.0,""coordinate"":[49,73],""rgb_linf"":157},{""class"":""confirmed_true_chromatic_AA"",""present"":true,""distance_px"":41.6173,""coordinate"":[49,49],""rgb_linf"":85}]",183,315.8116,183,0.469006,0.261808,False,180,180,True,False,False,direct unique preconfirmed glyph support,5,AMBIGUOUS,local RGB continuity to preconfirmed wordmark fails frozen max-channel distance 18
84,73,"[83.125,74.3556]","[83,74]","[[201,201,201,192],[238,238,238,233],[238,238,238,233],[45,37,38,42],[45,37,38,42],[45,37,38,42],[71,112,76,0],[71,112,76,0],[71,112,76,0]]","[0,0,0,8]",8,0,"[{""x"":83,""y"":72,""rgba"":[183,182,182,154],""class"":""solid_achromatic_core"",""wordmark_component_id"":7},{""x"":84,""y"":72,""rgba"":[218,218,218,180],""class"":""solid_achromatic_core"",""wordmark_component_id"":7},{""x"":85,""y"":72,""rgba"":[214,212,212,175],""class"":""solid_achromatic_core"",""wordmark_component_id"":7},{""x"":83,""y"":73,""rgba"":[0,0,0,12],""class"":""other_visible"",""wordmark_component_id"":null},{""x"":85,""y"":73,""rgba"":[0,0,0,8],""class"":""other_visible"",""wordmark_component_id"":null},{""x"":83,""y"":74,""rgba"":[255,255,255,1],""class"":""other_visible"",""wordmark_component_id"":null},{""x"":84,""y"":74,""rgba"":[255,255,255,3],""class"":""other_visible"",""wordmark_component_id"":null},{""x"":85,""y"":74,""rgba"":[255,255,255,3],""class"":""other_visible"",""wordmark_component_id"":null}]",3,0,[7],[7],[7],3,"{""component_id"":7,""x"":84,""y"":72,""distance_px"":1.0,""rgba"":[218,218,218,180],""rgb_linf"":218}","{""class"":""ambiguous_chromatic_boundary"",""present"":true,""distance_px"":34.0,""coordinate"":[50,73],""rgb_linf"":54}","[{""class"":""ambiguous_chromatic_boundary"",""present"":true,""distance_px"":34.0,""coordinate"":[50,73],""rgb_linf"":54},{""class"":""chromatic_core"",""present"":true,""distance_px"":35.0,""coordinate"":[49,73],""rgb_linf"":157},{""class"":""confirmed_true_chromatic_AA"",""present"":true,""distance_px"":42.4382,""coordinate"":[49,49],""rgb_linf"":85}]",183,315.8116,183,0.469006,0.291519,False,180,180,True,False,False,direct unique preconfirmed glyph support,5,AMBIGUOUS,local RGB continuity to preconfirmed wordmark fails frozen max-channel distance 18
85,73,"[84.1789,74.3556]","[84,74]","[[238,238,238,233],[238,238,238,233],[238,238,238,233],[45,37,38,42],[45,37,38,42],[45,37,38,42],[71,112,76,0],[71,112,76,0],[71,112,76,0]]","[0,0,0,8]",8,0,"[{""x"":84,""y"":72,""rgba"":[218,218,218,180],""class"":""solid_achromatic_core"",""wordmark_component_id"":7},{""x"":85,""y"":72,""rgba"":[214,212,212,175],""class"":""solid_achromatic_core"",""wordmark_component_id"":7},{""x"":86,""y"":72,""rgba"":[215,213,213,174],""class"":""solid_achromatic_core"",""wordmark_component_id"":7},{""x"":84,""y"":73,""rgba"":[0,0,0,8],""class"":""other_visible"",""wordmark_component_id"":null},{""x"":86,""y"":73,""rgba"":[0,0,0,8],""class"":""other_visible"",""wordmark_component_id"":null},{""x"":84,""y"":74,""rgba"":[255,255,255,3],""class"":""other_visible"",""wordmark_component_id"":null},{""x"":85,""y"":74,""rgba"":[255,255,255,3],""class"":""other_visible"",""wordmark_component_id"":null},{""x"":86,""y"":74,""rgba"":[255,255,255,3],""class"":""other_visible"",""wordmark_component_id"":null}]",3,0,[7],[7],[7],3,"{""component_id"":7,""x"":85,""y"":72,""distance_px"":1.0,""rgba"":[214,212,212,175],""rgb_linf"":214}","{""class"":""ambiguous_chromatic_boundary"",""present"":true,""distance_px"":35.0,""coordinate"":[50,73],""rgb_linf"":54}","[{""class"":""ambiguous_chromatic_boundary"",""present"":true,""distance_px"":35.0,""coordinate"":[50,73],""rgb_linf"":54},{""class"":""chromatic_core"",""present"":true,""distance_px"":36.0,""coordinate"":[49,73],""rgb_linf"":157},{""class"":""confirmed_true_chromatic_AA"",""present"":true,""distance_px"":43.2666,""coordinate"":[49,49],""rgb_linf"":85}]",214,368.3531,214,0.661366,0.298898,False,180,180,True,False,False,direct unique preconfirmed glyph support,5,AMBIGUOUS,local RGB continuity to preconfirmed wordmark fails frozen max-channel distance 18
86,73,"[85.2328,74.3556]","[85,74]","[[238,238,238,233],[238,238,238,233],[238,238,238,233],[45,37,38,42],[45,37,38,42],[45,37,38,42],[71,112,76,0],[71,112,76,0],[71,112,76,0]]","[0,0,0,8]",8,0,"[{""x"":85,""y"":72,""rgba"":[214,212,212,175],""class"":""solid_achromatic_core"",""wordmark_component_id"":7},{""x"":86,""y"":72,""rgba"":[215,213,213,174],""class"":""solid_achromatic_core"",""wordmark_component_id"":7},{""x"":87,""y"":72,""rgba"":[215,213,213,174],""class"":""solid_achromatic_core"",""wordmark_component_id"":7},{""x"":85,""y"":73,""rgba"":[0,0,0,8],""class"":""other_visible"",""wordmark_component_id"":null},{""x"":87,""y"":73,""rgba"":[0,0,0,8],""class"":""other_visible"",""wordmark_component_id"":null},{""x"":85,""y"":74,""rgba"":[255,255,255,3],""class"":""other_visible"",""wordmark_component_id"":null},{""x"":86,""y"":74,""rgba"":[255,255,255,3],""class"":""other_visible"",""wordmark_component_id"":null},{""x"":87,""y"":74,""rgba"":[255,255,255,3],""class"":""other_visible"",""wordmark_component_id"":null}]",3,0,[7],[7],[7],3,"{""component_id"":7,""x"":86,""y"":72,""distance_px"":1.0,""rgba"":[215,213,213,174],""rgb_linf"":215}","{""class"":""ambiguous_chromatic_boundary"",""present"":true,""distance_px"":36.0,""coordinate"":[50,73],""rgb_linf"":54}","[{""class"":""ambiguous_chromatic_boundary"",""present"":true,""distance_px"":36.0,""coordinate"":[50,73],""rgb_linf"":54},{""class"":""chromatic_core"",""present"":true,""distance_px"":37.0,""coordinate"":[49,73],""rgb_linf"":157},{""class"":""confirmed_true_chromatic_AA"",""present"":true,""distance_px"":44.1022,""coordinate"":[49,49],""rgb_linf"":85}]",214,368.3531,214,0.661366,0.331603,False,175,175,True,False,False,direct unique preconfirmed glyph support,5,AMBIGUOUS,local RGB continuity to preconfirmed wordmark fails frozen max-channel distance 18
87,73,"[86.2868,74.3556]","[86,74]","[[238,238,238,233],[238,238,238,233],[238,238,238,233],[45,37,38,42],[45,37,38,42],[45,37,38,42],[71,112,76,0],[71,112,76,0],[71,112,76,0]]","[0,0,0,8]",8,0,"[{""x"":86,""y"":72,""rgba"":[215,213,213,174],""class"":""solid_achromatic_core"",""wordmark_component_id"":7},{""x"":87,""y"":72,""rgba"":[215,213,213,174],""class"":""solid_achromatic_core"",""wordmark_component_id"":7},{""x"":88,""y"":72,""rgba"":[215,213,213,174],""class"":""solid_achromatic_core"",""wordmark_component_id"":7},{""x"":86,""y"":73,""rgba"":[0,0,0,8],""class"":""other_visible"",""wordmark_component_id"":null},{""x"":88,""y"":73,""rgba"":[0,0,0,8],""class"":""other_visible"",""wordmark_component_id"":null},{""x"":86,""y"":74,""rgba"":[255,255,255,3],""class"":""other_visible"",""wordmark_component_id"":null},{""x"":87,""y"":74,""rgba"":[255,255,255,3],""class"":""other_visible"",""wordmark_component_id"":null},{""x"":88,""y"":74,""rgba"":[255,255,255,3],""class"":""other_visible"",""wordmark_component_id"":null}]",3,0,[7],[7],[7],3,"{""component_id"":7,""x"":87,""y"":72,""distance_px"":1.0,""rgba"":[215,213,213,174],""rgb_linf"":215}","{""class"":""ambiguous_chromatic_boundary"",""present"":true,""distance_px"":37.0,""coordinate"":[50,73],""rgb_linf"":54}","[{""class"":""ambiguous_chromatic_boundary"",""present"":true,""distance_px"":37.0,""coordinate"":[50,73],""rgb_linf"":54},{""class"":""chromatic_core"",""present"":true,""distance_px"":38.0,""coordinate"":[49,73],""rgb_linf"":157},{""class"":""confirmed_true_chromatic_AA"",""present"":true,""distance_px"":44.9444,""coordinate"":[49,49],""rgb_linf"":85}]",215,370.0851,215,0.668397,0.331603,False,174,174,True,False,False,direct unique preconfirmed glyph support,5,AMBIGUOUS,local RGB continuity to preconfirmed wordmark fails frozen max-channel distance 18
88,73,"[87.3407,74.3556]","[87,74]","[[238,238,238,233],[238,238,238,233],[238,238,238,233],[45,37,38,42],[45,37,38,42],[45,37,38,42],[71,112,76,0],[71,112,76,0],[71,112,76,0]]","[0,0,0,8]",8,0,"[{""x"":87,""y"":72,""rgba"":[215,213,213,174],""class"":""solid_achromatic_core"",""wordmark_component_id"":7},{""x"":88,""y"":72,""rgba"":[215,213,213,174],""class"":""solid_achromatic_core"",""wordmark_component_id"":7},{""x"":89,""y"":72,""rgba"":[215,213,213,174],""class"":""solid_achromatic_core"",""wordmark_component_id"":7},{""x"":87,""y"":73,""rgba"":[0,0,0,8],""class"":""other_visible"",""wordmark_component_id"":null},{""x"":89,""y"":73,""rgba"":[0,0,0,8],""class"":""other_visible"",""wordmark_component_id"":null},{""x"":87,""y"":74,""rgba"":[255,255,255,3],""class"":""other_visible"",""wordmark_component_id"":null},{""x"":88,""y"":74,""rgba"":[255,255,255,3],""class"":""other_visible"",""wordmark_component_id"":null},{""x"":89,""y"":74,""rgba"":[255,255,255,3],""class"":""other_visible"",""wordmark_component_id"":null}]",3,0,[7],[7],[7],3,"{""component_id"":7,""x"":88,""y"":72,""distance_px"":1.0,""rgba"":[215,213,213,174],""rgb_linf"":215}","{""class"":""ambiguous_chromatic_boundary"",""present"":true,""distance_px"":38.0,""coordinate"":[50,73],""rgb_linf"":54}","[{""class"":""ambiguous_chromatic_boundary"",""present"":true,""distance_px"":38.0,""coordinate"":[50,73],""rgb_linf"":54},{""class"":""chromatic_core"",""present"":true,""distance_px"":39.0,""coordinate"":[49,73],""rgb_linf"":157},{""class"":""confirmed_true_chromatic_AA"",""present"":true,""distance_px"":45.793,""coordinate"":[49,49],""rgb_linf"":85}]",215,370.0851,215,0.668397,0.331603,False,174,174,True,False,False,direct unique preconfirmed glyph support,5,AMBIGUOUS,local RGB continuity to preconfirmed wordmark fails frozen max-channel distance 18
89,73,"[88.3946,74.3556]","[88,74]","[[238,238,238,233],[238,238,238,233],[238,238,238,233],[45,37,38,42],[45,37,38,42],[45,37,38,42],[71,112,76,0],[71,112,76,0],[71,112,76,0]]","[0,0,0,8]",8,0,"[{""x"":88,""y"":72,""rgba"":[215,213,213,174],""class"":""solid_achromatic_core"",""wordmark_component_id"":7},{""x"":89,""y"":72,""rgba"":[215,213,213,174],""class"":""solid_achromatic_core"",""wordmark_component_id"":7},{""x"":90,""y"":72,""rgba"":[215,213,213,174],""class"":""solid_achromatic_core"",""wordmark_component_id"":7},{""x"":88,""y"":73,""rgba"":[0,0,0,8],""class"":""other_visible"",""wordmark_component_id"":null},{""x"":90,""y"":73,""rgba"":[0,0,0,8],""class"":""other_visible"",""wordmark_component_id"":null},{""x"":88,""y"":74,""rgba"":[255,255,255,3],""class"":""other_visible"",""wordmark_component_id"":null},{""x"":89,""y"":74,""rgba"":[255,255,255,3],""class"":""other_visible"",""wordmark_component_id"":null},{""x"":90,""y"":74,""rgba"":[255,255,255,3],""class"":""other_visible"",""wordmark_component_id"":null}]",3,0,[7],[7],[7],3,"{""component_id"":7,""x"":89,""y"":72,""distance_px"":1.0,""rgba"":[215,213,213,174],""rgb_linf"":215}","{""class"":""ambiguous_chromatic_boundary"",""present"":true,""distance_px"":39.0,""coordinate"":[50,73],""rgb_linf"":54}","[{""class"":""ambiguous_chromatic_boundary"",""present"":true,""distance_px"":39.0,""coordinate"":[50,73],""rgb_linf"":54},{""class"":""chromatic_core"",""present"":true,""distance_px"":40.0,""coordinate"":[49,73],""rgb_linf"":157},{""class"":""confirmed_true_chromatic_AA"",""present"":true,""distance_px"":46.6476,""coordinate"":[49,49],""rgb_linf"":85}]",215,370.0851,215,0.668397,0.331603,False,174,174,True,False,False,direct unique preconfirmed glyph support,5,AMBIGUOUS,local RGB continuity to preconfirmed wordmark fails frozen max-channel distance 18
90,73,"[89.4485,74.3556]","[89,74]","[[238,238,238,233],[238,238,238,233],[238,238,238,233],[45,37,38,42],[45,37,38,42],[45,37,38,42],[71,112,76,0],[71,112,76,0],[71,112,76,0]]","[0,0,0,8]",8,0,"[{""x"":89,""y"":72,""rgba"":[215,213,213,174],""class"":""solid_achromatic_core"",""wordmark_component_id"":7},{""x"":90,""y"":72,""rgba"":[215,213,213,174],""class"":""solid_achromatic_core"",""wordmark_component_id"":7},{""x"":91,""y"":72,""rgba"":[215,213,213,174],""class"":""solid_achromatic_core"",""wordmark_component_id"":7},{""x"":89,""y"":73,""rgba"":[0,0,0,8],""class"":""other_visible"",""wordmark_component_id"":null},{""x"":91,""y"":73,""rgba"":[0,0,0,8],""class"":""other_visible"",""wordmark_component_id"":null},{""x"":89,""y"":74,""rgba"":[255,255,255,3],""class"":""other_visible"",""wordmark_component_id"":null},{""x"":90,""y"":74,""rgba"":[255,255,255,3],""class"":""other_visible"",""wordmark_component_id"":null},{""x"":91,""y"":74,""rgba"":[255,255,255,3],""class"":""other_visible"",""wordmark_component_id"":null}]",3,0,[7],[7],[7],3,"{""component_id"":7,""x"":90,""y"":72,""distance_px"":1.0,""rgba"":[215,213,213,174],""rgb_linf"":215}","{""class"":""ambiguous_chromatic_boundary"",""present"":true,""distance_px"":40.0,""coordinate"":[50,73],""rgb_linf"":54}","[{""class"":""ambiguous_chromatic_boundary"",""present"":true,""distance_px"":40.0,""coordinate"":[50,73],""rgb_linf"":54},{""class"":""chromatic_core"",""present"":true,""distance_px"":41.0,""coordinate"":[49,73],""rgb_linf"":157},{""class"":""confirmed_true_chromatic_AA"",""present"":true,""distance_px"":47.5079,""coordinate"":[49,49],""rgb_linf"":85}]",215,370.0851,215,0.668397,0.331603,False,174,174,True,False,False,direct unique preconfirmed glyph support,5,AMBIGUOUS,local RGB continuity to preconfirmed wordmark fails frozen max-channel distance 18
91,73,"[90.5025,74.3556]","[91,74]","[[238,238,238,233],[238,238,238,233],[238,238,238,233],[45,37,38,42],[45,37,38,42],[45,37,38,42],[71,112,76,0],[71,112,76,0],[71,112,76,0]]","[0,0,0,8]",8,0,"[{""x"":90,""y"":72,""rgba"":[215,213,213,174],""class"":""solid_achromatic_core"",""wordmark_component_id"":7},{""x"":91,""y"":72,""rgba"":[215,213,213,174],""class"":""solid_achromatic_core"",""wordmark_component_id"":7},{""x"":92,""y"":72,""rgba"":[215,213,213,174],""class"":""solid_achromatic_core"",""wordmark_component_id"":7},{""x"":90,""y"":73,""rgba"":[0,0,0,8],""class"":""other_visible"",""wordmark_component_id"":null},{""x"":92,""y"":73,""rgba"":[0,0,0,8],""class"":""other_visible"",""wordmark_component_id"":null},{""x"":90,""y"":74,""rgba"":[255,255,255,3],""class"":""other_visible"",""wordmark_component_id"":null},{""x"":91,""y"":74,""rgba"":[255,255,255,3],""class"":""other_visible"",""wordmark_component_id"":null},{""x"":92,""y"":74,""rgba"":[255,255,255,3],""class"":""other_visible"",""wordmark_component_id"":null}]",3,0,[7],[7],[7],3,"{""component_id"":7,""x"":91,""y"":72,""distance_px"":1.0,""rgba"":[215,213,213,174],""rgb_linf"":215}","{""class"":""ambiguous_chromatic_boundary"",""present"":true,""distance_px"":41.0,""coordinate"":[50,73],""rgb_linf"":54}","[{""class"":""ambiguous_chromatic_boundary"",""present"":true,""distance_px"":41.0,""coordinate"":[50,73],""rgb_linf"":54},{""class"":""chromatic_core"",""present"":true,""distance_px"":42.0,""coordinate"":[49,73],""rgb_linf"":157},{""class"":""confirmed_true_chromatic_AA"",""present"":true,""distance_px"":48.3735,""coordinate"":[49,49],""rgb_linf"":85}]",215,370.0851,215,0.668397,0.331603,False,174,174,True,False,False,direct unique preconfirmed glyph support,5,AMBIGUOUS,local RGB continuity to preconfirmed wordmark fails frozen max-channel distance 18
92,73,"[91.5564,74.3556]","[92,74]","[[238,238,238,233],[238,238,238,233],[238,238,238,233],[45,37,38,42],[45,37,38,42],[45,37,38,42],[71,112,76,0],[71,112,76,0],[71,112,76,0]]","[0,0,0,8]",8,0,"[{""x"":91,""y"":72,""rgba"":[215,213,213,174],""class"":""solid_achromatic_core"",""wordmark_component_id"":7},{""x"":92,""y"":72,""rgba"":[215,213,213,174],""class"":""solid_achromatic_core"",""wordmark_component_id"":7},{""x"":93,""y"":72,""rgba"":[215,213,213,174],""class"":""solid_achromatic_core"",""wordmark_component_id"":7},{""x"":91,""y"":73,""rgba"":[0,0,0,8],""class"":""other_visible"",""wordmark_component_id"":null},{""x"":93,""y"":73,""rgba"":[0,0,0,8],""class"":""other_visible"",""wordmark_component_id"":null},{""x"":91,""y"":74,""rgba"":[255,255,255,3],""class"":""other_visible"",""wordmark_component_id"":null},{""x"":92,""y"":74,""rgba"":[255,255,255,3],""class"":""other_visible"",""wordmark_component_id"":null},{""x"":93,""y"":74,""rgba"":[255,255,255,3],""class"":""other_visible"",""wordmark_component_id"":null}]",3,0,[7],[7],[7],3,"{""component_id"":7,""x"":92,""y"":72,""distance_px"":1.0,""rgba"":[215,213,213,174],""rgb_linf"":215}","{""class"":""ambiguous_chromatic_boundary"",""present"":true,""distance_px"":42.0,""coordinate"":[50,73],""rgb_linf"":54}","[{""class"":""ambiguous_chromatic_boundary"",""present"":true,""distance_px"":42.0,""coordinate"":[50,73],""rgb_linf"":54},{""class"":""chromatic_core"",""present"":true,""distance_px"":43.0,""coordinate"":[49,73],""rgb_linf"":157},{""class"":""confirmed_true_chromatic_AA"",""present"":true,""distance_px"":49.2443,""coordinate"":[49,49],""rgb_linf"":85}]",215,370.0851,215,0.668397,0.331603,False,174,174,True,False,False,direct unique preconfirmed glyph support,5,AMBIGUOUS,local RGB continuity to preconfirmed wordmark fails frozen max-channel distance 18
93,73,"[92.6103,74.3556]","[93,74]","[[238,238,238,233],[238,238,238,233],[238,238,238,233],[45,37,38,42],[45,37,38,42],[45,37,38,42],[71,112,76,0],[71,112,76,0],[71,112,76,0]]","[0,0,0,8]",8,0,"[{""x"":92,""y"":72,""rgba"":[215,213,213,174],""class"":""solid_achromatic_core"",""wordmark_component_id"":7},{""x"":93,""y"":72,""rgba"":[215,213,213,174],""class"":""solid_achromatic_core"",""wordmark_component_id"":7},{""x"":94,""y"":72,""rgba"":[215,213,213,174],""class"":""solid_achromatic_core"",""wordmark_component_id"":7},{""x"":92,""y"":73,""rgba"":[0,0,0,8],""class"":""other_visible"",""wordmark_component_id"":null},{""x"":94,""y"":73,""rgba"":[0,0,0,8],""class"":""other_visible"",""wordmark_component_id"":null},{""x"":92,""y"":74,""rgba"":[255,255,255,3],""class"":""other_visible"",""wordmark_component_id"":null},{""x"":93,""y"":74,""rgba"":[255,255,255,3],""class"":""other_visible"",""wordmark_component_id"":null},{""x"":94,""y"":74,""rgba"":[255,255,255,3],""class"":""other_visible"",""wordmark_component_id"":null}]",3,0,[7],[7],[7],3,"{""component_id"":7,""x"":93,""y"":72,""distance_px"":1.0,""rgba"":[215,213,213,174],""rgb_linf"":215}","{""class"":""ambiguous_chromatic_boundary"",""present"":true,""distance_px"":43.0,""coordinate"":[50,73],""rgb_linf"":54}","[{""class"":""ambiguous_chromatic_boundary"",""present"":true,""distance_px"":43.0,""coordinate"":[50,73],""rgb_linf"":54},{""class"":""chromatic_core"",""present"":true,""distance_px"":44.0,""coordinate"":[49,73],""rgb_linf"":157},{""class"":""confirmed_true_chromatic_AA"",""present"":true,""distance_px"":50.1199,""coordinate"":[49,49],""rgb_linf"":85}]",215,370.0851,215,0.668397,0.331603,False,174,174,True,False,False,direct unique preconfirmed glyph support,5,AMBIGUOUS,local RGB continuity to preconfirmed wordmark fails frozen max-channel distance 18
94,73,"[93.6642,74.3556]","[94,74]","[[238,238,238,233],[238,238,238,233],[238,238,238,233],[45,37,38,42],[45,37,38,42],[45,37,38,42],[71,112,76,0],[71,112,76,0],[71,112,76,0]]","[0,0,0,8]",8,0,"[{""x"":93,""y"":72,""rgba"":[215,213,213,174],""class"":""solid_achromatic_core"",""wordmark_component_id"":7},{""x"":94,""y"":72,""rgba"":[215,213,213,174],""class"":""solid_achromatic_core"",""wordmark_component_id"":7},{""x"":95,""y"":72,""rgba"":[215,213,213,174],""class"":""solid_achromatic_core"",""wordmark_component_id"":7},{""x"":93,""y"":73,""rgba"":[0,0,0,8],""class"":""other_visible"",""wordmark_component_id"":null},{""x"":95,""y"":73,""rgba"":[0,0,0,8],""class"":""other_visible"",""wordmark_component_id"":null},{""x"":93,""y"":74,""rgba"":[255,255,255,3],""class"":""other_visible"",""wordmark_component_id"":null},{""x"":94,""y"":74,""rgba"":[255,255,255,3],""class"":""other_visible"",""wordmark_component_id"":null},{""x"":95,""y"":74,""rgba"":[255,255,255,3],""class"":""other_visible"",""wordmark_component_id"":null}]",3,0,[7],[7],[7],3,"{""component_id"":7,""x"":94,""y"":72,""distance_px"":1.0,""rgba"":[215,213,213,174],""rgb_linf"":215}","{""class"":""ambiguous_chromatic_boundary"",""present"":true,""distance_px"":44.0,""coordinate"":[50,73],""rgb_linf"":54}","[{""class"":""ambiguous_chromatic_boundary"",""present"":true,""distance_px"":44.0,""coordinate"":[50,73],""rgb_linf"":54},{""class"":""chromatic_core"",""present"":true,""distance_px"":45.0,""coordinate"":[49,73],""rgb_linf"":157},{""class"":""confirmed_true_chromatic_AA"",""present"":true,""distance_px"":51.0,""coordinate"":[49,49],""rgb_linf"":85}]",215,370.0851,215,0.668397,0.331603,False,174,174,True,False,False,direct unique preconfirmed glyph support,5,AMBIGUOUS,local RGB continuity to preconfirmed wordmark fails frozen max-channel distance 18
95,73,"[94.7181,74.3556]","[95,74]","[[238,238,238,233],[238,238,238,233],[238,238,238,233],[45,37,38,42],[45,37,38,42],[45,37,38,42],[71,112,76,0],[71,112,76,0],[71,112,76,0]]","[0,0,0,8]",8,0,"[{""x"":94,""y"":72,""rgba"":[215,213,213,174],""class"":""solid_achromatic_core"",""wordmark_component_id"":7},{""x"":95,""y"":72,""rgba"":[215,213,213,174],""class"":""solid_achromatic_core"",""wordmark_component_id"":7},{""x"":96,""y"":72,""rgba"":[212,212,212,175],""class"":""solid_achromatic_core"",""wordmark_component_id"":7},{""x"":94,""y"":73,""rgba"":[0,0,0,8],""class"":""other_visible"",""wordmark_component_id"":null},{""x"":96,""y"":73,""rgba"":[0,0,0,8],""class"":""other_visible"",""wordmark_component_id"":null},{""x"":94,""y"":74,""rgba"":[255,255,255,3],""class"":""other_visible"",""wordmark_component_id"":null},{""x"":95,""y"":74,""rgba"":[255,255,255,3],""class"":""other_visible"",""wordmark_component_id"":null},{""x"":96,""y"":74,""rgba"":[255,255,255,3],""class"":""other_visible"",""wordmark_component_id"":null}]",3,0,[7],[7],[7],3,"{""component_id"":7,""x"":95,""y"":72,""distance_px"":1.0,""rgba"":[215,213,213,174],""rgb_linf"":215}","{""class"":""ambiguous_chromatic_boundary"",""present"":true,""distance_px"":45.0,""coordinate"":[50,73],""rgb_linf"":54}","[{""class"":""ambiguous_chromatic_boundary"",""present"":true,""distance_px"":45.0,""coordinate"":[50,73],""rgb_linf"":54},{""class"":""chromatic_core"",""present"":true,""distance_px"":46.0,""coordinate"":[49,73],""rgb_linf"":157},{""class"":""confirmed_true_chromatic_AA"",""present"":true,""distance_px"":51.8845,""coordinate"":[49,49],""rgb_linf"":85}]",212,367.1948,212,0.658375,0.331603,False,175,175,True,False,False,direct unique preconfirmed glyph support,5,AMBIGUOUS,local RGB continuity to preconfirmed wordmark fails frozen max-channel distance 18
96,73,"[95.7721,74.3556]","[96,74]","[[238,238,238,233],[238,238,238,233],[238,238,238,233],[45,37,38,42],[45,37,38,42],[45,37,38,42],[71,112,76,0],[71,112,76,0],[71,112,76,0]]","[0,0,0,8]",8,0,"[{""x"":95,""y"":72,""rgba"":[215,213,213,174],""class"":""solid_achromatic_core"",""wordmark_component_id"":7},{""x"":96,""y"":72,""rgba"":[212,212,212,175],""class"":""solid_achromatic_core"",""wordmark_component_id"":7},{""x"":97,""y"":72,""rgba"":[217,217,217,178],""class"":""solid_achromatic_core"",""wordmark_component_id"":7},{""x"":95,""y"":73,""rgba"":[0,0,0,8],""class"":""other_visible"",""wordmark_component_id"":null},{""x"":97,""y"":73,""rgba"":[0,0,0,8],""class"":""other_visible"",""wordmark_component_id"":null},{""x"":95,""y"":74,""rgba"":[255,255,255,3],""class"":""other_visible"",""wordmark_component_id"":null},{""x"":96,""y"":74,""rgba"":[255,255,255,3],""class"":""other_visible"",""wordmark_component_id"":null},{""x"":97,""y"":74,""rgba"":[255,255,255,2],""class"":""other_visible"",""wordmark_component_id"":null}]",3,0,[7],[7],[7],3,"{""component_id"":7,""x"":96,""y"":72,""distance_px"":1.0,""rgba"":[212,212,212,175],""rgb_linf"":212}","{""class"":""ambiguous_chromatic_boundary"",""present"":true,""distance_px"":46.0,""coordinate"":[50,73],""rgb_linf"":54}","[{""class"":""ambiguous_chromatic_boundary"",""present"":true,""distance_px"":46.0,""coordinate"":[50,73],""rgb_linf"":54},{""class"":""chromatic_core"",""present"":true,""distance_px"":47.0,""coordinate"":[49,73],""rgb_linf"":157},{""class"":""confirmed_true_chromatic_AA"",""present"":true,""distance_px"":52.7731,""coordinate"":[49,49],""rgb_linf"":85}]",212,367.1948,212,0.658375,0.306128,False,178,178,True,False,False,direct unique preconfirmed glyph support,5,AMBIGUOUS,local RGB continuity to preconfirmed wordmark fails frozen max-channel distance 18
97,73,"[96.826,74.3556]","[97,74]","[[238,238,238,233],[238,238,238,233],[216,216,216,211],[45,37,38,42],[45,37,38,42],[45,37,38,42],[71,112,76,0],[71,112,76,0],[71,112,76,0]]","[0,0,0,8]",8,0,"[{""x"":96,""y"":72,""rgba"":[212,212,212,175],""class"":""solid_achromatic_core"",""wordmark_component_id"":7},{""x"":97,""y"":72,""rgba"":[217,217,217,178],""class"":""solid_achromatic_core"",""wordmark_component_id"":7},{""x"":98,""y"":72,""rgba"":[201,201,201,172],""class"":""solid_achromatic_core"",""wordmark_component_id"":7},{""x"":96,""y"":73,""rgba"":[0,0,0,8],""class"":""other_visible"",""wordmark_component_id"":null},{""x"":98,""y"":73,""rgba"":[0,0,0,10],""class"":""other_visible"",""wordmark_component_id"":null},{""x"":96,""y"":74,""rgba"":[255,255,255,3],""class"":""other_visible"",""wordmark_component_id"":null},{""x"":97,""y"":74,""rgba"":[255,255,255,2],""class"":""other_visible"",""wordmark_component_id"":null},{""x"":98,""y"":74,""rgba"":[255,255,255,2],""class"":""other_visible"",""wordmark_component_id"":null}]",3,0,[7],[7],[7],3,"{""component_id"":7,""x"":97,""y"":72,""distance_px"":1.0,""rgba"":[217,217,217,178],""rgb_linf"":217}","{""class"":""ambiguous_chromatic_boundary"",""present"":true,""distance_px"":47.0,""coordinate"":[50,73],""rgb_linf"":54}","[{""class"":""ambiguous_chromatic_boundary"",""present"":true,""distance_px"":47.0,""coordinate"":[50,73],""rgb_linf"":54},{""class"":""chromatic_core"",""present"":true,""distance_px"":48.0,""coordinate"":[49,73],""rgb_linf"":157},{""class"":""confirmed_true_chromatic_AA"",""present"":true,""distance_px"":53.6656,""coordinate"":[49,49],""rgb_linf"":85}]",201,348.1422,201,0.584078,0.256674,False,178,178,True,False,False,direct unique preconfirmed glyph support,5,AMBIGUOUS,local RGB continuity to preconfirmed wordmark fails frozen max-channel distance 18
98,73,"[97.8799,74.3556]","[98,74]","[[238,238,238,233],[216,216,216,211],[28,25,25,22],[45,37,38,42],[45,37,38,42],[71,112,76,0],[71,112,76,0],[71,112,76,0],[71,112,76,0]]","[0,0,0,10]",10,0,"[{""x"":97,""y"":72,""rgba"":[217,217,217,178],""class"":""solid_achromatic_core"",""wordmark_component_id"":7},{""x"":98,""y"":72,""rgba"":[201,201,201,172],""class"":""solid_achromatic_core"",""wordmark_component_id"":7},{""x"":99,""y"":72,""rgba"":[91,91,91,25],""class"":""confirmed_wordmark"",""wordmark_component_id"":7},{""x"":97,""y"":73,""rgba"":[0,0,0,8],""class"":""other_visible"",""wordmark_component_id"":null},{""x"":97,""y"":74,""rgba"":[255,255,255,2],""class"":""other_visible"",""wordmark_component_id"":null},{""x"":98,""y"":74,""rgba"":[255,255,255,2],""class"":""other_visible"",""wordmark_component_id"":null},{""x"":99,""y"":74,""rgba"":[0,0,0,1],""class"":""other_visible"",""wordmark_component_id"":null}]",3,0,[7],[7],[7],2,"{""component_id"":7,""x"":98,""y"":72,""distance_px"":1.0,""rgba"":[201,201,201,172],""rgb_linf"":201}","{""class"":""ambiguous_chromatic_boundary"",""present"":true,""distance_px"":48.0,""coordinate"":[50,73],""rgb_linf"":54}","[{""class"":""ambiguous_chromatic_boundary"",""present"":true,""distance_px"":48.0,""coordinate"":[50,73],""rgb_linf"":54},{""class"":""chromatic_core"",""present"":true,""distance_px"":49.0,""coordinate"":[49,73],""rgb_linf"":157},{""class"":""confirmed_true_chromatic_AA"",""present"":true,""distance_px"":54.5619,""coordinate"":[49,49],""rgb_linf"":85}]",91,157.6166,201,0.104616,0.256674,True,178,178,True,True,False,direct unique preconfirmed glyph support,5,AMBIGUOUS,local RGB continuity to preconfirmed wordmark fails frozen max-channel distance 18
103,73,"[103.1495,74.3556]","[103,74]","[[238,238,238,233],[238,238,238,233],[45,37,38,42],[45,37,38,42],[45,37,38,42],[6,4,5,3],[71,112,76,0],[71,112,76,0],[71,112,76,0]]","[0,0,0,6]",6,0,"[{""x"":102,""y"":72,""rgba"":[220,220,220,191],""class"":""solid_achromatic_core"",""wordmark_component_id"":8},{""x"":103,""y"":72,""rgba"":[210,210,210,161],""class"":""solid_achromatic_core"",""wordmark_component_id"":8},{""x"":104,""y"":72,""rgba"":[0,0,0,14],""class"":""other_visible"",""wordmark_component_id"":null},{""x"":102,""y"":73,""rgba"":[0,0,0,8],""class"":""confirmed_wordmark"",""wordmark_component_id"":8},{""x"":102,""y"":74,""rgba"":[255,255,255,2],""class"":""other_visible"",""wordmark_component_id"":null},{""x"":103,""y"":74,""rgba"":[255,255,255,2],""class"":""other_visible"",""wordmark_component_id"":null},{""x"":104,""y"":74,""rgba"":[0,0,0,1],""class"":""other_visible"",""wordmark_component_id"":null}]",3,0,[8],[8],[8],2,"{""component_id"":8,""x"":102,""y"":73,""distance_px"":1.0,""rgba"":[0,0,0,8],""rgb_linf"":0}","{""class"":""ambiguous_chromatic_boundary"",""present"":true,""distance_px"":53.0,""coordinate"":[50,73],""rgb_linf"":54}","[{""class"":""ambiguous_chromatic_boundary"",""present"":true,""distance_px"":53.0,""coordinate"":[50,73],""rgb_linf"":54},{""class"":""chromatic_core"",""present"":true,""distance_px"":54.0,""coordinate"":[49,73],""rgb_linf"":157},{""class"":""confirmed_true_chromatic_AA"",""present"":true,""distance_px"":59.0931,""coordinate"":[49,49],""rgb_linf"":85}]",0,0.0,210,0.0,0.284306,True,191,191,True,True,False,direct unique preconfirmed glyph support,5,SAFE WORDMARK OWNERSHIP,one-hop attachment to already-confirmed safe wordmark AA; frozen RGB/luma/alpha evidence passes; no chaining
109,73,"[109.473,74.3556]","[109,74]","[[6,4,5,3],[71,112,76,0],[102,102,102,90],[71,112,76,0],[71,112,76,0],[28,25,25,22],[71,112,76,0],[71,112,76,0],[71,112,76,0]]","[0,63,63,4]",4,63,"[{""x"":109,""y"":72,""rgba"":[0,0,0,20],""class"":""other_visible"",""wordmark_component_id"":null},{""x"":110,""y"":72,""rgba"":[195,193,193,141],""class"":""solid_achromatic_core"",""wordmark_component_id"":8},{""x"":110,""y"":73,""rgba"":[0,0,0,7],""class"":""other_visible"",""wordmark_component_id"":null},{""x"":110,""y"":74,""rgba"":[255,255,255,2],""class"":""other_visible"",""wordmark_component_id"":null}]",1,0,[15],[8],[8],1,"{""component_id"":8,""x"":110,""y"":72,""distance_px"":1.4142,""rgba"":[195,193,193,141],""rgb_linf"":195}","{""class"":""ambiguous_chromatic_boundary"",""present"":true,""distance_px"":59.0,""coordinate"":[50,73],""rgb_linf"":27}","[{""class"":""ambiguous_chromatic_boundary"",""present"":true,""distance_px"":59.0,""coordinate"":[50,73],""rgb_linf"":27},{""class"":""chromatic_core"",""present"":true,""distance_px"":60.0,""coordinate"":[49,73],""rgb_linf"":157},{""class"":""confirmed_true_chromatic_AA"",""present"":true,""distance_px"":64.622,""coordinate"":[49,49],""rgb_linf"":85}]",195,268.0019,195,0.496784,0.194538,False,141,141,True,False,False,direct unique preconfirmed glyph support,5,PROTECTED / OTHER,"channel spread exceeds frozen V9 achromatic limit at subthreshold alpha; chromatic ownership is not proven, so REVIEW"
110,73,"[110.527,74.3556]","[111,74]","[[102,102,102,90],[249,249,249,246],[216,216,216,211],[28,25,25,22],[45,37,38,42],[45,37,38,42],[71,112,76,0],[71,112,76,0],[71,112,76,0]]","[0,0,0,7]",7,0,"[{""x"":109,""y"":72,""rgba"":[0,0,0,20],""class"":""other_visible"",""wordmark_component_id"":null},{""x"":110,""y"":72,""rgba"":[195,193,193,141],""class"":""solid_achromatic_core"",""wordmark_component_id"":8},{""x"":111,""y"":72,""rgba"":[222,222,222,199],""class"":""solid_achromatic_core"",""wordmark_component_id"":8},{""x"":109,""y"":73,""rgba"":[0,63,63,4],""class"":""other_visible"",""wordmark_component_id"":null},{""x"":111,""y"":73,""rgba"":[0,0,0,9],""class"":""other_visible"",""wordmark_component_id"":null},{""x"":110,""y"":74,""rgba"":[255,255,255,2],""class"":""other_visible"",""wordmark_component_id"":null},{""x"":111,""y"":74,""rgba"":[255,255,255,3],""class"":""other_visible"",""wordmark_component_id"":null}]",2,0,[15],[8],[8],2,"{""component_id"":8,""x"":110,""y"":72,""distance_px"":1.0,""rgba"":[195,193,193,141],""rgb_linf"":195}","{""class"":""ambiguous_chromatic_boundary"",""present"":true,""distance_px"":60.0,""coordinate"":[50,73],""rgb_linf"":54}","[{""class"":""ambiguous_chromatic_boundary"",""present"":true,""distance_px"":60.0,""coordinate"":[50,73],""rgb_linf"":54},{""class"":""chromatic_core"",""present"":true,""distance_px"":61.0,""coordinate"":[49,73],""rgb_linf"":157},{""class"":""confirmed_true_chromatic_AA"",""present"":true,""distance_px"":65.5515,""coordinate"":[49,49],""rgb_linf"":85}]",195,335.4445,195,0.535923,0.232039,False,199,199,True,False,False,direct unique preconfirmed glyph support,5,AMBIGUOUS,local RGB continuity to preconfirmed wordmark fails frozen max-channel distance 18
111,73,"[111.5809,74.3556]","[112,74]","[[249,249,249,246],[216,216,216,211],[28,25,25,22],[45,37,38,42],[45,37,38,42],[6,4,5,3],[71,112,76,0],[71,112,76,0],[71,112,76,0]]","[0,0,0,9]",9,0,"[{""x"":110,""y"":72,""rgba"":[195,193,193,141],""class"":""solid_achromatic_core"",""wordmark_component_id"":8},{""x"":111,""y"":72,""rgba"":[222,222,222,199],""class"":""solid_achromatic_core"",""wordmark_component_id"":8},{""x"":112,""y"":72,""rgba"":[150,150,150,66],""class"":""solid_achromatic_core"",""wordmark_component_id"":8},{""x"":110,""y"":73,""rgba"":[0,0,0,7],""class"":""other_visible"",""wordmark_component_id"":null},{""x"":112,""y"":73,""rgba"":[0,0,0,4],""class"":""other_visible"",""wordmark_component_id"":null},{""x"":110,""y"":74,""rgba"":[255,255,255,2],""class"":""other_visible"",""wordmark_component_id"":null},{""x"":111,""y"":74,""rgba"":[255,255,255,3],""class"":""other_visible"",""wordmark_component_id"":null},{""x"":112,""y"":74,""rgba"":[255,255,255,1],""class"":""other_visible"",""wordmark_component_id"":null}]",3,0,[15],[8],[8],3,"{""component_id"":8,""x"":111,""y"":72,""distance_px"":1.0,""rgba"":[222,222,222,199],""rgb_linf"":222}","{""class"":""ambiguous_chromatic_boundary"",""present"":true,""distance_px"":61.0,""coordinate"":[50,73],""rgb_linf"":54}","[{""class"":""ambiguous_chromatic_boundary"",""present"":true,""distance_px"":61.0,""coordinate"":[50,73],""rgb_linf"":54},{""class"":""chromatic_core"",""present"":true,""distance_px"":62.0,""coordinate"":[49,73],""rgb_linf"":157},{""class"":""confirmed_true_chromatic_AA"",""present"":true,""distance_px"":66.4831,""coordinate"":[49,49],""rgb_linf"":85}]",150,259.8076,150,0.304987,0.269539,False,199,199,True,False,False,direct unique preconfirmed glyph support,5,AMBIGUOUS,local RGB continuity to preconfirmed wordmark fails frozen max-channel distance 18
112,73,"[112.6348,74.3556]","[113,74]","[[216,216,216,211],[28,25,25,22],[71,112,76,0],[45,37,38,42],[6,4,5,3],[71,112,76,0],[71,112,76,0],[71,112,76,0],[71,112,76,0]]","[0,0,0,4]",4,0,"[{""x"":111,""y"":72,""rgba"":[222,222,222,199],""class"":""solid_achromatic_core"",""wordmark_component_id"":8},{""x"":112,""y"":72,""rgba"":[150,150,150,66],""class"":""solid_achromatic_core"",""wordmark_component_id"":8},{""x"":111,""y"":73,""rgba"":[0,0,0,9],""class"":""other_visible"",""wordmark_component_id"":null},{""x"":111,""y"":74,""rgba"":[255,255,255,3],""class"":""other_visible"",""wordmark_component_id"":null},{""x"":112,""y"":74,""rgba"":[255,255,255,1],""class"":""other_visible"",""wordmark_component_id"":null}]",2,0,[15],[8],[8],2,"{""component_id"":8,""x"":112,""y"":72,""distance_px"":1.0,""rgba"":[150,150,150,66],""rgb_linf"":150}","{""class"":""ambiguous_chromatic_boundary"",""present"":true,""distance_px"":62.0,""coordinate"":[50,73],""rgb_linf"":54}","[{""class"":""ambiguous_chromatic_boundary"",""present"":true,""distance_px"":62.0,""coordinate"":[50,73],""rgb_linf"":54},{""class"":""chromatic_core"",""present"":true,""distance_px"":63.0,""coordinate"":[49,73],""rgb_linf"":157},{""class"":""confirmed_true_chromatic_AA"",""present"":true,""distance_px"":67.4166,""coordinate"":[49,49],""rgb_linf"":85}]",150,259.8076,150,0.304987,0.291057,False,199,199,True,False,False,direct unique preconfirmed glyph support,5,AMBIGUOUS,local RGB continuity to preconfirmed wordmark fails frozen max-channel distance 18
125,73,"[126.3358,74.3556]","[126,74]","[[6,4,5,3],[71,112,76,0],[136,136,136,126],[71,112,76,0],[71,112,76,0],[28,25,25,22],[71,112,76,0],[71,112,76,0],[71,112,76,0]]","[0,0,0,1]",1,0,"[{""x"":125,""y"":72,""rgba"":[46,46,46,22],""class"":""other_visible"",""wordmark_component_id"":null},{""x"":126,""y"":72,""rgba"":[178,178,178,140],""class"":""solid_achromatic_core"",""wordmark_component_id"":9},{""x"":126,""y"":73,""rgba"":[0,0,0,5],""class"":""other_visible"",""wordmark_component_id"":null},{""x"":126,""y"":74,""rgba"":[255,255,255,2],""class"":""other_visible"",""wordmark_component_id"":null}]",1,0,[10],[9],[9],1,"{""component_id"":9,""x"":126,""y"":72,""distance_px"":1.4142,""rgba"":[178,178,178,140],""rgb_linf"":178}","{""class"":""ambiguous_chromatic_boundary"",""present"":true,""distance_px"":75.0,""coordinate"":[50,73],""rgb_linf"":54}","[{""class"":""ambiguous_chromatic_boundary"",""present"":true,""distance_px"":75.0,""coordinate"":[50,73],""rgb_linf"":54},{""class"":""chromatic_core"",""present"":true,""distance_px"":76.0,""coordinate"":[49,73],""rgb_linf"":157},{""class"":""confirmed_true_chromatic_AA"",""present"":true,""distance_px"":79.6994,""coordinate"":[49,49],""rgb_linf"":85}]",178,308.3051,178,0.445201,0.346097,False,140,140,True,False,False,direct unique preconfirmed glyph support,5,AMBIGUOUS,local RGB continuity to preconfirmed wordmark fails frozen max-channel distance 18
126,73,"[127.3897,74.3556]","[127,74]","[[71,112,76,0],[136,136,136,126],[249,249,249,246],[71,112,76,0],[28,25,25,22],[45,37,38,42],[71,112,76,0],[71,112,76,0],[71,112,76,0]]","[0,0,0,5]",5,0,"[{""x"":125,""y"":72,""rgba"":[46,46,46,22],""class"":""other_visible"",""wordmark_component_id"":null},{""x"":126,""y"":72,""rgba"":[178,178,178,140],""class"":""solid_achromatic_core"",""wordmark_component_id"":9},{""x"":127,""y"":72,""rgba"":[230,230,230,189],""class"":""solid_achromatic_core"",""wordmark_component_id"":9},{""x"":125,""y"":73,""rgba"":[0,0,0,1],""class"":""other_visible"",""wordmark_component_id"":null},{""x"":127,""y"":73,""rgba"":[0,0,0,7],""class"":""other_visible"",""wordmark_component_id"":null},{""x"":126,""y"":74,""rgba"":[255,255,255,2],""class"":""other_visible"",""wordmark_component_id"":null},{""x"":127,""y"":74,""rgba"":[255,255,255,3],""class"":""other_visible"",""wordmark_component_id"":null}]",2,0,[10],[9],[9],2,"{""component_id"":9,""x"":126,""y"":72,""distance_px"":1.0,""rgba"":[178,178,178,140],""rgb_linf"":178}","{""class"":""ambiguous_chromatic_boundary"",""present"":true,""distance_px"":76.0,""coordinate"":[50,73],""rgb_linf"":54}","[{""class"":""ambiguous_chromatic_boundary"",""present"":true,""distance_px"":76.0,""coordinate"":[50,73],""rgb_linf"":54},{""class"":""chromatic_core"",""present"":true,""distance_px"":77.0,""coordinate"":[49,73],""rgb_linf"":157},{""class"":""confirmed_true_chromatic_AA"",""present"":true,""distance_px"":80.6536,""coordinate"":[49,49],""rgb_linf"":85}]",178,308.3051,178,0.445201,0.208702,False,189,189,True,False,False,direct unique preconfirmed glyph support,5,AMBIGUOUS,local RGB continuity to preconfirmed wordmark fails frozen max-channel distance 18
127,73,"[128.4436,74.3556]","[128,74]","[[136,136,136,126],[249,249,249,246],[238,238,238,233],[28,25,25,22],[45,37,38,42],[45,37,38,42],[71,112,76,0],[71,112,76,0],[71,112,76,0]]","[0,0,0,7]",7,0,"[{""x"":126,""y"":72,""rgba"":[178,178,178,140],""class"":""solid_achromatic_core"",""wordmark_component_id"":9},{""x"":127,""y"":72,""rgba"":[230,230,230,189],""class"":""solid_achromatic_core"",""wordmark_component_id"":9},{""x"":128,""y"":72,""rgba"":[211,211,211,171],""class"":""solid_achromatic_core"",""wordmark_component_id"":9},{""x"":126,""y"":73,""rgba"":[0,0,0,5],""class"":""other_visible"",""wordmark_component_id"":null},{""x"":128,""y"":73,""rgba"":[0,0,0,7],""class"":""other_visible"",""wordmark_component_id"":null},{""x"":126,""y"":74,""rgba"":[255,255,255,2],""class"":""other_visible"",""wordmark_component_id"":null},{""x"":127,""y"":74,""rgba"":[255,255,255,3],""class"":""other_visible"",""wordmark_component_id"":null},{""x"":128,""y"":74,""rgba"":[255,255,255,3],""class"":""other_visible"",""wordmark_component_id"":null}]",3,0,[10],[9],[9],3,"{""component_id"":9,""x"":127,""y"":72,""distance_px"":1.0,""rgba"":[230,230,230,189],""rgb_linf"":230}","{""class"":""ambiguous_chromatic_boundary"",""present"":true,""distance_px"":77.0,""coordinate"":[50,73],""rgb_linf"":54}","[{""class"":""ambiguous_chromatic_boundary"",""present"":true,""distance_px"":77.0,""coordinate"":[50,73],""rgb_linf"":54},{""class"":""chromatic_core"",""present"":true,""distance_px"":78.0,""coordinate"":[49,73],""rgb_linf"":157},{""class"":""confirmed_true_chromatic_AA"",""present"":true,""distance_px"":81.6088,""coordinate"":[49,49],""rgb_linf"":85}]",178,308.3051,178,0.445201,0.208702,False,189,189,True,False,False,direct unique preconfirmed glyph support,5,AMBIGUOUS,local RGB continuity to preconfirmed wordmark fails frozen max-channel distance 18
128,73,"[129.4975,74.3556]","[129,74]","[[249,249,249,246],[238,238,238,233],[238,238,238,233],[45,37,38,42],[45,37,38,42],[45,37,38,42],[71,112,76,0],[71,112,76,0],[71,112,76,0]]","[0,0,0,7]",7,0,"[{""x"":127,""y"":72,""rgba"":[230,230,230,189],""class"":""solid_achromatic_core"",""wordmark_component_id"":9},{""x"":128,""y"":72,""rgba"":[211,211,211,171],""class"":""solid_achromatic_core"",""wordmark_component_id"":9},{""x"":129,""y"":72,""rgba"":[215,215,215,174],""class"":""solid_achromatic_core"",""wordmark_component_id"":9},{""x"":127,""y"":73,""rgba"":[0,0,0,7],""class"":""other_visible"",""wordmark_component_id"":null},{""x"":129,""y"":73,""rgba"":[0,0,0,8],""class"":""other_visible"",""wordmark_component_id"":null},{""x"":127,""y"":74,""rgba"":[255,255,255,3],""class"":""other_visible"",""wordmark_component_id"":null},{""x"":128,""y"":74,""rgba"":[255,255,255,3],""class"":""other_visible"",""wordmark_component_id"":null},{""x"":129,""y"":74,""rgba"":[255,255,255,3],""class"":""other_visible"",""wordmark_component_id"":null}]",3,0,[10],[9],[9],3,"{""component_id"":9,""x"":128,""y"":72,""distance_px"":1.0,""rgba"":[211,211,211,171],""rgb_linf"":211}","{""class"":""ambiguous_chromatic_boundary"",""present"":true,""distance_px"":78.0,""coordinate"":[50,73],""rgb_linf"":54}","[{""class"":""ambiguous_chromatic_boundary"",""present"":true,""distance_px"":78.0,""coordinate"":[50,73],""rgb_linf"":54},{""class"":""chromatic_core"",""present"":true,""distance_px"":79.0,""coordinate"":[49,73],""rgb_linf"":157},{""class"":""confirmed_true_chromatic_AA"",""present"":true,""distance_px"":82.5651,""coordinate"":[49,49],""rgb_linf"":85}]",211,365.4627,211,0.651406,0.208702,False,189,189,True,False,False,direct unique preconfirmed glyph support,5,AMBIGUOUS,local RGB continuity to preconfirmed wordmark fails frozen max-channel distance 18
129,73,"[130.5515,74.3556]","[131,74]","[[238,238,238,233],[238,238,238,233],[238,238,238,233],[45,37,38,42],[45,37,38,42],[45,37,38,42],[71,112,76,0],[71,112,76,0],[71,112,76,0]]","[0,0,0,8]",8,0,"[{""x"":128,""y"":72,""rgba"":[211,211,211,171],""class"":""solid_achromatic_core"",""wordmark_component_id"":9},{""x"":129,""y"":72,""rgba"":[215,215,215,174],""class"":""solid_achromatic_core"",""wordmark_component_id"":9},{""x"":130,""y"":72,""rgba"":[213,212,212,174],""class"":""solid_achromatic_core"",""wordmark_component_id"":9},{""x"":128,""y"":73,""rgba"":[0,0,0,7],""class"":""other_visible"",""wordmark_component_id"":null},{""x"":130,""y"":73,""rgba"":[0,0,0,8],""class"":""other_visible"",""wordmark_component_id"":null},{""x"":128,""y"":74,""rgba"":[255,255,255,3],""class"":""other_visible"",""wordmark_component_id"":null},{""x"":129,""y"":74,""rgba"":[255,255,255,3],""class"":""other_visible"",""wordmark_component_id"":null},{""x"":130,""y"":74,""rgba"":[255,255,255,3],""class"":""other_visible"",""wordmark_component_id"":null}]",3,0,[10],[9],[9],3,"{""component_id"":9,""x"":129,""y"":72,""distance_px"":1.0,""rgba"":[215,215,215,174],""rgb_linf"":215}","{""class"":""ambiguous_chromatic_boundary"",""present"":true,""distance_px"":79.0,""coordinate"":[50,73],""rgb_linf"":54}","[{""class"":""ambiguous_chromatic_boundary"",""present"":true,""distance_px"":79.0,""coordinate"":[50,73],""rgb_linf"":54},{""class"":""chromatic_core"",""present"":true,""distance_px"":80.0,""coordinate"":[49,73],""rgb_linf"":157},{""class"":""confirmed_true_chromatic_AA"",""present"":true,""distance_px"":83.5225,""coordinate"":[49,49],""rgb_linf"":85}]",211,365.4627,211,0.651406,0.320457,False,174,174,True,False,False,direct unique preconfirmed glyph support,5,AMBIGUOUS,local RGB continuity to preconfirmed wordmark fails frozen max-channel distance 18
130,73,"[131.6054,74.3556]","[132,74]","[[238,238,238,233],[238,238,238,233],[238,238,238,233],[45,37,38,42],[45,37,38,42],[45,37,38,42],[71,112,76,0],[71,112,76,0],[71,112,76,0]]","[0,0,0,8]",8,0,"[{""x"":129,""y"":72,""rgba"":[215,215,215,174],""class"":""solid_achromatic_core"",""wordmark_component_id"":9},{""x"":130,""y"":72,""rgba"":[213,212,212,174],""class"":""solid_achromatic_core"",""wordmark_component_id"":9},{""x"":131,""y"":72,""rgba"":[215,215,215,174],""class"":""solid_achromatic_core"",""wordmark_component_id"":9},{""x"":129,""y"":73,""rgba"":[0,0,0,8],""class"":""other_visible"",""wordmark_component_id"":null},{""x"":131,""y"":73,""rgba"":[0,0,0,7],""class"":""other_visible"",""wordmark_component_id"":null},{""x"":129,""y"":74,""rgba"":[255,255,255,3],""class"":""other_visible"",""wordmark_component_id"":null},{""x"":130,""y"":74,""rgba"":[255,255,255,3],""class"":""other_visible"",""wordmark_component_id"":null},{""x"":131,""y"":74,""rgba"":[255,255,255,3],""class"":""other_visible"",""wordmark_component_id"":null}]",3,0,[10],[9],[9],3,"{""component_id"":9,""x"":130,""y"":72,""distance_px"":1.0,""rgba"":[213,212,212,174],""rgb_linf"":213}","{""class"":""ambiguous_chromatic_boundary"",""present"":true,""distance_px"":80.0,""coordinate"":[50,73],""rgb_linf"":54}","[{""class"":""ambiguous_chromatic_boundary"",""present"":true,""distance_px"":80.0,""coordinate"":[50,73],""rgb_linf"":54},{""class"":""chromatic_core"",""present"":true,""distance_px"":81.0,""coordinate"":[49,73],""rgb_linf"":157},{""class"":""confirmed_true_chromatic_AA"",""present"":true,""distance_px"":84.4808,""coordinate"":[49,49],""rgb_linf"":85}]",213,367.773,213,0.659866,0.320457,False,174,174,True,False,False,direct unique preconfirmed glyph support,5,AMBIGUOUS,local RGB continuity to preconfirmed wordmark fails frozen max-channel distance 18
131,73,"[132.6593,74.3556]","[133,74]","[[238,238,238,233],[238,238,238,233],[226,226,226,221],[45,37,38,42],[45,37,38,42],[45,37,38,42],[71,112,76,0],[71,112,76,0],[71,112,76,0]]","[0,0,0,7]",7,0,"[{""x"":130,""y"":72,""rgba"":[213,212,212,174],""class"":""solid_achromatic_core"",""wordmark_component_id"":9},{""x"":131,""y"":72,""rgba"":[215,215,215,174],""class"":""solid_achromatic_core"",""wordmark_component_id"":9},{""x"":132,""y"":72,""rgba"":[206,205,205,169],""class"":""solid_achromatic_core"",""wordmark_component_id"":9},{""x"":130,""y"":73,""rgba"":[0,0,0,8],""class"":""other_visible"",""wordmark_component_id"":null},{""x"":132,""y"":73,""rgba"":[0,0,0,12],""class"":""other_visible"",""wordmark_component_id"":null},{""x"":130,""y"":74,""rgba"":[255,255,255,3],""class"":""other_visible"",""wordmark_component_id"":null},{""x"":131,""y"":74,""rgba"":[255,255,255,3],""class"":""other_visible"",""wordmark_component_id"":null},{""x"":132,""y"":74,""rgba"":[255,255,255,2],""class"":""other_visible"",""wordmark_component_id"":null}]",3,0,[10],[9],[9],3,"{""component_id"":9,""x"":131,""y"":72,""distance_px"":1.0,""rgba"":[215,215,215,174],""rgb_linf"":215}","{""class"":""ambiguous_chromatic_boundary"",""present"":true,""distance_px"":81.0,""coordinate"":[50,73],""rgb_linf"":54}","[{""class"":""ambiguous_chromatic_boundary"",""present"":true,""distance_px"":81.0,""coordinate"":[50,73],""rgb_linf"":54},{""class"":""chromatic_core"",""present"":true,""distance_px"":82.0,""coordinate"":[49,73],""rgb_linf"":157},{""class"":""confirmed_true_chromatic_AA"",""present"":true,""distance_px"":85.44,""coordinate"":[49,49],""rgb_linf"":85}]",206,355.6487,206,0.611922,0.320457,False,174,174,True,False,False,direct unique preconfirmed glyph support,5,AMBIGUOUS,local RGB continuity to preconfirmed wordmark fails frozen max-channel distance 18
132,73,"[133.7132,74.3556]","[134,74]","[[238,238,238,233],[226,226,226,221],[201,201,201,192],[45,37,38,42],[45,37,38,42],[6,4,5,3],[71,112,76,0],[71,112,76,0],[71,112,76,0]]","[0,0,0,12]",12,0,"[{""x"":131,""y"":72,""rgba"":[215,215,215,174],""class"":""solid_achromatic_core"",""wordmark_component_id"":9},{""x"":132,""y"":72,""rgba"":[206,205,205,169],""class"":""solid_achromatic_core"",""wordmark_component_id"":9},{""x"":133,""y"":72,""rgba"":[191,191,191,140],""class"":""solid_achromatic_core"",""wordmark_component_id"":9},{""x"":131,""y"":73,""rgba"":[0,0,0,7],""class"":""other_visible"",""wordmark_component_id"":null},{""x"":131,""y"":74,""rgba"":[255,255,255,3],""class"":""other_visible"",""wordmark_component_id"":null},{""x"":132,""y"":74,""rgba"":[255,255,255,2],""class"":""other_visible"",""wordmark_component_id"":null},{""x"":133,""y"":74,""rgba"":[255,255,255,5],""class"":""other_visible"",""wordmark_component_id"":null}]",3,0,[10],[9],[9],3,"{""component_id"":9,""x"":132,""y"":72,""distance_px"":1.0,""rgba"":[206,205,205,169],""rgb_linf"":206}","{""class"":""ambiguous_chromatic_boundary"",""present"":true,""distance_px"":82.0,""coordinate"":[50,73],""rgb_linf"":54}","[{""class"":""ambiguous_chromatic_boundary"",""present"":true,""distance_px"":82.0,""coordinate"":[50,73],""rgb_linf"":54},{""class"":""chromatic_core"",""present"":true,""distance_px"":83.0,""coordinate"":[49,73],""rgb_linf"":157},{""class"":""confirmed_true_chromatic_AA"",""present"":true,""distance_px"":86.4002,""coordinate"":[49,49],""rgb_linf"":85}]",191,330.8217,191,0.520996,0.320457,False,174,174,True,False,False,direct unique preconfirmed glyph support,5,AMBIGUOUS,local RGB continuity to preconfirmed wordmark fails frozen max-channel distance 18
135,73,"[136.875,74.3556]","[137,74]","[[124,123,123,110],[6,4,5,3],[71,112,76,0],[71,112,76,0],[71,112,76,0],[6,4,5,3],[6,4,5,3],[71,112,76,0],[71,112,76,0]]","[255,255,255,4]",4,0,"[{""x"":134,""y"":72,""rgba"":[98,98,98,78],""class"":""solid_achromatic_core"",""wordmark_component_id"":9},{""x"":136,""y"":72,""rgba"":[255,255,255,2],""class"":""other_visible"",""wordmark_component_id"":null},{""x"":136,""y"":73,""rgba"":[0,0,0,3],""class"":""other_visible"",""wordmark_component_id"":null},{""x"":134,""y"":74,""rgba"":[85,85,85,6],""class"":""other_visible"",""wordmark_component_id"":null}]",1,0,[10],[9],[9],1,"{""component_id"":9,""x"":134,""y"":72,""distance_px"":1.4142,""rgba"":[98,98,98,78],""rgb_linf"":157}","{""class"":""ambiguous_chromatic_boundary"",""present"":true,""distance_px"":85.0,""coordinate"":[50,73],""rgb_linf"":255}","[{""class"":""ambiguous_chromatic_boundary"",""present"":true,""distance_px"":85.0,""coordinate"":[50,73],""rgb_linf"":255},{""class"":""chromatic_core"",""present"":true,""distance_px"":86.0,""coordinate"":[49,73],""rgb_linf"":225},{""class"":""confirmed_true_chromatic_AA"",""present"":true,""distance_px"":89.2861,""coordinate"":[49,49],""rgb_linf"":255}]",157,271.932,157,0.877861,0.572416,False,78,78,True,False,False,direct unique preconfirmed glyph support,5,AMBIGUOUS,local RGB continuity to preconfirmed wordmark fails frozen max-channel distance 18
142,73,"[144.2525,74.3556]","[144,74]","[[216,216,216,211],[249,249,249,246],[77,77,77,67],[45,37,38,42],[45,37,38,42],[28,25,25,22],[71,112,76,0],[71,112,76,0],[71,112,76,0]]","[0,0,0,7]",7,0,"[{""x"":141,""y"":72,""rgba"":[211,211,211,187],""class"":""solid_achromatic_core"",""wordmark_component_id"":10},{""x"":142,""y"":72,""rgba"":[216,216,216,161],""class"":""solid_achromatic_core"",""wordmark_component_id"":10},{""x"":143,""y"":72,""rgba"":[0,0,0,24],""class"":""confirmed_wordmark"",""wordmark_component_id"":10},{""x"":141,""y"":73,""rgba"":[0,0,0,10],""class"":""confirmed_wordmark"",""wordmark_component_id"":10},{""x"":143,""y"":73,""rgba"":[31,31,31,8],""class"":""other_visible"",""wordmark_component_id"":null},{""x"":141,""y"":74,""rgba"":[255,255,255,2],""class"":""other_visible"",""wordmark_component_id"":null},{""x"":142,""y"":74,""rgba"":[255,255,255,2],""class"":""other_visible"",""wordmark_component_id"":null}]",4,0,[11],[10],[10],2,"{""component_id"":10,""x"":141,""y"":73,""distance_px"":1.0,""rgba"":[0,0,0,10],""rgb_linf"":0}","{""class"":""ambiguous_chromatic_boundary"",""present"":true,""distance_px"":92.0,""coordinate"":[50,73],""rgb_linf"":54}","[{""class"":""ambiguous_chromatic_boundary"",""present"":true,""distance_px"":92.0,""coordinate"":[50,73],""rgb_linf"":54},{""class"":""chromatic_core"",""present"":true,""distance_px"":93.0,""coordinate"":[49,73],""rgb_linf"":157},{""class"":""confirmed_true_chromatic_AA"",""present"":true,""distance_px"":96.0469,""coordinate"":[49,49],""rgb_linf"":85}]",0,0.0,211,0.0,0.270176,True,187,187,True,True,False,direct unique preconfirmed glyph support,5,SAFE WORDMARK OWNERSHIP,one-hop attachment to already-confirmed safe wordmark AA; frozen RGB/luma/alpha evidence passes; no chaining
143,73,"[145.3064,74.3556]","[145,74]","[[249,249,249,246],[77,77,77,67],[71,112,76,0],[45,37,38,42],[28,25,25,22],[71,112,76,0],[71,112,76,0],[71,112,76,0],[71,112,76,0]]","[31,31,31,8]",8,0,"[{""x"":142,""y"":72,""rgba"":[216,216,216,161],""class"":""solid_achromatic_core"",""wordmark_component_id"":10},{""x"":143,""y"":72,""rgba"":[0,0,0,24],""class"":""confirmed_wordmark"",""wordmark_component_id"":10},{""x"":142,""y"":73,""rgba"":[0,0,0,7],""class"":""other_visible"",""wordmark_component_id"":null},{""x"":142,""y"":74,""rgba"":[255,255,255,2],""class"":""other_visible"",""wordmark_component_id"":null}]",2,0,[11],[10],[10],1,"{""component_id"":10,""x"":143,""y"":72,""distance_px"":1.0,""rgba"":[0,0,0,24],""rgb_linf"":31}","{""class"":""ambiguous_chromatic_boundary"",""present"":true,""distance_px"":93.0,""coordinate"":[50,73],""rgb_linf"":31}","[{""class"":""ambiguous_chromatic_boundary"",""present"":true,""distance_px"":93.0,""coordinate"":[50,73],""rgb_linf"":31},{""class"":""chromatic_core"",""present"":true,""distance_px"":94.0,""coordinate"":[49,73],""rgb_linf"":126},{""class"":""confirmed_true_chromatic_AA"",""present"":true,""distance_px"":97.0155,""coordinate"":[49,49],""rgb_linf"":54}]",31,53.6936,185,0.013702,0.234897,True,161,161,True,True,False,direct unique preconfirmed glyph support,5,AMBIGUOUS,local RGB continuity to preconfirmed wordmark fails frozen max-channel distance 18
164,73,"[167.4387,74.3556]","[167,74]","[[6,4,5,3],[71,112,76,0],[102,102,102,90],[71,112,76,0],[71,112,76,0],[28,25,25,22],[71,112,76,0],[71,112,76,0],[71,112,76,0]]","[0,0,0,3]",3,0,"[{""x"":164,""y"":72,""rgba"":[0,0,0,17],""class"":""other_visible"",""wordmark_component_id"":null},{""x"":165,""y"":72,""rgba"":[194,194,194,138],""class"":""solid_achromatic_core"",""wordmark_component_id"":10},{""x"":165,""y"":73,""rgba"":[0,0,0,6],""class"":""other_visible"",""wordmark_component_id"":null},{""x"":165,""y"":74,""rgba"":[255,255,255,1],""class"":""other_visible"",""wordmark_component_id"":null}]",1,0,[12],[10],[10],1,"{""component_id"":10,""x"":165,""y"":72,""distance_px"":1.4142,""rgba"":[194,194,194,138],""rgb_linf"":194}","{""class"":""ambiguous_chromatic_boundary"",""present"":true,""distance_px"":114.0,""coordinate"":[50,73],""rgb_linf"":54}","[{""class"":""ambiguous_chromatic_boundary"",""present"":true,""distance_px"":114.0,""coordinate"":[50,73],""rgb_linf"":54},{""class"":""chromatic_core"",""present"":true,""distance_px"":115.0,""coordinate"":[49,73],""rgb_linf"":157},{""class"":""confirmed_true_chromatic_AA"",""present"":true,""distance_px"":117.4777,""coordinate"":[49,49],""rgb_linf"":85}]",194,336.0179,194,0.53948,0.118895,False,138,138,True,False,False,direct unique preconfirmed glyph support,5,AMBIGUOUS,local RGB continuity to preconfirmed wordmark fails frozen max-channel distance 18
165,73,"[168.4926,74.3556]","[168,74]","[[71,112,76,0],[102,102,102,90],[249,249,249,246],[71,112,76,0],[28,25,25,22],[45,37,38,42],[71,112,76,0],[71,112,76,0],[71,112,76,0]]","[0,0,0,6]",6,0,"[{""x"":164,""y"":72,""rgba"":[0,0,0,17],""class"":""other_visible"",""wordmark_component_id"":null},{""x"":165,""y"":72,""rgba"":[194,194,194,138],""class"":""solid_achromatic_core"",""wordmark_component_id"":10},{""x"":166,""y"":72,""rgba"":[212,212,212,194],""class"":""solid_achromatic_core"",""wordmark_component_id"":10},{""x"":164,""y"":73,""rgba"":[0,0,0,3],""class"":""other_visible"",""wordmark_component_id"":null},{""x"":166,""y"":73,""rgba"":[0,0,0,10],""class"":""confirmed_wordmark"",""wordmark_component_id"":10},{""x"":165,""y"":74,""rgba"":[255,255,255,1],""class"":""other_visible"",""wordmark_component_id"":null},{""x"":166,""y"":74,""rgba"":[255,255,255,3],""class"":""other_visible"",""wordmark_component_id"":null}]",3,0,[12],[10],[10],2,"{""component_id"":10,""x"":165,""y"":72,""distance_px"":1.0,""rgba"":[194,194,194,138],""rgb_linf"":194}","{""class"":""ambiguous_chromatic_boundary"",""present"":true,""distance_px"":115.0,""coordinate"":[50,73],""rgb_linf"":54}","[{""class"":""ambiguous_chromatic_boundary"",""present"":true,""distance_px"":115.0,""coordinate"":[50,73],""rgb_linf"":54},{""class"":""chromatic_core"",""present"":true,""distance_px"":116.0,""coordinate"":[49,73],""rgb_linf"":157},{""class"":""confirmed_true_chromatic_AA"",""present"":true,""distance_px"":118.4567,""coordinate"":[49,49],""rgb_linf"":85}]",0,0.0,194,0.0,0.251135,True,194,194,True,True,False,direct unique preconfirmed glyph support,5,SAFE WORDMARK OWNERSHIP,one-hop attachment to already-confirmed safe wordmark AA; frozen RGB/luma/alpha evidence passes; no chaining
182,73,"[186.4093,74.3556]","[186,74]","[[226,226,226,221],[238,238,238,233],[238,238,238,233],[28,25,25,22],[45,37,38,42],[45,37,38,42],[71,112,76,0],[71,112,76,0],[71,112,76,0]]","[0,0,0,9]",9,0,"[{""x"":181,""y"":72,""rgba"":[211,211,211,165],""class"":""solid_achromatic_core"",""wordmark_component_id"":10},{""x"":182,""y"":72,""rgba"":[214,212,212,175],""class"":""solid_achromatic_core"",""wordmark_component_id"":10},{""x"":183,""y"":72,""rgba"":[213,212,212,174],""class"":""solid_achromatic_core"",""wordmark_component_id"":10},{""x"":183,""y"":73,""rgba"":[0,0,0,7],""class"":""other_visible"",""wordmark_component_id"":null},{""x"":181,""y"":74,""rgba"":[255,255,255,3],""class"":""other_visible"",""wordmark_component_id"":null},{""x"":182,""y"":74,""rgba"":[255,255,255,2],""class"":""other_visible"",""wordmark_component_id"":null},{""x"":183,""y"":74,""rgba"":[255,255,255,3],""class"":""other_visible"",""wordmark_component_id"":null}]",3,0,[13],[10],[10],3,"{""component_id"":10,""x"":182,""y"":72,""distance_px"":1.0,""rgba"":[214,212,212,175],""rgb_linf"":214}","{""class"":""ambiguous_chromatic_boundary"",""present"":true,""distance_px"":132.0,""coordinate"":[50,73],""rgb_linf"":54}","[{""class"":""ambiguous_chromatic_boundary"",""present"":true,""distance_px"":132.0,""coordinate"":[50,73],""rgb_linf"":54},{""class"":""chromatic_core"",""present"":true,""distance_px"":133.0,""coordinate"":[49,73],""rgb_linf"":157},{""class"":""confirmed_true_chromatic_AA"",""present"":true,""distance_px"":135.1481,""coordinate"":[49,49],""rgb_linf"":85}]",211,365.4627,211,0.651406,0.338634,False,175,175,True,False,False,direct unique preconfirmed glyph support,5,AMBIGUOUS,local RGB continuity to preconfirmed wordmark fails frozen max-channel distance 18
183,73,"[187.4632,74.3556]","[187,74]","[[238,238,238,233],[238,238,238,233],[238,238,238,233],[45,37,38,42],[45,37,38,42],[45,37,38,42],[71,112,76,0],[71,112,76,0],[71,112,76,0]]","[0,0,0,7]",7,0,"[{""x"":182,""y"":72,""rgba"":[214,212,212,175],""class"":""solid_achromatic_core"",""wordmark_component_id"":10},{""x"":183,""y"":72,""rgba"":[213,212,212,174],""class"":""solid_achromatic_core"",""wordmark_component_id"":10},{""x"":184,""y"":72,""rgba"":[215,213,213,174],""class"":""solid_achromatic_core"",""wordmark_component_id"":10},{""x"":182,""y"":73,""rgba"":[0,0,0,9],""class"":""other_visible"",""wordmark_component_id"":null},{""x"":184,""y"":73,""rgba"":[0,0,0,8],""class"":""other_visible"",""wordmark_component_id"":null},{""x"":182,""y"":74,""rgba"":[255,255,255,2],""class"":""other_visible"",""wordmark_component_id"":null},{""x"":183,""y"":74,""rgba"":[255,255,255,3],""class"":""other_visible"",""wordmark_component_id"":null},{""x"":184,""y"":74,""rgba"":[255,255,255,3],""class"":""other_visible"",""wordmark_component_id"":null}]",3,0,[13],[10],[10],3,"{""component_id"":10,""x"":183,""y"":72,""distance_px"":1.0,""rgba"":[213,212,212,174],""rgb_linf"":213}","{""class"":""ambiguous_chromatic_boundary"",""present"":true,""distance_px"":133.0,""coordinate"":[50,73],""rgb_linf"":54}","[{""class"":""ambiguous_chromatic_boundary"",""present"":true,""distance_px"":133.0,""coordinate"":[50,73],""rgb_linf"":54},{""class"":""chromatic_core"",""present"":true,""distance_px"":134.0,""coordinate"":[49,73],""rgb_linf"":157},{""class"":""confirmed_true_chromatic_AA"",""present"":true,""distance_px"":136.1323,""coordinate"":[49,49],""rgb_linf"":85}]",213,367.773,213,0.659866,0.331603,False,175,175,True,False,False,direct unique preconfirmed glyph support,5,AMBIGUOUS,local RGB continuity to preconfirmed wordmark fails frozen max-channel distance 18
184,73,"[188.5172,74.3556]","[189,74]","[[238,238,238,233],[238,238,238,233],[238,238,238,233],[45,37,38,42],[45,37,38,42],[45,37,38,42],[71,112,76,0],[71,112,76,0],[71,112,76,0]]","[0,0,0,8]",8,0,"[{""x"":183,""y"":72,""rgba"":[213,212,212,174],""class"":""solid_achromatic_core"",""wordmark_component_id"":10},{""x"":184,""y"":72,""rgba"":[215,213,213,174],""class"":""solid_achromatic_core"",""wordmark_component_id"":10},{""x"":185,""y"":72,""rgba"":[215,213,213,174],""class"":""solid_achromatic_core"",""wordmark_component_id"":10},{""x"":183,""y"":73,""rgba"":[0,0,0,7],""class"":""other_visible"",""wordmark_component_id"":null},{""x"":185,""y"":73,""rgba"":[0,0,0,8],""class"":""other_visible"",""wordmark_component_id"":null},{""x"":183,""y"":74,""rgba"":[255,255,255,3],""class"":""other_visible"",""wordmark_component_id"":null},{""x"":184,""y"":74,""rgba"":[255,255,255,3],""class"":""other_visible"",""wordmark_component_id"":null},{""x"":185,""y"":74,""rgba"":[255,255,255,3],""class"":""other_visible"",""wordmark_component_id"":null}]",3,0,[13],[10],[10],3,"{""component_id"":10,""x"":184,""y"":72,""distance_px"":1.0,""rgba"":[215,213,213,174],""rgb_linf"":215}","{""class"":""ambiguous_chromatic_boundary"",""present"":true,""distance_px"":134.0,""coordinate"":[50,73],""rgb_linf"":54}","[{""class"":""ambiguous_chromatic_boundary"",""present"":true,""distance_px"":134.0,""coordinate"":[50,73],""rgb_linf"":54},{""class"":""chromatic_core"",""present"":true,""distance_px"":135.0,""coordinate"":[49,73],""rgb_linf"":157},{""class"":""confirmed_true_chromatic_AA"",""present"":true,""distance_px"":137.1167,""coordinate"":[49,49],""rgb_linf"":85}]",213,367.773,213,0.659866,0.331603,False,174,174,True,False,False,direct unique preconfirmed glyph support,5,AMBIGUOUS,local RGB continuity to preconfirmed wordmark fails frozen max-channel distance 18
185,73,"[189.5711,74.3556]","[190,74]","[[238,238,238,233],[238,238,238,233],[238,238,238,233],[45,37,38,42],[45,37,38,42],[45,37,38,42],[71,112,76,0],[71,112,76,0],[71,112,76,0]]","[0,0,0,8]",8,0,"[{""x"":184,""y"":72,""rgba"":[215,213,213,174],""class"":""solid_achromatic_core"",""wordmark_component_id"":10},{""x"":185,""y"":72,""rgba"":[215,213,213,174],""class"":""solid_achromatic_core"",""wordmark_component_id"":10},{""x"":186,""y"":72,""rgba"":[215,213,213,174],""class"":""solid_achromatic_core"",""wordmark_component_id"":10},{""x"":184,""y"":73,""rgba"":[0,0,0,8],""class"":""other_visible"",""wordmark_component_id"":null},{""x"":186,""y"":73,""rgba"":[0,0,0,8],""class"":""other_visible"",""wordmark_component_id"":null},{""x"":184,""y"":74,""rgba"":[255,255,255,3],""class"":""other_visible"",""wordmark_component_id"":null},{""x"":185,""y"":74,""rgba"":[255,255,255,3],""class"":""other_visible"",""wordmark_component_id"":null},{""x"":186,""y"":74,""rgba"":[255,255,255,3],""class"":""other_visible"",""wordmark_component_id"":null}]",3,0,[13],[10],[10],3,"{""component_id"":10,""x"":185,""y"":72,""distance_px"":1.0,""rgba"":[215,213,213,174],""rgb_linf"":215}","{""class"":""ambiguous_chromatic_boundary"",""present"":true,""distance_px"":135.0,""coordinate"":[50,73],""rgb_linf"":54}","[{""class"":""ambiguous_chromatic_boundary"",""present"":true,""distance_px"":135.0,""coordinate"":[50,73],""rgb_linf"":54},{""class"":""chromatic_core"",""present"":true,""distance_px"":136.0,""coordinate"":[49,73],""rgb_linf"":157},{""class"":""confirmed_true_chromatic_AA"",""present"":true,""distance_px"":138.1014,""coordinate"":[49,49],""rgb_linf"":85}]",215,370.0851,215,0.668397,0.331603,False,174,174,True,False,False,direct unique preconfirmed glyph support,5,AMBIGUOUS,local RGB continuity to preconfirmed wordmark fails frozen max-channel distance 18
186,73,"[190.625,74.3556]","[191,74]","[[238,238,238,233],[238,238,238,233],[238,238,238,233],[45,37,38,42],[45,37,38,42],[45,37,38,42],[71,112,76,0],[71,112,76,0],[71,112,76,0]]","[0,0,0,8]",8,0,"[{""x"":185,""y"":72,""rgba"":[215,213,213,174],""class"":""solid_achromatic_core"",""wordmark_component_id"":10},{""x"":186,""y"":72,""rgba"":[215,213,213,174],""class"":""solid_achromatic_core"",""wordmark_component_id"":10},{""x"":187,""y"":72,""rgba"":[215,213,213,174],""class"":""solid_achromatic_core"",""wordmark_component_id"":10},{""x"":185,""y"":73,""rgba"":[0,0,0,8],""class"":""other_visible"",""wordmark_component_id"":null},{""x"":187,""y"":73,""rgba"":[0,0,0,8],""class"":""other_visible"",""wordmark_component_id"":null},{""x"":185,""y"":74,""rgba"":[255,255,255,3],""class"":""other_visible"",""wordmark_component_id"":null},{""x"":186,""y"":74,""rgba"":[255,255,255,3],""class"":""other_visible"",""wordmark_component_id"":null},{""x"":187,""y"":74,""rgba"":[255,255,255,3],""class"":""other_visible"",""wordmark_component_id"":null}]",3,0,[13],[10],[10],3,"{""component_id"":10,""x"":186,""y"":72,""distance_px"":1.0,""rgba"":[215,213,213,174],""rgb_linf"":215}","{""class"":""ambiguous_chromatic_boundary"",""present"":true,""distance_px"":136.0,""coordinate"":[50,73],""rgb_linf"":54}","[{""class"":""ambiguous_chromatic_boundary"",""present"":true,""distance_px"":136.0,""coordinate"":[50,73],""rgb_linf"":54},{""class"":""chromatic_core"",""present"":true,""distance_px"":137.0,""coordinate"":[49,73],""rgb_linf"":157},{""class"":""confirmed_true_chromatic_AA"",""present"":true,""distance_px"":139.0863,""coordinate"":[49,49],""rgb_linf"":85}]",215,370.0851,215,0.668397,0.331603,False,174,174,True,False,False,direct unique preconfirmed glyph support,5,AMBIGUOUS,local RGB continuity to preconfirmed wordmark fails frozen max-channel distance 18
187,73,"[191.6789,74.3556]","[192,74]","[[238,238,238,233],[238,238,238,233],[238,238,238,233],[45,37,38,42],[45,37,38,42],[45,37,38,42],[71,112,76,0],[71,112,76,0],[71,112,76,0]]","[0,0,0,8]",8,0,"[{""x"":186,""y"":72,""rgba"":[215,213,213,174],""class"":""solid_achromatic_core"",""wordmark_component_id"":10},{""x"":187,""y"":72,""rgba"":[215,213,213,174],""class"":""solid_achromatic_core"",""wordmark_component_id"":10},{""x"":188,""y"":72,""rgba"":[215,215,215,174],""class"":""solid_achromatic_core"",""wordmark_component_id"":10},{""x"":186,""y"":73,""rgba"":[0,0,0,8],""class"":""other_visible"",""wordmark_component_id"":null},{""x"":188,""y"":73,""rgba"":[0,0,0,8],""class"":""other_visible"",""wordmark_component_id"":null},{""x"":186,""y"":74,""rgba"":[255,255,255,3],""class"":""other_visible"",""wordmark_component_id"":null},{""x"":187,""y"":74,""rgba"":[255,255,255,3],""class"":""other_visible"",""wordmark_component_id"":null},{""x"":188,""y"":74,""rgba"":[255,255,255,3],""class"":""other_visible"",""wordmark_component_id"":null}]",3,0,[13],[10],[10],3,"{""component_id"":10,""x"":187,""y"":72,""distance_px"":1.0,""rgba"":[215,213,213,174],""rgb_linf"":215}","{""class"":""ambiguous_chromatic_boundary"",""present"":true,""distance_px"":137.0,""coordinate"":[50,73],""rgb_linf"":54}","[{""class"":""ambiguous_chromatic_boundary"",""present"":true,""distance_px"":137.0,""coordinate"":[50,73],""rgb_linf"":54},{""class"":""chromatic_core"",""present"":true,""distance_px"":138.0,""coordinate"":[49,73],""rgb_linf"":157},{""class"":""confirmed_true_chromatic_AA"",""present"":true,""distance_px"":140.0714,""coordinate"":[49,49],""rgb_linf"":85}]",215,370.0851,215,0.668397,0.320457,False,174,174,True,False,False,direct unique preconfirmed glyph support,5,AMBIGUOUS,local RGB continuity to preconfirmed wordmark fails frozen max-channel distance 18
188,73,"[192.7328,74.3556]","[193,74]","[[238,238,238,233],[238,238,238,233],[238,238,238,233],[45,37,38,42],[45,37,38,42],[45,37,38,42],[71,112,76,0],[71,112,76,0],[71,112,76,0]]","[0,0,0,8]",8,0,"[{""x"":187,""y"":72,""rgba"":[215,213,213,174],""class"":""solid_achromatic_core"",""wordmark_component_id"":10},{""x"":188,""y"":72,""rgba"":[215,215,215,174],""class"":""solid_achromatic_core"",""wordmark_component_id"":10},{""x"":189,""y"":72,""rgba"":[214,212,212,175],""class"":""solid_achromatic_core"",""wordmark_component_id"":10},{""x"":187,""y"":73,""rgba"":[0,0,0,8],""class"":""other_visible"",""wordmark_component_id"":null},{""x"":189,""y"":73,""rgba"":[0,0,0,8],""class"":""other_visible"",""wordmark_component_id"":null},{""x"":187,""y"":74,""rgba"":[255,255,255,3],""class"":""other_visible"",""wordmark_component_id"":null},{""x"":188,""y"":74,""rgba"":[255,255,255,3],""class"":""other_visible"",""wordmark_component_id"":null},{""x"":189,""y"":74,""rgba"":[255,255,255,2],""class"":""other_visible"",""wordmark_component_id"":null}]",3,0,[13],[10],[10],3,"{""component_id"":10,""x"":188,""y"":72,""distance_px"":1.0,""rgba"":[215,215,215,174],""rgb_linf"":215}","{""class"":""ambiguous_chromatic_boundary"",""present"":true,""distance_px"":138.0,""coordinate"":[50,73],""rgb_linf"":54}","[{""class"":""ambiguous_chromatic_boundary"",""present"":true,""distance_px"":138.0,""coordinate"":[50,73],""rgb_linf"":54},{""class"":""chromatic_core"",""present"":true,""distance_px"":139.0,""coordinate"":[49,73],""rgb_linf"":157},{""class"":""confirmed_true_chromatic_AA"",""present"":true,""distance_px"":141.0567,""coordinate"":[49,49],""rgb_linf"":85}]",214,368.3531,214,0.661366,0.320457,False,175,175,True,False,False,direct unique preconfirmed glyph support,5,AMBIGUOUS,local RGB continuity to preconfirmed wordmark fails frozen max-channel distance 18
189,73,"[193.7868,74.3556]","[194,74]","[[238,238,238,233],[238,238,238,233],[249,249,249,246],[45,37,38,42],[45,37,38,42],[45,37,38,42],[71,112,76,0],[71,112,76,0],[71,112,76,0]]","[0,0,0,8]",8,0,"[{""x"":188,""y"":72,""rgba"":[215,215,215,174],""class"":""solid_achromatic_core"",""wordmark_component_id"":10},{""x"":189,""y"":72,""rgba"":[214,212,212,175],""class"":""solid_achromatic_core"",""wordmark_component_id"":10},{""x"":190,""y"":72,""rgba"":[232,232,232,194],""class"":""solid_achromatic_core"",""wordmark_component_id"":10},{""x"":188,""y"":73,""rgba"":[0,0,0,8],""class"":""other_visible"",""wordmark_component_id"":null},{""x"":190,""y"":73,""rgba"":[0,0,0,6],""class"":""confirmed_wordmark"",""wordmark_component_id"":10},{""x"":188,""y"":74,""rgba"":[255,255,255,3],""class"":""other_visible"",""wordmark_component_id"":null},{""x"":189,""y"":74,""rgba"":[255,255,255,2],""class"":""other_visible"",""wordmark_component_id"":null},{""x"":190,""y"":74,""rgba"":[255,255,255,3],""class"":""other_visible"",""wordmark_component_id"":null}]",4,0,[13],[10],[10],3,"{""component_id"":10,""x"":189,""y"":72,""distance_px"":1.0,""rgba"":[214,212,212,175],""rgb_linf"":214}","{""class"":""ambiguous_chromatic_boundary"",""present"":true,""distance_px"":139.0,""coordinate"":[50,73],""rgb_linf"":54}","[{""class"":""ambiguous_chromatic_boundary"",""present"":true,""distance_px"":139.0,""coordinate"":[50,73],""rgb_linf"":54},{""class"":""chromatic_core"",""present"":true,""distance_px"":140.0,""coordinate"":[49,73],""rgb_linf"":157},{""class"":""confirmed_true_chromatic_AA"",""present"":true,""distance_px"":142.0422,""coordinate"":[49,49],""rgb_linf"":85}]",0,0.0,214,0.0,0.320457,True,194,194,True,True,False,direct unique preconfirmed glyph support,5,SAFE WORDMARK OWNERSHIP,one-hop attachment to already-confirmed safe wordmark AA; frozen RGB/luma/alpha evidence passes; no chaining
194,73,"[199.0564,74.3556]","[199,74]","[[28,25,25,22],[216,216,216,211],[249,249,249,246],[6,4,5,3],[45,37,38,42],[45,37,38,42],[71,112,76,0],[71,112,76,0],[71,112,76,0]]","[0,0,0,10]",10,0,"[{""x"":193,""y"":72,""rgba"":[45,45,45,17],""class"":""other_visible"",""wordmark_component_id"":null},{""x"":194,""y"":72,""rgba"":[201,201,201,170],""class"":""solid_achromatic_core"",""wordmark_component_id"":10},{""x"":195,""y"":72,""rgba"":[224,222,222,182],""class"":""solid_achromatic_core"",""wordmark_component_id"":10},{""x"":195,""y"":73,""rgba"":[0,0,0,6],""class"":""confirmed_wordmark"",""wordmark_component_id"":10},{""x"":194,""y"":74,""rgba"":[255,255,255,2],""class"":""other_visible"",""wordmark_component_id"":null},{""x"":195,""y"":74,""rgba"":[255,255,255,3],""class"":""other_visible"",""wordmark_component_id"":null}]",3,0,[14],[10],[10],2,"{""component_id"":10,""x"":194,""y"":72,""distance_px"":1.0,""rgba"":[201,201,201,170],""rgb_linf"":201}","{""class"":""ambiguous_chromatic_boundary"",""present"":true,""distance_px"":144.0,""coordinate"":[50,73],""rgb_linf"":54}","[{""class"":""ambiguous_chromatic_boundary"",""present"":true,""distance_px"":144.0,""coordinate"":[50,73],""rgb_linf"":54},{""class"":""chromatic_core"",""present"":true,""distance_px"":145.0,""coordinate"":[49,73],""rgb_linf"":157},{""class"":""confirmed_true_chromatic_AA"",""present"":true,""distance_px"":146.9728,""coordinate"":[49,49],""rgb_linf"":85}]",0,0.0,201,0.0,0.279079,True,182,182,True,True,False,direct unique preconfirmed glyph support,5,SAFE WORDMARK OWNERSHIP,one-hop attachment to already-confirmed safe wordmark AA; frozen RGB/luma/alpha evidence passes; no chaining
207,73,"[212.7574,74.3556]","[213,74]","[[45,37,38,42],[238,238,238,233],[226,226,226,221],[6,4,5,3],[45,37,38,42],[45,37,38,42],[6,4,5,3],[71,112,76,0],[71,112,76,0]]","[0,0,0,6]",6,0,"[{""x"":206,""y"":72,""rgba"":[0,0,0,6],""class"":""other_visible"",""wordmark_component_id"":null},{""x"":207,""y"":72,""rgba"":[207,206,206,146],""class"":""solid_achromatic_core"",""wordmark_component_id"":10},{""x"":208,""y"":72,""rgba"":[213,213,213,191],""class"":""solid_achromatic_core"",""wordmark_component_id"":10},{""x"":208,""y"":73,""rgba"":[0,0,0,10],""class"":""confirmed_wordmark"",""wordmark_component_id"":10},{""x"":206,""y"":74,""rgba"":[0,0,0,2],""class"":""other_visible"",""wordmark_component_id"":null},{""x"":207,""y"":74,""rgba"":[255,255,255,3],""class"":""other_visible"",""wordmark_component_id"":null},{""x"":208,""y"":74,""rgba"":[255,255,255,2],""class"":""other_visible"",""wordmark_component_id"":null}]",3,0,[14],[10],[10],2,"{""component_id"":10,""x"":207,""y"":72,""distance_px"":1.0,""rgba"":[207,206,206,146],""rgb_linf"":207}","{""class"":""ambiguous_chromatic_boundary"",""present"":true,""distance_px"":157.0,""coordinate"":[50,73],""rgb_linf"":54}","[{""class"":""ambiguous_chromatic_boundary"",""present"":true,""distance_px"":157.0,""coordinate"":[50,73],""rgb_linf"":54},{""class"":""chromatic_core"",""present"":true,""distance_px"":158.0,""coordinate"":[49,73],""rgb_linf"":157},{""class"":""confirmed_true_chromatic_AA"",""present"":true,""distance_px"":159.8124,""coordinate"":[49,49],""rgb_linf"":85}]",0,0.0,207,0.0,0.334613,True,191,191,True,True,False,direct unique preconfirmed glyph support,5,SAFE WORDMARK OWNERSHIP,one-hop attachment to already-confirmed safe wordmark AA; frozen RGB/luma/alpha evidence passes; no chaining
68,74,"[66.2623,75.4]","[66,75]","[[71,112,76,0],[6,4,5,3],[45,37,38,42],[71,112,76,0],[71,112,76,0],[71,112,76,0],[71,112,76,0],[71,112,76,0],[6,4,5,3]]","[255,255,255,2]",2,0,"[{""x"":69,""y"":73,""rgba"":[0,0,0,9],""class"":""confirmed_wordmark"",""wordmark_component_id"":6},{""x"":69,""y"":74,""rgba"":[255,255,255,2],""class"":""other_visible"",""wordmark_component_id"":null},{""x"":68,""y"":75,""rgba"":[0,0,0,1],""class"":""other_visible"",""wordmark_component_id"":null},{""x"":69,""y"":75,""rgba"":[0,0,0,3],""class"":""other_visible"",""wordmark_component_id"":null}]",1,0,[],[],[6],0,"{""component_id"":6,""x"":69,""y"":73,""distance_px"":1.4142,""rgba"":[0,0,0,9],""rgb_linf"":255}","{""class"":""ambiguous_chromatic_boundary"",""present"":true,""distance_px"":18.0,""coordinate"":[50,74],""rgb_linf"":255}","[{""class"":""ambiguous_chromatic_boundary"",""present"":true,""distance_px"":18.0,""coordinate"":[50,74],""rgb_linf"":255},{""class"":""chromatic_core"",""present"":true,""distance_px"":19.0,""coordinate"":[49,74],""rgb_linf"":225},{""class"":""confirmed_true_chromatic_AA"",""present"":true,""distance_px"":31.4006,""coordinate"":[49,49],""rgb_linf"":255}]",255,441.6729,,1.0,0.665387,False,,9,True,True,False,direct unique preconfirmed glyph support,4,AMBIGUOUS,local RGB continuity to preconfirmed wordmark fails frozen max-channel distance 18
69,74,"[67.3162,75.4]","[67,75]","[[6,4,5,3],[45,37,38,42],[45,37,38,42],[71,112,76,0],[71,112,76,0],[71,112,76,0],[71,112,76,0],[6,4,5,3],[6,4,5,3]]","[255,255,255,2]",2,0,"[{""x"":69,""y"":73,""rgba"":[0,0,0,9],""class"":""confirmed_wordmark"",""wordmark_component_id"":6},{""x"":70,""y"":73,""rgba"":[0,0,0,7],""class"":""other_visible"",""wordmark_component_id"":null},{""x"":68,""y"":74,""rgba"":[255,255,255,2],""class"":""other_visible"",""wordmark_component_id"":null},{""x"":70,""y"":74,""rgba"":[255,255,255,3],""class"":""other_visible"",""wordmark_component_id"":null},{""x"":68,""y"":75,""rgba"":[0,0,0,1],""class"":""other_visible"",""wordmark_component_id"":null},{""x"":69,""y"":75,""rgba"":[0,0,0,3],""class"":""other_visible"",""wordmark_component_id"":null},{""x"":70,""y"":75,""rgba"":[0,0,0,3],""class"":""other_visible"",""wordmark_component_id"":null}]",1,0,[],[],[6],0,"{""component_id"":6,""x"":69,""y"":73,""distance_px"":1.0,""rgba"":[0,0,0,9],""rgb_linf"":255}","{""class"":""ambiguous_chromatic_boundary"",""present"":true,""distance_px"":19.0,""coordinate"":[50,74],""rgb_linf"":255}","[{""class"":""ambiguous_chromatic_boundary"",""present"":true,""distance_px"":19.0,""coordinate"":[50,74],""rgb_linf"":255},{""class"":""chromatic_core"",""present"":true,""distance_px"":20.0,""coordinate"":[49,74],""rgb_linf"":225},{""class"":""confirmed_true_chromatic_AA"",""present"":true,""distance_px"":32.0156,""coordinate"":[49,49],""rgb_linf"":255}]",255,441.6729,,1.0,0.665387,False,,9,True,True,False,direct unique preconfirmed glyph support,4,AMBIGUOUS,local RGB continuity to preconfirmed wordmark fails frozen max-channel distance 18
70,74,"[68.3701,75.4]","[68,75]","[[45,37,38,42],[45,37,38,42],[45,37,38,42],[71,112,76,0],[71,112,76,0],[71,112,76,0],[6,4,5,3],[6,4,5,3],[6,4,5,3]]","[255,255,255,3]",3,0,"[{""x"":69,""y"":73,""rgba"":[0,0,0,9],""class"":""confirmed_wordmark"",""wordmark_component_id"":6},{""x"":70,""y"":73,""rgba"":[0,0,0,7],""class"":""other_visible"",""wordmark_component_id"":null},{""x"":71,""y"":73,""rgba"":[0,0,0,8],""class"":""other_visible"",""wordmark_component_id"":null},{""x"":69,""y"":74,""rgba"":[255,255,255,2],""class"":""other_visible"",""wordmark_component_id"":null},{""x"":71,""y"":74,""rgba"":[255,255,255,3],""class"":""other_visible"",""wordmark_component_id"":null},{""x"":69,""y"":75,""rgba"":[0,0,0,3],""class"":""other_visible"",""wordmark_component_id"":null},{""x"":70,""y"":75,""rgba"":[0,0,0,3],""class"":""other_visible"",""wordmark_component_id"":null},{""x"":71,""y"":75,""rgba"":[0,0,0,3],""class"":""other_visible"",""wordmark_component_id"":null}]",1,0,[],[],[6],0,"{""component_id"":6,""x"":69,""y"":73,""distance_px"":1.4142,""rgba"":[0,0,0,9],""rgb_linf"":255}","{""class"":""ambiguous_chromatic_boundary"",""present"":true,""distance_px"":20.0,""coordinate"":[50,74],""rgb_linf"":255}","[{""class"":""ambiguous_chromatic_boundary"",""present"":true,""distance_px"":20.0,""coordinate"":[50,74],""rgb_linf"":255},{""class"":""chromatic_core"",""present"":true,""distance_px"":21.0,""coordinate"":[49,74],""rgb_linf"":225},{""class"":""confirmed_true_chromatic_AA"",""present"":true,""distance_px"":32.6497,""coordinate"":[49,49],""rgb_linf"":255}]",255,441.6729,,1.0,0.665387,False,,9,True,True,False,direct unique preconfirmed glyph support,4,AMBIGUOUS,local RGB continuity to preconfirmed wordmark fails frozen max-channel distance 18
74,74,"[72.5858,75.4]","[73,75]","[[45,37,38,42],[45,37,38,42],[28,25,25,22],[71,112,76,0],[71,112,76,0],[71,112,76,0],[6,4,5,3],[6,4,5,3],[71,112,76,0]]","[255,255,255,2]",2,0,"[{""x"":73,""y"":73,""rgba"":[0,0,0,7],""class"":""other_visible"",""wordmark_component_id"":null},{""x"":74,""y"":73,""rgba"":[0,0,0,9],""class"":""other_visible"",""wordmark_component_id"":null},{""x"":75,""y"":73,""rgba"":[0,0,0,1],""class"":""confirmed_wordmark"",""wordmark_component_id"":6},{""x"":73,""y"":74,""rgba"":[255,255,255,3],""class"":""other_visible"",""wordmark_component_id"":null},{""x"":75,""y"":74,""rgba"":[255,255,255,3],""class"":""other_visible"",""wordmark_component_id"":null},{""x"":73,""y"":75,""rgba"":[0,0,0,3],""class"":""other_visible"",""wordmark_component_id"":null},{""x"":74,""y"":75,""rgba"":[0,0,0,3],""class"":""other_visible"",""wordmark_component_id"":null},{""x"":75,""y"":75,""rgba"":[0,0,0,2],""class"":""other_visible"",""wordmark_component_id"":null}]",1,0,[],[],[6],0,"{""component_id"":6,""x"":75,""y"":73,""distance_px"":1.4142,""rgba"":[0,0,0,1],""rgb_linf"":255}","{""class"":""ambiguous_chromatic_boundary"",""present"":true,""distance_px"":24.0,""coordinate"":[50,74],""rgb_linf"":255}","[{""class"":""ambiguous_chromatic_boundary"",""present"":true,""distance_px"":24.0,""coordinate"":[50,74],""rgb_linf"":255},{""class"":""chromatic_core"",""present"":true,""distance_px"":25.0,""coordinate"":[49,74],""rgb_linf"":225},{""class"":""confirmed_true_chromatic_AA"",""present"":true,""distance_px"":35.3553,""coordinate"":[49,49],""rgb_linf"":255}]",255,441.6729,,1.0,0.617207,False,,1,False,True,False,direct unique preconfirmed glyph support,4,AMBIGUOUS,local RGB continuity to preconfirmed wordmark fails frozen max-channel distance 18
75,74,"[73.6397,75.4]","[74,75]","[[45,37,38,42],[28,25,25,22],[71,112,76,0],[71,112,76,0],[71,112,76,0],[6,4,5,3],[6,4,5,3],[71,112,76,0],[71,112,76,0]]","[255,255,255,3]",3,0,"[{""x"":74,""y"":73,""rgba"":[0,0,0,9],""class"":""other_visible"",""wordmark_component_id"":null},{""x"":75,""y"":73,""rgba"":[0,0,0,1],""class"":""confirmed_wordmark"",""wordmark_component_id"":6},{""x"":74,""y"":74,""rgba"":[255,255,255,2],""class"":""other_visible"",""wordmark_component_id"":null},{""x"":76,""y"":74,""rgba"":[170,170,170,6],""class"":""other_visible"",""wordmark_component_id"":null},{""x"":74,""y"":75,""rgba"":[0,0,0,3],""class"":""other_visible"",""wordmark_component_id"":null},{""x"":75,""y"":75,""rgba"":[0,0,0,2],""class"":""other_visible"",""wordmark_component_id"":null}]",1,0,[],[],[6],0,"{""component_id"":6,""x"":75,""y"":73,""distance_px"":1.0,""rgba"":[0,0,0,1],""rgb_linf"":255}","{""class"":""ambiguous_chromatic_boundary"",""present"":true,""distance_px"":25.0,""coordinate"":[50,74],""rgb_linf"":255}","[{""class"":""ambiguous_chromatic_boundary"",""present"":true,""distance_px"":25.0,""coordinate"":[50,74],""rgb_linf"":255},{""class"":""chromatic_core"",""present"":true,""distance_px"":26.0,""coordinate"":[49,74],""rgb_linf"":225},{""class"":""confirmed_true_chromatic_AA"",""present"":true,""distance_px"":36.0694,""coordinate"":[49,49],""rgb_linf"":255}]",255,441.6729,,1.0,0.617207,False,,1,False,True,False,direct unique preconfirmed glyph support,4,AMBIGUOUS,local RGB continuity to preconfirmed wordmark fails frozen max-channel distance 18
76,74,"[74.6936,75.4]","[75,75]","[[28,25,25,22],[71,112,76,0],[71,112,76,0],[71,112,76,0],[6,4,5,3],[71,112,76,0],[71,112,76,0],[71,112,76,0],[71,112,76,0]]","[170,170,170,6]",6,0,"[{""x"":75,""y"":73,""rgba"":[0,0,0,1],""class"":""confirmed_wordmark"",""wordmark_component_id"":6},{""x"":75,""y"":74,""rgba"":[255,255,255,3],""class"":""other_visible"",""wordmark_component_id"":null},{""x"":77,""y"":74,""rgba"":[85,85,85,3],""class"":""other_visible"",""wordmark_component_id"":null},{""x"":75,""y"":75,""rgba"":[0,0,0,2],""class"":""other_visible"",""wordmark_component_id"":null}]",1,0,[],[],[6],0,"{""component_id"":6,""x"":75,""y"":73,""distance_px"":1.4142,""rgba"":[0,0,0,1],""rgb_linf"":170}","{""class"":""ambiguous_chromatic_boundary"",""present"":true,""distance_px"":26.0,""coordinate"":[50,74],""rgb_linf"":170}","[{""class"":""ambiguous_chromatic_boundary"",""present"":true,""distance_px"":26.0,""coordinate"":[50,74],""rgb_linf"":170},{""class"":""chromatic_core"",""present"":true,""distance_px"":27.0,""coordinate"":[49,74],""rgb_linf"":140},{""class"":""confirmed_true_chromatic_AA"",""present"":true,""distance_px"":36.7967,""coordinate"":[49,49],""rgb_linf"":170}]",170,294.4486,,0.401978,0.617207,True,,1,False,True,False,direct unique preconfirmed glyph support,4,AMBIGUOUS,local RGB continuity to preconfirmed wordmark fails frozen max-channel distance 18
101,74,"[101.0417,75.4]","[101,75]","[[71,112,76,0],[6,4,5,3],[45,37,38,42],[71,112,76,0],[71,112,76,0],[71,112,76,0],[71,112,76,0],[71,112,76,0],[6,4,5,3]]","[127,127,127,2]",2,0,"[{""x"":102,""y"":73,""rgba"":[0,0,0,8],""class"":""confirmed_wordmark"",""wordmark_component_id"":8},{""x"":102,""y"":74,""rgba"":[255,255,255,2],""class"":""other_visible"",""wordmark_component_id"":null},{""x"":102,""y"":75,""rgba"":[0,0,0,3],""class"":""other_visible"",""wordmark_component_id"":null}]",1,0,[],[],[8],0,"{""component_id"":8,""x"":102,""y"":73,""distance_px"":1.4142,""rgba"":[0,0,0,8],""rgb_linf"":127}","{""class"":""ambiguous_chromatic_boundary"",""present"":true,""distance_px"":51.0,""coordinate"":[50,74],""rgb_linf"":127}","[{""class"":""ambiguous_chromatic_boundary"",""present"":true,""distance_px"":51.0,""coordinate"":[50,74],""rgb_linf"":127},{""class"":""chromatic_core"",""present"":true,""distance_px"":52.0,""coordinate"":[49,74],""rgb_linf"":97},{""class"":""confirmed_true_chromatic_AA"",""present"":true,""distance_px"":57.6975,""coordinate"":[49,49],""rgb_linf"":127}]",127,219.9705,,0.212231,0.64448,True,,8,True,True,False,direct unique preconfirmed glyph support,4,AMBIGUOUS,local RGB continuity to preconfirmed wordmark fails frozen max-channel distance 18
102,74,"[102.0956,75.4]","[102,75]","[[6,4,5,3],[45,37,38,42],[45,37,38,42],[71,112,76,0],[71,112,76,0],[71,112,76,0],[71,112,76,0],[6,4,5,3],[6,4,5,3]]","[255,255,255,2]",2,0,"[{""x"":102,""y"":73,""rgba"":[0,0,0,8],""class"":""confirmed_wordmark"",""wordmark_component_id"":8},{""x"":103,""y"":73,""rgba"":[0,0,0,6],""class"":""other_visible"",""wordmark_component_id"":null},{""x"":101,""y"":74,""rgba"":[127,127,127,2],""class"":""other_visible"",""wordmark_component_id"":null},{""x"":103,""y"":74,""rgba"":[255,255,255,2],""class"":""other_visible"",""wordmark_component_id"":null},{""x"":102,""y"":75,""rgba"":[0,0,0,3],""class"":""other_visible"",""wordmark_component_id"":null},{""x"":103,""y"":75,""rgba"":[0,0,0,3],""class"":""other_visible"",""wordmark_component_id"":null}]",1,0,[],[],[8],0,"{""component_id"":8,""x"":102,""y"":73,""distance_px"":1.0,""rgba"":[0,0,0,8],""rgb_linf"":255}","{""class"":""ambiguous_chromatic_boundary"",""present"":true,""distance_px"":52.0,""coordinate"":[50,74],""rgb_linf"":255}","[{""class"":""ambiguous_chromatic_boundary"",""present"":true,""distance_px"":52.0,""coordinate"":[50,74],""rgb_linf"":255},{""class"":""chromatic_core"",""present"":true,""distance_px"":53.0,""coordinate"":[49,74],""rgb_linf"":225},{""class"":""confirmed_true_chromatic_AA"",""present"":true,""distance_px"":58.6003,""coordinate"":[49,49],""rgb_linf"":255}]",255,441.6729,,1.0,0.64448,False,,8,True,True,False,direct unique preconfirmed glyph support,4,AMBIGUOUS,local RGB continuity to preconfirmed wordmark fails frozen max-channel distance 18
103,74,"[103.1495,75.4]","[103,75]","[[45,37,38,42],[45,37,38,42],[6,4,5,3],[71,112,76,0],[71,112,76,0],[71,112,76,0],[6,4,5,3],[6,4,5,3],[71,112,76,0]]","[255,255,255,2]",2,0,"[{""x"":102,""y"":73,""rgba"":[0,0,0,8],""class"":""confirmed_wordmark"",""wordmark_component_id"":8},{""x"":103,""y"":73,""rgba"":[0,0,0,6],""class"":""other_visible"",""wordmark_component_id"":null},{""x"":102,""y"":74,""rgba"":[255,255,255,2],""class"":""other_visible"",""wordmark_component_id"":null},{""x"":104,""y"":74,""rgba"":[0,0,0,1],""class"":""other_visible"",""wordmark_component_id"":null},{""x"":102,""y"":75,""rgba"":[0,0,0,3],""class"":""other_visible"",""wordmark_component_id"":null},{""x"":103,""y"":75,""rgba"":[0,0,0,3],""class"":""other_visible"",""wordmark_component_id"":null}]",1,0,[],[],[8],0,"{""component_id"":8,""x"":102,""y"":73,""distance_px"":1.4142,""rgba"":[0,0,0,8],""rgb_linf"":255}","{""class"":""ambiguous_chromatic_boundary"",""present"":true,""distance_px"":53.0,""coordinate"":[50,74],""rgb_linf"":255}","[{""class"":""ambiguous_chromatic_boundary"",""present"":true,""distance_px"":53.0,""coordinate"":[50,74],""rgb_linf"":255},{""class"":""chromatic_core"",""present"":true,""distance_px"":54.0,""coordinate"":[49,74],""rgb_linf"":225},{""class"":""confirmed_true_chromatic_AA"",""present"":true,""distance_px"":59.5063,""coordinate"":[49,49],""rgb_linf"":255}]",255,441.6729,,1.0,0.64448,False,,8,True,True,False,direct unique preconfirmed glyph support,4,AMBIGUOUS,local RGB continuity to preconfirmed wordmark fails frozen max-channel distance 18
119,74,"[120.0123,75.4]","[120,75]","[[28,25,25,22],[45,37,38,42],[28,25,25,22],[71,112,76,0],[71,112,76,0],[6,4,5,3],[71,112,76,0],[6,4,5,3],[71,112,76,0]]","[255,255,255,3]",3,0,"[{""x"":118,""y"":73,""rgba"":[0,0,0,5],""class"":""confirmed_wordmark"",""wordmark_component_id"":8},{""x"":119,""y"":73,""rgba"":[0,0,0,6],""class"":""confirmed_wordmark"",""wordmark_component_id"":8},{""x"":120,""y"":74,""rgba"":[191,191,191,4],""class"":""other_visible"",""wordmark_component_id"":null},{""x"":118,""y"":75,""rgba"":[0,0,0,1],""class"":""other_visible"",""wordmark_component_id"":null},{""x"":119,""y"":75,""rgba"":[0,0,0,3],""class"":""other_visible"",""wordmark_component_id"":null}]",2,0,[],[],[8],0,"{""component_id"":8,""x"":119,""y"":73,""distance_px"":1.0,""rgba"":[0,0,0,6],""rgb_linf"":255}","{""class"":""ambiguous_chromatic_boundary"",""present"":true,""distance_px"":69.0,""coordinate"":[50,74],""rgb_linf"":255}","[{""class"":""ambiguous_chromatic_boundary"",""present"":true,""distance_px"":69.0,""coordinate"":[50,74],""rgb_linf"":255},{""class"":""chromatic_core"",""present"":true,""distance_px"":70.0,""coordinate"":[49,74],""rgb_linf"":225},{""class"":""confirmed_true_chromatic_AA"",""present"":true,""distance_px"":74.3303,""coordinate"":[49,49],""rgb_linf"":255}]",255,441.6729,,1.0,0.401978,False,,6,True,True,False,direct unique preconfirmed glyph support,4,AMBIGUOUS,local RGB continuity to preconfirmed wordmark fails frozen max-channel distance 18
120,74,"[121.0662,75.4]","[121,75]","[[45,37,38,42],[28,25,25,22],[71,112,76,0],[71,112,76,0],[6,4,5,3],[71,112,76,0],[6,4,5,3],[71,112,76,0],[71,112,76,0]]","[191,191,191,4]",4,0,"[{""x"":119,""y"":73,""rgba"":[0,0,0,6],""class"":""confirmed_wordmark"",""wordmark_component_id"":8},{""x"":119,""y"":74,""rgba"":[255,255,255,3],""class"":""other_visible"",""wordmark_component_id"":null},{""x"":119,""y"":75,""rgba"":[0,0,0,3],""class"":""other_visible"",""wordmark_component_id"":null}]",1,0,[],[],[8],0,"{""component_id"":8,""x"":119,""y"":73,""distance_px"":1.4142,""rgba"":[0,0,0,6],""rgb_linf"":191}","{""class"":""ambiguous_chromatic_boundary"",""present"":true,""distance_px"":70.0,""coordinate"":[50,74],""rgb_linf"":191}","[{""class"":""ambiguous_chromatic_boundary"",""present"":true,""distance_px"":70.0,""coordinate"":[50,74],""rgb_linf"":191},{""class"":""chromatic_core"",""present"":true,""distance_px"":71.0,""coordinate"":[49,74],""rgb_linf"":161},{""class"":""confirmed_true_chromatic_AA"",""present"":true,""distance_px"":75.2728,""coordinate"":[49,49],""rgb_linf"":191}]",191,330.8217,,0.520996,0.401978,False,,6,True,True,False,direct unique preconfirmed glyph support,4,AMBIGUOUS,local RGB continuity to preconfirmed wordmark fails frozen max-channel distance 18
141,74,"[143.1985,75.4]","[143,75]","[[6,4,5,3],[45,37,38,42],[45,37,38,42],[71,112,76,0],[71,112,76,0],[71,112,76,0],[71,112,76,0],[6,4,5,3],[6,4,5,3]]","[255,255,255,2]",2,0,"[{""x"":140,""y"":73,""rgba"":[0,0,0,1],""class"":""confirmed_wordmark"",""wordmark_component_id"":10},{""x"":141,""y"":73,""rgba"":[0,0,0,10],""class"":""confirmed_wordmark"",""wordmark_component_id"":10},{""x"":142,""y"":73,""rgba"":[0,0,0,7],""class"":""other_visible"",""wordmark_component_id"":null},{""x"":142,""y"":74,""rgba"":[255,255,255,2],""class"":""other_visible"",""wordmark_component_id"":null},{""x"":141,""y"":75,""rgba"":[0,0,0,3],""class"":""other_visible"",""wordmark_component_id"":null},{""x"":142,""y"":75,""rgba"":[0,0,0,2],""class"":""other_visible"",""wordmark_component_id"":null}]",2,0,[],[],[10],0,"{""component_id"":10,""x"":141,""y"":73,""distance_px"":1.0,""rgba"":[0,0,0,10],""rgb_linf"":255}","{""class"":""ambiguous_chromatic_boundary"",""present"":true,""distance_px"":91.0,""coordinate"":[50,74],""rgb_linf"":255}","[{""class"":""ambiguous_chromatic_boundary"",""present"":true,""distance_px"":91.0,""coordinate"":[50,74],""rgb_linf"":255},{""class"":""chromatic_core"",""present"":true,""distance_px"":92.0,""coordinate"":[49,74],""rgb_linf"":225},{""class"":""confirmed_true_chromatic_AA"",""present"":true,""distance_px"":95.3362,""coordinate"":[49,49],""rgb_linf"":255}]",255,441.6729,,1.0,0.651406,False,,10,True,True,False,direct unique preconfirmed glyph support,4,AMBIGUOUS,local RGB continuity to preconfirmed wordmark fails frozen max-channel distance 18
142,74,"[144.2525,75.4]","[144,75]","[[45,37,38,42],[45,37,38,42],[28,25,25,22],[71,112,76,0],[71,112,76,0],[71,112,76,0],[6,4,5,3],[6,4,5,3],[71,112,76,0]]","[255,255,255,2]",2,0,"[{""x"":141,""y"":73,""rgba"":[0,0,0,10],""class"":""confirmed_wordmark"",""wordmark_component_id"":10},{""x"":142,""y"":73,""rgba"":[0,0,0,7],""class"":""other_visible"",""wordmark_component_id"":null},{""x"":143,""y"":73,""rgba"":[31,31,31,8],""class"":""other_visible"",""wordmark_component_id"":null},{""x"":141,""y"":74,""rgba"":[255,255,255,2],""class"":""other_visible"",""wordmark_component_id"":null},{""x"":141,""y"":75,""rgba"":[0,0,0,3],""class"":""other_visible"",""wordmark_component_id"":null},{""x"":142,""y"":75,""rgba"":[0,0,0,2],""class"":""other_visible"",""wordmark_component_id"":null}]",1,0,[],[],[10],0,"{""component_id"":10,""x"":141,""y"":73,""distance_px"":1.4142,""rgba"":[0,0,0,10],""rgb_linf"":255}","{""class"":""ambiguous_chromatic_boundary"",""present"":true,""distance_px"":92.0,""coordinate"":[50,74],""rgb_linf"":255}","[{""class"":""ambiguous_chromatic_boundary"",""present"":true,""distance_px"":92.0,""coordinate"":[50,74],""rgb_linf"":255},{""class"":""chromatic_core"",""present"":true,""distance_px"":93.0,""coordinate"":[49,74],""rgb_linf"":225},{""class"":""confirmed_true_chromatic_AA"",""present"":true,""distance_px"":96.3016,""coordinate"":[49,49],""rgb_linf"":255}]",255,441.6729,,1.0,0.651406,False,,10,True,True,False,direct unique preconfirmed glyph support,4,AMBIGUOUS,local RGB continuity to preconfirmed wordmark fails frozen max-channel distance 18
165,74,"[168.4926,75.4]","[168,75]","[[71,112,76,0],[28,25,25,22],[45,37,38,42],[71,112,76,0],[71,112,76,0],[71,112,76,0],[71,112,76,0],[71,112,76,0],[6,4,5,3]]","[255,255,255,1]",1,0,"[{""x"":164,""y"":73,""rgba"":[0,0,0,3],""class"":""other_visible"",""wordmark_component_id"":null},{""x"":165,""y"":73,""rgba"":[0,0,0,6],""class"":""other_visible"",""wordmark_component_id"":null},{""x"":166,""y"":73,""rgba"":[0,0,0,10],""class"":""confirmed_wordmark"",""wordmark_component_id"":10},{""x"":166,""y"":74,""rgba"":[255,255,255,3],""class"":""other_visible"",""wordmark_component_id"":null},{""x"":165,""y"":75,""rgba"":[0,0,0,2],""class"":""other_visible"",""wordmark_component_id"":null},{""x"":166,""y"":75,""rgba"":[0,0,0,4],""class"":""other_visible"",""wordmark_component_id"":null}]",1,0,[],[],[10],0,"{""component_id"":10,""x"":166,""y"":73,""distance_px"":1.4142,""rgba"":[0,0,0,10],""rgb_linf"":255}","{""class"":""ambiguous_chromatic_boundary"",""present"":true,""distance_px"":115.0,""coordinate"":[50,74],""rgb_linf"":255}","[{""class"":""ambiguous_chromatic_boundary"",""present"":true,""distance_px"":115.0,""coordinate"":[50,74],""rgb_linf"":255},{""class"":""chromatic_core"",""present"":true,""distance_px"":116.0,""coordinate"":[49,74],""rgb_linf"":225},{""class"":""confirmed_true_chromatic_AA"",""present"":true,""distance_px"":118.6634,""coordinate"":[49,49],""rgb_linf"":255}]",255,441.6729,,1.0,0.53948,False,,10,True,True,False,direct unique preconfirmed glyph support,4,AMBIGUOUS,local RGB continuity to preconfirmed wordmark fails frozen max-channel distance 18
166,74,"[169.5466,75.4]","[170,75]","[[45,37,38,42],[45,37,38,42],[6,4,5,3],[71,112,76,0],[71,112,76,0],[71,112,76,0],[6,4,5,3],[6,4,5,3],[71,112,76,0]]","[255,255,255,3]",3,0,"[{""x"":165,""y"":73,""rgba"":[0,0,0,6],""class"":""other_visible"",""wordmark_component_id"":null},{""x"":166,""y"":73,""rgba"":[0,0,0,10],""class"":""confirmed_wordmark"",""wordmark_component_id"":10},{""x"":167,""y"":73,""rgba"":[0,0,0,5],""class"":""confirmed_wordmark"",""wordmark_component_id"":10},{""x"":165,""y"":74,""rgba"":[255,255,255,1],""class"":""other_visible"",""wordmark_component_id"":null},{""x"":165,""y"":75,""rgba"":[0,0,0,2],""class"":""other_visible"",""wordmark_component_id"":null},{""x"":166,""y"":75,""rgba"":[0,0,0,4],""class"":""other_visible"",""wordmark_component_id"":null},{""x"":167,""y"":75,""rgba"":[0,0,0,1],""class"":""other_visible"",""wordmark_component_id"":null}]",2,0,[],[],[10],0,"{""component_id"":10,""x"":166,""y"":73,""distance_px"":1.0,""rgba"":[0,0,0,10],""rgb_linf"":255}","{""class"":""ambiguous_chromatic_boundary"",""present"":true,""distance_px"":116.0,""coordinate"":[50,74],""rgb_linf"":255}","[{""class"":""ambiguous_chromatic_boundary"",""present"":true,""distance_px"":116.0,""coordinate"":[50,74],""rgb_linf"":255},{""class"":""chromatic_core"",""present"":true,""distance_px"":117.0,""coordinate"":[49,74],""rgb_linf"":225},{""class"":""confirmed_true_chromatic_AA"",""present"":true,""distance_px"":119.6411,""coordinate"":[49,49],""rgb_linf"":255}]",255,441.6729,,1.0,0.53948,False,,10,True,True,False,direct unique preconfirmed glyph support,4,AMBIGUOUS,local RGB continuity to preconfirmed wordmark fails frozen max-channel distance 18
178,74,"[182.1936,75.4]","[182,75]","[[71,112,76,0],[71,112,76,0],[71,112,76,0],[71,112,76,0],[71,112,76,0],[6,4,5,3],[71,112,76,0],[71,112,76,0],[71,112,76,0]]","[0,0,0,1]",1,0,"[{""x"":178,""y"":73,""rgba"":[191,191,191,4],""class"":""confirmed_wordmark"",""wordmark_component_id"":10},{""x"":179,""y"":74,""rgba"":[51,51,51,5],""class"":""other_visible"",""wordmark_component_id"":null}]",1,0,[],[],[10],0,"{""component_id"":10,""x"":178,""y"":73,""distance_px"":1.0,""rgba"":[191,191,191,4],""rgb_linf"":191}","{""class"":""ambiguous_chromatic_boundary"",""present"":true,""distance_px"":128.0,""coordinate"":[50,74],""rgb_linf"":54}","[{""class"":""ambiguous_chromatic_boundary"",""present"":true,""distance_px"":128.0,""coordinate"":[50,74],""rgb_linf"":54},{""class"":""chromatic_core"",""present"":true,""distance_px"":129.0,""coordinate"":[49,74],""rgb_linf"":157},{""class"":""confirmed_true_chromatic_AA"",""present"":true,""distance_px"":131.4002,""coordinate"":[49,49],""rgb_linf"":85}]",191,330.8217,,0.520996,0.499777,False,,4,True,True,False,direct unique preconfirmed glyph support,4,AMBIGUOUS,local RGB continuity to preconfirmed wordmark fails frozen max-channel distance 18
179,74,"[183.2475,75.4]","[183,75]","[[71,112,76,0],[71,112,76,0],[71,112,76,0],[71,112,76,0],[6,4,5,3],[71,112,76,0],[71,112,76,0],[71,112,76,0],[71,112,76,0]]","[51,51,51,5]",5,0,"[{""x"":178,""y"":73,""rgba"":[191,191,191,4],""class"":""confirmed_wordmark"",""wordmark_component_id"":10},{""x"":178,""y"":74,""rgba"":[0,0,0,1],""class"":""other_visible"",""wordmark_component_id"":null},{""x"":180,""y"":74,""rgba"":[255,255,255,5],""class"":""other_visible"",""wordmark_component_id"":null}]",1,0,[],[],[10],0,"{""component_id"":10,""x"":178,""y"":73,""distance_px"":1.4142,""rgba"":[191,191,191,4],""rgb_linf"":140}","{""class"":""ambiguous_chromatic_boundary"",""present"":true,""distance_px"":129.0,""coordinate"":[50,74],""rgb_linf"":51}","[{""class"":""ambiguous_chromatic_boundary"",""present"":true,""distance_px"":129.0,""coordinate"":[50,74],""rgb_linf"":51},{""class"":""chromatic_core"",""present"":true,""distance_px"":130.0,""coordinate"":[49,74],""rgb_linf"":106},{""class"":""confirmed_true_chromatic_AA"",""present"":true,""distance_px"":132.382,""coordinate"":[49,49],""rgb_linf"":51}]",140,242.4871,,0.487891,0.499777,True,,4,False,True,False,direct unique preconfirmed glyph support,4,AMBIGUOUS,local RGB continuity to preconfirmed wordmark fails frozen max-channel distance 18
189,74,"[193.7868,75.4]","[194,75]","[[45,37,38,42],[45,37,38,42],[45,37,38,42],[71,112,76,0],[71,112,76,0],[71,112,76,0],[6,4,5,3],[6,4,5,3],[6,4,5,3]]","[255,255,255,2]",2,0,"[{""x"":188,""y"":73,""rgba"":[0,0,0,8],""class"":""other_visible"",""wordmark_component_id"":null},{""x"":189,""y"":73,""rgba"":[0,0,0,8],""class"":""other_visible"",""wordmark_component_id"":null},{""x"":190,""y"":73,""rgba"":[0,0,0,6],""class"":""confirmed_wordmark"",""wordmark_component_id"":10},{""x"":188,""y"":74,""rgba"":[255,255,255,3],""class"":""other_visible"",""wordmark_component_id"":null},{""x"":190,""y"":74,""rgba"":[255,255,255,3],""class"":""other_visible"",""wordmark_component_id"":null},{""x"":188,""y"":75,""rgba"":[0,0,0,3],""class"":""other_visible"",""wordmark_component_id"":null},{""x"":189,""y"":75,""rgba"":[0,0,0,3],""class"":""other_visible"",""wordmark_component_id"":null},{""x"":190,""y"":75,""rgba"":[0,0,0,3],""class"":""other_visible"",""wordmark_component_id"":null}]",1,0,[],[],[10],0,"{""component_id"":10,""x"":190,""y"":73,""distance_px"":1.4142,""rgba"":[0,0,0,6],""rgb_linf"":255}","{""class"":""ambiguous_chromatic_boundary"",""present"":true,""distance_px"":139.0,""coordinate"":[50,74],""rgb_linf"":255}","[{""class"":""ambiguous_chromatic_boundary"",""present"":true,""distance_px"":139.0,""coordinate"":[50,74],""rgb_linf"":255},{""class"":""chromatic_core"",""present"":true,""distance_px"":140.0,""coordinate"":[49,74],""rgb_linf"":225},{""class"":""confirmed_true_chromatic_AA"",""present"":true,""distance_px"":142.2146,""coordinate"":[49,49],""rgb_linf"":255}]",255,441.6729,,1.0,0.661366,False,,6,True,True,False,direct unique preconfirmed glyph support,4,AMBIGUOUS,local RGB continuity to preconfirmed wordmark fails frozen max-channel distance 18
190,74,"[194.8407,75.4]","[195,75]","[[45,37,38,42],[45,37,38,42],[28,25,25,22],[71,112,76,0],[71,112,76,0],[71,112,76,0],[6,4,5,3],[6,4,5,3],[71,112,76,0]]","[255,255,255,3]",3,0,"[{""x"":189,""y"":73,""rgba"":[0,0,0,8],""class"":""other_visible"",""wordmark_component_id"":null},{""x"":190,""y"":73,""rgba"":[0,0,0,6],""class"":""confirmed_wordmark"",""wordmark_component_id"":10},{""x"":191,""y"":73,""rgba"":[0,0,0,6],""class"":""confirmed_wordmark"",""wordmark_component_id"":10},{""x"":189,""y"":74,""rgba"":[255,255,255,2],""class"":""other_visible"",""wordmark_component_id"":null},{""x"":189,""y"":75,""rgba"":[0,0,0,3],""class"":""other_visible"",""wordmark_component_id"":null},{""x"":190,""y"":75,""rgba"":[0,0,0,3],""class"":""other_visible"",""wordmark_component_id"":null},{""x"":191,""y"":75,""rgba"":[0,0,0,1],""class"":""other_visible"",""wordmark_component_id"":null}]",2,0,[],[],[10],0,"{""component_id"":10,""x"":190,""y"":73,""distance_px"":1.0,""rgba"":[0,0,0,6],""rgb_linf"":255}","{""class"":""ambiguous_chromatic_boundary"",""present"":true,""distance_px"":140.0,""coordinate"":[50,74],""rgb_linf"":255}","[{""class"":""ambiguous_chromatic_boundary"",""present"":true,""distance_px"":140.0,""coordinate"":[50,74],""rgb_linf"":255},{""class"":""chromatic_core"",""present"":true,""distance_px"":141.0,""coordinate"":[49,74],""rgb_linf"":225},{""class"":""confirmed_true_chromatic_AA"",""present"":true,""distance_px"":143.1992,""coordinate"":[49,49],""rgb_linf"":255}]",255,441.6729,,1.0,0.661366,False,,6,True,True,False,direct unique preconfirmed glyph support,4,AMBIGUOUS,local RGB continuity to preconfirmed wordmark fails frozen max-channel distance 18
194,74,"[199.0564,75.4]","[199,75]","[[6,4,5,3],[45,37,38,42],[45,37,38,42],[71,112,76,0],[71,112,76,0],[71,112,76,0],[71,112,76,0],[6,4,5,3],[6,4,5,3]]","[255,255,255,2]",2,0,"[{""x"":194,""y"":73,""rgba"":[0,0,0,10],""class"":""other_visible"",""wordmark_component_id"":null},{""x"":195,""y"":73,""rgba"":[0,0,0,6],""class"":""confirmed_wordmark"",""wordmark_component_id"":10},{""x"":195,""y"":74,""rgba"":[255,255,255,3],""class"":""other_visible"",""wordmark_component_id"":null},{""x"":194,""y"":75,""rgba"":[0,0,0,3],""class"":""other_visible"",""wordmark_component_id"":null},{""x"":195,""y"":75,""rgba"":[0,0,0,3],""class"":""other_visible"",""wordmark_component_id"":null}]",1,0,[],[],[10],0,"{""component_id"":10,""x"":195,""y"":73,""distance_px"":1.4142,""rgba"":[0,0,0,6],""rgb_linf"":255}","{""class"":""ambiguous_chromatic_boundary"",""present"":true,""distance_px"":144.0,""coordinate"":[50,74],""rgb_linf"":255}","[{""class"":""ambiguous_chromatic_boundary"",""present"":true,""distance_px"":144.0,""coordinate"":[50,74],""rgb_linf"":255},{""class"":""chromatic_core"",""present"":true,""distance_px"":145.0,""coordinate"":[49,74],""rgb_linf"":225},{""class"":""confirmed_true_chromatic_AA"",""present"":true,""distance_px"":147.1394,""coordinate"":[49,49],""rgb_linf"":255}]",255,441.6729,,1.0,0.584078,False,,6,True,True,False,direct unique preconfirmed glyph support,4,AMBIGUOUS,local RGB continuity to preconfirmed wordmark fails frozen max-channel distance 18
195,74,"[200.1103,75.4]","[200,75]","[[45,37,38,42],[45,37,38,42],[28,25,25,22],[71,112,76,0],[71,112,76,0],[71,112,76,0],[6,4,5,3],[6,4,5,3],[71,112,76,0]]","[255,255,255,3]",3,0,"[{""x"":194,""y"":73,""rgba"":[0,0,0,10],""class"":""other_visible"",""wordmark_component_id"":null},{""x"":195,""y"":73,""rgba"":[0,0,0,6],""class"":""confirmed_wordmark"",""wordmark_component_id"":10},{""x"":196,""y"":73,""rgba"":[0,0,0,7],""class"":""confirmed_wordmark"",""wordmark_component_id"":10},{""x"":194,""y"":74,""rgba"":[255,255,255,2],""class"":""other_visible"",""wordmark_component_id"":null},{""x"":194,""y"":75,""rgba"":[0,0,0,3],""class"":""other_visible"",""wordmark_component_id"":null},{""x"":195,""y"":75,""rgba"":[0,0,0,3],""class"":""other_visible"",""wordmark_component_id"":null},{""x"":196,""y"":75,""rgba"":[0,0,0,1],""class"":""other_visible"",""wordmark_component_id"":null}]",2,0,[],[],[10],0,"{""component_id"":10,""x"":195,""y"":73,""distance_px"":1.0,""rgba"":[0,0,0,6],""rgb_linf"":255}","{""class"":""ambiguous_chromatic_boundary"",""present"":true,""distance_px"":145.0,""coordinate"":[50,74],""rgb_linf"":255}","[{""class"":""ambiguous_chromatic_boundary"",""present"":true,""distance_px"":145.0,""coordinate"":[50,74],""rgb_linf"":255},{""class"":""chromatic_core"",""present"":true,""distance_px"":146.0,""coordinate"":[49,74],""rgb_linf"":225},{""class"":""confirmed_true_chromatic_AA"",""present"":true,""distance_px"":148.1249,""coordinate"":[49,49],""rgb_linf"":255}]",255,441.6729,,1.0,0.584078,False,,7,True,True,False,direct unique preconfirmed glyph support,4,AMBIGUOUS,local RGB continuity to preconfirmed wordmark fails frozen max-channel distance 18
207,74,"[212.7574,75.4]","[213,75]","[[6,4,5,3],[45,37,38,42],[45,37,38,42],[6,4,5,3],[71,112,76,0],[71,112,76,0],[71,112,76,0],[6,4,5,3],[6,4,5,3]]","[255,255,255,3]",3,0,"[{""x"":207,""y"":73,""rgba"":[0,0,0,6],""class"":""other_visible"",""wordmark_component_id"":null},{""x"":208,""y"":73,""rgba"":[0,0,0,10],""class"":""confirmed_wordmark"",""wordmark_component_id"":10},{""x"":206,""y"":74,""rgba"":[0,0,0,2],""class"":""other_visible"",""wordmark_component_id"":null},{""x"":208,""y"":74,""rgba"":[255,255,255,2],""class"":""other_visible"",""wordmark_component_id"":null},{""x"":207,""y"":75,""rgba"":[0,0,0,2],""class"":""other_visible"",""wordmark_component_id"":null},{""x"":208,""y"":75,""rgba"":[0,0,0,3],""class"":""other_visible"",""wordmark_component_id"":null}]",1,0,[],[],[10],0,"{""component_id"":10,""x"":208,""y"":73,""distance_px"":1.4142,""rgba"":[0,0,0,10],""rgb_linf"":255}","{""class"":""ambiguous_chromatic_boundary"",""present"":true,""distance_px"":157.0,""coordinate"":[50,74],""rgb_linf"":255}","[{""class"":""ambiguous_chromatic_boundary"",""present"":true,""distance_px"":157.0,""coordinate"":[50,74],""rgb_linf"":255},{""class"":""chromatic_core"",""present"":true,""distance_px"":158.0,""coordinate"":[49,74],""rgb_linf"":225},{""class"":""confirmed_true_chromatic_AA"",""present"":true,""distance_px"":159.9656,""coordinate"":[49,49],""rgb_linf"":255}]",255,441.6729,,1.0,0.618643,False,,10,True,True,False,direct unique preconfirmed glyph support,4,AMBIGUOUS,local RGB continuity to preconfirmed wordmark fails frozen max-channel distance 18
208,74,"[213.8113,75.4]","[214,75]","[[45,37,38,42],[45,37,38,42],[6,4,5,3],[71,112,76,0],[71,112,76,0],[71,112,76,0],[6,4,5,3],[6,4,5,3],[71,112,76,0]]","[255,255,255,2]",2,0,"[{""x"":207,""y"":73,""rgba"":[0,0,0,6],""class"":""other_visible"",""wordmark_component_id"":null},{""x"":208,""y"":73,""rgba"":[0,0,0,10],""class"":""confirmed_wordmark"",""wordmark_component_id"":10},{""x"":207,""y"":74,""rgba"":[255,255,255,3],""class"":""other_visible"",""wordmark_component_id"":null},{""x"":209,""y"":74,""rgba"":[255,255,255,1],""class"":""other_visible"",""wordmark_component_id"":null},{""x"":207,""y"":75,""rgba"":[0,0,0,2],""class"":""other_visible"",""wordmark_component_id"":null},{""x"":208,""y"":75,""rgba"":[0,0,0,3],""class"":""other_visible"",""wordmark_component_id"":null}]",1,0,[],[],[10],0,"{""component_id"":10,""x"":208,""y"":73,""distance_px"":1.0,""rgba"":[0,0,0,10],""rgb_linf"":255}","{""class"":""ambiguous_chromatic_boundary"",""present"":true,""distance_px"":158.0,""coordinate"":[50,74],""rgb_linf"":255}","[{""class"":""ambiguous_chromatic_boundary"",""present"":true,""distance_px"":158.0,""coordinate"":[50,74],""rgb_linf"":255},{""class"":""chromatic_core"",""present"":true,""distance_px"":159.0,""coordinate"":[49,74],""rgb_linf"":225},{""class"":""confirmed_true_chromatic_AA"",""present"":true,""distance_px"":160.9534,""coordinate"":[49,49],""rgb_linf"":255}]",255,441.6729,,1.0,0.618643,False,,10,True,True,False,direct unique preconfirmed glyph support,4,AMBIGUOUS,local RGB continuity to preconfirmed wordmark fails frozen max-channel distance 18
209,74,"[214.8652,75.4]","[215,75]","[[45,37,38,42],[6,4,5,3],[71,112,76,0],[71,112,76,0],[71,112,76,0],[71,112,76,0],[6,4,5,3],[71,112,76,0],[71,112,76,0]]","[255,255,255,1]",1,0,"[{""x"":208,""y"":73,""rgba"":[0,0,0,10],""class"":""confirmed_wordmark"",""wordmark_component_id"":10},{""x"":208,""y"":74,""rgba"":[255,255,255,2],""class"":""other_visible"",""wordmark_component_id"":null},{""x"":208,""y"":75,""rgba"":[0,0,0,3],""class"":""other_visible"",""wordmark_component_id"":null}]",1,0,[],[],[10],0,"{""component_id"":10,""x"":208,""y"":73,""distance_px"":1.4142,""rgba"":[0,0,0,10],""rgb_linf"":255}","{""class"":""ambiguous_chromatic_boundary"",""present"":true,""distance_px"":159.0,""coordinate"":[50,74],""rgb_linf"":255}","[{""class"":""ambiguous_chromatic_boundary"",""present"":true,""distance_px"":159.0,""coordinate"":[50,74],""rgb_linf"":255},{""class"":""chromatic_core"",""present"":true,""distance_px"":160.0,""coordinate"":[49,74],""rgb_linf"":225},{""class"":""confirmed_true_chromatic_AA"",""present"":true,""distance_px"":161.9413,""coordinate"":[49,49],""rgb_linf"":255}]",255,441.6729,,1.0,0.618643,False,,10,True,True,False,direct unique preconfirmed glyph support,4,AMBIGUOUS,local RGB continuity to preconfirmed wordmark fails frozen max-channel distance 18
