mode,x,y,owner_candidate_ids,owner_group,ownership_class,alpha,source_RGBA,current_composited_RGB,variant_untouched_pixel_RGB,full_reference_RGB,master_RGBA_at_xy,recolored_edge_support,chosen_support_xy,local_luminance,support_luminance,master_luminance,luminance_difference_vs_recolored_support,RGB_difference_vs_recolored_support_Linf,RGB_difference_vs_recolored_support_L2,luminance_difference_vs_master,support_to_pixel_luminance_step,pixel_to_master_luminance_step,gradient_direction,between_recolored_support_and_master_luminance,brightness_reversal,endpoint_brightness_peak,endpoint_brightness_valley,8neighbor_local_contrast_peak,8neighbor_local_contrast_valley,potential_fringe_structural_indicator,master_RGB_delta_Linf,variant_pixel_equals_current,variant_pixel_equals_reference
M0,85,56,[7],7,AMBIGUOUS,6,"[85,85,85,6]","[199,207,215]","[199,207,215]","[198,205,213]","[202,210,218]","[{""x"":84,""y"":57,""RGB"":[201,209,217],""luminance"":160.7218837578162},{""x"":86,""y"":57,""RGB"":[200,207,215],""luminance"":157.6188252175612}]","[84,57]",157.26884718032773,160.7218837578162,162.46483263420487,-3.4530365774884615,2.0,3.4641016151377544,-5.195985453877142,-3.4530365774884615,5.195985453877142,"{""support_to_pixel"":""down"",""pixel_to_master"":""up""}",False,True,False,True,False,True,True,3.0,True,False
M0,86,56,[7],7,AMBIGUOUS,3,"[255,255,255,3]","[202,209,216]","[202,209,216]","[199,206,214]","[201,208,216]","[{""x"":86,""y"":57,""RGB"":[200,207,215],""luminance"":157.6188252175612},{""x"":87,""y"":57,""RGB"":[154,160,166],""luminance"":88.65026535861685}]","[86,57]",160.94415000154225,157.6188252175612,159.3421700546451,3.3253247839810456,2.0,3.0,1.6019799468971598,3.3253247839810456,-1.6019799468971598,"{""support_to_pixel"":""up"",""pixel_to_master"":""down""}",False,True,True,False,False,False,True,1.0,True,False
M0,95,56,[7],7,AMBIGUOUS,3,"[255,255,255,3]","[202,209,216]","[202,209,216]","[199,206,214]","[201,208,216]","[{""x"":95,""y"":57,""RGB"":[197,204,211],""luminance"":152.38595148486002},{""x"":94,""y"":57,""RGB"":[153,159,165],""luminance"":87.42723741068606}]","[95,57]",160.94415000154225,152.38595148486002,159.3421700546451,8.55819851668224,5.0,8.660254037844387,1.6019799468971598,8.55819851668224,-1.6019799468971598,"{""support_to_pixel"":""up"",""pixel_to_master"":""down""}",False,True,True,False,True,False,True,1.0,True,False
M0,96,56,[7],7,AMBIGUOUS,7,"[72,72,72,7]","[196,204,212]","[196,204,212]","[195,203,210]","[200,208,216]","[{""x"":95,""y"":57,""RGB"":[197,204,211],""luminance"":152.38595148486002}]","[95,57]",152.17114762218307,152.38595148486002,158.98989520252405,-0.21480386267694485,1.0,1.4142135623730951,-6.8187475803409825,-0.21480386267694485,6.8187475803409825,"{""support_to_pixel"":""down"",""pixel_to_master"":""up""}",False,True,False,True,False,True,True,4.0,True,False
M0,104,56,[8],8,AMBIGUOUS,5,"[153,153,153,5]","[199,206,215]","[199,206,215]","[196,203,212]","[200,207,216]","[{""x"":105,""y"":57,""RGB"":[188,194,202],""luminance"":136.52497831755758}]","[105,57]",156.03711081604033,136.52497831755758,157.75033209639287,19.512132498482742,13.0,20.83266665599966,-1.713221280352542,19.512132498482742,1.713221280352542,"{""support_to_pixel"":""up"",""pixel_to_master"":""up""}",True,False,False,False,False,False,False,1.0,True,False
M0,105,56,[8],8,AMBIGUOUS,1,"[255,255,255,1]","[200,208,216]","[200,208,216]","[199,207,215]","[200,208,216]","[{""x"":105,""y"":57,""RGB"":[188,194,202],""luminance"":136.52497831755758},{""x"":106,""y"":57,""RGB"":[152,157,164],""luminance"":85.34767851150164}]","[105,57]",158.98989520252405,136.52497831755758,158.98989520252405,22.46491688496647,14.0,23.15167380558045,0.0,22.46491688496647,0.0,"{""support_to_pixel"":""up"",""pixel_to_master"":""flat""}",True,False,False,False,False,False,False,0.0,True,False
M0,117,56,[8],8,AMBIGUOUS,3,"[255,255,255,3]","[201,209,216]","[201,209,216]","[198,206,214]","[200,208,216]","[{""x"":116,""y"":57,""RGB"":[164,170,177],""luminance"":101.53153617380673}]","[116,57]",160.58957404791593,101.53153617380673,158.98989520252405,59.0580378741092,39.0,66.41535966928132,1.5996788453918782,59.0580378741092,-1.5996788453918782,"{""support_to_pixel"":""up"",""pixel_to_master"":""down""}",False,True,True,False,True,False,True,1.0,True,False
M0,118,56,[8],8,AMBIGUOUS,5,"[51,51,51,5]","[197,205,213]","[197,205,213]","[196,204,212]","[200,208,216]","[{""x"":119,""y"":57,""RGB"":[198,206,214],""luminance"":155.5587198493756}]","[119,57]",153.85949331357259,155.5587198493756,158.98989520252405,-1.6992265358030068,1.0,1.7320508075688772,-5.130401888951468,-1.6992265358030068,5.130401888951468,"{""support_to_pixel"":""down"",""pixel_to_master"":""up""}",False,True,False,True,False,True,True,3.0,True,False
M0,76,57,[6],6,AMBIGUOUS,1,"[255,255,255,1]","[202,210,218]","[202,210,218]","[201,209,217]","[202,210,218]","[{""x"":77,""y"":57,""RGB"":[202,208,216],""luminance"":159.69674600827142}]","[77,57]",162.46483263420487,159.69674600827142,162.46483263420487,2.7680866259334493,2.0,2.8284271247461903,0.0,2.7680866259334493,0.0,"{""support_to_pixel"":""up"",""pixel_to_master"":""flat""}",True,False,False,False,False,False,False,0.0,True,False
M0,97,57,[7],7,AMBIGUOUS,3,"[255,255,255,3]","[202,209,216]","[202,209,216]","[199,206,214]","[201,208,216]","[{""x"":96,""y"":58,""RGB"":[142,147,152],""luminance"":73.65730697727459},{""x"":98,""y"":58,""RGB"":[199,206,213],""luminance"":155.77649995630034}]","[96,58]",160.94415000154225,73.65730697727459,159.3421700546451,87.28684302426767,64.0,107.42439201596628,1.6019799468971598,87.28684302426767,-1.6019799468971598,"{""support_to_pixel"":""up"",""pixel_to_master"":""down""}",False,True,True,False,False,False,True,1.0,True,False
M0,103,57,[8],8,AMBIGUOUS,3,"[255,255,255,3]","[202,209,216]","[202,209,216]","[199,206,214]","[201,208,216]","[{""x"":102,""y"":58,""RGB"":[200,207,214],""luminance"":157.48811977189428},{""x"":104,""y"":58,""RGB"":[127,131,135],""luminance"":57.359431944679194}]","[102,58]",160.94415000154225,157.48811977189428,159.3421700546451,3.456030229647979,2.0,3.4641016151377544,1.6019799468971598,3.456030229647979,-1.6019799468971598,"{""support_to_pixel"":""up"",""pixel_to_master"":""down""}",False,True,True,False,False,False,True,1.0,True,False
M0,111,57,[8],8,AMBIGUOUS,4,"[63,63,63,4]","[198,205,213]","[198,205,213]","[197,204,212]","[200,207,215]","[{""x"":110,""y"":58,""RGB"":[199,206,213],""luminance"":155.77649995630034},{""x"":112,""y"":58,""RGB"":[199,207,215],""luminance"":157.26884718032773}]","[110,58]",154.2048906291114,155.77649995630034,157.6188252175612,-1.571609327188952,1.0,1.4142135623730951,-3.41393458844982,-1.571609327188952,3.41393458844982,"{""support_to_pixel"":""down"",""pixel_to_master"":""up""}",False,True,False,True,False,True,True,2.0,True,False
M0,120,57,[8],8,AMBIGUOUS,2,"[0,0,0,2]","[198,206,214]","[198,206,214]","[199,206,214]","[200,208,216]","[{""x"":119,""y"":57,""RGB"":[198,206,214],""luminance"":155.5587198493756},{""x"":120,""y"":58,""RGB"":[198,206,213],""luminance"":155.4288144353025}]","[119,57]",155.5587198493756,155.5587198493756,158.98989520252405,0.0,0.0,0.0,-3.4311753531484612,0.0,3.4311753531484612,"{""support_to_pixel"":""flat"",""pixel_to_master"":""up""}",True,False,False,False,False,False,False,2.0,True,False
M0,125,57,[9],9,AMBIGUOUS,8,"[0,0,0,8]","[193,200,208]","[193,200,208]","[193,201,209]","[199,207,215]","[{""x"":124,""y"":57,""RGB"":[137,142,147],""luminance"":68.26592565765449},{""x"":124,""y"":58,""RGB"":[55,56,58],""luminance"":10.062453183067673}]","[124,57]",145.86019373168838,68.26592565765449,157.26884718032773,77.59426807403389,61.0,101.09896141899777,-11.408653448639342,77.59426807403389,11.408653448639342,"{""support_to_pixel"":""up"",""pixel_to_master"":""up""}",True,False,False,False,False,False,False,7.0,True,False
M0,64,58,[6],6,SAFE WORDMARK OWNERSHIP,28,"[72,72,72,28]","[189,196,203]","[189,196,203]","[183,189,197]","[204,211,219]","[{""x"":64,""y"":57,""RGB"":[201,209,217],""luminance"":160.7218837578162},{""x"":65,""y"":58,""RGB"":[35,36,37],""luminance"":4.469254906248417},{""x"":65,""y"":57,""RGB"":[131,136,140],""luminance"":62.0340109160504},{""x"":65,""y"":59,""RGB"":[31,32,33],""luminance"":3.6570454069639355}]","[64,57]",139.2566965352263,160.7218837578162,164.57795253502812,-21.46518722258989,14.0,22.561028345356956,-25.32125599980182,-21.46518722258989,25.32125599980182,"{""support_to_pixel"":""down"",""pixel_to_master"":""up""}",False,True,False,True,False,False,True,16.0,True,False
M0,76,58,[6],6,AMBIGUOUS,2,"[255,255,255,2]","[203,211,218]","[203,211,218]","[202,209,216]","[203,211,218]","[{""x"":77,""y"":57,""RGB"":[202,208,216],""luminance"":159.69674600827142}]","[77,57]",164.0848420150205,159.69674600827142,164.0848420150205,4.388096006749095,3.0,3.7416573867739413,0.0,4.388096006749095,0.0,"{""support_to_pixel"":""up"",""pixel_to_master"":""flat""}",True,False,False,False,True,False,True,0.0,True,False
M0,77,58,[6],6,SAFE WORDMARK OWNERSHIP,12,"[0,0,0,12]","[193,200,208]","[193,200,208]","[194,201,208]","[203,210,218]","[{""x"":77,""y"":57,""RGB"":[202,208,216],""luminance"":159.69674600827142},{""x"":78,""y"":58,""RGB"":[56,58,59],""luminance"":10.665711500088442},{""x"":78,""y"":57,""RGB"":[143,149,154],""luminance"":75.65244579207982},{""x"":78,""y"":59,""RGB"":[53,54,56],""luminance"":9.385890227350426}]","[77,57]",145.86019373168838,159.69674600827142,162.82171396400958,-13.836552276583035,9.0,14.45683229480096,-16.96152023232119,-13.836552276583035,16.96152023232119,"{""support_to_pixel"":""down"",""pixel_to_master"":""up""}",False,True,False,True,False,False,True,10.0,True,False
M0,82,58,[7],7,AMBIGUOUS,2,"[0,0,0,2]","[201,209,216]","[201,209,216]","[202,209,216]","[203,211,218]","[{""x"":82,""y"":59,""RGB"":[201,209,217],""luminance"":160.7218837578162}]","[82,59]",160.58957404791593,160.7218837578162,164.0848420150205,-0.13230970990025526,1.0,1.0,-3.4952679671045814,-0.13230970990025526,3.4952679671045814,"{""support_to_pixel"":""down"",""pixel_to_master"":""up""}",False,True,False,True,False,True,True,2.0,True,False
M0,83,58,[7],7,AMBIGUOUS,1,"[255,255,255,1]","[202,210,218]","[202,210,218]","[201,209,217]","[202,210,218]","[{""x"":84,""y"":57,""RGB"":[201,209,217],""luminance"":160.7218837578162},{""x"":82,""y"":59,""RGB"":[201,209,217],""luminance"":160.7218837578162},{""x"":84,""y"":59,""RGB"":[142,147,151],""luminance"":73.5740931133074}]","[84,57]",162.46483263420487,160.7218837578162,162.46483263420487,1.742948876388681,1.0,1.7320508075688772,0.0,1.742948876388681,0.0,"{""support_to_pixel"":""up"",""pixel_to_master"":""flat""}",True,False,False,False,False,False,False,0.0,True,False
M0,99,58,[7],7,AMBIGUOUS,1,"[0,0,0,1]","[199,207,215]","[199,207,215]","[199,207,215]","[200,208,216]","[{""x"":98,""y"":58,""RGB"":[199,206,213],""luminance"":155.77649995630034}]","[98,58]",157.26884718032773,155.77649995630034,158.98989520252405,1.4923472240273838,2.0,2.23606797749979,-1.721048022196328,1.4923472240273838,1.721048022196328,"{""support_to_pixel"":""up"",""pixel_to_master"":""up""}",True,False,False,False,False,False,False,1.0,True,True
M0,111,58,[8],8,AMBIGUOUS,12,"[170,170,170,12]","[199,206,213]","[199,206,213]","[191,199,206]","[200,208,215]","[{""x"":110,""y"":58,""RGB"":[199,206,213],""luminance"":155.77649995630034},{""x"":112,""y"":58,""RGB"":[199,207,215],""luminance"":157.26884718032773}]","[110,58]",155.77649995630034,155.77649995630034,158.8583883236924,0.0,0.0,0.0,-3.081888367392054,0.0,3.081888367392054,"{""support_to_pixel"":""flat"",""pixel_to_master"":""up""}",True,False,False,False,False,False,False,2.0,True,False
M0,125,58,[9],9,AMBIGUOUS,24,"[0,0,0,24]","[180,187,195]","[180,187,195]","[182,189,196]","[199,207,215]","[{""x"":124,""y"":58,""RGB"":[55,56,58],""luminance"":10.062453183067673},{""x"":124,""y"":57,""RGB"":[137,142,147],""luminance"":68.26592565765449},{""x"":124,""y"":59,""RGB"":[52,53,55],""luminance"":9.057870033607719}]","[124,58]",125.41939576518708,10.062453183067673,157.26884718032773,115.3569425821194,137.0,227.0572615002656,-31.84945141514065,115.3569425821194,31.84945141514065,"{""support_to_pixel"":""up"",""pixel_to_master"":""up""}",True,False,False,False,False,False,False,20.0,True,False
M0,138,58,[9],9,AMBIGUOUS,16,"[31,31,31,16]","[188,195,203]","[188,195,203]","[187,194,202]","[199,206,215]","[{""x"":137,""y"":58,""RGB"":[44,45,46],""luminance"":6.654229241240309},{""x"":137,""y"":57,""RGB"":[132,137,142],""luminance"":63.11211241690208},{""x"":137,""y"":59,""RGB"":[42,43,44],""luminance"":6.124701088641758}]","[137,58]",137.78511004173404,6.654229241240309,156.03711081604033,131.13088080049374,157.0,260.547500467765,-18.252000774306282,131.13088080049374,18.252000774306282,"{""support_to_pixel"":""up"",""pixel_to_master"":""up""}",True,False,False,False,False,False,False,12.0,True,False
M0,64,59,[6],6,AMBIGUOUS,18,"[113,113,113,18]","[198,204,211]","[198,204,211]","[191,197,204]","[204,211,218]","[{""x"":65,""y"":59,""RGB"":[31,32,33],""luminance"":3.6570454069639355},{""x"":65,""y"":58,""RGB"":[35,36,37],""luminance"":4.469254906248417},{""x"":65,""y"":60,""RGB"":[48,50,51],""luminance"":8.028927450437044}]","[65,59]",152.7313488003988,3.6570454069639355,164.44403298382025,149.07430339343486,178.0,298.5916944591728,-11.712684183421459,149.07430339343486,11.712684183421459,"{""support_to_pixel"":""up"",""pixel_to_master"":""up""}",True,False,False,False,False,False,False,7.0,True,False
M0,69,59,[6],6,AMBIGUOUS,5,"[51,51,51,5]","[198,206,214]","[198,206,214]","[197,205,213]","[201,209,217]","[{""x"":68,""y"":60,""RGB"":[201,209,217],""luminance"":160.7218837578162}]","[68,60]",155.5587198493756,160.7218837578162,160.7218837578162,-5.163163908440595,3.0,5.196152422706632,-5.163163908440595,-5.163163908440595,5.163163908440595,"{""support_to_pixel"":""down"",""pixel_to_master"":""up""}",False,True,False,True,False,True,True,3.0,True,False
M0,77,59,[6],6,AMBIGUOUS,16,"[0,0,0,16]","[189,197,204]","[189,197,204]","[190,198,205]","[202,210,218]","[{""x"":78,""y"":59,""RGB"":[53,54,56],""luminance"":9.385890227350426},{""x"":78,""y"":58,""RGB"":[56,58,59],""luminance"":10.665711500088442},{""x"":78,""y"":60,""RGB"":[59,61,63],""luminance"":11.796746513216915}]","[78,59]",140.5329350831134,9.385890227350426,162.46483263420487,131.14704485576297,148.0,246.67590072806058,-21.93189755109148,131.14704485576297,21.93189755109148,"{""support_to_pixel"":""up"",""pixel_to_master"":""up""}",True,False,False,False,False,False,False,14.0,True,False
M0,111,59,[8],8,AMBIGUOUS,1,"[255,255,255,1]","[200,208,216]","[200,208,216]","[199,207,215]","[200,208,216]","[{""x"":111,""y"":60,""RGB"":[149,154,160],""luminance"":81.69901332124857},{""x"":110,""y"":58,""RGB"":[199,206,213],""luminance"":155.77649995630034},{""x"":112,""y"":58,""RGB"":[199,207,215],""luminance"":157.26884718032773},{""x"":110,""y"":60,""RGB"":[166,173,180],""luminance"":105.28801808656611},{""x"":112,""y"":60,""RGB"":[186,191,199],""luminance"":132.1517812267958}]","[111,60]",158.98989520252405,81.69901332124857,158.98989520252405,77.29088188127548,56.0,93.02150289046077,0.0,77.29088188127548,0.0,"{""support_to_pixel"":""up"",""pixel_to_master"":""flat""}",True,False,False,False,False,False,False,0.0,True,False
M0,125,59,[9],9,SAFE WORDMARK OWNERSHIP,28,"[0,0,0,28]","[178,184,191]","[178,184,191]","[180,186,193]","[200,207,215]","[{""x"":124,""y"":59,""RGB"":[52,53,55],""luminance"":9.057870033607719},{""x"":125,""y"":60,""RGB"":[182,188,194],""luminance"":127.00674048097811},{""x"":124,""y"":58,""RGB"":[55,56,58],""luminance"":10.062453183067673},{""x"":124,""y"":60,""RGB"":[52,53,55],""luminance"":9.057870033607719}]","[124,59]",121.14423956977,9.057870033607719,157.6188252175612,112.08636953616228,136.0,227.00881040171106,-36.474585647791216,112.08636953616228,36.474585647791216,"{""support_to_pixel"":""up"",""pixel_to_master"":""up""}",True,False,False,False,False,False,False,24.0,True,False
M0,138,59,[9],9,AMBIGUOUS,22,"[11,11,11,22]","[183,189,196]","[183,189,196]","[183,189,197]","[199,206,214]","[{""x"":137,""y"":59,""RGB"":[42,43,44],""luminance"":6.124701088641758},{""x"":137,""y"":58,""RGB"":[44,45,46],""luminance"":6.654229241240309},{""x"":137,""y"":60,""RGB"":[46,47,48],""luminance"":7.209545757921911}]","[137,59]",128.6423846861489,6.124701088641758,155.90640537037342,122.51768359750713,152.0,253.57641846196975,-27.264020684224533,122.51768359750713,27.264020684224533,"{""support_to_pixel"":""up"",""pixel_to_master"":""up""}",True,False,False,False,False,False,False,18.0,True,False
M0,64,60,[6],6,AMBIGUOUS,10,"[102,102,102,10]","[200,207,213]","[200,207,213]","[197,203,210]","[204,211,218]","[{""x"":65,""y"":60,""RGB"":[48,50,51],""luminance"":8.028927450437044},{""x"":64,""y"":61,""RGB"":[197,205,213],""luminance"":153.85949331357259},{""x"":65,""y"":59,""RGB"":[31,32,33],""luminance"":3.6570454069639355},{""x"":65,""y"":61,""RGB"":[58,59,61],""luminance"":11.129199104304046}]","[65,60]",157.35821435782123,8.028927450437044,164.44403298382025,149.3292869073842,162.0,272.0238960091558,-7.085818625999025,149.3292869073842,7.085818625999025,"{""support_to_pixel"":""up"",""pixel_to_master"":""up""}",True,False,False,False,False,False,False,5.0,True,False
M0,69,60,[6],6,SAFE WORDMARK OWNERSHIP,5,"[102,102,102,5]","[200,208,216]","[200,208,216]","[198,206,214]","[202,210,218]","[{""x"":68,""y"":60,""RGB"":[201,209,217],""luminance"":160.7218837578162},{""x"":69,""y"":61,""RGB"":[195,203,211],""luminance"":150.49366276942803}]","[68,60]",158.98989520252405,160.7218837578162,162.46483263420487,-1.7319885552921335,1.0,1.7320508075688772,-3.4749374316808144,-1.7319885552921335,3.4749374316808144,"{""support_to_pixel"":""down"",""pixel_to_master"":""up""}",False,True,False,True,False,False,True,2.0,True,False
M0,77,60,[6],6,AMBIGUOUS,16,"[0,0,0,16]","[189,196,203]","[189,196,203]","[190,197,204]","[202,209,217]","[{""x"":78,""y"":60,""RGB"":[59,61,63],""luminance"":11.796746513216915},{""x"":78,""y"":59,""RGB"":[53,54,56],""luminance"":9.385890227350426},{""x"":78,""y"":61,""RGB"":[58,59,61],""luminance"":11.129199104304046}]","[78,60]",139.2566965352263,11.796746513216915,161.0764597114425,127.45995002200938,140.0,233.9337513057917,-21.819763176216213,127.45995002200938,21.819763176216213,"{""support_to_pixel"":""up"",""pixel_to_master"":""up""}",True,False,False,False,False,False,False,14.0,True,False
M0,89,60,[7],7,AMBIGUOUS,22,"[57,57,57,22]","[189,196,203]","[189,196,203]","[186,192,200]","[202,209,217]","[{""x"":89,""y"":59,""RGB"":[61,63,65],""luminance"":12.568356375846239},{""x"":88,""y"":60,""RGB"":[184,190,197],""luminance"":130.17361414071007},{""x"":88,""y"":59,""RGB"":[52,53,55],""luminance"":9.057870033607719},{""x"":90,""y"":59,""RGB"":[60,61,63],""luminance"":11.87541907046924}]","[89,59]",139.2566965352263,12.568356375846239,161.0764597114425,126.68834015938006,138.0,230.471256342304,-21.819763176216213,126.68834015938006,21.819763176216213,"{""support_to_pixel"":""up"",""pixel_to_master"":""up""}",True,False,False,False,False,False,False,14.0,True,False
M0,90,60,[7],7,AMBIGUOUS,22,"[69,69,69,22]","[190,198,204]","[190,198,204]","[186,193,200]","[202,210,217]","[{""x"":90,""y"":59,""RGB"":[60,61,63],""luminance"":11.87541907046924},{""x"":89,""y"":59,""RGB"":[61,63,65],""luminance"":12.568356375846239},{""x"":91,""y"":59,""RGB"":[60,62,64],""luminance"":12.178986311688323}]","[90,59]",142.0221220931651,11.87541907046924,162.33171869897373,130.14670302269587,141.0,235.69047498785352,-20.309596605808622,130.14670302269587,20.309596605808622,"{""support_to_pixel"":""up"",""pixel_to_master"":""up""}",True,False,False,False,False,False,False,13.0,True,False
M0,91,60,[7],7,AMBIGUOUS,22,"[69,69,69,22]","[190,196,203]","[190,196,203]","[185,191,199]","[201,208,216]","[{""x"":91,""y"":59,""RGB"":[60,62,64],""luminance"":12.178986311688323},{""x"":90,""y"":59,""RGB"":[60,61,63],""luminance"":11.87541907046924},{""x"":92,""y"":59,""RGB"":[59,61,63],""luminance"":11.796746513216915}]","[91,59]",139.58394488077514,12.178986311688323,159.3421700546451,127.40495856908682,139.0,232.75953256526358,-19.75822517386996,127.40495856908682,19.75822517386996,"{""support_to_pixel"":""up"",""pixel_to_master"":""up""}",True,False,False,False,False,False,False,13.0,True,False
M0,92,60,[7],7,AMBIGUOUS,25,"[61,61,61,25]","[187,193,200]","[187,193,200]","[183,189,195]","[201,208,215]","[{""x"":92,""y"":59,""RGB"":[59,61,63],""luminance"":11.796746513216915},{""x"":93,""y"":60,""RGB"":[183,191,198],""luminance"":131.0855551909228},{""x"":91,""y"":59,""RGB"":[60,62,64],""luminance"":12.178986311688323},{""x"":93,""y"":59,""RGB"":[60,62,64],""luminance"":12.178986311688323}]","[92,59]",134.83087940780516,11.796746513216915,159.21066317581344,123.03413289458824,137.0,229.2967509582288,-24.37978376800828,123.03413289458824,24.37978376800828,"{""support_to_pixel"":""up"",""pixel_to_master"":""up""}",True,False,False,False,False,False,False,15.0,True,False
M0,100,60,"[7,8]",MULTI,AMBIGUOUS,1,"[0,0,0,1]","[199,207,215]","[199,207,215]","[199,207,215]","[200,208,216]","[{""x"":99,""y"":61,""RGB"":[197,205,212],""luminance"":153.7303865258296},{""x"":101,""y"":61,""RGB"":[195,203,209],""luminance"":150.23942962599577}]","[99,61]",157.26884718032773,153.7303865258296,158.98989520252405,3.538460654498124,3.0,4.123105625617661,-1.721048022196328,3.538460654498124,1.721048022196328,"{""support_to_pixel"":""up"",""pixel_to_master"":""up""}",True,False,False,False,False,False,False,1.0,True,True
M0,113,60,[8],8,AMBIGUOUS,12,"[42,42,42,12]","[193,199,207]","[193,199,207]","[191,198,206]","[200,207,215]","[{""x"":113,""y"":59,""RGB"":[114,118,122],""luminance"":45.74550807805606},{""x"":112,""y"":60,""RGB"":[186,191,199],""luminance"":132.1517812267958},{""x"":114,""y"":59,""RGB"":[58,59,61],""luminance"":11.129199104304046},{""x"":112,""y"":61,""RGB"":[143,147,153],""luminance"":73.96780988191361}]","[113,59]",144.55771036023702,45.74550807805606,157.6188252175612,98.81220228218096,85.0,141.5167834569455,-13.061114857324185,98.81220228218096,13.061114857324185,"{""support_to_pixel"":""up"",""pixel_to_master"":""up""}",True,False,False,False,False,False,False,8.0,True,False
M0,114,60,[8],8,AMBIGUOUS,24,"[63,63,63,24]","[186,193,201]","[186,193,201]","[182,189,196]","[199,207,215]","[{""x"":114,""y"":59,""RGB"":[58,59,61],""luminance"":11.129199104304046},{""x"":115,""y"":60,""RGB"":[180,187,194],""luminance"":125.30441957910249},{""x"":113,""y"":59,""RGB"":[114,118,122],""luminance"":45.74550807805606},{""x"":115,""y"":59,""RGB"":[50,51,53],""luminance"":8.422150357282906}]","[114,59]",134.62999854241482,11.129199104304046,157.26884718032773,123.50079943811077,140.0,232.24986544667792,-22.6388486379129,123.50079943811077,22.6388486379129,"{""support_to_pixel"":""up"",""pixel_to_master"":""up""}",True,False,False,False,False,False,False,14.0,True,False
M0,138,60,[9],9,AMBIGUOUS,20,"[12,12,12,20]","[183,190,198]","[183,190,198]","[184,190,198]","[198,205,214]","[{""x"":137,""y"":60,""RGB"":[46,47,48],""luminance"":7.209545757921911},{""x"":137,""y"":59,""RGB"":[42,43,44],""luminance"":6.124701088641758},{""x"":137,""y"":61,""RGB"":[45,46,47],""luminance"":6.928642109469312}]","[137,60]",129.97709067291396,7.209545757921911,154.33479604318444,122.76754491499204,150.0,248.43107696099537,-24.35770537027048,122.76754491499204,24.35770537027048,"{""support_to_pixel"":""up"",""pixel_to_master"":""up""}",True,False,False,False,False,False,False,16.0,True,False
M0,145,60,[10],10,AMBIGUOUS,24,"[63,63,63,24]","[184,192,199]","[184,192,199]","[180,187,194]","[197,205,213]","[{""x"":145,""y"":59,""RGB"":[59,60,62],""luminance"":11.498777807991523},{""x"":144,""y"":60,""RGB"":[181,188,196],""luminance"":126.92808296564954},{""x"":144,""y"":59,""RGB"":[60,61,63],""luminance"":11.87541907046924},{""x"":146,""y"":59,""RGB"":[59,61,63],""luminance"":11.796746513216915}]","[145,59]",132.63351248744624,11.498777807991523,153.85949331357259,121.13473467945471,137.0,227.63567382991621,-21.225980826126346,121.13473467945471,21.225980826126346,"{""support_to_pixel"":""up"",""pixel_to_master"":""up""}",True,False,False,False,False,False,False,14.0,True,False
M0,146,60,[10],10,AMBIGUOUS,21,"[60,60,60,21]","[187,194,201]","[187,194,201]","[183,190,198]","[198,206,214]","[{""x"":146,""y"":59,""RGB"":[59,61,63],""luminance"":11.796746513216915},{""x"":145,""y"":59,""RGB"":[59,60,62],""luminance"":11.498777807991523},{""x"":147,""y"":59,""RGB"":[59,61,63],""luminance"":11.796746513216915}]","[146,59]",136.08180750110122,11.796746513216915,155.5587198493756,124.28506098788431,138.0,230.471256342304,-19.476912348274368,124.28506098788431,19.476912348274368,"{""support_to_pixel"":""up"",""pixel_to_master"":""up""}",True,False,False,False,False,False,False,13.0,True,False
M0,147,60,[10],10,AMBIGUOUS,21,"[60,60,60,21]","[187,193,200]","[187,193,200]","[183,189,197]","[198,205,213]","[{""x"":147,""y"":59,""RGB"":[59,61,63],""luminance"":11.796746513216915},{""x"":146,""y"":59,""RGB"":[59,61,63],""luminance"":11.796746513216915},{""x"":148,""y"":59,""RGB"":[59,61,63],""luminance"":11.796746513216915}]","[147,59]",134.83087940780516,11.796746513216915,154.2048906291114,123.03413289458824,137.0,229.2967509582288,-19.374011221306233,123.03413289458824,19.374011221306233,"{""support_to_pixel"":""up"",""pixel_to_master"":""up""}",True,False,False,False,False,False,False,13.0,True,False
M0,148,60,[10],10,AMBIGUOUS,21,"[60,60,60,21]","[186,193,200]","[186,193,200]","[182,189,197]","[197,205,213]","[{""x"":148,""y"":59,""RGB"":[59,61,63],""luminance"":11.796746513216915},{""x"":147,""y"":59,""RGB"":[59,61,63],""luminance"":11.796746513216915},{""x"":149,""y"":59,""RGB"":[59,61,63],""luminance"":11.796746513216915}]","[148,59]",134.51036427937092,11.796746513216915,153.85949331357259,122.713617766154,137.0,228.74002710500844,-19.349129034201667,122.713617766154,19.349129034201667,"{""support_to_pixel"":""up"",""pixel_to_master"":""up""}",True,False,False,False,False,False,False,13.0,True,False
M0,149,60,[10],10,AMBIGUOUS,21,"[60,60,60,21]","[186,193,200]","[186,193,200]","[182,189,197]","[197,205,213]","[{""x"":149,""y"":59,""RGB"":[59,61,63],""luminance"":11.796746513216915},{""x"":148,""y"":59,""RGB"":[59,61,63],""luminance"":11.796746513216915},{""x"":150,""y"":59,""RGB"":[59,61,63],""luminance"":11.796746513216915}]","[149,59]",134.51036427937092,11.796746513216915,153.85949331357259,122.713617766154,137.0,228.74002710500844,-19.349129034201667,122.713617766154,19.349129034201667,"{""support_to_pixel"":""up"",""pixel_to_master"":""up""}",True,False,False,False,False,False,False,13.0,True,False
M0,150,60,[10],10,AMBIGUOUS,21,"[60,60,60,21]","[187,193,200]","[187,193,200]","[183,189,197]","[198,205,213]","[{""x"":150,""y"":59,""RGB"":[59,61,63],""luminance"":11.796746513216915},{""x"":149,""y"":59,""RGB"":[59,61,63],""luminance"":11.796746513216915},{""x"":151,""y"":59,""RGB"":[59,61,63],""luminance"":11.796746513216915}]","[150,59]",134.83087940780516,11.796746513216915,154.2048906291114,123.03413289458824,137.0,229.2967509582288,-19.374011221306233,123.03413289458824,19.374011221306233,"{""support_to_pixel"":""up"",""pixel_to_master"":""up""}",True,False,False,False,False,False,False,13.0,True,False
M0,151,60,[10],10,AMBIGUOUS,22,"[57,57,57,22]","[185,192,199]","[185,192,199]","[181,189,196]","[197,205,213]","[{""x"":151,""y"":59,""RGB"":[59,61,63],""luminance"":11.796746513216915},{""x"":152,""y"":60,""RGB"":[181,188,196],""luminance"":126.92808296564954},{""x"":150,""y"":59,""RGB"":[59,61,63],""luminance"":11.796746513216915},{""x"":152,""y"":59,""RGB"":[59,60,62],""luminance"":11.498777807991523}]","[151,59]",132.94956110126088,11.796746513216915,153.85949331357259,121.15281458804397,136.0,227.00881040171106,-20.909932212311702,121.15281458804397,20.909932212311702,"{""support_to_pixel"":""up"",""pixel_to_master"":""up""}",True,False,False,False,False,False,False,14.0,True,False
M0,158,60,[10],10,AMBIGUOUS,14,"[0,0,0,14]","[187,194,201]","[187,194,201]","[188,195,202]","[198,205,213]","[{""x"":158,""y"":59,""RGB"":[98,101,105],""luminance"":32.956077784948825},{""x"":157,""y"":59,""RGB"":[194,202,210],""luminance"":148.82701869407873},{""x"":159,""y"":59,""RGB"":[59,60,62],""luminance"":11.498777807991523}]","[158,59]",136.08180750110122,32.956077784948825,154.2048906291114,103.12572971615239,96.0,160.5801980320114,-18.123083128010165,103.12572971615239,18.123083128010165,"{""support_to_pixel"":""up"",""pixel_to_master"":""up""}",True,False,False,False,False,False,False,12.0,True,False
M0,159,60,[10],10,AMBIGUOUS,23,"[66,66,66,23]","[185,192,200]","[185,192,200]","[181,188,195]","[197,205,213]","[{""x"":159,""y"":59,""RGB"":[59,60,62],""luminance"":11.498777807991523},{""x"":158,""y"":59,""RGB"":[98,101,105],""luminance"":32.956077784948825},{""x"":160,""y"":59,""RGB"":[60,61,63],""luminance"":11.87541907046924}]","[159,59]",133.0684153547334,11.498777807991523,153.85949331357259,121.56963754674186,138.0,228.78811157925142,-20.791077958839196,121.56963754674186,20.791077958839196,"{""support_to_pixel"":""up"",""pixel_to_master"":""up""}",True,False,False,False,False,False,False,13.0,True,False
M0,160,60,[10],10,AMBIGUOUS,22,"[57,57,57,22]","[184,191,199]","[184,191,199]","[180,188,195]","[196,204,212]","[{""x"":160,""y"":59,""RGB"":[60,61,63],""luminance"":11.87541907046924},{""x"":159,""y"":59,""RGB"":[59,60,62],""luminance"":11.498777807991523},{""x"":161,""y"":59,""RGB"":[59,61,63],""luminance"":11.796746513216915}]","[160,59]",131.5174529804402,11.87541907046924,152.17114762218307,119.64203390997096,136.0,225.3264298745267,-20.653694641742874,119.64203390997096,20.653694641742874,"{""support_to_pixel"":""up"",""pixel_to_master"":""up""}",True,False,False,False,False,False,False,13.0,True,False
M0,161,60,[10],10,AMBIGUOUS,22,"[57,57,57,22]","[185,191,199]","[185,191,199]","[181,188,195]","[197,204,212]","[{""x"":161,""y"":59,""RGB"":[59,61,63],""luminance"":11.796746513216915},{""x"":160,""y"":59,""RGB"":[60,61,63],""luminance"":11.87541907046924},{""x"":162,""y"":59,""RGB"":[58,60,62],""luminance"":11.421599170869177}]","[161,59]",131.83350159425484,11.796746513216915,152.51426105525556,120.03675508103792,136.0,226.43321311150447,-20.68075946100072,120.03675508103792,20.68075946100072,"{""support_to_pixel"":""up"",""pixel_to_master"":""up""}",True,False,False,False,False,False,False,13.0,True,False
M0,162,60,[10],10,SAFE WORDMARK OWNERSHIP,24,"[63,63,63,24]","[184,191,197]","[184,191,197]","[180,186,193]","[197,204,211]","[{""x"":162,""y"":59,""RGB"":[58,60,62],""luminance"":11.421599170869177},{""x"":163,""y"":60,""RGB"":[181,187,195],""luminance"":125.72656534777218},{""x"":161,""y"":59,""RGB"":[59,61,63],""luminance"":11.796746513216915},{""x"":163,""y"":59,""RGB"":[60,62,64],""luminance"":12.178986311688323}]","[162,59]",131.28207865871894,11.421599170869177,152.38595148486002,119.86047948784977,135.0,226.41113046844671,-21.10387282614107,119.86047948784977,21.10387282614107,"{""support_to_pixel"":""up"",""pixel_to_master"":""up""}",True,False,False,False,False,False,False,14.0,True,False
M0,168,60,[10],10,AMBIGUOUS,21,"[60,60,60,21]","[185,192,199]","[185,192,199]","[181,188,196]","[196,204,212]","[{""x"":168,""y"":59,""RGB"":[60,62,64],""luminance"":12.178986311688323},{""x"":167,""y"":60,""RGB"":[120,125,129],""luminance"":51.625464019872666},{""x"":167,""y"":59,""RGB"":[44,45,46],""luminance"":6.654229241240309},{""x"":169,""y"":59,""RGB"":[59,61,63],""luminance"":11.796746513216915},{""x"":167,""y"":61,""RGB"":[133,137,143],""luminance"":63.39564203894831}]","[168,59]",132.94956110126088,12.178986311688323,152.17114762218307,120.77057478957256,135.0,225.27760652137619,-19.221586520922187,120.77057478957256,19.221586520922187,"{""support_to_pixel"":""up"",""pixel_to_master"":""up""}",True,False,False,False,False,False,False,13.0,True,False
M0,169,60,[10],10,AMBIGUOUS,23,"[88,88,88,23]","[186,193,201]","[186,193,201]","[180,186,194]","[196,203,212]","[{""x"":169,""y"":59,""RGB"":[59,61,63],""luminance"":11.796746513216915},{""x"":168,""y"":59,""RGB"":[60,62,64],""luminance"":12.178986311688323},{""x"":170,""y"":59,""RGB"":[59,60,63],""luminance"":11.52703393848403}]","[169,59]",134.62999854241482,11.796746513216915,150.9628062257317,122.83325202919791,138.0,229.34035841953332,-16.332807683316872,122.83325202919791,16.332807683316872,"{""support_to_pixel"":""up"",""pixel_to_master"":""up""}",True,False,False,False,False,False,False,11.0,True,False
M0,170,60,[10],10,AMBIGUOUS,22,"[57,57,57,22]","[183,190,198]","[183,190,198]","[179,187,194]","[195,203,211]","[{""x"":170,""y"":59,""RGB"":[59,60,63],""luminance"":11.52703393848403},{""x"":169,""y"":59,""RGB"":[59,61,63],""luminance"":11.796746513216915},{""x"":171,""y"":59,""RGB"":[59,60,62],""luminance"":11.498777807991523}]","[170,59]",129.97709067291396,11.52703393848403,150.49366276942803,118.45005673442994,135.0,224.72427550222517,-20.516572096514068,118.45005673442994,20.516572096514068,"{""support_to_pixel"":""up"",""pixel_to_master"":""up""}",True,False,False,False,False,False,False,13.0,True,False
M0,171,60,[10],10,AMBIGUOUS,22,"[57,57,57,22]","[183,190,198]","[183,190,198]","[179,187,194]","[195,203,211]","[{""x"":171,""y"":59,""RGB"":[59,60,62],""luminance"":11.498777807991523},{""x"":170,""y"":59,""RGB"":[59,60,63],""luminance"":11.52703393848403},{""x"":172,""y"":59,""RGB"":[59,60,62],""luminance"":11.498777807991523}]","[171,59]",129.97709067291396,11.498777807991523,150.49366276942803,118.47831286492243,136.0,225.3264298745267,-20.516572096514068,118.47831286492243,20.516572096514068,"{""support_to_pixel"":""up"",""pixel_to_master"":""up""}",True,False,False,False,False,False,False,13.0,True,False
M0,172,60,[10],10,SAFE WORDMARK OWNERSHIP,22,"[57,57,57,22]","[184,190,198]","[184,190,198]","[180,187,194]","[196,203,211]","[{""x"":172,""y"":59,""RGB"":[59,60,62],""luminance"":11.498777807991523},{""x"":173,""y"":60,""RGB"":[180,187,194],""luminance"":125.30441957910249},{""x"":171,""y"":59,""RGB"":[59,60,62],""luminance"":11.498777807991523},{""x"":173,""y"":59,""RGB"":[57,58,60],""luminance"":10.76664460223669}]","[172,59]",130.29091275868703,11.498777807991523,150.83449665533615,118.7921349506955,136.0,225.8782858089728,-20.543583896649125,118.7921349506955,20.543583896649125,"{""support_to_pixel"":""up"",""pixel_to_master"":""up""}",True,False,False,False,False,False,False,13.0,True,False
M0,193,60,[10],10,SAFE WORDMARK OWNERSHIP,23,"[44,44,44,23]","[178,184,191]","[178,184,191]","[175,181,189]","[191,198,206]","[{""x"":193,""y"":59,""RGB"":[171,178,185],""luminance"":112.20382220529272},{""x"":194,""y"":60,""RGB"":[33,34,35],""luminance"":4.051279786223961},{""x"":194,""y"":59,""RGB"":[31,32,32],""luminance"":3.6429670523713495},{""x"":194,""y"":61,""RGB"":[47,48,50],""luminance"":7.518755981990197}]","[193,59]",121.14423956977,112.20382220529272,142.59794859527804,8.94041736447727,7.0,11.0,-21.453709025508047,8.94041736447727,21.453709025508047,"{""support_to_pixel"":""up"",""pixel_to_master"":""up""}",True,False,False,False,False,False,False,15.0,True,False
M0,198,60,[10],10,AMBIGUOUS,23,"[55,55,55,23]","[176,181,190]","[176,181,190]","[172,178,186]","[188,194,203]","[{""x"":198,""y"":59,""RGB"":[56,58,60],""luminance"":10.692429085382974},{""x"":197,""y"":60,""RGB"":[173,179,186],""luminance"":113.90749614334241},{""x"":197,""y"":59,""RGB"":[58,59,61],""luminance"":11.129199104304046},{""x"":199,""y"":59,""RGB"":[56,58,60],""luminance"":10.692429085382974}]","[198,59]",117.28867510416093,10.692429085382974,136.64617696295693,106.59624601877796,130.0,215.4738963308549,-19.357501858796,106.59624601877796,19.357501858796,"{""support_to_pixel"":""up"",""pixel_to_master"":""up""}",True,False,False,False,False,False,False,13.0,True,False
M0,199,60,[10],10,AMBIGUOUS,21,"[60,60,60,21]","[176,183,190]","[176,183,190]","[173,179,187]","[187,194,202]","[{""x"":199,""y"":59,""RGB"":[56,58,60],""luminance"":10.692429085382974},{""x"":198,""y"":59,""RGB"":[56,58,60],""luminance"":10.692429085382974},{""x"":200,""y"":59,""RGB"":[56,58,60],""luminance"":10.692429085382974}]","[199,59]",119.37770035667818,10.692429085382974,136.20222322947293,108.6852712712952,130.0,216.6217902243447,-16.82452287279476,108.6852712712952,16.82452287279476,"{""support_to_pixel"":""up"",""pixel_to_master"":""up""}",True,False,False,False,False,False,False,12.0,True,False
M0,200,60,[10],10,AMBIGUOUS,21,"[60,60,60,21]","[176,182,189]","[176,182,189]","[172,178,186]","[186,193,201]","[{""x"":200,""y"":59,""RGB"":[56,58,60],""luminance"":10.692429085382974},{""x"":199,""y"":59,""RGB"":[56,58,60],""luminance"":10.692429085382974},{""x"":201,""y"":59,""RGB"":[56,58,59],""luminance"":10.665711500088442}]","[200,59]",118.21832267595295,10.692429085382974,134.62999854241482,107.52589359056998,129.0,215.4460489310491,-16.411675866461877,107.52589359056998,16.411675866461877,"{""support_to_pixel"":""up"",""pixel_to_master"":""up""}",True,False,False,False,False,False,False,12.0,True,False
M0,201,60,[10],10,AMBIGUOUS,21,"[60,60,60,21]","[174,180,187]","[174,180,187]","[170,176,183]","[184,191,198]","[{""x"":201,""y"":59,""RGB"":[56,58,59],""luminance"":10.665711500088442},{""x"":200,""y"":59,""RGB"":[56,58,60],""luminance"":10.692429085382974},{""x"":202,""y"":59,""RGB"":[56,57,59],""luminance"":10.411075627791913}]","[201,59]",115.33406032857008,10.665711500088442,131.3993772766959,104.66834882848164,128.0,212.5841010047553,-16.065316948125826,104.66834882848164,16.065316948125826,"{""support_to_pixel"":""up"",""pixel_to_master"":""up""}",True,False,False,False,False,False,False,11.0,True,False
M0,202,60,[10],10,AMBIGUOUS,21,"[60,60,60,21]","[172,178,185]","[172,178,185]","[168,175,181]","[182,189,196]","[{""x"":202,""y"":59,""RGB"":[56,57,59],""luminance"":10.411075627791913},{""x"":201,""y"":59,""RGB"":[56,58,59],""luminance"":10.665711500088442},{""x"":203,""y"":59,""RGB"":[55,57,58],""luminance"":10.312118929322503}]","[202,59]",112.49128130226676,10.411075627791913,128.3307846241053,102.08020567447484,126.0,209.69740103301234,-15.839503321838535,102.08020567447484,15.839503321838535,"{""support_to_pixel"":""up"",""pixel_to_master"":""up""}",True,False,False,False,False,False,False,11.0,True,False
M0,203,60,[10],10,AMBIGUOUS,21,"[60,60,60,21]","[171,177,183]","[171,177,183]","[167,174,179]","[181,188,194]","[{""x"":203,""y"":59,""RGB"":[55,57,58],""luminance"":10.312118929322503},{""x"":202,""y"":59,""RGB"":[56,57,59],""luminance"":10.411075627791913},{""x"":204,""y"":59,""RGB"":[54,56,57],""luminance"":9.965461669676339}]","[203,59]",110.97881871982126,10.312118929322503,126.69735792461401,100.66669979049875,125.0,208.5209821576716,-15.718539204792748,100.66669979049875,15.718539204792748,"{""support_to_pixel"":""up"",""pixel_to_master"":""up""}",True,False,False,False,False,False,False,11.0,True,False
M0,204,60,[10],10,AMBIGUOUS,22,"[69,69,69,22]","[169,175,181]","[169,175,181]","[164,170,177]","[178,185,192]","[{""x"":204,""y"":59,""RGB"":[54,56,57],""luminance"":9.965461669676339},{""x"":205,""y"":60,""RGB"":[160,167,174],""luminance"":97.32587230517773},{""x"":203,""y"":59,""RGB"":[55,57,58],""luminance"":10.312118929322503},{""x"":205,""y"":59,""RGB"":[55,56,58],""luminance"":10.062453183067673}]","[204,59]",108.19944897442352,9.965461669676339,122.32011440534387,98.23398730474717,124.0,206.78974829521894,-14.120665430920354,98.23398730474717,14.120665430920354,"{""support_to_pixel"":""up"",""pixel_to_master"":""up""}",True,False,False,False,False,False,False,11.0,True,False
M0,70,61,[6],6,AMBIGUOUS,2,"[0,0,0,2]","[200,208,216]","[200,208,216]","[201,208,216]","[202,210,218]","[{""x"":69,""y"":61,""RGB"":[195,203,211],""luminance"":150.49366276942803},{""x"":70,""y"":62,""RGB"":[199,207,215],""luminance"":157.26884718032773}]","[69,61]",158.98989520252405,150.49366276942803,162.46483263420487,8.496232433096026,5.0,8.660254037844387,-3.4749374316808144,8.496232433096026,3.4749374316808144,"{""support_to_pixel"":""up"",""pixel_to_master"":""up""}",True,False,False,False,False,False,False,2.0,True,False
M0,77,61,[6],6,AMBIGUOUS,16,"[0,0,0,16]","[188,195,203]","[188,195,203]","[189,196,204]","[201,208,217]","[{""x"":78,""y"":61,""RGB"":[58,59,61],""luminance"":11.129199104304046},{""x"":78,""y"":60,""RGB"":[59,61,63],""luminance"":11.796746513216915},{""x"":78,""y"":62,""RGB"":[58,59,61],""luminance"":11.129199104304046}]","[78,61]",137.78511004173404,11.129199104304046,159.47447976454535,126.65591093743,142.0,235.7116882973774,-21.689369722811307,126.65591093743,21.689369722811307,"{""support_to_pixel"":""up"",""pixel_to_master"":""up""}",True,False,False,False,False,False,False,14.0,True,False
M0,126,61,[9],9,AMBIGUOUS,2,"[255,255,255,2]","[199,206,214]","[199,206,214]","[198,204,212]","[199,206,214]","[{""x"":125,""y"":61,""RGB"":[164,170,176],""luminance"":101.43021054183487},{""x"":125,""y"":60,""RGB"":[182,188,194],""luminance"":127.00674048097811},{""x"":125,""y"":62,""RGB"":[93,96,99],""luminance"":29.56406416266477}]","[125,61]",155.90640537037342,101.43021054183487,155.90640537037342,54.47619482853855,38.0,62.96824596572466,0.0,54.47619482853855,0.0,"{""support_to_pixel"":""up"",""pixel_to_master"":""flat""}",True,False,False,False,False,False,False,0.0,True,False
M0,127,61,[9],9,AMBIGUOUS,8,"[63,63,63,8]","[194,201,209]","[194,201,209]","[192,200,208]","[198,206,214]","[{""x"":128,""y"":62,""RGB"":[198,204,212],""luminance"":152.85965837079434}]","[128,62]",147.50748312623642,152.85965837079434,155.5587198493756,-5.3521752445579125,4.0,5.830951894845301,-8.05123672313917,-5.3521752445579125,8.05123672313917,"{""support_to_pixel"":""down"",""pixel_to_master"":""up""}",False,True,False,True,False,True,True,5.0,True,False
M0,128,61,[9],9,AMBIGUOUS,1,"[0,0,0,1]","[197,205,213]","[197,205,213]","[197,205,213]","[198,206,214]","[{""x"":128,""y"":62,""RGB"":[198,204,212],""luminance"":152.85965837079434}]","[128,62]",153.85949331357259,152.85965837079434,155.5587198493756,0.99983494277825,1.0,1.7320508075688772,-1.6992265358030068,0.99983494277825,1.6992265358030068,"{""support_to_pixel"":""up"",""pixel_to_master"":""up""}",True,False,False,False,False,False,False,1.0,True,True
M0,133,61,[9],9,AMBIGUOUS,4,"[63,63,63,4]","[196,204,212]","[196,204,212]","[195,203,211]","[198,206,214]","[{""x"":134,""y"":62,""RGB"":[196,203,210],""luminance"":150.70698288956015}]","[134,62]",152.17114762218307,150.70698288956015,155.5587198493756,1.464164732622919,2.0,2.23606797749979,-3.3875722271925213,1.464164732622919,3.3875722271925213,"{""support_to_pixel"":""up"",""pixel_to_master"":""up""}",True,False,False,False,False,False,False,2.0,True,False
M0,138,61,[9],9,AMBIGUOUS,20,"[12,12,12,20]","[183,190,197]","[183,190,197]","[184,190,197]","[198,205,213]","[{""x"":137,""y"":61,""RGB"":[45,46,47],""luminance"":6.928642109469312},{""x"":137,""y"":60,""RGB"":[46,47,48],""luminance"":7.209545757921911},{""x"":137,""y"":62,""RGB"":[45,46,47],""luminance"":6.928642109469312}]","[137,61]",129.859792054937,6.928642109469312,154.2048906291114,122.9311499454677,150.0,249.55961211702507,-24.345098574174386,122.9311499454677,24.345098574174386,"{""support_to_pixel"":""up"",""pixel_to_master"":""up""}",True,False,False,False,False,False,False,16.0,True,False
M0,175,61,[10],10,SAFE WORDMARK OWNERSHIP,4,"[0,0,0,4]","[192,199,207]","[192,199,207]","[192,199,207]","[195,202,210]","[{""x"":175,""y"":60,""RGB"":[191,199,207],""luminance"":143.89192967974316},{""x"":176,""y"":61,""RGB"":[71,73,76],""luminance"":16.897531316040048},{""x"":174,""y"":60,""RGB"":[191,198,205],""luminance"":142.47439252871342},{""x"":176,""y"":60,""RGB"":[72,75,77],""luminance"":17.711518317431803},{""x"":176,""y"":62,""RGB"":[71,73,76],""luminance"":16.897531316040048}]","[175,60]",144.22368897950477,143.89192967974316,149.16557738052728,0.33175929976161456,1.0,1.0,-4.94188840102251,0.33175929976161456,4.94188840102251,"{""support_to_pixel"":""up"",""pixel_to_master"":""up""}",True,False,False,False,False,False,False,3.0,True,True
M0,193,61,[10],10,AMBIGUOUS,7,"[36,36,36,7]","[187,194,201]","[187,194,201]","[186,193,201]","[191,198,206]","[{""x"":194,""y"":61,""RGB"":[47,48,50],""luminance"":7.518755981990197},{""x"":194,""y"":60,""RGB"":[33,34,35],""luminance"":4.051279786223961},{""x"":194,""y"":62,""RGB"":[90,93,96],""luminance"":27.659567004910297}]","[194,61]",136.08180750110122,7.518755981990197,142.59794859527804,128.563051519111,151.0,252.42226526200102,-6.516141094176817,128.563051519111,6.516141094176817,"{""support_to_pixel"":""up"",""pixel_to_master"":""up""}",True,False,False,False,False,False,False,5.0,True,False
M0,63,62,[6],6,SAFE WORDMARK OWNERSHIP,1,"[0,0,0,1]","[203,211,218]","[203,211,218]","[203,211,218]","[204,212,219]","[{""x"":64,""y"":62,""RGB"":[202,209,216],""luminance"":160.94415000154225},{""x"":64,""y"":61,""RGB"":[197,205,213],""luminance"":153.85949331357259}]","[64,62]",164.0848420150205,160.94415000154225,165.84896368110697,3.140692013478258,2.0,3.0,-1.764121666086453,3.140692013478258,1.764121666086453,"{""support_to_pixel"":""up"",""pixel_to_master"":""up""}",True,False,False,False,False,False,False,1.0,True,True
M0,77,62,[6],6,AMBIGUOUS,18,"[14,14,14,18]","[188,195,203]","[188,195,203]","[188,195,203]","[201,209,217]","[{""x"":78,""y"":62,""RGB"":[58,59,61],""luminance"":11.129199104304046},{""x"":78,""y"":61,""RGB"":[58,59,61],""luminance"":11.129199104304046},{""x"":78,""y"":63,""RGB"":[58,60,62],""luminance"":11.421599170869177}]","[78,62]",137.78511004173404,11.129199104304046,160.7218837578162,126.65591093743,142.0,235.7116882973774,-22.936773716082143,126.65591093743,22.936773716082143,"{""support_to_pixel"":""up"",""pixel_to_master"":""up""}",True,False,False,False,False,False,False,14.0,True,True
M0,82,62,[7],7,AMBIGUOUS,22,"[34,34,34,22]","[186,193,200]","[186,193,200]","[185,191,199]","[201,208,216]","[{""x"":83,""y"":62,""RGB"":[54,56,58],""luminance"":9.991167360363992},{""x"":83,""y"":61,""RGB"":[95,99,102],""luminance"":31.405508588904972},{""x"":83,""y"":63,""RGB"":[33,34,35],""luminance"":4.051279786223961}]","[83,62]",134.51036427937092,9.991167360363992,159.3421700546451,124.51919691900693,142.0,237.39629314713403,-24.831805775274177,124.51919691900693,24.831805775274177,"{""support_to_pixel"":""up"",""pixel_to_master"":""up""}",True,False,False,False,False,False,False,16.0,True,False
M0,87,62,[7],7,AMBIGUOUS,5,"[204,204,204,5]","[202,209,217]","[202,209,217]","[198,205,213]","[202,209,217]","[{""x"":86,""y"":61,""RGB"":[188,195,202],""luminance"":137.6639113963347}]","[86,61]",161.0764597114425,137.6639113963347,161.0764597114425,23.412548315107813,15.0,24.839484696748443,0.0,23.412548315107813,0.0,"{""support_to_pixel"":""up"",""pixel_to_master"":""flat""}",True,False,False,False,False,False,False,0.0,True,False
M0,94,62,[7],7,AMBIGUOUS,6,"[170,170,170,6]","[199,207,215]","[199,207,215]","[196,203,211]","[200,208,216]","[{""x"":95,""y"":61,""RGB"":[190,197,204],""luminance"":140.8601834286622}]","[95,61]",157.26884718032773,140.8601834286622,158.98989520252405,16.40866375166553,11.0,17.378147196982766,-1.721048022196328,16.40866375166553,1.721048022196328,"{""support_to_pixel"":""up"",""pixel_to_master"":""up""}",True,False,False,False,False,False,False,1.0,True,False
M0,106,62,[8],8,AMBIGUOUS,5,"[153,153,153,5]","[199,206,215]","[199,206,215]","[196,203,212]","[200,207,216]","[{""x"":105,""y"":61,""RGB"":[195,201,208],""luminance"":147.72011540284976}]","[105,61]",156.03711081604033,147.72011540284976,157.75033209639287,8.316995413190568,7.0,9.486832980505138,-1.713221280352542,8.316995413190568,1.713221280352542,"{""support_to_pixel"":""up"",""pixel_to_master"":""up""}",True,False,False,False,False,False,False,1.0,True,False
M0,108,62,[8],8,AMBIGUOUS,1,"[255,255,255,1]","[199,207,215]","[199,207,215]","[198,206,214]","[199,207,215]","[{""x"":109,""y"":61,""RGB"":[186,192,199],""luminance"":133.26784073380185}]","[109,61]",157.26884718032773,133.26784073380185,157.26884718032773,24.001006446525878,16.0,25.495097567963924,0.0,24.001006446525878,0.0,"{""support_to_pixel"":""up"",""pixel_to_master"":""flat""}",True,False,False,False,False,False,False,0.0,True,False
M0,109,62,[8],8,SAFE WORDMARK OWNERSHIP,24,"[0,0,0,24]","[181,188,196]","[181,188,196]","[183,190,198]","[200,208,217]","[{""x"":109,""y"":61,""RGB"":[186,192,199],""luminance"":133.26784073380185},{""x"":110,""y"":62,""RGB"":[63,65,67],""luminance"":13.368637053500198},{""x"":110,""y"":61,""RGB"":[76,79,82],""luminance"":19.73103351092246},{""x"":110,""y"":63,""RGB"":[67,69,71],""luminance"":15.056392837283298}]","[109,61]",126.92808296564954,133.26784073380185,159.1222049124243,-6.33975776815231,5.0,7.0710678118654755,-32.19412194677477,-6.33975776815231,32.19412194677477,"{""support_to_pixel"":""down"",""pixel_to_master"":""up""}",False,True,False,True,False,False,True,21.0,True,False
M0,114,62,[8],8,AMBIGUOUS,5,"[204,204,204,5]","[200,208,216]","[200,208,216]","[196,204,212]","[200,208,216]","[{""x"":113,""y"":62,""RGB"":[198,207,214],""luminance"":156.79045621366296}]","[113,62]",158.98989520252405,156.79045621366296,158.98989520252405,2.1994389888610897,2.0,3.0,0.0,2.1994389888610897,0.0,"{""support_to_pixel"":""up"",""pixel_to_master"":""flat""}",True,False,False,False,False,False,False,0.0,True,False
M0,115,62,[8],8,AMBIGUOUS,2,"[127,127,127,2]","[199,207,215]","[199,207,215]","[199,206,214]","[200,208,216]","[{""x"":116,""y"":62,""RGB"":[197,204,213],""luminance"":152.64336784299854}]","[116,62]",157.26884718032773,152.64336784299854,158.98989520252405,4.625479337329182,3.0,4.123105625617661,-1.721048022196328,4.625479337329182,1.721048022196328,"{""support_to_pixel"":""up"",""pixel_to_master"":""up""}",True,False,False,False,False,False,False,1.0,True,False
M0,127,62,[9],9,AMBIGUOUS,1,"[255,255,255,1]","[198,207,215]","[198,207,215]","[197,206,214]","[198,207,215]","[{""x"":128,""y"":62,""RGB"":[198,204,212],""luminance"":152.85965837079434},{""x"":127,""y"":63,""RGB"":[172,178,185],""luminance"":112.49128130226676},{""x"":126,""y"":63,""RGB"":[90,93,97],""luminance"":27.706842038501787},{""x"":128,""y"":63,""RGB"":[192,198,206],""luminance"":142.92970789503963}]","[128,62]",156.9211616593299,152.85965837079434,156.9211616593299,4.061503288535562,3.0,4.242640687119285,0.0,4.061503288535562,0.0,"{""support_to_pixel"":""up"",""pixel_to_master"":""flat""}",True,False,False,False,True,False,True,0.0,True,False
M0,133,62,[9],9,AMBIGUOUS,2,"[255,255,255,2]","[198,205,213]","[198,205,213]","[197,204,211]","[198,205,213]","[{""x"":134,""y"":62,""RGB"":[196,203,210],""luminance"":150.70698288956015}]","[134,62]",154.2048906291114,150.70698288956015,154.2048906291114,3.4979077395512377,3.0,4.123105625617661,0.0,3.4979077395512377,0.0,"{""support_to_pixel"":""up"",""pixel_to_master"":""flat""}",True,False,False,False,False,False,False,0.0,True,False
M0,138,62,[9],9,AMBIGUOUS,20,"[12,12,12,20]","[183,190,197]","[183,190,197]","[184,190,197]","[198,205,213]","[{""x"":137,""y"":62,""RGB"":[45,46,47],""luminance"":6.928642109469312},{""x"":137,""y"":61,""RGB"":[45,46,47],""luminance"":6.928642109469312},{""x"":137,""y"":63,""RGB"":[45,46,48],""luminance"":6.949461174987919}]","[137,62]",129.859792054937,6.928642109469312,154.2048906291114,122.9311499454677,150.0,249.55961211702507,-24.345098574174386,122.9311499454677,24.345098574174386,"{""support_to_pixel"":""up"",""pixel_to_master"":""up""}",True,False,False,False,False,False,False,16.0,True,False
M0,144,62,[10],10,AMBIGUOUS,2,"[255,255,255,2]","[196,204,212]","[196,204,212]","[195,203,210]","[196,204,212]","[{""x"":143,""y"":62,""RGB"":[162,168,174],""luminance"":98.79372772660048},{""x"":143,""y"":61,""RGB"":[167,174,179],""luminance"":106.44278052311162},{""x"":143,""y"":63,""RGB"":[168,174,180],""luminance"":106.82516666539998}]","[143,62]",152.17114762218307,98.79372772660048,152.17114762218307,53.37741989558259,38.0,62.41794613730894,0.0,53.37741989558259,0.0,"{""support_to_pixel"":""up"",""pixel_to_master"":""flat""}",True,False,False,False,False,False,False,0.0,True,False
M0,149,62,[10],10,AMBIGUOUS,2,"[255,255,255,2]","[196,204,211]","[196,204,211]","[195,203,209]","[196,204,211]","[{""x"":150,""y"":62,""RGB"":[195,202,210],""luminance"":149.16557738052728},{""x"":150,""y"":63,""RGB"":[190,197,204],""luminance"":140.8601834286622}]","[150,62]",152.04283805178753,149.16557738052728,152.04283805178753,2.8772606712602453,2.0,2.449489742783178,0.0,2.8772606712602453,0.0,"{""support_to_pixel"":""up"",""pixel_to_master"":""flat""}",True,False,False,False,False,False,False,0.0,True,False
M0,157,62,[10],10,SAFE WORDMARK OWNERSHIP,2,"[0,0,0,2]","[195,203,211]","[195,203,211]","[196,204,211]","[197,205,213]","[{""x"":156,""y"":62,""RGB"":[195,202,211],""luminance"":149.29309114630328},{""x"":156,""y"":61,""RGB"":[175,182,190],""luminance"":118.03328462992796}]","[156,62]",150.49366276942803,149.29309114630328,153.85949331357259,1.2005716231247447,1.0,1.0,-3.3658305441445577,1.2005716231247447,3.3658305441445577,"{""support_to_pixel"":""up"",""pixel_to_master"":""up""}",True,False,False,False,False,False,False,2.0,True,False
M0,163,62,[10],10,AMBIGUOUS,1,"[255,255,255,1]","[196,203,211]","[196,203,211]","[195,202,210]","[196,203,211]","[{""x"":164,""y"":61,""RGB"":[188,194,201],""luminance"":136.40456258918593}]","[164,61]",150.83449665533615,136.40456258918593,150.83449665533615,14.429934066150224,10.0,15.652475842498529,0.0,14.429934066150224,0.0,"{""support_to_pixel"":""up"",""pixel_to_master"":""flat""}",True,False,False,False,False,False,False,0.0,True,False
M0,164,62,[10],10,SAFE WORDMARK OWNERSHIP,21,"[12,12,12,21]","[181,187,194]","[181,187,194]","[181,187,195]","[196,203,211]","[{""x"":164,""y"":61,""RGB"":[188,194,201],""luminance"":136.40456258918593},{""x"":165,""y"":62,""RGB"":[69,71,74],""luminance"":15.978549319049057},{""x"":165,""y"":61,""RGB"":[72,74,76],""luminance"":17.33255124367697},{""x"":165,""y"":63,""RGB"":[68,71,73],""luminance"":15.851970922832939}]","[164,61]",125.61158916168758,136.40456258918593,150.83449665533615,-10.792973427498353,7.0,12.12435565298214,-25.222907493648577,-10.792973427498353,25.222907493648577,"{""support_to_pixel"":""down"",""pixel_to_master"":""up""}",False,True,False,True,False,False,True,17.0,True,False
M0,169,62,[10],10,AMBIGUOUS,5,"[204,204,204,5]","[194,202,210]","[194,202,210]","[190,198,206]","[194,202,210]","[{""x"":168,""y"":62,""RGB"":[194,201,209],""luminance"":147.50748312623642}]","[168,62]",148.82701869407873,147.50748312623642,148.82701869407873,1.3195355678423084,1.0,1.4142135623730951,0.0,1.3195355678423084,0.0,"{""support_to_pixel"":""up"",""pixel_to_master"":""flat""}",True,False,False,False,False,False,False,0.0,True,False
M0,175,62,[10],10,AMBIGUOUS,4,"[0,0,0,4]","[192,200,207]","[192,200,207]","[192,200,207]","[195,203,210]","[{""x"":176,""y"":62,""RGB"":[71,73,76],""luminance"":16.897531316040048},{""x"":176,""y"":61,""RGB"":[71,73,76],""luminance"":16.897531316040048},{""x"":176,""y"":63,""RGB"":[71,74,76],""luminance"":17.23533383348565}]","[176,62]",145.40103748481704,16.897531316040048,150.36614900365203,128.503506168777,131.0,218.93149613520663,-4.965111518834988,128.503506168777,4.965111518834988,"{""support_to_pixel"":""up"",""pixel_to_master"":""up""}",True,False,False,False,False,False,False,3.0,True,True
M0,200,62,[10],10,AMBIGUOUS,2,"[255,255,255,2]","[187,192,200]","[187,192,200]","[185,191,199]","[186,192,200]","[{""x"":199,""y"":62,""RGB"":[184,191,199],""luminance"":131.5174529804402},{""x"":199,""y"":63,""RGB"":[180,185,194],""luminance"":123.15547313954707}]","[199,62]",133.70721011570862,131.5174529804402,133.38669498727438,2.1897571352684224,3.0,3.3166247903554,0.3205151284342378,2.1897571352684224,-0.3205151284342378,"{""support_to_pixel"":""up"",""pixel_to_master"":""down""}",False,True,True,False,False,False,True,1.0,True,False
M0,204,62,[10],10,AMBIGUOUS,4,"[191,191,191,4]","[179,186,192]","[179,186,192]","[176,183,189]","[179,186,192]","[{""x"":205,""y"":63,""RGB"":[175,182,189],""luminance"":117.92214949094101}]","[205,63]",123.6935847362272,117.92214949094101,123.6935847362272,5.771435245286185,4.0,6.4031242374328485,0.0,5.771435245286185,0.0,"{""support_to_pixel"":""up"",""pixel_to_master"":""flat""}",True,False,False,False,False,False,False,0.0,True,False
M0,205,62,[10],10,AMBIGUOUS,2,"[255,255,255,2]","[177,185,192]","[177,185,192]","[175,183,190]","[176,184,191]","[{""x"":206,""y"":62,""RGB"":[153,159,165],""luminance"":87.42723741068606},{""x"":205,""y"":63,""RGB"":[175,182,189],""luminance"":117.92214949094101},{""x"":206,""y"":61,""RGB"":[162,169,175],""luminance"":99.83877714437895},{""x"":206,""y"":63,""RGB"":[160,166,172],""luminance"":96.1976715345886}]","[206,62]",122.01955641247334,87.42723741068606,120.5453182894034,34.592319001787274,27.0,44.50842616853577,1.474238123069938,34.592319001787274,-1.474238123069938,"{""support_to_pixel"":""up"",""pixel_to_master"":""down""}",False,True,True,False,False,False,True,1.0,True,False
M0,71,63,[6],6,SAFE WORDMARK OWNERSHIP,14,"[0,0,0,14]","[191,198,205]","[191,198,205]","[192,199,206]","[202,210,217]","[{""x"":70,""y"":63,""RGB"":[184,191,199],""luminance"":131.5174529804402},{""x"":71,""y"":64,""RGB"":[55,57,58],""luminance"":10.312118929322503},{""x"":70,""y"":62,""RGB"":[199,207,215],""luminance"":157.26884718032773},{""x"":70,""y"":64,""RGB"":[45,46,47],""luminance"":6.928642109469312},{""x"":72,""y"":64,""RGB"":[53,54,56],""luminance"":9.385890227350426}]","[70,63]",142.47439252871342,131.5174529804402,162.33171869897373,10.956939548273226,7.0,11.575836902790225,-19.857326170260308,10.956939548273226,19.857326170260308,"{""support_to_pixel"":""up"",""pixel_to_master"":""up""}",True,False,False,False,False,False,False,12.0,True,False
M0,72,63,[6],6,AMBIGUOUS,15,"[0,0,0,15]","[190,198,204]","[190,198,204]","[191,199,205]","[202,210,217]","[{""x"":72,""y"":64,""RGB"":[53,54,56],""luminance"":9.385890227350426},{""x"":71,""y"":64,""RGB"":[55,57,58],""luminance"":10.312118929322503},{""x"":73,""y"":64,""RGB"":[53,55,57],""luminance"":9.650904247644466}]","[72,64]",142.0221220931651,9.385890227350426,162.33171869897373,132.6362318658147,148.0,247.80839372386077,-20.309596605808622,132.6362318658147,20.309596605808622,"{""support_to_pixel"":""up"",""pixel_to_master"":""up""}",True,False,False,False,False,False,False,13.0,True,False
M0,73,63,[6],6,AMBIGUOUS,14,"[0,0,0,14]","[190,197,206]","[190,197,206]","[191,198,207]","[201,209,218]","[{""x"":73,""y"":64,""RGB"":[53,55,57],""luminance"":9.650904247644466},{""x"":72,""y"":64,""RGB"":[53,54,56],""luminance"":9.385890227350426},{""x"":74,""y"":64,""RGB"":[54,55,57],""luminance"":9.720737938919825}]","[73,64]",141.10650831370478,9.650904247644466,160.85499769304735,131.45560406606032,149.0,247.25290695965538,-19.748489379342573,131.45560406606032,19.748489379342573,"{""support_to_pixel"":""up"",""pixel_to_master"":""up""}",True,False,False,False,False,False,False,12.0,True,False
M0,74,63,[6],6,AMBIGUOUS,13,"[0,0,0,13]","[191,198,206]","[191,198,206]","[191,199,207]","[201,209,217]","[{""x"":74,""y"":64,""RGB"":[54,55,57],""luminance"":9.720737938919825},{""x"":73,""y"":64,""RGB"":[53,55,57],""luminance"":9.650904247644466},{""x"":75,""y"":64,""RGB"":[53,55,57],""luminance"":9.650904247644466}]","[74,64]",142.59794859527804,9.720737938919825,160.7218837578162,132.87721065635822,149.0,247.82856978161337,-18.123935162538146,132.87721065635822,18.123935162538146,"{""support_to_pixel"":""up"",""pixel_to_master"":""up""}",True,False,False,False,False,False,False,11.0,True,False
M0,75,63,[6],6,AMBIGUOUS,17,"[0,0,0,17]","[188,195,201]","[188,195,201]","[189,196,203]","[201,209,216]","[{""x"":75,""y"":64,""RGB"":[53,55,57],""luminance"":9.650904247644466},{""x"":74,""y"":64,""RGB"":[54,55,57],""luminance"":9.720737938919825},{""x"":76,""y"":64,""RGB"":[53,55,57],""luminance"":9.650904247644466}]","[75,64]",137.54349566796304,9.650904247644466,160.58957404791593,127.89259142031858,144.0,241.99380157351138,-23.04607837995289,127.89259142031858,23.04607837995289,"{""support_to_pixel"":""up"",""pixel_to_master"":""up""}",True,False,False,False,False,False,False,15.0,True,False
M0,76,63,[6],6,AMBIGUOUS,2,"[0,0,0,2]","[199,206,214]","[199,206,214]","[200,206,214]","[201,208,216]","[{""x"":76,""y"":64,""RGB"":[53,55,57],""luminance"":9.650904247644466},{""x"":75,""y"":64,""RGB"":[53,55,57],""luminance"":9.650904247644466},{""x"":77,""y"":64,""RGB"":[56,58,60],""luminance"":10.692429085382974}]","[76,64]",155.90640537037342,9.650904247644466,159.3421700546451,146.25550112272896,157.0,262.2327210704263,-3.4357646842716747,146.25550112272896,3.4357646842716747,"{""support_to_pixel"":""up"",""pixel_to_master"":""up""}",True,False,False,False,False,False,False,2.0,True,False
M0,77,63,[6],6,AMBIGUOUS,9,"[0,0,0,9]","[194,201,208]","[194,201,208]","[194,201,209]","[201,208,216]","[{""x"":78,""y"":63,""RGB"":[58,60,62],""luminance"":11.421599170869177},{""x"":77,""y"":64,""RGB"":[56,58,60],""luminance"":10.692429085382974},{""x"":78,""y"":62,""RGB"":[58,59,61],""luminance"":11.129199104304046},{""x"":76,""y"":64,""RGB"":[53,55,57],""luminance"":9.650904247644466},{""x"":78,""y"":64,""RGB"":[31,32,32],""luminance"":3.6429670523713495}]","[78,63]",147.38155671640118,11.421599170869177,159.3421700546451,135.959957545532,146.0,244.3215094910802,-11.960613338243917,135.959957545532,11.960613338243917,"{""support_to_pixel"":""up"",""pixel_to_master"":""up""}",True,False,False,False,False,False,False,8.0,True,False
M0,82,63,[7],7,AMBIGUOUS,27,"[66,66,66,27]","[187,193,200]","[187,193,200]","[181,188,195]","[201,208,216]","[{""x"":83,""y"":63,""RGB"":[33,34,35],""luminance"":4.051279786223961},{""x"":83,""y"":62,""RGB"":[54,56,58],""luminance"":9.991167360363992},{""x"":83,""y"":64,""RGB"":[38,39,40],""luminance"":5.141586110610995}]","[83,63]",134.83087940780516,4.051279786223961,159.3421700546451,130.77959962158118,165.0,276.0833207566151,-24.51129064683994,130.77959962158118,24.51129064683994,"{""support_to_pixel"":""up"",""pixel_to_master"":""up""}",True,False,False,False,False,False,False,16.0,True,False
M0,86,63,[7],7,AMBIGUOUS,1,"[255,255,255,1]","[202,210,217]","[202,210,217]","[201,209,216]","[202,210,217]","[{""x"":85,""y"":63,""RGB"":[148,153,159],""luminance"":80.53299966368358},{""x"":85,""y"":62,""RGB"":[127,131,135],""luminance"":57.359431944679194},{""x"":85,""y"":64,""RGB"":[148,153,158],""luminance"":80.44481775912449}]","[85,63]",162.33171869897373,80.53299966368358,162.33171869897373,81.79871903529015,58.0,97.6165969494942,0.0,81.79871903529015,0.0,"{""support_to_pixel"":""up"",""pixel_to_master"":""flat""}",True,False,False,False,False,False,False,0.0,True,False
M0,95,63,[7],7,AMBIGUOUS,1,"[255,255,255,1]","[199,208,216]","[199,208,216]","[198,207,215]","[199,208,216]","[{""x"":96,""y"":63,""RGB"":[152,158,164],""luminance"":86.21411221058928},{""x"":96,""y"":62,""RGB"":[132,137,142],""luminance"":63.11211241690208},{""x"":96,""y"":64,""RGB"":[151,157,163],""luminance"":85.01086670833011}]","[96,63]",158.63991716529057,86.21411221058928,158.63991716529057,72.42580495470129,52.0,86.09878047916823,0.0,72.42580495470129,0.0,"{""support_to_pixel"":""up"",""pixel_to_master"":""flat""}",True,False,False,False,False,False,False,0.0,True,False
M0,105,63,[8],8,AMBIGUOUS,2,"[255,255,255,2]","[201,208,216]","[201,208,216]","[200,206,214]","[201,208,216]","[{""x"":104,""y"":63,""RGB"":[189,195,203],""luminance"":138.11010953992292},{""x"":104,""y"":62,""RGB"":[167,172,179],""luminance"":104.48678761847225}]","[104,63]",159.3421700546451,138.11010953992292,159.3421700546451,21.23206051472218,13.0,21.95449840010015,0.0,21.23206051472218,0.0,"{""support_to_pixel"":""up"",""pixel_to_master"":""flat""}",True,False,False,False,False,False,False,0.0,True,False
M0,109,63,[8],8,AMBIGUOUS,23,"[0,0,0,23]","[182,189,196]","[182,189,196]","[183,191,198]","[200,208,216]","[{""x"":110,""y"":63,""RGB"":[67,69,71],""luminance"":15.056392837283298},{""x"":110,""y"":62,""RGB"":[63,65,67],""luminance"":13.368637053500198},{""x"":110,""y"":64,""RGB"":[66,68,70],""luminance"":14.623463467758517}]","[110,63]",128.3307846241053,15.056392837283298,158.98989520252405,113.274391786822,125.0,207.9663434308542,-30.659110578418762,113.274391786822,30.659110578418762,"{""support_to_pixel"":""up"",""pixel_to_master"":""up""}",True,False,False,False,False,False,False,20.0,True,False
M0,114,63,[8],8,AMBIGUOUS,2,"[255,255,255,2]","[200,208,216]","[200,208,216]","[199,206,214]","[200,208,216]","[{""x"":113,""y"":62,""RGB"":[198,207,214],""luminance"":156.79045621366296}]","[113,62]",158.98989520252405,156.79045621366296,158.98989520252405,2.1994389888610897,2.0,3.0,0.0,2.1994389888610897,0.0,"{""support_to_pixel"":""up"",""pixel_to_master"":""flat""}",True,False,False,False,False,False,False,0.0,True,False
M0,116,63,[8],8,AMBIGUOUS,4,"[0,0,0,4]","[197,204,213]","[197,204,213]","[197,204,213]","[200,207,216]","[{""x"":116,""y"":62,""RGB"":[197,204,213],""luminance"":152.64336784299854}]","[116,62]",152.64336784299854,152.64336784299854,157.75033209639287,0.0,0.0,0.0,-5.106964253394324,0.0,5.106964253394324,"{""support_to_pixel"":""flat"",""pixel_to_master"":""up""}",True,False,False,False,False,False,False,3.0,True,True
M0,122,63,[9],9,SAFE WORDMARK OWNERSHIP,1,"[0,0,0,1]","[198,205,213]","[198,205,213]","[198,205,213]","[199,206,214]","[{""x"":122,""y"":62,""RGB"":[181,188,195],""luminance"":126.81233411069861},{""x"":123,""y"":63,""RGB"":[130,134,140],""luminance"":60.40815002738211},{""x"":123,""y"":62,""RGB"":[53,55,56],""luminance"":9.625700295072319},{""x"":123,""y"":64,""RGB"":[192,199,207],""luminance"":144.22368897950477}]","[122,62]",154.2048906291114,126.81233411069861,155.90640537037342,27.392556518412775,18.0,30.033314835362415,-1.7015147412620308,27.392556518412775,1.7015147412620308,"{""support_to_pixel"":""up"",""pixel_to_master"":""up""}",True,False,False,False,False,False,False,1.0,True,True
M0,129,63,[9],9,SAFE WORDMARK OWNERSHIP,16,"[0,0,0,16]","[185,192,200]","[185,192,200]","[186,193,201]","[198,205,213]","[{""x"":128,""y"":63,""RGB"":[192,198,206],""luminance"":142.92970789503963},{""x"":129,""y"":64,""RGB"":[53,55,56],""luminance"":9.625700295072319},{""x"":128,""y"":62,""RGB"":[198,204,212],""luminance"":152.85965837079434},{""x"":128,""y"":64,""RGB"":[52,54,55],""luminance"":9.29279503831203},{""x"":130,""y"":64,""RGB"":[53,54,56],""luminance"":9.385890227350426}]","[128,63]",133.0684153547334,142.92970789503963,154.2048906291114,-9.861292540306238,7.0,11.0,-21.136475274378,-9.861292540306238,21.136475274378,"{""support_to_pixel"":""down"",""pixel_to_master"":""up""}",False,True,False,True,False,False,True,13.0,True,False
M0,130,63,[9],9,AMBIGUOUS,14,"[0,0,0,14]","[186,194,201]","[186,194,201]","[187,195,202]","[197,205,213]","[{""x"":130,""y"":64,""RGB"":[53,54,56],""luminance"":9.385890227350426},{""x"":129,""y"":64,""RGB"":[53,55,56],""luminance"":9.625700295072319},{""x"":131,""y"":64,""RGB"":[53,55,56],""luminance"":9.625700295072319}]","[130,64]",135.76129237266696,9.385890227350426,153.85949331357259,126.37540214531653,145.0,241.48291865057453,-18.098200940905627,126.37540214531653,18.098200940905627,"{""support_to_pixel"":""up"",""pixel_to_master"":""up""}",True,False,False,False,False,False,False,12.0,True,False
M0,131,63,[9],9,AMBIGUOUS,14,"[0,0,0,14]","[187,194,201]","[187,194,201]","[188,195,202]","[198,205,213]","[{""x"":131,""y"":64,""RGB"":[53,55,56],""luminance"":9.625700295072319},{""x"":130,""y"":64,""RGB"":[53,54,56],""luminance"":9.385890227350426},{""x"":132,""y"":64,""RGB"":[53,55,56],""luminance"":9.625700295072319}]","[131,64]",136.08180750110122,9.625700295072319,154.2048906291114,126.4561072060289,145.0,241.45807089430662,-18.123083128010165,126.4561072060289,18.123083128010165,"{""support_to_pixel"":""up"",""pixel_to_master"":""up""}",True,False,False,False,False,False,False,12.0,True,False
M0,132,63,[9],9,AMBIGUOUS,14,"[0,0,0,14]","[187,194,201]","[187,194,201]","[188,195,202]","[198,205,213]","[{""x"":132,""y"":64,""RGB"":[53,55,56],""luminance"":9.625700295072319},{""x"":131,""y"":64,""RGB"":[53,55,56],""luminance"":9.625700295072319},{""x"":133,""y"":64,""RGB"":[53,54,56],""luminance"":9.385890227350426}]","[132,64]",136.08180750110122,9.625700295072319,154.2048906291114,126.4561072060289,145.0,241.45807089430662,-18.123083128010165,126.4561072060289,18.123083128010165,"{""support_to_pixel"":""up"",""pixel_to_master"":""up""}",True,False,False,False,False,False,False,12.0,True,False
M0,133,63,[9],9,AMBIGUOUS,18,"[0,0,0,18]","[184,190,198]","[184,190,198]","[185,192,199]","[198,205,213]","[{""x"":133,""y"":64,""RGB"":[53,54,56],""luminance"":9.385890227350426},{""x"":134,""y"":62,""RGB"":[196,203,210],""luminance"":150.70698288956015},{""x"":132,""y"":64,""RGB"":[53,55,56],""luminance"":9.625700295072319},{""x"":134,""y"":64,""RGB"":[53,55,57],""luminance"":9.650904247644466}]","[133,64]",130.29091275868703,9.385890227350426,154.2048906291114,120.9050225313366,142.0,236.26468208346333,-23.91397787042436,120.9050225313366,23.91397787042436,"{""support_to_pixel"":""up"",""pixel_to_master"":""up""}",True,False,False,False,False,False,False,15.0,True,False
M0,138,63,[9],9,AMBIGUOUS,20,"[12,12,12,20]","[183,191,197]","[183,191,197]","[184,191,197]","[198,206,213]","[{""x"":137,""y"":63,""RGB"":[45,46,48],""luminance"":6.949461174987919},{""x"":137,""y"":62,""RGB"":[45,46,47],""luminance"":6.928642109469312},{""x"":137,""y"":64,""RGB"":[47,48,50],""luminance"":7.518755981990197}]","[137,63]",130.96825657294585,6.949461174987919,155.4288144353025,124.01879539795793,149.0,249.5395760195164,-24.460557862356666,124.01879539795793,24.460557862356666,"{""support_to_pixel"":""up"",""pixel_to_master"":""up""}",True,False,False,False,False,False,False,16.0,True,False
M0,145,63,[10],10,AMBIGUOUS,19,"[0,0,0,19]","[182,190,196]","[182,190,196]","[183,191,197]","[197,205,212]","[{""x"":145,""y"":64,""RGB"":[52,53,55],""luminance"":9.057870033607719},{""x"":144,""y"":64,""RGB"":[53,55,56],""luminance"":9.625700295072319},{""x"":146,""y"":64,""RGB"":[52,54,56],""luminance"":9.317500090550034}]","[145,64]",129.43166899257437,9.057870033607719,153.7303865258296,120.37379895896666,141.0,235.69047498785352,-24.29871753325523,120.37379895896666,24.29871753325523,"{""support_to_pixel"":""up"",""pixel_to_master"":""up""}",True,False,False,False,False,False,False,16.0,True,False
M0,146,63,[10],10,AMBIGUOUS,13,"[0,0,0,13]","[186,194,201]","[186,194,201]","[187,194,202]","[196,204,212]","[{""x"":146,""y"":64,""RGB"":[52,54,56],""luminance"":9.317500090550034},{""x"":145,""y"":64,""RGB"":[52,53,55],""luminance"":9.057870033607719},{""x"":147,""y"":64,""RGB"":[52,54,56],""luminance"":9.317500090550034}]","[146,64]",135.76129237266696,9.317500090550034,152.17114762218307,126.44379228211693,145.0,242.03512141835944,-16.409855249516113,126.44379228211693,16.409855249516113,"{""support_to_pixel"":""up"",""pixel_to_master"":""up""}",True,False,False,False,False,False,False,11.0,True,False
M0,147,63,[10],10,AMBIGUOUS,14,"[0,0,0,14]","[185,193,200]","[185,193,200]","[186,194,201]","[196,204,212]","[{""x"":147,""y"":64,""RGB"":[52,54,56],""luminance"":9.317500090550034},{""x"":146,""y"":64,""RGB"":[52,54,56],""luminance"":9.317500090550034},{""x"":148,""y"":64,""RGB"":[52,54,56],""luminance"":9.317500090550034}]","[147,64]",134.19208464682995,9.317500090550034,152.17114762218307,124.87458455627993,144.0,240.30397416605493,-17.979062975353116,124.87458455627993,17.979062975353116,"{""support_to_pixel"":""up"",""pixel_to_master"":""up""}",True,False,False,False,False,False,False,12.0,True,False
M0,148,63,[10],10,AMBIGUOUS,14,"[0,0,0,14]","[184,192,199]","[184,192,199]","[185,193,200]","[195,203,211]","[{""x"":148,""y"":64,""RGB"":[52,54,56],""luminance"":9.317500090550034},{""x"":147,""y"":64,""RGB"":[52,54,56],""luminance"":9.317500090550034},{""x"":149,""y"":64,""RGB"":[52,54,56],""luminance"":9.317500090550034}]","[148,64]",132.63351248744624,9.317500090550034,150.49366276942803,123.31601239689621,143.0,238.572840030042,-17.860150281981788,123.31601239689621,17.860150281981788,"{""support_to_pixel"":""up"",""pixel_to_master"":""up""}",True,False,False,False,False,False,False,12.0,True,False
M0,149,63,[10],10,SAFE WORDMARK OWNERSHIP,16,"[0,0,0,16]","[184,190,198]","[184,190,198]","[185,191,199]","[196,203,211]","[{""x"":150,""y"":63,""RGB"":[190,197,204],""luminance"":140.8601834286622},{""x"":149,""y"":64,""RGB"":[52,54,56],""luminance"":9.317500090550034},{""x"":150,""y"":62,""RGB"":[195,202,210],""luminance"":149.16557738052728},{""x"":148,""y"":64,""RGB"":[52,54,56],""luminance"":9.317500090550034},{""x"":150,""y"":64,""RGB"":[50,51,52],""luminance"":8.398924732273553}]","[150,63]",130.29091275868703,140.8601834286622,150.83449665533615,-10.569270669975168,7.0,11.0,-20.543583896649125,-10.569270669975168,20.543583896649125,"{""support_to_pixel"":""down"",""pixel_to_master"":""up""}",False,True,False,True,False,False,True,13.0,True,False
M0,157,63,[10],10,AMBIGUOUS,3,"[0,0,0,3]","[195,203,210]","[195,203,210]","[195,203,211]","[197,205,213]","[{""x"":156,""y"":62,""RGB"":[195,202,211],""luminance"":149.29309114630328},{""x"":156,""y"":64,""RGB"":[196,203,212],""luminance"":150.9628062257317}]","[156,62]",150.36614900365203,149.29309114630328,153.85949331357259,1.0730578573487435,1.0,1.4142135623730951,-3.493344309920559,1.0730578573487435,3.493344309920559,"{""support_to_pixel"":""up"",""pixel_to_master"":""up""}",True,False,False,False,False,False,False,3.0,True,False
M0,164,63,[10],10,AMBIGUOUS,20,"[0,0,0,20]","[180,186,193]","[180,186,193]","[181,187,195]","[195,202,210]","[{""x"":165,""y"":63,""RGB"":[68,71,73],""luminance"":15.851970922832939},{""x"":165,""y"":62,""RGB"":[69,71,74],""luminance"":15.978549319049057},{""x"":165,""y"":64,""RGB"":[68,71,73],""luminance"":15.851970922832939}]","[165,63]",124.11198118576556,15.851970922832939,149.16557738052728,108.26001026293262,120.0,200.42205467462907,-25.053596194761724,108.26001026293262,25.053596194761724,"{""support_to_pixel"":""up"",""pixel_to_master"":""up""}",True,False,False,False,False,False,False,17.0,True,False
M0,169,63,[10],10,AMBIGUOUS,2,"[255,255,255,2]","[195,203,210]","[195,203,210]","[194,202,208]","[195,203,210]","[{""x"":168,""y"":62,""RGB"":[194,201,209],""luminance"":147.50748312623642}]","[168,62]",150.36614900365203,147.50748312623642,150.36614900365203,2.8586658774156035,2.0,2.449489742783178,0.0,2.8586658774156035,0.0,"{""support_to_pixel"":""up"",""pixel_to_master"":""flat""}",True,False,False,False,False,False,False,0.0,True,False
M0,175,63,[10],10,AMBIGUOUS,4,"[0,0,0,4]","[192,199,207]","[192,199,207]","[192,199,207]","[195,202,210]","[{""x"":176,""y"":63,""RGB"":[71,74,76],""luminance"":17.23533383348565},{""x"":176,""y"":62,""RGB"":[71,73,76],""luminance"":16.897531316040048},{""x"":176,""y"":64,""RGB"":[71,74,76],""luminance"":17.23533383348565}]","[176,63]",144.22368897950477,17.23533383348565,149.16557738052728,126.98835514601912,131.0,217.77740929674042,-4.94188840102251,126.98835514601912,4.94188840102251,"{""support_to_pixel"":""up"",""pixel_to_master"":""up""}",True,False,False,False,False,False,False,3.0,True,True
M0,200,63,[10],10,SAFE WORDMARK OWNERSHIP,16,"[0,0,0,16]","[173,180,187]","[173,180,187]","[174,181,188]","[185,192,200]","[{""x"":199,""y"":63,""RGB"":[180,185,194],""luminance"":123.15547313954707},{""x"":200,""y"":64,""RGB"":[50,51,53],""luminance"":8.422150357282906},{""x"":199,""y"":62,""RGB"":[184,191,199],""luminance"":131.5174529804402},{""x"":199,""y"":64,""RGB"":[48,50,51],""luminance"":8.028927450437044},{""x"":201,""y"":64,""RGB"":[50,51,53],""luminance"":8.422150357282906}]","[199,63]",115.04225348150526,123.15547313954707,133.0684153547334,-8.113219658041814,7.0,11.090536506409418,-18.026161873228133,-8.113219658041814,18.026161873228133,"{""support_to_pixel"":""down"",""pixel_to_master"":""up""}",False,True,False,True,False,False,True,13.0,True,False
M0,201,63,[10],10,AMBIGUOUS,14,"[0,0,0,14]","[174,180,187]","[174,180,187]","[175,181,188]","[184,191,198]","[{""x"":201,""y"":64,""RGB"":[50,51,53],""luminance"":8.422150357282906},{""x"":200,""y"":64,""RGB"":[50,51,53],""luminance"":8.422150357282906},{""x"":202,""y"":64,""RGB"":[50,51,52],""luminance"":8.398924732273553}]","[201,64]",115.33406032857008,8.422150357282906,131.3993772766959,106.91190997128717,134.0,223.54641576191733,-16.065316948125826,106.91190997128717,16.065316948125826,"{""support_to_pixel"":""up"",""pixel_to_master"":""up""}",True,False,False,False,False,False,False,11.0,True,False
M0,202,63,[10],10,AMBIGUOUS,14,"[0,0,0,14]","[171,179,185]","[171,179,185]","[172,179,186]","[181,189,196]","[{""x"":202,""y"":64,""RGB"":[50,51,52],""luminance"":8.398924732273553},{""x"":201,""y"":64,""RGB"":[50,51,53],""luminance"":8.422150357282906},{""x"":203,""y"":64,""RGB"":[49,51,52],""luminance"":8.334813016383164}]","[202,64]",113.22231708510499,8.398924732273553,128.0214020677412,104.82339235283143,133.0,220.71248265560334,-14.799084982636217,104.82339235283143,14.799084982636217,"{""support_to_pixel"":""up"",""pixel_to_master"":""up""}",True,False,False,False,False,False,False,11.0,True,False
M0,203,63,[10],10,AMBIGUOUS,13,"[0,0,0,13]","[171,178,184]","[171,178,184]","[172,179,185]","[180,188,194]","[{""x"":203,""y"":64,""RGB"":[49,51,52],""luminance"":8.334813016383164},{""x"":202,""y"":64,""RGB"":[50,51,52],""luminance"":8.398924732273553},{""x"":204,""y"":64,""RGB"":[49,50,52],""luminance"":8.114369035974981}]","[203,64]",112.09649054998974,8.334813016383164,126.39018834202892,103.76167753360657,132.0,220.0840748441377,-14.293697792039183,103.76167753360657,14.293697792039183,"{""support_to_pixel"":""up"",""pixel_to_master"":""up""}",True,False,False,False,False,False,False,10.0,True,False
M0,204,63,[10],10,SAFE WORDMARK OWNERSHIP,18,"[0,0,0,18]","[166,172,178]","[166,172,178]","[167,173,179]","[179,185,192]","[{""x"":205,""y"":63,""RGB"":[175,182,189],""luminance"":117.92214949094101},{""x"":204,""y"":64,""RGB"":[49,50,52],""luminance"":8.114369035974981},{""x"":203,""y"":64,""RGB"":[49,51,52],""luminance"":8.334813016383164},{""x"":205,""y"":64,""RGB"":[48,50,51],""luminance"":8.028927450437044}]","[205,63]",104.10729792677044,117.92214949094101,122.62287169204421,-13.814851564170567,11.0,17.378147196982766,-18.51557376527377,-13.814851564170567,18.51557376527377,"{""support_to_pixel"":""down"",""pixel_to_master"":""up""}",False,True,False,True,False,False,True,14.0,True,False
M0,82,64,[7],7,AMBIGUOUS,26,"[58,58,58,26]","[186,193,200]","[186,193,200]","[182,188,195]","[201,208,216]","[{""x"":83,""y"":64,""RGB"":[38,39,40],""luminance"":5.141586110610995},{""x"":83,""y"":63,""RGB"":[33,34,35],""luminance"":4.051279786223961},{""x"":83,""y"":65,""RGB"":[33,33,34],""luminance"":3.892674975954893}]","[83,64]",134.51036427937092,5.141586110610995,159.3421700546451,129.36877816875992,160.0,266.8707552355634,-24.831805775274177,129.36877816875992,24.831805775274177,"{""support_to_pixel"":""up"",""pixel_to_master"":""up""}",True,False,False,False,False,False,False,16.0,True,False
M0,104,64,[8],8,SAFE WORDMARK OWNERSHIP,19,"[0,0,0,19]","[186,193,201]","[186,193,201]","[187,195,202]","[201,209,217]","[{""x"":104,""y"":63,""RGB"":[189,195,203],""luminance"":138.11010953992292},{""x"":103,""y"":64,""RGB"":[42,43,44],""luminance"":6.124701088641758},{""x"":103,""y"":63,""RGB"":[42,43,44],""luminance"":6.124701088641758},{""x"":103,""y"":65,""RGB"":[42,43,44],""luminance"":6.124701088641758}]","[104,63]",134.62999854241482,138.11010953992292,160.7218837578162,-3.480110997508092,3.0,4.123105625617661,-26.091885215401362,-3.480110997508092,26.091885215401362,"{""support_to_pixel"":""down"",""pixel_to_master"":""up""}",False,True,False,True,False,False,True,16.0,True,False
M0,105,64,[8],8,AMBIGUOUS,2,"[255,255,255,2]","[200,207,216]","[200,207,216]","[199,205,214]","[200,207,216]","[{""x"":104,""y"":63,""RGB"":[189,195,203],""luminance"":138.11010953992292}]","[104,63]",157.75033209639287,138.11010953992292,157.75033209639287,19.64022255646995,13.0,20.83266665599966,0.0,19.64022255646995,0.0,"{""support_to_pixel"":""up"",""pixel_to_master"":""flat""}",True,False,False,False,False,False,False,0.0,True,False
M0,109,64,[8],8,AMBIGUOUS,23,"[0,0,0,23]","[182,188,195]","[182,188,195]","[183,190,197]","[200,207,215]","[{""x"":110,""y"":64,""RGB"":[66,68,70],""luminance"":14.623463467758517},{""x"":110,""y"":63,""RGB"":[67,69,71],""luminance"":15.056392837283298},{""x"":110,""y"":65,""RGB"":[66,68,70],""luminance"":14.623463467758517}]","[110,64]",127.12171666706271,14.623463467758517,157.6188252175612,112.4982531993042,125.0,208.5209821576716,-30.497108550498496,112.4982531993042,30.497108550498496,"{""support_to_pixel"":""up"",""pixel_to_master"":""up""}",True,False,False,False,False,False,False,20.0,True,False
M0,138,64,[9],9,AMBIGUOUS,21,"[24,24,24,21]","[183,191,198]","[183,191,198]","[182,190,198]","[197,206,214]","[{""x"":137,""y"":64,""RGB"":[47,48,50],""luminance"":7.518755981990197},{""x"":137,""y"":63,""RGB"":[45,46,48],""luminance"":6.949461174987919},{""x"":137,""y"":65,""RGB"":[47,49,50],""luminance"":7.729693758808827}]","[137,64]",131.0855551909228,7.518755981990197,155.21332253383684,123.56679920893261,148.0,246.67590072806058,-24.12776734291404,123.56679920893261,24.12776734291404,"{""support_to_pixel"":""up"",""pixel_to_master"":""up""}",True,False,False,False,False,False,False,16.0,True,False
M0,164,64,[10],10,AMBIGUOUS,20,"[0,0,0,20]","[181,187,194]","[181,187,194]","[182,188,196]","[196,203,211]","[{""x"":165,""y"":64,""RGB"":[68,71,73],""luminance"":15.851970922832939},{""x"":165,""y"":63,""RGB"":[68,71,73],""luminance"":15.851970922832939},{""x"":165,""y"":65,""RGB"":[69,71,73],""luminance"":15.944447890414308}]","[165,64]",125.61158916168758,15.851970922832939,150.83449665533615,109.75961823885464,121.0,202.15340709471113,-25.222907493648577,109.75961823885464,25.222907493648577,"{""support_to_pixel"":""up"",""pixel_to_master"":""up""}",True,False,False,False,False,False,False,17.0,True,False
M0,175,64,[10],10,AMBIGUOUS,4,"[0,0,0,4]","[192,199,208]","[192,199,208]","[192,199,208]","[195,202,211]","[{""x"":176,""y"":64,""RGB"":[71,74,76],""luminance"":17.23533383348565},{""x"":176,""y"":63,""RGB"":[71,74,76],""luminance"":17.23533383348565},{""x"":176,""y"":65,""RGB"":[71,73,76],""luminance"":16.897531316040048}]","[176,64]",144.34882384564384,17.23533383348565,149.29309114630328,127.11349001215818,132.0,218.38040205109982,-4.9442673006594475,127.11349001215818,4.9442673006594475,"{""support_to_pixel"":""up"",""pixel_to_master"":""up""}",True,False,False,False,False,False,False,3.0,True,True
M0,82,65,[7],7,AMBIGUOUS,26,"[68,68,68,26]","[187,194,202]","[187,194,202]","[182,188,196]","[201,208,217]","[{""x"":83,""y"":65,""RGB"":[33,33,34],""luminance"":3.892674975954893},{""x"":83,""y"":64,""RGB"":[38,39,40],""luminance"":5.141586110610995},{""x"":83,""y"":66,""RGB"":[33,33,34],""luminance"":3.892674975954893}]","[83,65]",136.20222322947293,3.892674975954893,159.47447976454535,132.30954825351805,168.0,279.0358399919265,-23.272256535072415,132.30954825351805,23.272256535072415,"{""support_to_pixel"":""up"",""pixel_to_master"":""up""}",True,False,False,False,False,False,False,15.0,True,False
M0,104,65,[8],8,AMBIGUOUS,19,"[0,0,0,19]","[185,192,200]","[185,192,200]","[186,194,201]","[200,208,216]","[{""x"":103,""y"":65,""RGB"":[42,43,44],""luminance"":6.124701088641758},{""x"":103,""y"":64,""RGB"":[42,43,44],""luminance"":6.124701088641758},{""x"":103,""y"":66,""RGB"":[42,43,44],""luminance"":6.124701088641758}]","[103,65]",133.0684153547334,6.124701088641758,158.98989520252405,126.94371426609163,156.0,258.81653733871025,-25.921479847790664,126.94371426609163,25.921479847790664,"{""support_to_pixel"":""up"",""pixel_to_master"":""up""}",True,False,False,False,False,False,False,16.0,True,False
M0,109,65,[8],8,AMBIGUOUS,23,"[0,0,0,23]","[181,188,195]","[181,188,195]","[182,190,197]","[199,207,215]","[{""x"":110,""y"":65,""RGB"":[66,68,70],""luminance"":14.623463467758517},{""x"":110,""y"":64,""RGB"":[66,68,70],""luminance"":14.623463467758517},{""x"":110,""y"":66,""RGB"":[66,68,70],""luminance"":14.623463467758517}]","[110,65]",126.81233411069861,14.623463467758517,157.26884718032773,112.1888706429401,125.0,207.9663434308542,-30.45651306962911,112.1888706429401,30.45651306962911,"{""support_to_pixel"":""up"",""pixel_to_master"":""up""}",True,False,False,False,False,False,False,20.0,True,False
M0,122,65,[9],9,AMBIGUOUS,3,"[170,170,170,3]","[198,205,213]","[198,205,213]","[196,203,212]","[198,205,214]","[{""x"":123,""y"":64,""RGB"":[192,199,207],""luminance"":144.22368897950477}]","[123,64]",154.2048906291114,144.22368897950477,154.33479604318444,9.981201649606618,6.0,10.392304845413264,-0.12990541407305045,9.981201649606618,0.12990541407305045,"{""support_to_pixel"":""up"",""pixel_to_master"":""up""}",True,False,False,False,False,False,False,1.0,True,False
M0,138,65,[9],9,AMBIGUOUS,21,"[24,24,24,21]","[183,190,197]","[183,190,197]","[182,189,197]","[197,205,213]","[{""x"":137,""y"":65,""RGB"":[47,49,50],""luminance"":7.729693758808827},{""x"":137,""y"":64,""RGB"":[47,48,50],""luminance"":7.518755981990197},{""x"":137,""y"":66,""RGB"":[45,46,47],""luminance"":6.928642109469312}]","[137,65]",129.859792054937,7.729693758808827,153.85949331357259,122.13009829612818,147.0,244.92039523077696,-23.999701258635582,122.13009829612818,23.999701258635582,"{""support_to_pixel"":""up"",""pixel_to_master"":""up""}",True,False,False,False,False,False,False,16.0,True,False
M0,164,65,[10],10,AMBIGUOUS,20,"[0,0,0,20]","[181,188,195]","[181,188,195]","[182,189,197]","[196,204,212]","[{""x"":165,""y"":65,""RGB"":[69,71,73],""luminance"":15.944447890414308},{""x"":165,""y"":64,""RGB"":[68,71,73],""luminance"":15.851970922832939},{""x"":165,""y"":66,""RGB"":[68,71,73],""luminance"":15.851970922832939}]","[165,65]",126.81233411069861,15.944447890414308,152.17114762218307,110.8678862202843,122.0,202.7732724004818,-25.358813511484456,110.8678862202843,25.358813511484456,"{""support_to_pixel"":""up"",""pixel_to_master"":""up""}",True,False,False,False,False,False,False,17.0,True,False
M0,175,65,[10],10,SAFE WORDMARK OWNERSHIP,4,"[0,0,0,4]","[192,199,207]","[192,199,207]","[192,199,207]","[195,202,210]","[{""x"":176,""y"":65,""RGB"":[71,73,76],""luminance"":16.897531316040048},{""x"":175,""y"":66,""RGB"":[192,199,207],""luminance"":144.22368897950477},{""x"":176,""y"":64,""RGB"":[71,74,76],""luminance"":17.23533383348565},{""x"":176,""y"":66,""RGB"":[71,73,76],""luminance"":16.897531316040048}]","[176,65]",144.22368897950477,16.897531316040048,149.16557738052728,127.32615766346473,131.0,218.35292532961404,-4.94188840102251,127.32615766346473,4.94188840102251,"{""support_to_pixel"":""up"",""pixel_to_master"":""up""}",True,False,False,False,False,False,False,3.0,True,True
M0,193,65,[10],10,SAFE WORDMARK OWNERSHIP,1,"[0,0,0,1]","[190,197,205]","[190,197,205]","[190,197,205]","[191,198,206]","[{""x"":192,""y"":65,""RGB"":[190,196,204],""luminance"":139.7059278908755},{""x"":192,""y"":64,""RGB"":[190,198,204],""luminance"":142.0221220931651},{""x"":192,""y"":66,""RGB"":[189,196,204],""luminance"":139.3786795453267},{""x"":194,""y"":66,""RGB"":[185,191,198],""luminance"":131.71542589051052}]","[192,65]",140.98295224714016,139.7059278908755,142.59794859527804,1.2770243562646613,1.0,1.4142135623730951,-1.614996348137879,1.2770243562646613,1.614996348137879,"{""support_to_pixel"":""up"",""pixel_to_master"":""up""}",True,False,False,False,False,False,False,1.0,True,True
M0,82,66,[7],7,AMBIGUOUS,26,"[68,68,68,26]","[187,194,201]","[187,194,201]","[182,188,195]","[201,208,216]","[{""x"":83,""y"":66,""RGB"":[33,33,34],""luminance"":3.892674975954893},{""x"":83,""y"":65,""RGB"":[33,33,34],""luminance"":3.892674975954893},{""x"":83,""y"":67,""RGB"":[32,33,34],""luminance"":3.851219876420491}]","[83,66]",136.08180750110122,3.892674975954893,159.3421700546451,132.18913252514633,167.0,278.43491160413055,-23.26036255354387,132.18913252514633,23.26036255354387,"{""support_to_pixel"":""up"",""pixel_to_master"":""up""}",True,False,False,False,False,False,False,15.0,True,False
M0,104,66,[8],8,AMBIGUOUS,19,"[0,0,0,19]","[183,191,199]","[183,191,199]","[184,192,200]","[198,206,215]","[{""x"":103,""y"":66,""RGB"":[42,43,44],""luminance"":6.124701088641758},{""x"":103,""y"":65,""RGB"":[42,43,44],""luminance"":6.124701088641758},{""x"":103,""y"":67,""RGB"":[42,43,44],""luminance"":6.124701088641758}]","[103,66]",131.20363089466713,6.124701088641758,155.6894252950425,125.07892980602537,155.0,256.5345980564805,-24.48579440037537,125.07892980602537,24.48579440037537,"{""support_to_pixel"":""up"",""pixel_to_master"":""up""}",True,False,False,False,False,False,False,16.0,True,False
M0,109,66,[8],8,AMBIGUOUS,23,"[0,0,0,23]","[180,187,195]","[180,187,195]","[181,189,196]","[198,206,214]","[{""x"":110,""y"":66,""RGB"":[66,68,70],""luminance"":14.623463467758517},{""x"":110,""y"":65,""RGB"":[66,68,70],""luminance"":14.623463467758517},{""x"":110,""y"":67,""RGB"":[66,68,70],""luminance"":14.623463467758517}]","[110,66]",125.41939576518708,14.623463467758517,155.5587198493756,110.79593229742856,125.0,206.83810093887442,-30.139324084188516,110.79593229742856,30.139324084188516,"{""support_to_pixel"":""up"",""pixel_to_master"":""up""}",True,False,False,False,False,False,False,19.0,True,False
M0,138,66,[9],9,AMBIGUOUS,20,"[12,12,12,20]","[183,190,197]","[183,190,197]","[184,190,197]","[198,205,213]","[{""x"":137,""y"":66,""RGB"":[45,46,47],""luminance"":6.928642109469312},{""x"":137,""y"":65,""RGB"":[47,49,50],""luminance"":7.729693758808827},{""x"":137,""y"":67,""RGB"":[46,47,48],""luminance"":7.209545757921911}]","[137,66]",129.859792054937,6.928642109469312,154.2048906291114,122.9311499454677,150.0,249.55961211702507,-24.345098574174386,122.9311499454677,24.345098574174386,"{""support_to_pixel"":""up"",""pixel_to_master"":""up""}",True,False,False,False,False,False,False,16.0,True,False
M0,164,66,[10],10,AMBIGUOUS,20,"[0,0,0,20]","[180,187,194]","[180,187,194]","[181,188,196]","[195,203,211]","[{""x"":165,""y"":66,""RGB"":[68,71,73],""luminance"":15.851970922832939},{""x"":165,""y"":65,""RGB"":[69,71,73],""luminance"":15.944447890414308},{""x"":165,""y"":67,""RGB"":[68,70,73],""luminance"":15.530266329864324}]","[165,66]",125.30441957910249,15.851970922832939,150.49366276942803,109.45244865626955,121.0,201.59613091525344,-25.18924319032554,109.45244865626955,25.18924319032554,"{""support_to_pixel"":""up"",""pixel_to_master"":""up""}",True,False,False,False,False,False,False,17.0,True,False
M0,66,67,[6],6,SAFE WORDMARK OWNERSHIP,1,"[0,0,0,1]","[202,209,217]","[202,209,217]","[202,209,217]","[203,210,218]","[{""x"":66,""y"":66,""RGB"":[201,208,216],""luminance"":159.3421700546451}]","[66,66]",161.0764597114425,159.3421700546451,162.82171396400958,1.734289656797415,1.0,1.7320508075688772,-1.7452542525670651,1.734289656797415,1.7452542525670651,"{""support_to_pixel"":""up"",""pixel_to_master"":""up""}",True,False,False,False,False,False,False,1.0,True,True
M0,67,67,[6],6,SAFE WORDMARK OWNERSHIP,3,"[0,0,0,3]","[200,208,215]","[200,208,215]","[200,208,216]","[202,210,218]","[{""x"":66,""y"":66,""RGB"":[201,208,216],""luminance"":159.3421700546451},{""x"":68,""y"":66,""RGB"":[197,205,212],""luminance"":153.7303865258296}]","[66,66]",158.8583883236924,159.3421700546451,162.46483263420487,-0.4837817309526997,1.0,1.4142135623730951,-3.6064443105124724,-0.4837817309526997,3.6064443105124724,"{""support_to_pixel"":""down"",""pixel_to_master"":""up""}",False,True,False,True,False,False,True,3.0,True,False
M0,82,67,[7],7,AMBIGUOUS,26,"[68,68,68,26]","[186,194,201]","[186,194,201]","[181,188,195]","[200,208,216]","[{""x"":83,""y"":67,""RGB"":[32,33,34],""luminance"":3.851219876420491},{""x"":83,""y"":66,""RGB"":[33,33,34],""luminance"":3.892674975954893},{""x"":83,""y"":68,""RGB"":[32,32,33],""luminance"":3.697258471596185}]","[83,67]",135.76129237266696,3.851219876420491,158.98989520252405,131.91007249624647,167.0,278.43491160413055,-23.228602829857095,131.91007249624647,23.228602829857095,"{""support_to_pixel"":""up"",""pixel_to_master"":""up""}",True,False,False,False,False,False,False,15.0,True,False
M0,104,67,[8],8,AMBIGUOUS,19,"[0,0,0,19]","[184,191,199]","[184,191,199]","[185,192,200]","[199,206,215]","[{""x"":103,""y"":67,""RGB"":[42,43,44],""luminance"":6.124701088641758},{""x"":103,""y"":66,""RGB"":[42,43,44],""luminance"":6.124701088641758},{""x"":103,""y"":68,""RGB"":[42,43,44],""luminance"":6.124701088641758}]","[103,67]",131.5174529804402,6.124701088641758,156.03711081604033,125.39275189179844,155.0,257.08558886098615,-24.51965783560013,125.39275189179844,24.51965783560013,"{""support_to_pixel"":""up"",""pixel_to_master"":""up""}",True,False,False,False,False,False,False,16.0,True,False
M0,109,67,[8],8,AMBIGUOUS,23,"[0,0,0,23]","[179,186,194]","[179,186,194]","[181,188,195]","[197,205,213]","[{""x"":110,""y"":67,""RGB"":[66,68,70],""luminance"":14.623463467758517},{""x"":110,""y"":66,""RGB"":[66,68,70],""luminance"":14.623463467758517},{""x"":110,""y"":68,""RGB"":[65,68,69],""luminance"":14.503718799412393}]","[110,67]",123.92122502905937,14.623463467758517,153.85949331357259,109.29776156130086,124.0,205.10728899773406,-29.938268284513214,109.29776156130086,29.938268284513214,"{""support_to_pixel"":""up"",""pixel_to_master"":""up""}",True,False,False,False,False,False,False,19.0,True,False
M0,125,67,[9],9,SAFE WORDMARK OWNERSHIP,2,"[0,0,0,2]","[196,203,212]","[196,203,212]","[197,204,212]","[198,205,214]","[{""x"":126,""y"":66,""RGB"":[190,198,205],""luminance"":142.1448909116431}]","[126,66]",150.9628062257317,142.1448909116431,154.33479604318444,8.817915314088594,7.0,10.488088481701515,-3.371989817452743,8.817915314088594,3.371989817452743,"{""support_to_pixel"":""up"",""pixel_to_master"":""up""}",True,False,False,False,False,False,False,2.0,True,False
M0,138,67,[9],9,SAFE WORDMARK OWNERSHIP,19,"[13,13,13,19]","[183,191,198]","[183,191,198]","[183,191,198]","[197,205,213]","[{""x"":137,""y"":67,""RGB"":[46,47,48],""luminance"":7.209545757921911},{""x"":138,""y"":68,""RGB"":[196,204,212],""luminance"":152.17114762218307},{""x"":137,""y"":66,""RGB"":[45,46,47],""luminance"":6.928642109469312},{""x"":137,""y"":68,""RGB"":[75,77,80],""luminance"":18.8261327267074}]","[137,67]",131.0855551909228,7.209545757921911,153.85949331357259,123.87600943300089,150.0,249.00803199896987,-22.77393812264978,123.87600943300089,22.77393812264978,"{""support_to_pixel"":""up"",""pixel_to_master"":""up""}",True,False,False,False,False,False,False,15.0,True,True
M0,153,67,[10],10,SAFE WORDMARK OWNERSHIP,3,"[0,0,0,3]","[194,201,209]","[194,201,209]","[194,201,209]","[196,203,211]","[{""x"":152,""y"":66,""RGB"":[191,199,208],""luminance"":144.01706454588225},{""x"":154,""y"":66,""RGB"":[195,202,209],""luminance"":149.03885800287105}]","[152,66]",147.50748312623642,144.01706454588225,150.83449665533615,3.4904185803541736,3.0,3.7416573867739413,-3.3270135290997302,3.4904185803541736,3.3270135290997302,"{""support_to_pixel"":""up"",""pixel_to_master"":""up""}",True,False,False,False,False,False,False,2.0,True,True
M0,164,67,[10],10,AMBIGUOUS,20,"[0,0,0,20]","[179,186,194]","[179,186,194]","[180,187,196]","[194,202,211]","[{""x"":165,""y"":67,""RGB"":[68,70,73],""luminance"":15.530266329864324},{""x"":165,""y"":66,""RGB"":[68,71,73],""luminance"":15.851970922832939},{""x"":165,""y"":68,""RGB"":[68,70,73],""luminance"":15.530266329864324}]","[165,67]",123.92122502905937,15.530266329864324,148.95453245985473,108.39095869919505,121.0,201.04228410958726,-25.03330743079536,108.39095869919505,25.03330743079536,"{""support_to_pixel"":""up"",""pixel_to_master"":""up""}",True,False,False,False,False,False,False,17.0,True,False
M0,174,67,[10],10,SAFE WORDMARK OWNERSHIP,1,"[0,0,0,1]","[194,202,210]","[194,202,210]","[194,202,210]","[195,203,211]","[{""x"":175,""y"":67,""RGB"":[194,201,209],""luminance"":147.50748312623642},{""x"":175,""y"":66,""RGB"":[192,199,207],""luminance"":144.22368897950477},{""x"":175,""y"":68,""RGB"":[194,202,210],""luminance"":148.82701869407873}]","[175,67]",148.82701869407873,147.50748312623642,150.49366276942803,1.3195355678423084,1.0,1.4142135623730951,-1.6666440753492964,1.3195355678423084,1.6666440753492964,"{""support_to_pixel"":""up"",""pixel_to_master"":""up""}",True,False,False,False,False,False,False,1.0,True,True
M0,199,67,[10],10,AMBIGUOUS,1,"[255,255,255,1]","[184,190,198]","[184,190,198]","[183,189,197]","[184,190,198]","[{""x"":199,""y"":66,""RGB"":[121,125,130],""luminance"":51.876906376506724},{""x"":198,""y"":66,""RGB"":[81,84,87],""luminance"":22.384149374225466},{""x"":200,""y"":66,""RGB"":[120,125,129],""luminance"":51.625464019872666},{""x"":198,""y"":68,""RGB"":[182,189,196],""luminance"":128.3307846241053}]","[199,66]",130.29091275868703,51.876906376506724,130.29091275868703,78.4140063821803,68.0,113.21660655575224,0.0,78.4140063821803,0.0,"{""support_to_pixel"":""up"",""pixel_to_master"":""flat""}",True,False,False,False,False,False,False,0.0,True,False
M0,69,68,[6],6,AMBIGUOUS,1,"[255,255,255,1]","[201,209,216]","[201,209,216]","[200,208,215]","[201,209,216]","[{""x"":68,""y"":69,""RGB"":[199,207,215],""luminance"":157.26884718032773}]","[68,69]",160.58957404791593,157.26884718032773,160.58957404791593,3.3207268675882062,2.0,3.0,0.0,3.3207268675882062,0.0,"{""support_to_pixel"":""up"",""pixel_to_master"":""flat""}",True,False,False,False,False,False,False,0.0,True,False
M0,73,68,[6],6,AMBIGUOUS,2,"[127,127,127,2]","[201,209,216]","[201,209,216]","[201,208,215]","[202,210,217]","[{""x"":74,""y"":69,""RGB"":[201,209,217],""luminance"":160.7218837578162}]","[74,69]",160.58957404791593,160.7218837578162,162.33171869897373,-0.13230970990025526,1.0,1.0,-1.7421446510577994,-0.13230970990025526,1.7421446510577994,"{""support_to_pixel"":""down"",""pixel_to_master"":""up""}",False,True,False,True,False,False,True,1.0,True,False
M0,74,68,[6],6,AMBIGUOUS,2,"[127,127,127,2]","[202,210,217]","[202,210,217]","[202,209,216]","[203,211,218]","[{""x"":75,""y"":68,""RGB"":[200,207,215],""luminance"":157.6188252175612},{""x"":74,""y"":69,""RGB"":[201,209,217],""luminance"":160.7218837578162},{""x"":75,""y"":69,""RGB"":[199,207,215],""luminance"":157.26884718032773}]","[75,68]",162.33171869897373,157.6188252175612,164.0848420150205,4.712893481412522,3.0,4.123105625617661,-1.753123316046782,4.712893481412522,1.753123316046782,"{""support_to_pixel"":""up"",""pixel_to_master"":""up""}",True,False,False,False,False,False,False,1.0,True,False
M0,82,68,[7],7,AMBIGUOUS,27,"[66,66,66,27]","[186,193,200]","[186,193,200]","[180,188,195]","[200,208,216]","[{""x"":83,""y"":68,""RGB"":[32,32,33],""luminance"":3.697258471596185},{""x"":83,""y"":67,""RGB"":[32,33,34],""luminance"":3.851219876420491},{""x"":83,""y"":69,""RGB"":[34,35,35],""luminance"":4.241909607519372}]","[83,68]",134.51036427937092,3.697258471596185,158.98989520252405,130.81310580777475,167.0,278.43491160413055,-24.479530923153135,130.81310580777475,24.479530923153135,"{""support_to_pixel"":""up"",""pixel_to_master"":""up""}",True,False,False,False,False,False,False,16.0,True,False
M0,87,68,[7],7,AMBIGUOUS,4,"[127,127,127,4]","[200,208,216]","[200,208,216]","[198,206,214]","[201,209,217]","[{""x"":87,""y"":69,""RGB"":[200,208,215],""luminance"":158.8583883236924}]","[87,69]",158.98989520252405,158.8583883236924,160.7218837578162,0.13150687883165801,1.0,1.0,-1.7319885552921335,0.13150687883165801,1.7319885552921335,"{""support_to_pixel"":""up"",""pixel_to_master"":""up""}",True,False,False,False,False,False,False,1.0,True,False
M0,88,68,[7],7,AMBIGUOUS,1,"[255,255,255,1]","[201,208,215]","[201,208,215]","[200,207,214]","[201,208,215]","[{""x"":87,""y"":69,""RGB"":[200,208,215],""luminance"":158.8583883236924}]","[87,69]",159.21066317581344,158.8583883236924,159.21066317581344,0.3522748521210417,1.0,1.0,0.0,0.3522748521210417,0.0,"{""support_to_pixel"":""up"",""pixel_to_master"":""flat""}",True,False,False,False,False,False,False,0.0,True,False
M0,93,68,[7],7,AMBIGUOUS,1,"[255,255,255,1]","[200,207,216]","[200,207,216]","[199,206,215]","[200,207,216]","[{""x"":94,""y"":69,""RGB"":[199,206,214],""luminance"":155.90640537037342}]","[94,69]",157.75033209639287,155.90640537037342,157.75033209639287,1.843926726019447,2.0,2.449489742783178,0.0,1.843926726019447,0.0,"{""support_to_pixel"":""up"",""pixel_to_master"":""flat""}",True,False,False,False,False,False,False,0.0,True,False
M0,94,68,[7],7,AMBIGUOUS,4,"[127,127,127,4]","[199,207,215]","[199,207,215]","[197,205,213]","[200,208,216]","[{""x"":94,""y"":69,""RGB"":[199,206,214],""luminance"":155.90640537037342}]","[94,69]",157.26884718032773,155.90640537037342,158.98989520252405,1.362441809954305,1.0,1.4142135623730951,-1.721048022196328,1.362441809954305,1.721048022196328,"{""support_to_pixel"":""up"",""pixel_to_master"":""up""}",True,False,False,False,False,False,False,1.0,True,False
M0,104,68,[8],8,AMBIGUOUS,19,"[0,0,0,19]","[184,191,199]","[184,191,199]","[185,193,200]","[199,207,215]","[{""x"":103,""y"":68,""RGB"":[42,43,44],""luminance"":6.124701088641758},{""x"":103,""y"":67,""RGB"":[42,43,44],""luminance"":6.124701088641758},{""x"":103,""y"":69,""RGB"":[42,43,44],""luminance"":6.124701088641758}]","[103,68]",131.5174529804402,6.124701088641758,157.26884718032773,125.39275189179844,155.0,257.08558886098615,-25.751394199887528,125.39275189179844,25.751394199887528,"{""support_to_pixel"":""up"",""pixel_to_master"":""up""}",True,False,False,False,False,False,False,16.0,True,False
M0,109,68,[8],8,AMBIGUOUS,23,"[0,0,0,23]","[179,186,194]","[179,186,194]","[181,188,195]","[197,205,213]","[{""x"":110,""y"":68,""RGB"":[65,68,69],""luminance"":14.503718799412393},{""x"":110,""y"":67,""RGB"":[66,68,70],""luminance"":14.623463467758517},{""x"":110,""y"":69,""RGB"":[65,67,70],""luminance"":14.229824862811848}]","[110,68]",123.92122502905937,14.503718799412393,153.85949331357259,109.41750622964697,125.0,206.26439343716112,-29.938268284513214,109.41750622964697,29.938268284513214,"{""support_to_pixel"":""up"",""pixel_to_master"":""up""}",True,False,False,False,False,False,False,19.0,True,False
M0,126,68,[9],9,AMBIGUOUS,1,"[0,0,0,1]","[196,204,212]","[196,204,212]","[196,204,212]","[197,205,213]","[{""x"":126,""y"":69,""RGB"":[196,204,212],""luminance"":152.17114762218307},{""x"":125,""y"":69,""RGB"":[196,204,212],""luminance"":152.17114762218307}]","[126,69]",152.17114762218307,152.17114762218307,153.85949331357259,0.0,0.0,0.0,-1.6883456913895145,0.0,1.6883456913895145,"{""support_to_pixel"":""flat"",""pixel_to_master"":""up""}",True,False,False,False,False,False,False,1.0,True,True
M0,127,68,[9],9,AMBIGUOUS,1,"[255,255,255,1]","[198,205,213]","[198,205,213]","[197,204,212]","[198,205,213]","[{""x"":126,""y"":69,""RGB"":[196,204,212],""luminance"":152.17114762218307}]","[126,69]",154.2048906291114,152.17114762218307,154.2048906291114,2.0337430069283187,2.0,2.449489742783178,0.0,2.0337430069283187,0.0,"{""support_to_pixel"":""up"",""pixel_to_master"":""flat""}",True,False,False,False,False,False,False,0.0,True,False
M0,131,68,[9],9,AMBIGUOUS,2,"[127,127,127,2]","[196,203,212]","[196,203,212]","[196,203,211]","[197,204,213]","[{""x"":132,""y"":69,""RGB"":[193,201,209],""luminance"":147.17119527904458}]","[132,69]",150.9628062257317,147.17119527904458,152.64336784299854,3.791610946687115,3.0,4.69041575982343,-1.6805616172668465,3.791610946687115,1.6805616172668465,"{""support_to_pixel"":""up"",""pixel_to_master"":""up""}",True,False,False,False,False,False,False,1.0,True,False
M0,132,68,[9],9,AMBIGUOUS,2,"[127,127,127,2]","[197,204,212]","[197,204,212]","[197,204,211]","[198,205,213]","[{""x"":133,""y"":68,""RGB"":[196,204,212],""luminance"":152.17114762218307},{""x"":132,""y"":69,""RGB"":[193,201,209],""luminance"":147.17119527904458},{""x"":133,""y"":69,""RGB"":[186,193,200],""luminance"":134.51036427937092}]","[133,68]",152.51426105525556,152.17114762218307,154.2048906291114,0.34311343307248876,1.0,1.0,-1.69062957385583,0.34311343307248876,1.69062957385583,"{""support_to_pixel"":""up"",""pixel_to_master"":""up""}",True,False,False,False,False,False,False,1.0,True,False
M0,144,68,[10],10,AMBIGUOUS,1,"[255,255,255,1]","[195,203,211]","[195,203,211]","[194,202,210]","[195,203,211]","[{""x"":143,""y"":68,""RGB"":[161,168,173],""luminance"":98.4286252560526},{""x"":143,""y"":67,""RGB"":[177,184,192],""luminance"":120.95634865800383},{""x"":143,""y"":69,""RGB"":[163,168,175],""luminance"":99.16169490044204}]","[143,68]",150.49366276942803,98.4286252560526,150.49366276942803,52.06503751337543,38.0,61.84658438426491,0.0,52.06503751337543,0.0,"{""support_to_pixel"":""up"",""pixel_to_master"":""flat""}",True,False,False,False,False,False,False,0.0,True,False
M0,164,68,[10],10,AMBIGUOUS,20,"[0,0,0,20]","[180,186,193]","[180,186,193]","[181,187,195]","[195,202,210]","[{""x"":165,""y"":68,""RGB"":[68,70,73],""luminance"":15.530266329864324},{""x"":165,""y"":67,""RGB"":[68,70,73],""luminance"":15.530266329864324},{""x"":165,""y"":69,""RGB"":[69,72,74],""luminance"":16.305594905920334}]","[165,68]",124.11198118576556,15.530266329864324,149.16557738052728,108.58171485590124,120.0,200.9975124224178,-25.053596194761724,108.58171485590124,25.053596194761724,"{""support_to_pixel"":""up"",""pixel_to_master"":""up""}",True,False,False,False,False,False,False,17.0,True,False
M0,174,68,[10],10,SAFE WORDMARK OWNERSHIP,1,"[0,0,0,1]","[195,202,210]","[195,202,210]","[195,202,210]","[196,203,211]","[{""x"":175,""y"":68,""RGB"":[194,202,210],""luminance"":148.82701869407873},{""x"":175,""y"":67,""RGB"":[194,201,209],""luminance"":147.50748312623642}]","[175,68]",149.16557738052728,148.82701869407873,150.83449665533615,0.33855868644855036,1.0,1.0,-1.6689192748088715,0.33855868644855036,1.6689192748088715,"{""support_to_pixel"":""up"",""pixel_to_master"":""up""}",True,False,False,False,False,False,False,1.0,True,True
M0,179,68,[10],10,AMBIGUOUS,23,"[11,11,11,23]","[177,185,192]","[177,185,192]","[178,185,192]","[194,202,210]","[{""x"":178,""y"":68,""RGB"":[50,52,53],""luminance"":8.647392055691393},{""x"":179,""y"":69,""RGB"":[95,98,102],""luminance"":30.925304313554935},{""x"":178,""y"":67,""RGB"":[95,98,102],""luminance"":30.925304313554935},{""x"":178,""y"":69,""RGB"":[16,16,16],""luminance"":1.3212867590962885},{""x"":180,""y"":69,""RGB"":[181,188,195],""luminance"":126.81233411069861}]","[178,68]",122.01955641247334,8.647392055691393,148.82701869407873,113.37216435678194,139.0,230.51897969581594,-26.807462281605396,113.37216435678194,26.807462281605396,"{""support_to_pixel"":""up"",""pixel_to_master"":""up""}",True,False,False,False,False,False,False,18.0,True,False
M0,181,68,[10],10,AMBIGUOUS,2,"[127,127,127,2]","[193,201,209]","[193,201,209]","[193,201,208]","[194,202,210]","[{""x"":181,""y"":69,""RGB"":[191,198,207],""luminance"":142.72229334569965},{""x"":180,""y"":69,""RGB"":[181,188,195],""luminance"":126.81233411069861}]","[181,69]",147.17119527904458,142.72229334569965,148.82701869407873,4.448901933344928,3.0,4.123105625617661,-1.655823415034149,4.448901933344928,1.655823415034149,"{""support_to_pixel"":""up"",""pixel_to_master"":""up""}",True,False,False,False,False,False,False,1.0,True,False
M0,182,68,[10],10,AMBIGUOUS,1,"[255,255,255,1]","[194,201,210]","[194,201,210]","[193,200,209]","[194,201,210]","[{""x"":181,""y"":69,""RGB"":[191,198,207],""luminance"":142.72229334569965}]","[181,69]",147.63420250389268,142.72229334569965,147.63420250389268,4.911909158193026,3.0,5.196152422706632,0.0,4.911909158193026,0.0,"{""support_to_pixel"":""up"",""pixel_to_master"":""flat""}",True,False,False,False,False,False,False,0.0,True,False
M0,186,68,[10],10,AMBIGUOUS,2,"[127,127,127,2]","[192,200,207]","[192,200,207]","[192,200,206]","[193,201,208]","[{""x"":187,""y"":69,""RGB"":[189,197,205],""luminance"":140.65570390159135}]","[187,69]",145.40103748481704,140.65570390159135,147.04526886920934,4.745333583225687,3.0,4.69041575982343,-1.6442313843922989,4.745333583225687,1.6442313843922989,"{""support_to_pixel"":""up"",""pixel_to_master"":""up""}",True,False,False,False,False,False,False,1.0,True,False
M0,187,68,[10],10,AMBIGUOUS,3,"[255,255,255,3]","[194,202,210]","[194,202,210]","[191,199,207]","[193,201,209]","[{""x"":187,""y"":69,""RGB"":[189,197,205],""luminance"":140.65570390159135},{""x"":188,""y"":69,""RGB"":[191,199,208],""luminance"":144.01706454588225}]","[187,69]",148.82701869407873,140.65570390159135,147.17119527904458,8.17131479248738,5.0,8.660254037844387,1.655823415034149,8.17131479248738,-1.655823415034149,"{""support_to_pixel"":""up"",""pixel_to_master"":""down""}",False,True,True,False,True,False,True,1.0,True,False
M0,199,68,[10],10,AMBIGUOUS,3,"[0,0,0,3]","[183,189,197]","[183,189,197]","[183,189,197]","[185,191,199]","[{""x"":198,""y"":68,""RGB"":[182,189,196],""luminance"":128.3307846241053}]","[198,68]",128.75890768646795,128.3307846241053,131.83350159425484,0.4281230623626584,1.0,1.4142135623730951,-3.074593907786891,0.4281230623626584,3.074593907786891,"{""support_to_pixel"":""up"",""pixel_to_master"":""up""}",True,False,False,False,False,False,False,2.0,True,True
M0,205,68,[10],10,AMBIGUOUS,1,"[255,255,255,1]","[177,184,191]","[177,184,191]","[176,183,190]","[177,184,191]","[{""x"":206,""y"":68,""RGB"":[154,159,166],""luminance"":87.76965497392959},{""x"":206,""y"":67,""RGB"":[168,175,182],""luminance"":108.02354421692453},{""x"":206,""y"":69,""RGB"":[154,161,168],""luminance"":89.72663637225114}]","[206,68]",120.84368157689947,87.76965497392959,120.84368157689947,33.07402660296988,25.0,42.17819341792628,0.0,33.07402660296988,0.0,"{""support_to_pixel"":""up"",""pixel_to_master"":""flat""}",True,False,False,False,False,False,False,0.0,True,False
M0,82,69,[7],7,AMBIGUOUS,27,"[66,66,66,27]","[186,193,200]","[186,193,200]","[180,188,195]","[200,208,216]","[{""x"":83,""y"":69,""RGB"":[34,35,35],""luminance"":4.241909607519372},{""x"":83,""y"":68,""RGB"":[32,32,33],""luminance"":3.697258471596185},{""x"":83,""y"":70,""RGB"":[40,41,42],""luminance"":5.620607247298288}]","[83,69]",134.51036427937092,4.241909607519372,158.98989520252405,130.26845467185154,165.0,274.395699674758,-24.479530923153135,130.26845467185154,24.479530923153135,"{""support_to_pixel"":""up"",""pixel_to_master"":""up""}",True,False,False,False,False,False,False,16.0,True,False
M0,104,69,[8],8,AMBIGUOUS,19,"[0,0,0,19]","[185,191,199]","[185,191,199]","[186,193,200]","[200,207,215]","[{""x"":103,""y"":69,""RGB"":[42,43,44],""luminance"":6.124701088641758},{""x"":103,""y"":68,""RGB"":[42,43,44],""luminance"":6.124701088641758},{""x"":103,""y"":70,""RGB"":[42,43,45],""luminance"":6.144112952348484}]","[103,69]",131.83350159425484,6.124701088641758,157.6188252175612,125.70880050561308,155.0,257.63928271907605,-25.78532362330637,125.70880050561308,25.78532362330637,"{""support_to_pixel"":""up"",""pixel_to_master"":""up""}",True,False,False,False,False,False,False,16.0,True,False
M0,109,69,[8],8,AMBIGUOUS,23,"[0,0,0,23]","[180,186,194]","[180,186,194]","[181,188,195]","[198,205,213]","[{""x"":110,""y"":69,""RGB"":[65,67,70],""luminance"":14.229824862811848},{""x"":110,""y"":68,""RGB"":[65,68,69],""luminance"":14.503718799412393},{""x"":110,""y"":70,""RGB"":[67,69,71],""luminance"":15.056392837283298}]","[110,69]",124.22618618373005,14.229824862811848,154.2048906291114,109.9963613209182,124.0,206.78974829521894,-29.97870444538134,109.9963613209182,29.97870444538134,"{""support_to_pixel"":""up"",""pixel_to_master"":""up""}",True,False,False,False,False,False,False,19.0,True,False
M0,164,69,[10],10,AMBIGUOUS,20,"[0,0,0,20]","[179,186,192]","[179,186,192]","[180,187,194]","[194,202,209]","[{""x"":165,""y"":69,""RGB"":[69,72,74],""luminance"":16.305594905920334},{""x"":165,""y"":68,""RGB"":[68,70,73],""luminance"":15.530266329864324},{""x"":165,""y"":70,""RGB"":[69,71,74],""luminance"":15.978549319049057}]","[165,69]",123.6935847362272,16.305594905920334,148.70029931642247,107.38798983030686,118.0,197.53480705941422,-25.00671458019528,107.38798983030686,25.00671458019528,"{""support_to_pixel"":""up"",""pixel_to_master"":""up""}",True,False,False,False,False,False,False,17.0,True,False
M0,174,69,[10],10,AMBIGUOUS,3,"[0,0,0,3]","[193,201,209]","[193,201,209]","[193,201,209]","[195,203,211]","[{""x"":175,""y"":68,""RGB"":[194,202,210],""luminance"":148.82701869407873}]","[175,68]",147.17119527904458,148.82701869407873,150.49366276942803,-1.655823415034149,1.0,1.7320508075688772,-3.3224674903834455,-1.655823415034149,3.3224674903834455,"{""support_to_pixel"":""down"",""pixel_to_master"":""up""}",False,True,False,True,False,True,True,2.0,True,True
M0,193,69,[10],10,AMBIGUOUS,24,"[42,42,42,24]","[177,183,190]","[177,183,190]","[174,181,188]","[191,198,206]","[{""x"":193,""y"":68,""RGB"":[188,195,203],""luminance"":137.78511004173404},{""x"":194,""y"":69,""RGB"":[38,39,40],""luminance"":5.141586110610995},{""x"":194,""y"":68,""RGB"":[59,61,63],""luminance"":11.796746513216915},{""x"":194,""y"":70,""RGB"":[31,32,32],""luminance"":3.6429670523713495}]","[193,68]",119.67606364417425,137.78511004173404,142.59794859527804,-18.109046397559794,13.0,20.83266665599966,-22.92188495110379,-18.109046397559794,22.92188495110379,"{""support_to_pixel"":""down"",""pixel_to_master"":""up""}",False,True,False,True,False,False,True,16.0,True,False
M0,198,69,[10],10,AMBIGUOUS,5,"[51,51,51,5]","[184,191,199]","[184,191,199]","[184,190,198]","[187,194,202]","[{""x"":198,""y"":68,""RGB"":[182,189,196],""luminance"":128.3307846241053},{""x"":197,""y"":69,""RGB"":[187,194,202],""luminance"":136.20222322947293}]","[198,68]",131.5174529804402,128.3307846241053,136.20222322947293,3.1866683563349056,3.0,4.123105625617661,-4.684770249032738,3.1866683563349056,4.684770249032738,"{""support_to_pixel"":""up"",""pixel_to_master"":""up""}",True,False,False,False,False,False,False,3.0,True,False
M0,82,70,[7],7,AMBIGUOUS,27,"[56,56,56,27]","[185,192,199]","[185,192,199]","[180,188,195]","[200,208,216]","[{""x"":83,""y"":70,""RGB"":[40,41,42],""luminance"":5.620607247298288},{""x"":83,""y"":69,""RGB"":[34,35,35],""luminance"":4.241909607519372},{""x"":83,""y"":71,""RGB"":[32,33,34],""luminance"":3.851219876420491}]","[83,70]",132.94956110126088,5.620607247298288,158.98989520252405,127.32895385396259,157.0,261.6772821625905,-26.04033410126317,127.32895385396259,26.04033410126317,"{""support_to_pixel"":""up"",""pixel_to_master"":""up""}",True,False,False,False,False,False,False,17.0,True,False
M0,104,70,[8],8,AMBIGUOUS,19,"[0,0,0,19]","[184,191,198]","[184,191,198]","[185,192,199]","[199,206,214]","[{""x"":103,""y"":70,""RGB"":[42,43,45],""luminance"":6.144112952348484},{""x"":103,""y"":69,""RGB"":[42,43,44],""luminance"":6.124701088641758},{""x"":103,""y"":71,""RGB"":[34,35,36],""luminance"":4.257275036618602}]","[103,70]",131.3993772766959,6.144112952348484,155.90640537037342,125.25526432434742,153.0,255.88473967784793,-24.50702809367752,125.25526432434742,24.50702809367752,"{""support_to_pixel"":""up"",""pixel_to_master"":""up""}",True,False,False,False,False,False,False,16.0,True,False
M0,109,70,[8],8,AMBIGUOUS,23,"[0,0,0,23]","[179,186,194]","[179,186,194]","[181,188,195]","[197,205,213]","[{""x"":110,""y"":70,""RGB"":[67,69,71],""luminance"":15.056392837283298},{""x"":110,""y"":69,""RGB"":[65,67,70],""luminance"":14.229824862811848},{""x"":110,""y"":71,""RGB"":[59,60,62],""luminance"":11.498777807991523}]","[110,70]",123.92122502905937,15.056392837283298,153.85949331357259,108.86483219177607,123.0,203.37649815059754,-29.938268284513214,108.86483219177607,29.938268284513214,"{""support_to_pixel"":""up"",""pixel_to_master"":""up""}",True,False,False,False,False,False,False,19.0,True,False
M0,164,70,[10],10,AMBIGUOUS,21,"[0,0,0,21]","[178,185,193]","[178,185,193]","[179,187,195]","[194,202,211]","[{""x"":165,""y"":70,""RGB"":[69,71,74],""luminance"":15.978549319049057},{""x"":165,""y"":69,""RGB"":[69,72,74],""luminance"":16.305594905920334},{""x"":165,""y"":71,""RGB"":[58,60,62],""luminance"":11.421599170869177}]","[165,70]",122.43354970021156,15.978549319049057,148.95453245985473,106.4550003811625,119.0,197.5803633967708,-26.520982759643175,106.4550003811625,26.520982759643175,"{""support_to_pixel"":""up"",""pixel_to_master"":""up""}",True,False,False,False,False,False,False,18.0,True,False
M0,193,70,[10],10,AMBIGUOUS,23,"[44,44,44,23]","[178,183,191]","[178,183,191]","[175,181,189]","[191,197,206]","[{""x"":194,""y"":70,""RGB"":[31,32,32],""luminance"":3.6429670523713495},{""x"":194,""y"":69,""RGB"":[38,39,40],""luminance"":5.141586110610995},{""x"":194,""y"":71,""RGB"":[19,20,20],""luminance"":1.7576274034093793}]","[194,70]",120.08852199806302,3.6429670523713495,141.4360099307751,116.44555494569167,159.0,263.9905301331849,-21.347487932712085,116.44555494569167,21.347487932712085,"{""support_to_pixel"":""up"",""pixel_to_master"":""up""}",True,False,False,False,False,False,False,15.0,True,False
M0,198,70,[10],10,AMBIGUOUS,5,"[51,51,51,5]","[184,191,199]","[184,191,199]","[184,190,198]","[187,194,202]","[{""x"":197,""y"":69,""RGB"":[187,194,202],""luminance"":136.20222322947293}]","[197,69]",131.5174529804402,136.20222322947293,136.20222322947293,-4.684770249032738,3.0,5.196152422706632,-4.684770249032738,-4.684770249032738,4.684770249032738,"{""support_to_pixel"":""down"",""pixel_to_master"":""up""}",False,True,False,True,False,False,True,3.0,True,False
M0,206,70,[10],10,SAFE WORDMARK OWNERSHIP,31,"[0,0,0,31]","[153,158,165]","[153,158,165]","[155,160,167]","[174,180,188]","[{""x"":206,""y"":69,""RGB"":[154,161,168],""luminance"":89.72663637225114},{""x"":207,""y"":70,""RGB"":[40,41,42],""luminance"":5.620607247298288},{""x"":207,""y"":69,""RGB"":[40,41,42],""luminance"":5.620607247298288},{""x"":207,""y"":71,""RGB"":[37,38,39],""luminance"":4.911362630137985}]","[206,69]",86.55372358602312,89.72663637225114,115.44366953534201,-3.172912786228011,3.0,4.358898943540674,-28.889945949318886,-3.172912786228011,28.889945949318886,"{""support_to_pixel"":""down"",""pixel_to_master"":""up""}",False,True,False,True,False,False,True,23.0,True,False
M0,66,71,[6],6,AMBIGUOUS,1,"[255,255,255,1]","[201,209,217]","[201,209,217]","[200,208,216]","[201,209,217]","[{""x"":67,""y"":71,""RGB"":[201,209,217],""luminance"":160.7218837578162},{""x"":67,""y"":70,""RGB"":[201,209,216],""luminance"":160.58957404791593},{""x"":67,""y"":72,""RGB"":[201,209,217],""luminance"":160.7218837578162}]","[67,71]",160.7218837578162,160.7218837578162,160.7218837578162,0.0,0.0,0.0,0.0,0.0,0.0,"{""support_to_pixel"":""flat"",""pixel_to_master"":""flat""}",True,False,False,False,False,False,False,0.0,True,False
M0,82,71,[7],7,AMBIGUOUS,30,"[59,59,59,30]","[183,190,197]","[183,190,197]","[178,185,192]","[200,208,216]","[{""x"":83,""y"":71,""RGB"":[32,33,34],""luminance"":3.851219876420491},{""x"":83,""y"":70,""RGB"":[40,41,42],""luminance"":5.620607247298288},{""x"":83,""y"":72,""RGB"":[89,92,95],""luminance"":27.04112485075373}]","[83,71]",129.859792054937,3.851219876420491,158.98989520252405,126.00857217851652,163.0,272.0643306278866,-29.13010314758705,126.00857217851652,29.13010314758705,"{""support_to_pixel"":""up"",""pixel_to_master"":""up""}",True,False,False,False,False,False,False,19.0,True,False
M0,104,71,[8],8,AMBIGUOUS,21,"[0,0,0,21]","[182,189,196]","[182,189,196]","[183,190,198]","[198,206,214]","[{""x"":103,""y"":71,""RGB"":[34,35,36],""luminance"":4.257275036618602},{""x"":103,""y"":70,""RGB"":[42,43,45],""luminance"":6.144112952348484},{""x"":103,""y"":72,""RGB"":[83,86,89],""luminance"":23.500406442272556}]","[103,71]",128.3307846241053,4.257275036618602,155.5587198493756,124.07350958748668,160.0,266.8707552355634,-27.2279352252703,124.07350958748668,27.2279352252703,"{""support_to_pixel"":""up"",""pixel_to_master"":""up""}",True,False,False,False,False,False,False,18.0,True,False
M0,109,71,[8],8,AMBIGUOUS,24,"[0,0,0,24]","[178,185,192]","[178,185,192]","[180,186,193]","[197,204,212]","[{""x"":110,""y"":71,""RGB"":[59,60,62],""luminance"":11.498777807991523},{""x"":110,""y"":70,""RGB"":[67,69,71],""luminance"":15.056392837283298},{""x"":110,""y"":72,""RGB"":[97,100,104],""luminance"":32.27077566802628}]","[110,71]",122.32011440534387,11.498777807991523,152.51426105525556,110.82133659735234,130.0,216.06943328476612,-30.194146649911687,110.82133659735234,30.194146649911687,"{""support_to_pixel"":""up"",""pixel_to_master"":""up""}",True,False,False,False,False,False,False,20.0,True,False
M0,121,71,[8],8,AMBIGUOUS,4,"[0,0,0,4]","[194,202,210]","[194,202,210]","[194,202,210]","[197,205,213]","[{""x"":120,""y"":71,""RGB"":[64,66,68],""luminance"":13.779621818546614},{""x"":120,""y"":70,""RGB"":[70,73,75],""luminance"":16.766704246025437},{""x"":120,""y"":72,""RGB"":[108,112,116],""luminance"":40.895472845264}]","[120,71]",148.82701869407873,13.779621818546614,153.85949331357259,135.04739687553212,142.0,235.7116882973774,-5.032474619493854,135.04739687553212,5.032474619493854,"{""support_to_pixel"":""up"",""pixel_to_master"":""up""}",True,False,False,False,False,False,False,3.0,True,True
M0,136,71,[9],9,AMBIGUOUS,11,"[0,0,0,11]","[188,195,203]","[188,195,203]","[189,196,203]","[197,204,212]","[{""x"":136,""y"":70,""RGB"":[89,93,96],""luminance"":27.532545683465845},{""x"":135,""y"":71,""RGB"":[86,89,92],""luminance"":25.234538364535997},{""x"":137,""y"":71,""RGB"":[194,202,210],""luminance"":148.82701869407873},{""x"":135,""y"":70,""RGB"":[16,16,16],""luminance"":1.3212867590962885}]","[136,70]",137.78511004173404,27.532545683465845,152.51426105525556,110.2525643582682,107.0,177.91571037994368,-14.729151013521516,110.2525643582682,14.729151013521516,"{""support_to_pixel"":""up"",""pixel_to_master"":""up""}",True,False,False,False,False,False,False,9.0,True,False
M0,138,71,[9],9,AMBIGUOUS,3,"[85,85,85,3]","[195,202,210]","[195,202,210]","[194,201,209]","[196,203,211]","[{""x"":138,""y"":70,""RGB"":[195,203,211],""luminance"":150.49366276942803},{""x"":137,""y"":71,""RGB"":[194,202,210],""luminance"":148.82701869407873}]","[138,70]",149.16557738052728,150.49366276942803,150.83449665533615,-1.328085388900746,1.0,1.4142135623730951,-1.6689192748088715,-1.328085388900746,1.6689192748088715,"{""support_to_pixel"":""down"",""pixel_to_master"":""up""}",False,True,False,True,False,False,True,1.0,True,False
M0,164,71,[10],10,AMBIGUOUS,26,"[0,0,0,26]","[175,181,189]","[175,181,189]","[177,183,191]","[195,202,211]","[{""x"":165,""y"":71,""RGB"":[58,60,62],""luminance"":11.421599170869177},{""x"":165,""y"":70,""RGB"":[69,71,74],""luminance"":15.978549319049057},{""x"":165,""y"":72,""RGB"":[98,101,105],""luminance"":32.956077784948825}]","[165,71]",116.88136678016204,11.421599170869177,149.29309114630328,105.45976760929287,127.0,210.85302938302783,-32.41172436614124,105.45976760929287,32.41172436614124,"{""support_to_pixel"":""up"",""pixel_to_master"":""up""}",True,False,False,False,False,False,False,22.0,True,False
M0,176,71,[10],10,AMBIGUOUS,1,"[255,255,255,1]","[194,201,209]","[194,201,209]","[193,200,208]","[194,201,209]","[{""x"":177,""y"":70,""RGB"":[123,127,133],""luminance"":53.7620394036155}]","[177,70]",147.50748312623642,53.7620394036155,147.50748312623642,93.74544372262092,76.0,127.64403628842203,0.0,93.74544372262092,0.0,"{""support_to_pixel"":""up"",""pixel_to_master"":""flat""}",True,False,False,False,False,False,False,0.0,True,False
M0,193,71,[10],10,AMBIGUOUS,25,"[51,51,51,25]","[177,183,190]","[177,183,190]","[174,179,186]","[191,197,205]","[{""x"":194,""y"":71,""RGB"":[19,20,20],""luminance"":1.7576274034093793},{""x"":194,""y"":70,""RGB"":[31,32,32],""luminance"":3.6429670523713495},{""x"":194,""y"":72,""RGB"":[74,76,79],""luminance"":18.33256668466808}]","[194,71]",119.67606364417425,1.7576274034093793,141.31245386421048,117.91843624076488,170.0,283.60712261859715,-21.636390220036233,117.91843624076488,21.636390220036233,"{""support_to_pixel"":""up"",""pixel_to_master"":""up""}",True,False,False,False,False,False,False,15.0,True,False
M0,206,71,[10],10,AMBIGUOUS,26,"[0,0,0,26]","[156,162,170]","[156,162,170]","[158,164,171]","[174,181,189]","[{""x"":207,""y"":71,""RGB"":[37,38,39],""luminance"":4.911362630137985},{""x"":207,""y"":70,""RGB"":[40,41,42],""luminance"":5.620607247298288},{""x"":207,""y"":72,""RGB"":[82,85,88],""luminance"":22.93831612345693}]","[207,71]",91.3176933142233,4.911362630137985,116.58737908018723,86.40633068408532,131.0,216.0972003520638,-25.269685765963928,86.40633068408532,25.269685765963928,"{""support_to_pixel"":""up"",""pixel_to_master"":""up""}",True,False,False,False,False,False,False,19.0,True,False
M0,66,72,[6],6,AMBIGUOUS,1,"[255,255,255,1]","[201,209,217]","[201,209,217]","[200,208,216]","[201,209,217]","[{""x"":67,""y"":72,""RGB"":[201,209,217],""luminance"":160.7218837578162},{""x"":67,""y"":71,""RGB"":[201,209,217],""luminance"":160.7218837578162}]","[67,72]",160.7218837578162,160.7218837578162,160.7218837578162,0.0,0.0,0.0,0.0,0.0,0.0,"{""support_to_pixel"":""flat"",""pixel_to_master"":""flat""}",True,False,False,False,False,False,False,0.0,True,False
M0,80,72,[6],6,SAFE WORDMARK OWNERSHIP,1,"[0,0,0,1]","[198,206,214]","[198,206,214]","[198,206,214]","[199,207,215]","[{""x"":80,""y"":71,""RGB"":[199,207,214],""luminance"":157.1381417346608},{""x"":79,""y"":72,""RGB"":[197,204,213],""luminance"":152.64336784299854}]","[80,71]",155.5587198493756,157.1381417346608,157.26884718032773,-1.5794218852851998,1.0,1.4142135623730951,-1.7101273309521332,-1.5794218852851998,1.7101273309521332,"{""support_to_pixel"":""down"",""pixel_to_master"":""up""}",False,True,False,True,False,False,True,1.0,True,True
M0,82,72,[7],7,AMBIGUOUS,21,"[36,36,36,21]","[186,194,201]","[186,194,201]","[185,192,199]","[200,208,216]","[{""x"":83,""y"":72,""RGB"":[89,92,95],""luminance"":27.04112485075373},{""x"":83,""y"":71,""RGB"":[32,33,34],""luminance"":3.851219876420491}]","[83,72]",135.76129237266696,27.04112485075373,158.98989520252405,108.72016752191323,106.0,176.207264322445,-23.228602829857095,108.72016752191323,23.228602829857095,"{""support_to_pixel"":""up"",""pixel_to_master"":""up""}",True,False,False,False,False,False,False,15.0,True,False
M0,104,72,[8],8,AMBIGUOUS,14,"[0,0,0,14]","[188,195,202]","[188,195,202]","[189,195,203]","[199,206,214]","[{""x"":103,""y"":72,""RGB"":[83,86,89],""luminance"":23.500406442272556},{""x"":103,""y"":71,""RGB"":[34,35,36],""luminance"":4.257275036618602}]","[103,72]",137.6639113963347,23.500406442272556,155.90640537037342,114.16350495406215,113.0,188.87826767524103,-18.242493974038723,114.16350495406215,18.242493974038723,"{""support_to_pixel"":""up"",""pixel_to_master"":""up""}",True,False,False,False,False,False,False,12.0,True,False
M0,109,72,[8],8,AMBIGUOUS,20,"[0,0,0,20]","[181,188,195]","[181,188,195]","[183,189,197]","[197,204,212]","[{""x"":110,""y"":72,""RGB"":[97,100,104],""luminance"":32.27077566802628},{""x"":110,""y"":71,""RGB"":[59,60,62],""luminance"":11.498777807991523}]","[110,72]",126.81233411069861,32.27077566802628,152.51426105525556,94.54155844267234,91.0,151.92432326655268,-25.701926944556945,94.54155844267234,25.701926944556945,"{""support_to_pixel"":""up"",""pixel_to_master"":""up""}",True,False,False,False,False,False,False,17.0,True,False
M0,121,72,[8],8,AMBIGUOUS,11,"[0,0,0,11]","[188,195,204]","[188,195,204]","[189,196,204]","[197,204,213]","[{""x"":120,""y"":72,""RGB"":[108,112,116],""luminance"":40.895472845264},{""x"":120,""y"":71,""RGB"":[64,66,68],""luminance"":13.779621818546614}]","[120,72]",137.90709305183444,40.895472845264,152.64336784299854,97.01162020657043,88.0,145.02758358326184,-14.736274791164107,97.01162020657043,14.736274791164107,"{""support_to_pixel"":""up"",""pixel_to_master"":""up""}",True,False,False,False,False,False,False,9.0,True,False
M0,125,72,[9],9,SAFE WORDMARK OWNERSHIP,22,"[46,46,46,22]","[184,191,198]","[184,191,198]","[181,189,196]","[197,205,213]","[{""x"":125,""y"":71,""RGB"":[176,182,189],""luminance"":118.21832267595295},{""x"":126,""y"":72,""RGB"":[98,101,104],""luminance"":32.903943796127756},{""x"":126,""y"":71,""RGB"":[47,48,50],""luminance"":7.518755981990197}]","[125,71]",131.3993772766959,118.21832267595295,153.85949331357259,13.181054600742954,9.0,15.033296378372908,-22.460116036876684,13.181054600742954,22.460116036876684,"{""support_to_pixel"":""up"",""pixel_to_master"":""up""}",True,False,False,False,False,False,False,15.0,True,False
M0,136,72,[9],9,AMBIGUOUS,2,"[255,255,255,2]","[197,205,212]","[197,205,212]","[196,204,210]","[197,205,212]","[{""x"":135,""y"":71,""RGB"":[86,89,92],""luminance"":25.234538364535997},{""x"":137,""y"":71,""RGB"":[194,202,210],""luminance"":148.82701869407873}]","[135,71]",153.7303865258296,25.234538364535997,153.7303865258296,128.4958481612936,120.0,200.44201156444225,0.0,128.4958481612936,0.0,"{""support_to_pixel"":""up"",""pixel_to_master"":""flat""}",True,False,False,False,False,False,False,0.0,True,False
M0,137,72,[9],9,AMBIGUOUS,3,"[0,0,0,3]","[194,202,210]","[194,202,210]","[194,202,211]","[196,204,213]","[{""x"":137,""y"":71,""RGB"":[194,202,210],""luminance"":148.82701869407873}]","[137,71]",148.82701869407873,148.82701869407873,152.30025440992605,0.0,0.0,0.0,-3.4732357158473235,0.0,3.4732357158473235,"{""support_to_pixel"":""flat"",""pixel_to_master"":""up""}",True,False,False,False,False,False,False,3.0,True,False
M0,164,72,[10],10,AMBIGUOUS,17,"[0,0,0,17]","[181,188,197]","[181,188,197]","[182,190,198]","[194,202,211]","[{""x"":165,""y"":72,""RGB"":[98,101,105],""luminance"":32.956077784948825},{""x"":165,""y"":71,""RGB"":[58,60,62],""luminance"":11.421599170869177}]","[165,72]",127.04460596596863,32.956077784948825,148.95453245985473,94.0885281810198,92.0,151.40013210033868,-21.909926493886104,94.0885281810198,21.909926493886104,"{""support_to_pixel"":""up"",""pixel_to_master"":""up""}",True,False,False,False,False,False,False,14.0,True,False
M0,177,72,[10],10,AMBIGUOUS,2,"[255,255,255,2]","[194,202,210]","[194,202,210]","[193,201,208]","[194,202,210]","[{""x"":178,""y"":71,""RGB"":[115,119,124],""luminance"":46.64900017964958},{""x"":178,""y"":73,""RGB"":[191,199,207],""luminance"":143.89192967974316}]","[178,71]",148.82701869407873,46.64900017964958,148.82701869407873,102.17801851442914,86.0,143.26897780049944,0.0,102.17801851442914,0.0,"{""support_to_pixel"":""up"",""pixel_to_master"":""flat""}",True,False,False,False,False,False,False,0.0,True,False
M0,193,72,[10],10,AMBIGUOUS,17,"[45,45,45,17]","[181,188,194]","[181,188,194]","[179,186,192]","[191,198,205]","[{""x"":194,""y"":72,""RGB"":[74,76,79],""luminance"":18.33256668466808},{""x"":194,""y"":71,""RGB"":[19,20,20],""luminance"":1.7576274034093793}]","[194,72]",126.69735792461401,18.33256668466808,142.47439252871342,108.36479123994593,115.0,192.9196724027905,-15.777034604099413,108.36479123994593,15.777034604099413,"{""support_to_pixel"":""up"",""pixel_to_master"":""up""}",True,False,False,False,False,False,False,11.0,True,False
M0,206,72,[10],10,AMBIGUOUS,6,"[0,0,0,6]","[171,178,185]","[171,178,185]","[171,178,185]","[175,182,189]","[{""x"":207,""y"":72,""RGB"":[82,85,88],""luminance"":22.93831612345693},{""x"":207,""y"":71,""RGB"":[37,38,39],""luminance"":4.911362630137985}]","[207,72]",112.20382220529272,22.93831612345693,117.92214949094101,89.2655060818358,97.0,161.18002357612434,-5.718327285648286,89.2655060818358,5.718327285648286,"{""support_to_pixel"":""up"",""pixel_to_master"":""up""}",True,False,False,False,False,False,False,4.0,True,True
M0,70,73,[6],6,SAFE WORDMARK OWNERSHIP,7,"[0,0,0,7]","[195,203,211]","[195,203,211]","[196,204,211]","[201,209,217]","[{""x"":70,""y"":72,""RGB"":[77,80,83],""luminance"":20.24607013881944},{""x"":69,""y"":73,""RGB"":[194,201,210],""luminance"":147.63420250389268},{""x"":69,""y"":72,""RGB"":[64,66,69],""luminance"":13.811027449117521},{""x"":71,""y"":72,""RGB"":[74,77,79],""luminance"":18.686689391527917}]","[70,72]",150.49366276942803,20.24607013881944,160.7218837578162,130.24759263060858,128.0,213.15956464583053,-10.22822098838816,130.24759263060858,10.22822098838816,"{""support_to_pixel"":""up"",""pixel_to_master"":""up""}",True,False,False,False,False,False,False,6.0,True,False
M0,71,73,[6],6,AMBIGUOUS,8,"[0,0,0,8]","[194,201,209]","[194,201,209]","[194,202,210]","[200,208,216]","[{""x"":71,""y"":72,""RGB"":[74,77,79],""luminance"":18.686689391527917},{""x"":70,""y"":72,""RGB"":[77,80,83],""luminance"":20.24607013881944},{""x"":72,""y"":72,""RGB"":[74,77,79],""luminance"":18.686689391527917}]","[71,72]",147.50748312623642,18.686689391527917,158.98989520252405,128.8207937347085,130.0,216.0462913359079,-11.48241207628763,128.8207937347085,11.48241207628763,"{""support_to_pixel"":""up"",""pixel_to_master"":""up""}",True,False,False,False,False,False,False,7.0,True,False
M0,72,73,[6],6,AMBIGUOUS,8,"[0,0,0,8]","[194,200,209]","[194,200,209]","[194,201,210]","[200,207,216]","[{""x"":72,""y"":72,""RGB"":[74,77,79],""luminance"":18.686689391527917},{""x"":71,""y"":72,""RGB"":[74,77,79],""luminance"":18.686689391527917},{""x"":73,""y"":72,""RGB"":[75,77,80],""luminance"":18.8261327267074}]","[72,72]",146.32240798871547,18.686689391527917,157.75033209639287,127.63571859718755,130.0,215.4738963308549,-11.427924107677399,127.63571859718755,11.427924107677399,"{""support_to_pixel"":""up"",""pixel_to_master"":""up""}",True,False,False,False,False,False,False,7.0,True,False
M0,73,73,[6],6,AMBIGUOUS,7,"[0,0,0,7]","[194,202,210]","[194,202,210]","[195,203,210]","[200,208,216]","[{""x"":73,""y"":72,""RGB"":[75,77,80],""luminance"":18.8261327267074},{""x"":72,""y"":72,""RGB"":[74,77,79],""luminance"":18.686689391527917},{""x"":74,""y"":72,""RGB"":[74,76,79],""luminance"":18.33256668466808}]","[73,72]",148.82701869407873,18.8261327267074,158.98989520252405,130.00088596737135,130.0,216.06943328476612,-10.162876508445322,130.00088596737135,10.162876508445322,"{""support_to_pixel"":""up"",""pixel_to_master"":""up""}",True,False,False,False,False,False,False,6.0,True,False
M0,74,73,[6],6,SAFE WORDMARK OWNERSHIP,9,"[0,0,0,9]","[193,202,208]","[193,202,208]","[193,202,209]","[200,209,216]","[{""x"":74,""y"":72,""RGB"":[74,76,79],""luminance"":18.33256668466808},{""x"":75,""y"":73,""RGB"":[200,208,216],""luminance"":158.98989520252405},{""x"":73,""y"":72,""RGB"":[75,77,80],""luminance"":18.8261327267074},{""x"":75,""y"":72,""RGB"":[83,87,89],""luminance"":23.9104795684339}]","[74,72]",148.2380850593954,18.33256668466808,160.2372991957949,129.9055183747273,129.0,216.0509199239846,-11.999214136399502,129.9055183747273,11.999214136399502,"{""support_to_pixel"":""up"",""pixel_to_master"":""up""}",True,False,False,False,False,False,False,8.0,True,False
M0,78,73,[6],6,SAFE WORDMARK OWNERSHIP,5,"[51,51,51,5]","[197,205,213]","[197,205,213]","[196,204,212]","[200,208,216]","[{""x"":77,""y"":72,""RGB"":[180,187,193],""luminance"":125.19021458113798},{""x"":79,""y"":72,""RGB"":[197,204,213],""luminance"":152.64336784299854}]","[77,72]",153.85949331357259,125.19021458113798,158.98989520252405,28.669278732434606,20.0,31.827660925679098,-5.130401888951468,28.669278732434606,5.130401888951468,"{""support_to_pixel"":""up"",""pixel_to_master"":""up""}",True,False,False,False,False,False,False,3.0,True,False
M0,79,73,[6],6,AMBIGUOUS,1,"[0,0,0,1]","[198,206,214]","[198,206,214]","[198,206,214]","[199,207,215]","[{""x"":79,""y"":72,""RGB"":[197,204,213],""luminance"":152.64336784299854}]","[79,72]",155.5587198493756,152.64336784299854,157.26884718032773,2.9153520063770486,2.0,2.449489742783178,-1.7101273309521332,2.9153520063770486,1.7101273309521332,"{""support_to_pixel"":""up"",""pixel_to_master"":""up""}",True,False,False,False,False,False,False,1.0,True,True
M0,83,73,[7],7,AMBIGUOUS,12,"[0,0,0,12]","[191,198,206]","[191,198,206]","[191,199,207]","[200,208,216]","[{""x"":83,""y"":72,""RGB"":[89,92,95],""luminance"":27.04112485075373},{""x"":84,""y"":72,""RGB"":[70,72,74],""luminance"":16.39964448944932}]","[83,72]",142.59794859527804,27.04112485075373,158.98989520252405,115.55682374452431,111.0,184.28510520386612,-16.391946607246012,115.55682374452431,16.391946607246012,"{""support_to_pixel"":""up"",""pixel_to_master"":""up""}",True,False,False,False,False,False,False,10.0,True,False
M0,84,73,[7],7,AMBIGUOUS,8,"[0,0,0,8]","[194,201,209]","[194,201,209]","[194,202,210]","[200,208,216]","[{""x"":84,""y"":72,""RGB"":[70,72,74],""luminance"":16.39964448944932},{""x"":83,""y"":72,""RGB"":[89,92,95],""luminance"":27.04112485075373},{""x"":85,""y"":72,""RGB"":[73,76,78],""luminance"":18.195292110185548}]","[84,72]",147.50748312623642,16.39964448944932,158.98989520252405,131.1078386367871,135.0,224.14727301486406,-11.48241207628763,131.1078386367871,11.48241207628763,"{""support_to_pixel"":""up"",""pixel_to_master"":""up""}",True,False,False,False,False,False,False,7.0,True,False
M0,85,73,[7],7,AMBIGUOUS,8,"[0,0,0,8]","[194,201,209]","[194,201,209]","[194,202,210]","[200,208,216]","[{""x"":85,""y"":72,""RGB"":[73,76,78],""luminance"":18.195292110185548},{""x"":84,""y"":72,""RGB"":[70,72,74],""luminance"":16.39964448944932},{""x"":86,""y"":72,""RGB"":[74,77,79],""luminance"":18.686689391527917}]","[85,72]",147.50748312623642,18.195292110185548,158.98989520252405,129.31219101605086,131.0,217.77740929674042,-11.48241207628763,129.31219101605086,11.48241207628763,"{""support_to_pixel"":""up"",""pixel_to_master"":""up""}",True,False,False,False,False,False,False,7.0,True,False
M0,86,73,[7],7,AMBIGUOUS,8,"[0,0,0,8]","[195,201,209]","[195,201,209]","[195,202,210]","[201,208,216]","[{""x"":86,""y"":72,""RGB"":[74,77,79],""luminance"":18.686689391527917},{""x"":85,""y"":72,""RGB"":[73,76,78],""luminance"":18.195292110185548},{""x"":87,""y"":72,""RGB"":[74,77,79],""luminance"":18.686689391527917}]","[86,72]",147.846041812685,18.686689391527917,159.3421700546451,129.15935242115708,130.0,216.60332407421637,-11.496128241960093,129.15935242115708,11.496128241960093,"{""support_to_pixel"":""up"",""pixel_to_master"":""up""}",True,False,False,False,False,False,False,7.0,True,False
M0,87,73,[7],7,AMBIGUOUS,8,"[0,0,0,8]","[194,200,209]","[194,200,209]","[194,201,210]","[200,207,216]","[{""x"":87,""y"":72,""RGB"":[74,77,79],""luminance"":18.686689391527917},{""x"":86,""y"":72,""RGB"":[74,77,79],""luminance"":18.686689391527917},{""x"":88,""y"":72,""RGB"":[74,77,79],""luminance"":18.686689391527917}]","[87,72]",146.32240798871547,18.686689391527917,157.75033209639287,127.63571859718755,130.0,215.4738963308549,-11.427924107677399,127.63571859718755,11.427924107677399,"{""support_to_pixel"":""up"",""pixel_to_master"":""up""}",True,False,False,False,False,False,False,7.0,True,False
M0,88,73,[7],7,AMBIGUOUS,8,"[0,0,0,8]","[194,201,209]","[194,201,209]","[194,202,210]","[200,208,216]","[{""x"":88,""y"":72,""RGB"":[74,77,79],""luminance"":18.686689391527917},{""x"":87,""y"":72,""RGB"":[74,77,79],""luminance"":18.686689391527917},{""x"":89,""y"":72,""RGB"":[74,77,79],""luminance"":18.686689391527917}]","[88,72]",147.50748312623642,18.686689391527917,158.98989520252405,128.8207937347085,130.0,216.0462913359079,-11.48241207628763,128.8207937347085,11.48241207628763,"{""support_to_pixel"":""up"",""pixel_to_master"":""up""}",True,False,False,False,False,False,False,7.0,True,False
M0,89,73,[7],7,AMBIGUOUS,8,"[0,0,0,8]","[194,200,208]","[194,200,208]","[194,201,209]","[200,207,215]","[{""x"":89,""y"":72,""RGB"":[74,77,79],""luminance"":18.686689391527917},{""x"":88,""y"":72,""RGB"":[74,77,79],""luminance"":18.686689391527917},{""x"":90,""y"":72,""RGB"":[74,76,79],""luminance"":18.33256668466808}]","[89,72]",146.19648157888022,18.686689391527917,157.6188252175612,127.5097921873523,129.0,214.8720549536398,-11.422343638680985,127.5097921873523,11.422343638680985,"{""support_to_pixel"":""up"",""pixel_to_master"":""up""}",True,False,False,False,False,False,False,7.0,True,False
M0,90,73,[7],7,AMBIGUOUS,8,"[0,0,0,8]","[193,200,208]","[193,200,208]","[193,201,209]","[199,207,215]","[{""x"":90,""y"":72,""RGB"":[74,76,79],""luminance"":18.33256668466808},{""x"":89,""y"":72,""RGB"":[74,77,79],""luminance"":18.686689391527917},{""x"":91,""y"":72,""RGB"":[74,76,79],""luminance"":18.33256668466808}]","[90,72]",145.86019373168838,18.33256668466808,157.26884718032773,127.5276270470203,129.0,214.8906698765677,-11.408653448639342,127.5276270470203,11.408653448639342,"{""support_to_pixel"":""up"",""pixel_to_master"":""up""}",True,False,False,False,False,False,False,7.0,True,False
M0,91,73,[7],7,AMBIGUOUS,8,"[0,0,0,8]","[193,199,207]","[193,199,207]","[193,200,208]","[199,206,214]","[{""x"":91,""y"":72,""RGB"":[74,76,79],""luminance"":18.33256668466808},{""x"":90,""y"":72,""RGB"":[74,76,79],""luminance"":18.33256668466808},{""x"":92,""y"":72,""RGB"":[74,76,79],""luminance"":18.33256668466808}]","[91,72]",144.55771036023702,18.33256668466808,155.90640537037342,126.22514367556894,128.0,213.71476317746513,-11.348695010136396,126.22514367556894,11.348695010136396,"{""support_to_pixel"":""up"",""pixel_to_master"":""up""}",True,False,False,False,False,False,False,7.0,True,False
M0,92,73,[7],7,AMBIGUOUS,8,"[0,0,0,8]","[193,199,207]","[193,199,207]","[193,200,208]","[199,206,214]","[{""x"":92,""y"":72,""RGB"":[74,76,79],""luminance"":18.33256668466808},{""x"":91,""y"":72,""RGB"":[74,76,79],""luminance"":18.33256668466808},{""x"":93,""y"":72,""RGB"":[74,77,79],""luminance"":18.686689391527917}]","[92,72]",144.55771036023702,18.33256668466808,155.90640537037342,126.22514367556894,128.0,213.71476317746513,-11.348695010136396,126.22514367556894,11.348695010136396,"{""support_to_pixel"":""up"",""pixel_to_master"":""up""}",True,False,False,False,False,False,False,7.0,True,False
M0,93,73,[7],7,AMBIGUOUS,8,"[0,0,0,8]","[193,200,208]","[193,200,208]","[193,201,209]","[199,207,215]","[{""x"":93,""y"":72,""RGB"":[74,77,79],""luminance"":18.686689391527917},{""x"":92,""y"":72,""RGB"":[74,76,79],""luminance"":18.33256668466808},{""x"":94,""y"":72,""RGB"":[74,76,79],""luminance"":18.33256668466808}]","[93,72]",145.86019373168838,18.686689391527917,157.26884718032773,127.17350434016046,129.0,214.3151884491624,-11.408653448639342,127.17350434016046,11.408653448639342,"{""support_to_pixel"":""up"",""pixel_to_master"":""up""}",True,False,False,False,False,False,False,7.0,True,False
M0,94,73,[7],7,AMBIGUOUS,8,"[0,0,0,8]","[194,200,208]","[194,200,208]","[194,201,209]","[200,207,215]","[{""x"":94,""y"":72,""RGB"":[74,76,79],""luminance"":18.33256668466808},{""x"":93,""y"":72,""RGB"":[74,77,79],""luminance"":18.686689391527917},{""x"":95,""y"":72,""RGB"":[74,76,79],""luminance"":18.33256668466808}]","[94,72]",146.19648157888022,18.33256668466808,157.6188252175612,127.86391489421214,129.0,215.4460489310491,-11.422343638680985,127.86391489421214,11.422343638680985,"{""support_to_pixel"":""up"",""pixel_to_master"":""up""}",True,False,False,False,False,False,False,7.0,True,False
M0,95,73,[7],7,AMBIGUOUS,8,"[0,0,0,8]","[193,200,208]","[193,200,208]","[193,201,209]","[199,207,215]","[{""x"":95,""y"":72,""RGB"":[74,76,79],""luminance"":18.33256668466808},{""x"":94,""y"":72,""RGB"":[74,76,79],""luminance"":18.33256668466808},{""x"":96,""y"":72,""RGB"":[73,75,78],""luminance"":17.846633882909586}]","[95,72]",145.86019373168838,18.33256668466808,157.26884718032773,127.5276270470203,129.0,214.8906698765677,-11.408653448639342,127.5276270470203,11.408653448639342,"{""support_to_pixel"":""up"",""pixel_to_master"":""up""}",True,False,False,False,False,False,False,7.0,True,False
M0,96,73,[7],7,AMBIGUOUS,8,"[0,0,0,8]","[192,199,208]","[192,199,208]","[192,200,209]","[198,206,215]","[{""x"":96,""y"":72,""RGB"":[73,75,78],""luminance"":17.846633882909586},{""x"":95,""y"":72,""RGB"":[74,76,79],""luminance"":18.33256668466808},{""x"":97,""y"":72,""RGB"":[71,73,75],""luminance"":16.86233399499793}]","[96,72]",144.34882384564384,17.846633882909586,155.6894252950425,126.50218996273425,130.0,215.49245926481976,-11.340601449398662,126.50218996273425,11.340601449398662,"{""support_to_pixel"":""up"",""pixel_to_master"":""up""}",True,False,False,False,False,False,False,7.0,True,False
M0,97,73,[7],7,AMBIGUOUS,8,"[0,0,0,8]","[193,199,208]","[193,199,208]","[193,200,209]","[199,206,215]","[{""x"":97,""y"":72,""RGB"":[71,73,75],""luminance"":16.86233399499793},{""x"":96,""y"":72,""RGB"":[73,75,78],""luminance"":17.846633882909586},{""x"":98,""y"":72,""RGB"":[75,78,80],""luminance"":19.185744112844226}]","[97,72]",144.6828452263761,16.86233399499793,156.03711081604033,127.82051123137816,133.0,220.11133546457802,-11.354265589664237,127.82051123137816,11.354265589664237,"{""support_to_pixel"":""up"",""pixel_to_master"":""up""}",True,False,False,False,False,False,False,7.0,True,False
M0,98,73,[7],7,AMBIGUOUS,10,"[0,0,0,10]","[191,198,206]","[191,198,206]","[192,198,206]","[199,206,214]","[{""x"":98,""y"":72,""RGB"":[75,78,80],""luminance"":19.185744112844226},{""x"":97,""y"":72,""RGB"":[71,73,75],""luminance"":16.86233399499793},{""x"":99,""y"":72,""RGB"":[181,188,195],""luminance"":126.81233411069861}]","[98,72]",142.59794859527804,19.185744112844226,155.90640537037342,123.41220448243382,126.0,209.1219739769114,-13.30845677509538,123.41220448243382,13.30845677509538,"{""support_to_pixel"":""up"",""pixel_to_master"":""up""}",True,False,False,False,False,False,False,8.0,True,False
M0,103,73,[8],8,SAFE WORDMARK OWNERSHIP,6,"[0,0,0,6]","[194,202,209]","[194,202,209]","[195,202,209]","[199,207,214]","[{""x"":103,""y"":72,""RGB"":[83,86,89],""luminance"":23.500406442272556},{""x"":102,""y"":73,""RGB"":[192,199,207],""luminance"":144.22368897950477},{""x"":102,""y"":72,""RGB"":[61,63,65],""luminance"":12.568356375846239}]","[103,72]",148.70029931642247,23.500406442272556,157.1381417346608,125.19989287414992,120.0,200.44201156444225,-8.437842418238318,125.19989287414992,8.437842418238318,"{""support_to_pixel"":""up"",""pixel_to_master"":""up""}",True,False,False,False,False,False,False,5.0,True,False
M0,109,73,[8],8,PROTECTED / OTHER,4,"[0,63,63,4]","[195,203,211]","[195,203,211]","[195,202,210]","[198,205,213]","[{""x"":110,""y"":72,""RGB"":[97,100,104],""luminance"":32.27077566802628}]","[110,72]",150.49366276942803,32.27077566802628,154.2048906291114,118.22288710140174,107.0,177.93819151604302,-3.711227859683362,118.22288710140174,3.711227859683362,"{""support_to_pixel"":""up"",""pixel_to_master"":""up""}",True,False,False,False,False,False,False,3.0,True,False
M0,110,73,[8],8,AMBIGUOUS,7,"[0,0,0,7]","[193,200,208]","[193,200,208]","[193,201,209]","[198,206,214]","[{""x"":110,""y"":72,""RGB"":[97,100,104],""luminance"":32.27077566802628},{""x"":111,""y"":72,""RGB"":[56,57,59],""luminance"":10.411075627791913}]","[110,72]",145.86019373168838,32.27077566802628,155.5587198493756,113.5894180636621,104.0,173.29743217947575,-9.698526117687209,113.5894180636621,9.698526117687209,"{""support_to_pixel"":""up"",""pixel_to_master"":""up""}",True,False,False,False,False,False,False,6.0,True,False
M0,111,73,[8],8,AMBIGUOUS,9,"[0,0,0,9]","[191,199,206]","[191,199,206]","[192,199,207]","[198,206,214]","[{""x"":111,""y"":72,""RGB"":[56,57,59],""luminance"":10.411075627791913},{""x"":110,""y"":72,""RGB"":[97,100,104],""luminance"":32.27077566802628},{""x"":112,""y"":72,""RGB"":[151,157,162],""luminance"":84.91980929335408}]","[111,72]",143.76758492932154,10.411075627791913,155.5587198493756,133.35650930152963,147.0,244.94489176139191,-11.791134920054049,133.35650930152963,11.791134920054049,"{""support_to_pixel"":""up"",""pixel_to_master"":""up""}",True,False,False,False,False,False,False,8.0,True,False
M0,112,73,[8],8,AMBIGUOUS,4,"[0,0,0,4]","[195,203,210]","[195,203,210]","[195,203,210]","[198,206,213]","[{""x"":112,""y"":72,""RGB"":[151,157,162],""luminance"":84.91980929335408},{""x"":111,""y"":72,""RGB"":[56,57,59],""luminance"":10.411075627791913}]","[112,72]",150.36614900365203,84.91980929335408,155.4288144353025,65.44633971029795,48.0,79.724525711979,-5.062665431650487,65.44633971029795,5.062665431650487,"{""support_to_pixel"":""up"",""pixel_to_master"":""up""}",True,False,False,False,False,False,False,3.0,True,True
M0,125,73,[9],9,AMBIGUOUS,1,"[0,0,0,1]","[195,203,212]","[195,203,212]","[195,203,212]","[196,204,213]","[{""x"":126,""y"":72,""RGB"":[98,101,104],""luminance"":32.903943796127756}]","[126,72]",150.62197233982354,32.903943796127756,152.30025440992605,117.7180285436958,108.0,177.41758650145144,-1.6782820701025116,117.7180285436958,1.6782820701025116,"{""support_to_pixel"":""up"",""pixel_to_master"":""up""}",True,False,False,False,False,False,False,1.0,True,True
M0,126,73,[9],9,AMBIGUOUS,5,"[0,0,0,5]","[192,200,208]","[192,200,208]","[192,200,208]","[196,204,212]","[{""x"":126,""y"":72,""RGB"":[98,101,104],""luminance"":32.903943796127756},{""x"":127,""y"":72,""RGB"":[63,65,67],""luminance"":13.368637053500198}]","[126,72]",145.5261723509561,32.903943796127756,152.17114762218307,112.62222855482835,104.0,171.618763542918,-6.6449752712269685,112.62222855482835,6.6449752712269685,"{""support_to_pixel"":""up"",""pixel_to_master"":""up""}",True,False,False,False,False,False,False,4.0,True,True
M0,127,73,[9],9,AMBIGUOUS,7,"[0,0,0,7]","[191,199,206]","[191,199,206]","[191,200,207]","[196,205,212]","[{""x"":127,""y"":72,""RGB"":[63,65,67],""luminance"":13.368637053500198},{""x"":126,""y"":72,""RGB"":[98,101,104],""luminance"":32.903943796127756},{""x"":128,""y"":72,""RGB"":[75,78,80],""luminance"":19.185744112844226}]","[127,72]",143.76758492932154,13.368637053500198,153.3872730927571,130.39894787582134,139.0,231.6484405300411,-9.619688163435569,130.39894787582134,9.619688163435569,"{""support_to_pixel"":""up"",""pixel_to_master"":""up""}",True,False,False,False,False,False,False,6.0,True,False
M0,128,73,[9],9,AMBIGUOUS,7,"[0,0,0,7]","[191,198,206]","[191,198,206]","[191,199,207]","[196,204,212]","[{""x"":128,""y"":72,""RGB"":[75,78,80],""luminance"":19.185744112844226},{""x"":127,""y"":72,""RGB"":[63,65,67],""luminance"":13.368637053500198},{""x"":129,""y"":72,""RGB"":[73,75,78],""luminance"":17.846633882909586}]","[128,72]",142.59794859527804,19.185744112844226,152.17114762218307,123.41220448243382,126.0,209.1219739769114,-9.57319902690503,123.41220448243382,9.57319902690503,"{""support_to_pixel"":""up"",""pixel_to_master"":""up""}",True,False,False,False,False,False,False,6.0,True,False
M0,129,73,[9],9,AMBIGUOUS,8,"[0,0,0,8]","[191,198,205]","[191,198,205]","[191,198,206]","[197,204,212]","[{""x"":129,""y"":72,""RGB"":[73,75,78],""luminance"":17.846633882909586},{""x"":128,""y"":72,""RGB"":[75,78,80],""luminance"":19.185744112844226},{""x"":130,""y"":72,""RGB"":[73,75,78],""luminance"":17.846633882909586}]","[129,72]",142.47439252871342,17.846633882909586,152.51426105525556,124.62775864580384,127.0,212.5605796002636,-10.039868526542136,124.62775864580384,10.039868526542136,"{""support_to_pixel"":""up"",""pixel_to_master"":""up""}",True,False,False,False,False,False,False,7.0,True,False
M0,130,73,[9],9,AMBIGUOUS,8,"[0,0,0,8]","[191,199,206]","[191,199,206]","[191,199,207]","[197,205,213]","[{""x"":130,""y"":72,""RGB"":[73,75,78],""luminance"":17.846633882909586},{""x"":129,""y"":72,""RGB"":[73,75,78],""luminance"":17.846633882909586},{""x"":131,""y"":72,""RGB"":[73,76,78],""luminance"":18.195292110185548}]","[130,72]",143.76758492932154,17.846633882909586,153.85949331357259,125.92095104641196,128.0,213.7381575666825,-10.091908384251042,125.92095104641196,10.091908384251042,"{""support_to_pixel"":""up"",""pixel_to_master"":""up""}",True,False,False,False,False,False,False,7.0,True,False
M0,131,73,[9],9,AMBIGUOUS,7,"[0,0,0,7]","[191,198,207]","[191,198,207]","[191,199,208]","[196,204,213]","[{""x"":131,""y"":72,""RGB"":[73,76,78],""luminance"":18.195292110185548},{""x"":130,""y"":72,""RGB"":[73,75,78],""luminance"":17.846633882909586},{""x"":132,""y"":72,""RGB"":[76,79,82],""luminance"":19.73103351092246}]","[131,72]",142.72229334569965,18.195292110185548,152.30025440992605,124.5270012355141,129.0,213.1877107152286,-9.5779610642264,124.5270012355141,9.5779610642264,"{""support_to_pixel"":""up"",""pixel_to_master"":""up""}",True,False,False,False,False,False,False,6.0,True,False
M0,132,73,[9],9,AMBIGUOUS,12,"[0,0,0,12]","[187,194,203]","[187,194,203]","[187,195,204]","[196,204,213]","[{""x"":132,""y"":72,""RGB"":[76,79,82],""luminance"":19.73103351092246},{""x"":131,""y"":72,""RGB"":[73,76,78],""luminance"":18.195292110185548},{""x"":133,""y"":72,""RGB"":[97,100,104],""luminance"":32.27077566802628}]","[132,72]",136.32342187487225,19.73103351092246,152.30025440992605,116.5923883639498,121.0,200.46695488284348,-15.976832535053802,116.5923883639498,15.976832535053802,"{""support_to_pixel"":""up"",""pixel_to_master"":""up""}",True,False,False,False,False,False,False,10.0,True,False
M0,135,73,[9],9,AMBIGUOUS,4,"[255,255,255,4]","[197,205,213]","[197,205,213]","[193,201,209]","[196,204,212]","[{""x"":134,""y"":72,""RGB"":[141,146,152],""luminance"":72.64309282642222}]","[134,72]",153.85949331357259,72.64309282642222,152.17114762218307,81.21640048715037,61.0,101.67595585978034,1.6883456913895145,81.21640048715037,-1.6883456913895145,"{""support_to_pixel"":""up"",""pixel_to_master"":""down""}",False,True,True,False,True,False,True,1.0,True,False
M0,142,73,[10],10,SAFE WORDMARK OWNERSHIP,7,"[0,0,0,7]","[189,196,205]","[189,196,205]","[189,197,206]","[194,202,211]","[{""x"":142,""y"":72,""RGB"":[82,85,88],""luminance"":22.93831612345693},{""x"":141,""y"":73,""RGB"":[188,196,203],""luminance"":138.93169703703745},{""x"":141,""y"":72,""RGB"":[64,66,68],""luminance"":13.779621818546614},{""x"":143,""y"":72,""RGB"":[178,185,193],""luminance"":122.43354970021156}]","[142,72]",139.50144836380466,22.93831612345693,148.95453245985473,116.56313224034773,117.0,193.5432768142567,-9.453084096050077,116.56313224034773,9.453084096050077,"{""support_to_pixel"":""up"",""pixel_to_master"":""up""}",True,False,False,False,False,False,False,6.0,True,False
M0,143,73,[10],10,AMBIGUOUS,8,"[31,31,31,8]","[189,197,205]","[189,197,205]","[188,196,205]","[194,202,211]","[{""x"":143,""y"":72,""RGB"":[178,185,193],""luminance"":122.43354970021156},{""x"":142,""y"":72,""RGB"":[82,85,88],""luminance"":22.93831612345693}]","[143,72]",140.65570390159135,122.43354970021156,148.95453245985473,18.222154201379794,12.0,20.223748416156685,-8.29882855826338,18.222154201379794,8.29882855826338,"{""support_to_pixel"":""up"",""pixel_to_master"":""up""}",True,False,False,False,False,False,False,6.0,True,False
M0,164,73,[10],10,AMBIGUOUS,3,"[0,0,0,3]","[193,201,209]","[193,201,209]","[193,201,209]","[195,203,211]","[{""x"":165,""y"":72,""RGB"":[98,101,105],""luminance"":32.956077784948825}]","[165,72]",147.17119527904458,32.956077784948825,150.49366276942803,114.21511749409575,104.0,172.74547750954292,-3.3224674903834455,114.21511749409575,3.3224674903834455,"{""support_to_pixel"":""up"",""pixel_to_master"":""up""}",True,False,False,False,False,False,False,2.0,True,True
M0,165,73,[10],10,SAFE WORDMARK OWNERSHIP,6,"[0,0,0,6]","[190,197,206]","[190,197,206]","[191,198,206]","[195,202,211]","[{""x"":165,""y"":72,""RGB"":[98,101,105],""luminance"":32.956077784948825},{""x"":166,""y"":73,""RGB"":[187,194,202],""luminance"":136.20222322947293},{""x"":166,""y"":72,""RGB"":[59,60,62],""luminance"":11.498777807991523}]","[165,72]",141.10650831370478,32.956077784948825,149.29309114630328,108.15043052875595,101.0,166.97604618627187,-8.186582832598504,108.15043052875595,8.186582832598504,"{""support_to_pixel"":""up"",""pixel_to_master"":""up""}",True,False,False,False,False,False,False,5.0,True,False
M0,182,73,[10],10,AMBIGUOUS,9,"[0,0,0,9]","[187,195,203]","[187,195,203]","[188,195,203]","[194,202,210]","[{""x"":182,""y"":72,""RGB"":[71,74,77],""luminance"":17.271082798020437},{""x"":181,""y"":72,""RGB"":[78,81,84],""luminance"":20.76886708086061},{""x"":183,""y"":72,""RGB"":[72,74,77],""luminance"":17.36830020821176}]","[182,72]",137.46235495364937,17.271082798020437,148.82701869407873,120.19127215562892,126.0,209.69740103301234,-11.364663740429364,120.19127215562892,11.364663740429364,"{""support_to_pixel"":""up"",""pixel_to_master"":""up""}",True,False,False,False,False,False,False,7.0,True,False
M0,183,73,[10],10,AMBIGUOUS,7,"[0,0,0,7]","[189,195,203]","[189,195,203]","[189,196,204]","[194,201,209]","[{""x"":183,""y"":72,""RGB"":[72,74,77],""luminance"":17.36830020821176},{""x"":182,""y"":72,""RGB"":[71,74,77],""luminance"":17.271082798020437},{""x"":184,""y"":72,""RGB"":[72,74,77],""luminance"":17.36830020821176}]","[183,72]",138.11010953992292,17.36830020821176,147.50748312623642,120.74180933171115,126.0,210.25222947688331,-9.397373586313506,120.74180933171115,9.397373586313506,"{""support_to_pixel"":""up"",""pixel_to_master"":""up""}",True,False,False,False,False,False,False,6.0,True,False
M0,184,73,[10],10,AMBIGUOUS,8,"[0,0,0,8]","[188,195,202]","[188,195,202]","[188,195,203]","[194,201,209]","[{""x"":184,""y"":72,""RGB"":[72,74,77],""luminance"":17.36830020821176},{""x"":183,""y"":72,""RGB"":[72,74,77],""luminance"":17.36830020821176},{""x"":185,""y"":72,""RGB"":[72,75,77],""luminance"":17.711518317431803}]","[184,72]",137.6639113963347,17.36830020821176,147.50748312623642,120.29561118812293,125.0,209.0980631187195,-9.843571729901726,120.29561118812293,9.843571729901726,"{""support_to_pixel"":""up"",""pixel_to_master"":""up""}",True,False,False,False,False,False,False,7.0,True,False
M0,185,73,[10],10,AMBIGUOUS,8,"[0,0,0,8]","[188,196,203]","[188,196,203]","[188,196,204]","[194,202,210]","[{""x"":185,""y"":72,""RGB"":[72,75,77],""luminance"":17.711518317431803},{""x"":184,""y"":72,""RGB"":[72,74,77],""luminance"":17.36830020821176},{""x"":186,""y"":72,""RGB"":[72,74,77],""luminance"":17.36830020821176}]","[185,72]",138.93169703703745,17.711518317431803,148.82701869407873,121.22017871960566,126.0,209.69740103301234,-9.89532165704128,121.22017871960566,9.89532165704128,"{""support_to_pixel"":""up"",""pixel_to_master"":""up""}",True,False,False,False,False,False,False,7.0,True,False
M0,186,73,[10],10,AMBIGUOUS,8,"[0,0,0,8]","[187,195,202]","[187,195,202]","[187,195,203]","[193,201,209]","[{""x"":186,""y"":72,""RGB"":[72,74,77],""luminance"":17.36830020821176},{""x"":185,""y"":72,""RGB"":[72,75,77],""luminance"":17.711518317431803},{""x"":187,""y"":72,""RGB"":[72,74,77],""luminance"":17.36830020821176}]","[186,72]",137.34115630825002,17.36830020821176,147.17119527904458,119.97285610003826,125.0,208.54495918146762,-9.830038970794561,119.97285610003826,9.830038970794561,"{""support_to_pixel"":""up"",""pixel_to_master"":""up""}",True,False,False,False,False,False,False,7.0,True,False
M0,187,73,[10],10,AMBIGUOUS,8,"[0,0,0,8]","[187,195,202]","[187,195,202]","[187,195,203]","[193,201,209]","[{""x"":187,""y"":72,""RGB"":[72,74,77],""luminance"":17.36830020821176},{""x"":186,""y"":72,""RGB"":[72,74,77],""luminance"":17.36830020821176},{""x"":188,""y"":72,""RGB"":[72,74,77],""luminance"":17.36830020821176}]","[187,72]",137.34115630825002,17.36830020821176,147.17119527904458,119.97285610003826,125.0,208.54495918146762,-9.830038970794561,119.97285610003826,9.830038970794561,"{""support_to_pixel"":""up"",""pixel_to_master"":""up""}",True,False,False,False,False,False,False,7.0,True,False
M0,188,73,[10],10,AMBIGUOUS,8,"[0,0,0,8]","[186,194,202]","[186,194,202]","[186,194,203]","[192,200,209]","[{""x"":188,""y"":72,""RGB"":[72,74,77],""luminance"":17.36830020821176},{""x"":187,""y"":72,""RGB"":[72,74,77],""luminance"":17.36830020821176},{""x"":189,""y"":72,""RGB"":[71,73,76],""luminance"":16.897531316040048}]","[188,72]",135.88170810103867,17.36830020821176,145.65209876079135,118.5134078928269,125.0,207.41504284887344,-9.770390659752678,118.5134078928269,9.770390659752678,"{""support_to_pixel"":""up"",""pixel_to_master"":""up""}",True,False,False,False,False,False,False,7.0,True,False
M0,189,73,[10],10,SAFE WORDMARK OWNERSHIP,8,"[0,0,0,8]","[186,193,201]","[186,193,201]","[186,193,202]","[192,199,208]","[{""x"":189,""y"":72,""RGB"":[71,73,76],""luminance"":16.897531316040048},{""x"":190,""y"":73,""RGB"":[187,195,202],""luminance"":137.34115630825002},{""x"":188,""y"":72,""RGB"":[72,74,77],""luminance"":17.36830020821176},{""x"":190,""y"":72,""RGB"":[58,59,61],""luminance"":11.129199104304046}]","[189,72]",134.62999854241482,16.897531316040048,144.34882384564384,117.73246722637478,125.0,207.9663434308542,-9.71882530322901,117.73246722637478,9.71882530322901,"{""support_to_pixel"":""up"",""pixel_to_master"":""up""}",True,False,False,False,False,False,False,7.0,True,False
M0,194,73,[10],10,SAFE WORDMARK OWNERSHIP,10,"[0,0,0,10]","[182,189,197]","[182,189,197]","[183,190,198]","[190,197,205]","[{""x"":194,""y"":72,""RGB"":[74,76,79],""luminance"":18.33256668466808},{""x"":195,""y"":73,""RGB"":[186,193,201],""luminance"":134.62999854241482},{""x"":195,""y"":72,""RGB"":[66,68,70],""luminance"":14.623463467758517}]","[194,72]",128.44730762442438,18.33256668466808,140.98295224714016,110.1147409397563,118.0,195.8494319624134,-12.535644622715779,110.1147409397563,12.535644622715779,"{""support_to_pixel"":""up"",""pixel_to_master"":""up""}",True,False,False,False,False,False,False,8.0,True,False
M0,207,73,[10],10,SAFE WORDMARK OWNERSHIP,6,"[0,0,0,6]","[167,174,181]","[167,174,181]","[167,174,181]","[171,178,185]","[{""x"":207,""y"":72,""RGB"":[82,85,88],""luminance"":22.93831612345693},{""x"":208,""y"":73,""RGB"":[163,169,175],""luminance"":100.10690465717543},{""x"":208,""y"":72,""RGB"":[54,56,58],""luminance"":9.991167360363992}]","[207,72]",106.65066311591438,22.93831612345693,112.20382220529272,83.71234699245746,93.0,154.25628026112906,-5.55315908937834,83.71234699245746,5.55315908937834,"{""support_to_pixel"":""up"",""pixel_to_master"":""up""}",True,False,False,False,False,False,False,4.0,True,True
M0,68,74,[6],6,AMBIGUOUS,2,"[255,255,255,2]","[200,209,216]","[200,209,216]","[199,207,214]","[200,209,216]","[{""x"":69,""y"":73,""RGB"":[194,201,210],""luminance"":147.63420250389268}]","[69,73]",160.2372991957949,147.63420250389268,160.2372991957949,12.60309669190221,8.0,11.661903789690601,0.0,12.60309669190221,0.0,"{""support_to_pixel"":""up"",""pixel_to_master"":""flat""}",True,False,False,False,False,False,False,0.0,True,False
M0,69,74,[6],6,AMBIGUOUS,2,"[255,255,255,2]","[201,208,217]","[201,208,217]","[200,206,215]","[201,208,217]","[{""x"":69,""y"":73,""RGB"":[194,201,210],""luminance"":147.63420250389268}]","[69,73]",159.47447976454535,147.63420250389268,159.47447976454535,11.84027726065267,7.0,12.12435565298214,0.0,11.84027726065267,0.0,"{""support_to_pixel"":""up"",""pixel_to_master"":""flat""}",True,False,False,False,False,False,False,0.0,True,False
M0,70,74,[6],6,AMBIGUOUS,3,"[255,255,255,3]","[202,210,218]","[202,210,218]","[199,207,216]","[201,209,218]","[{""x"":69,""y"":73,""RGB"":[194,201,210],""luminance"":147.63420250389268}]","[69,73]",162.46483263420487,147.63420250389268,160.85499769304735,14.830630130312187,9.0,14.45683229480096,1.6098349411575157,14.830630130312187,-1.6098349411575157,"{""support_to_pixel"":""up"",""pixel_to_master"":""down""}",False,True,True,False,True,False,True,1.0,True,False
M0,74,74,[6],6,AMBIGUOUS,2,"[255,255,255,2]","[200,207,215]","[200,207,215]","[199,205,213]","[200,207,215]","[{""x"":75,""y"":73,""RGB"":[200,208,216],""luminance"":158.98989520252405}]","[75,73]",157.6188252175612,158.98989520252405,157.6188252175612,-1.371069984962844,1.0,1.4142135623730951,0.0,-1.371069984962844,0.0,"{""support_to_pixel"":""down"",""pixel_to_master"":""flat""}",True,False,False,False,False,False,False,0.0,True,False
M0,75,74,[6],6,AMBIGUOUS,3,"[255,255,255,3]","[202,209,216]","[202,209,216]","[199,206,214]","[201,208,216]","[{""x"":75,""y"":73,""RGB"":[200,208,216],""luminance"":158.98989520252405}]","[75,73]",160.94415000154225,158.98989520252405,159.3421700546451,1.9542547990182015,2.0,2.23606797749979,1.6019799468971598,1.9542547990182015,-1.6019799468971598,"{""support_to_pixel"":""up"",""pixel_to_master"":""down""}",False,True,True,False,False,False,True,1.0,True,False
M0,76,74,[6],6,AMBIGUOUS,6,"[170,170,170,6]","[199,207,215]","[199,207,215]","[196,203,211]","[200,208,216]","[{""x"":75,""y"":73,""RGB"":[200,208,216],""luminance"":158.98989520252405}]","[75,73]",157.26884718032773,158.98989520252405,158.98989520252405,-1.721048022196328,1.0,1.7320508075688772,-1.721048022196328,-1.721048022196328,1.721048022196328,"{""support_to_pixel"":""down"",""pixel_to_master"":""up""}",False,True,False,True,False,False,True,1.0,True,False
M0,101,74,[8],8,AMBIGUOUS,2,"[127,127,127,2]","[195,203,211]","[195,203,211]","[195,203,210]","[196,204,212]","[{""x"":102,""y"":73,""RGB"":[192,199,207],""luminance"":144.22368897950477}]","[102,73]",150.49366276942803,144.22368897950477,152.17114762218307,6.269973789923256,4.0,6.4031242374328485,-1.6774848527550432,6.269973789923256,1.6774848527550432,"{""support_to_pixel"":""up"",""pixel_to_master"":""up""}",True,False,False,False,False,False,False,1.0,True,False
M0,102,74,[8],8,AMBIGUOUS,2,"[255,255,255,2]","[199,207,215]","[199,207,215]","[198,205,213]","[199,207,215]","[{""x"":102,""y"":73,""RGB"":[192,199,207],""luminance"":144.22368897950477}]","[102,73]",157.26884718032773,144.22368897950477,157.26884718032773,13.045158200822954,8.0,13.30413469565007,0.0,13.045158200822954,0.0,"{""support_to_pixel"":""up"",""pixel_to_master"":""flat""}",True,False,False,False,False,False,False,0.0,True,False
M0,103,74,[8],8,AMBIGUOUS,2,"[255,255,255,2]","[200,208,216]","[200,208,216]","[199,206,214]","[200,208,216]","[{""x"":102,""y"":73,""RGB"":[192,199,207],""luminance"":144.22368897950477}]","[102,73]",158.98989520252405,144.22368897950477,158.98989520252405,14.766206223019282,9.0,15.033296378372908,0.0,14.766206223019282,0.0,"{""support_to_pixel"":""up"",""pixel_to_master"":""flat""}",True,False,False,False,True,False,True,0.0,True,False
M0,119,74,[8],8,AMBIGUOUS,3,"[255,255,255,3]","[197,205,213]","[197,205,213]","[194,202,210]","[196,204,212]","[{""x"":119,""y"":73,""RGB"":[193,201,207],""luminance"":146.92013400307027},{""x"":118,""y"":73,""RGB"":[193,201,210],""luminance"":147.29791465670084}]","[119,73]",153.85949331357259,146.92013400307027,152.17114762218307,6.9393593105023115,6.0,8.246211251235321,1.6883456913895145,6.9393593105023115,-1.6883456913895145,"{""support_to_pixel"":""up"",""pixel_to_master"":""down""}",False,True,True,False,False,False,True,1.0,True,False
M0,120,74,[8],8,AMBIGUOUS,4,"[191,191,191,4]","[196,203,212]","[196,203,212]","[193,200,209]","[196,203,212]","[{""x"":119,""y"":73,""RGB"":[193,201,207],""luminance"":146.92013400307027}]","[119,73]",150.9628062257317,146.92013400307027,150.9628062257317,4.042672222661423,5.0,6.164414002968976,0.0,4.042672222661423,0.0,"{""support_to_pixel"":""up"",""pixel_to_master"":""flat""}",True,False,False,False,False,False,False,0.0,True,False
M0,141,74,[10],10,AMBIGUOUS,2,"[255,255,255,2]","[195,203,211]","[195,203,211]","[194,202,209]","[195,203,211]","[{""x"":141,""y"":73,""RGB"":[188,196,203],""luminance"":138.93169703703745},{""x"":140,""y"":73,""RGB"":[195,202,210],""luminance"":149.16557738052728}]","[141,73]",150.49366276942803,138.93169703703745,150.49366276942803,11.561965732390576,8.0,12.727922061357855,0.0,11.561965732390576,0.0,"{""support_to_pixel"":""up"",""pixel_to_master"":""flat""}",True,False,False,False,False,False,False,0.0,True,False
M0,142,74,[10],10,AMBIGUOUS,2,"[255,255,255,2]","[193,202,210]","[193,202,210]","[192,201,208]","[193,202,210]","[{""x"":141,""y"":73,""RGB"":[188,196,203],""luminance"":138.93169703703745}]","[141,73]",148.4907308468869,138.93169703703745,148.4907308468869,9.559033809849439,7.0,10.488088481701515,0.0,9.559033809849439,0.0,"{""support_to_pixel"":""up"",""pixel_to_master"":""flat""}",True,False,False,False,False,False,False,0.0,True,False
M0,165,74,[10],10,AMBIGUOUS,1,"[255,255,255,1]","[195,203,211]","[195,203,211]","[194,202,210]","[195,203,211]","[{""x"":166,""y"":73,""RGB"":[187,194,202],""luminance"":136.20222322947293}]","[166,73]",150.49366276942803,136.20222322947293,150.49366276942803,14.291439539955093,9.0,15.033296378372908,0.0,14.291439539955093,0.0,"{""support_to_pixel"":""up"",""pixel_to_master"":""flat""}",True,False,False,False,False,False,False,0.0,True,False
M0,166,74,[10],10,AMBIGUOUS,3,"[255,255,255,3]","[195,203,211]","[195,203,211]","[192,200,208]","[194,202,210]","[{""x"":166,""y"":73,""RGB"":[187,194,202],""luminance"":136.20222322947293},{""x"":167,""y"":73,""RGB"":[190,197,205],""luminance"":140.98295224714016}]","[166,73]",150.49366276942803,136.20222322947293,148.82701869407873,14.291439539955093,9.0,15.033296378372908,1.6666440753492964,14.291439539955093,-1.6666440753492964,"{""support_to_pixel"":""up"",""pixel_to_master"":""down""}",False,True,True,False,False,False,True,1.0,True,False
M0,178,74,[10],10,AMBIGUOUS,1,"[0,0,0,1]","[193,200,208]","[193,200,208]","[193,200,208]","[194,201,209]","[{""x"":178,""y"":73,""RGB"":[191,199,207],""luminance"":143.89192967974316}]","[178,73]",145.86019373168838,143.89192967974316,147.50748312623642,1.9682640519452264,2.0,2.449489742783178,-1.6472893945480394,1.9682640519452264,1.6472893945480394,"{""support_to_pixel"":""up"",""pixel_to_master"":""up""}",True,False,False,False,False,False,False,1.0,True,True
M0,179,74,[10],10,AMBIGUOUS,5,"[51,51,51,5]","[190,197,206]","[190,197,206]","[190,196,205]","[193,200,209]","[{""x"":178,""y"":73,""RGB"":[191,199,207],""luminance"":143.89192967974316}]","[178,73]",141.10650831370478,143.89192967974316,145.98612014152363,-2.7854213660383778,2.0,2.449489742783178,-4.879611827818849,-2.7854213660383778,4.879611827818849,"{""support_to_pixel"":""down"",""pixel_to_master"":""up""}",False,True,False,True,False,True,True,3.0,True,False
M0,189,74,[10],10,AMBIGUOUS,2,"[255,255,255,2]","[193,200,208]","[193,200,208]","[192,199,206]","[193,200,208]","[{""x"":190,""y"":73,""RGB"":[187,195,202],""luminance"":137.34115630825002}]","[190,73]",145.86019373168838,137.34115630825002,145.86019373168838,8.519037423438363,6.0,9.848857801796104,0.0,8.519037423438363,0.0,"{""support_to_pixel"":""up"",""pixel_to_master"":""flat""}",True,False,False,False,False,False,False,0.0,True,False
M0,190,74,[10],10,AMBIGUOUS,3,"[255,255,255,3]","[194,201,209]","[194,201,209]","[191,198,206]","[193,200,208]","[{""x"":190,""y"":73,""RGB"":[187,195,202],""luminance"":137.34115630825002},{""x"":191,""y"":73,""RGB"":[187,194,202],""luminance"":136.20222322947293}]","[190,73]",147.50748312623642,137.34115630825002,145.86019373168838,10.166326817986402,7.0,11.575836902790225,1.6472893945480394,10.166326817986402,-1.6472893945480394,"{""support_to_pixel"":""up"",""pixel_to_master"":""down""}",False,True,True,False,True,False,True,1.0,True,False
M0,194,74,[10],10,AMBIGUOUS,2,"[255,255,255,2]","[191,197,206]","[191,197,206]","[189,196,204]","[190,197,206]","[{""x"":195,""y"":73,""RGB"":[186,193,201],""luminance"":134.62999854241482}]","[195,73]",141.4360099307751,134.62999854241482,141.10650831370478,6.806011388360275,5.0,8.12403840463596,0.32950161707032066,6.806011388360275,-0.32950161707032066,"{""support_to_pixel"":""up"",""pixel_to_master"":""down""}",False,True,True,False,False,False,True,1.0,True,False
M0,195,74,[10],10,AMBIGUOUS,3,"[255,255,255,3]","[191,198,206]","[191,198,206]","[188,195,203]","[190,197,205]","[{""x"":195,""y"":73,""RGB"":[186,193,201],""luminance"":134.62999854241482},{""x"":196,""y"":73,""RGB"":[184,191,199],""luminance"":131.5174529804402}]","[195,73]",142.59794859527804,134.62999854241482,140.98295224714016,7.967950052863216,5.0,8.660254037844387,1.614996348137879,7.967950052863216,-1.614996348137879,"{""support_to_pixel"":""up"",""pixel_to_master"":""down""}",False,True,True,False,True,False,True,1.0,True,False
M0,207,74,[10],10,AMBIGUOUS,3,"[255,255,255,3]","[172,178,186]","[172,178,186]","[169,175,183]","[171,177,185]","[{""x"":208,""y"":73,""RGB"":[163,169,175],""luminance"":100.10690465717543}]","[208,73]",112.59937062244293,100.10690465717543,111.19272589061255,12.492465965267499,11.0,16.822603841260722,1.406644731830383,12.492465965267499,-1.406644731830383,"{""support_to_pixel"":""up"",""pixel_to_master"":""down""}",False,True,True,False,False,False,True,1.0,True,False
M0,208,74,[10],10,AMBIGUOUS,2,"[255,255,255,2]","[170,176,183]","[170,176,183]","[168,174,181]","[169,175,182]","[{""x"":208,""y"":73,""RGB"":[163,169,175],""luminance"":100.10690465717543}]","[208,73]",109.68981330462984,100.10690465717543,108.30451680400719,9.582908647454403,8.0,12.727922061357855,1.385296500622644,9.582908647454403,-1.385296500622644,"{""support_to_pixel"":""up"",""pixel_to_master"":""down""}",False,True,True,False,False,False,True,1.0,True,False
M0,209,74,[10],10,AMBIGUOUS,1,"[255,255,255,1]","[164,171,178]","[164,171,178]","[163,170,177]","[164,171,178]","[{""x"":208,""y"":73,""RGB"":[163,169,175],""luminance"":100.10690465717543}]","[208,73]",102.59334844957444,100.10690465717543,102.59334844957444,2.486443792399001,3.0,3.7416573867739413,0.0,2.486443792399001,0.0,"{""support_to_pixel"":""up"",""pixel_to_master"":""flat""}",True,False,False,False,False,False,False,0.0,True,False
M1,85,56,[7],7,AMBIGUOUS,6,"[85,85,85,6]","[199,207,215]","[199,207,215]","[198,205,213]","[202,210,218]","[{""x"":84,""y"":57,""RGB"":[201,209,217],""luminance"":160.7218837578162},{""x"":86,""y"":57,""RGB"":[200,207,215],""luminance"":157.6188252175612}]","[84,57]",157.26884718032773,160.7218837578162,162.46483263420487,-3.4530365774884615,2.0,3.4641016151377544,-5.195985453877142,-3.4530365774884615,5.195985453877142,"{""support_to_pixel"":""down"",""pixel_to_master"":""up""}",False,True,False,True,False,True,True,3.0,True,False
M1,86,56,[7],7,AMBIGUOUS,3,"[255,255,255,3]","[202,209,216]","[202,209,216]","[199,206,214]","[201,208,216]","[{""x"":86,""y"":57,""RGB"":[200,207,215],""luminance"":157.6188252175612},{""x"":87,""y"":57,""RGB"":[154,160,166],""luminance"":88.65026535861685}]","[86,57]",160.94415000154225,157.6188252175612,159.3421700546451,3.3253247839810456,2.0,3.0,1.6019799468971598,3.3253247839810456,-1.6019799468971598,"{""support_to_pixel"":""up"",""pixel_to_master"":""down""}",False,True,True,False,False,False,True,1.0,True,False
M1,95,56,[7],7,AMBIGUOUS,3,"[255,255,255,3]","[202,209,216]","[202,209,216]","[199,206,214]","[201,208,216]","[{""x"":95,""y"":57,""RGB"":[197,204,211],""luminance"":152.38595148486002},{""x"":94,""y"":57,""RGB"":[153,159,165],""luminance"":87.42723741068606}]","[95,57]",160.94415000154225,152.38595148486002,159.3421700546451,8.55819851668224,5.0,8.660254037844387,1.6019799468971598,8.55819851668224,-1.6019799468971598,"{""support_to_pixel"":""up"",""pixel_to_master"":""down""}",False,True,True,False,True,False,True,1.0,True,False
M1,96,56,[7],7,AMBIGUOUS,7,"[72,72,72,7]","[196,204,212]","[196,204,212]","[195,203,210]","[200,208,216]","[{""x"":95,""y"":57,""RGB"":[197,204,211],""luminance"":152.38595148486002}]","[95,57]",152.17114762218307,152.38595148486002,158.98989520252405,-0.21480386267694485,1.0,1.4142135623730951,-6.8187475803409825,-0.21480386267694485,6.8187475803409825,"{""support_to_pixel"":""down"",""pixel_to_master"":""up""}",False,True,False,True,False,True,True,4.0,True,False
M1,104,56,[8],8,AMBIGUOUS,5,"[153,153,153,5]","[199,206,215]","[199,206,215]","[196,203,212]","[200,207,216]","[{""x"":105,""y"":57,""RGB"":[188,194,202],""luminance"":136.52497831755758}]","[105,57]",156.03711081604033,136.52497831755758,157.75033209639287,19.512132498482742,13.0,20.83266665599966,-1.713221280352542,19.512132498482742,1.713221280352542,"{""support_to_pixel"":""up"",""pixel_to_master"":""up""}",True,False,False,False,False,False,False,1.0,True,False
M1,105,56,[8],8,AMBIGUOUS,1,"[255,255,255,1]","[200,208,216]","[200,208,216]","[199,207,215]","[200,208,216]","[{""x"":105,""y"":57,""RGB"":[188,194,202],""luminance"":136.52497831755758},{""x"":106,""y"":57,""RGB"":[152,157,164],""luminance"":85.34767851150164}]","[105,57]",158.98989520252405,136.52497831755758,158.98989520252405,22.46491688496647,14.0,23.15167380558045,0.0,22.46491688496647,0.0,"{""support_to_pixel"":""up"",""pixel_to_master"":""flat""}",True,False,False,False,False,False,False,0.0,True,False
M1,117,56,[8],8,AMBIGUOUS,3,"[255,255,255,3]","[201,209,216]","[201,209,216]","[198,206,214]","[200,208,216]","[{""x"":116,""y"":57,""RGB"":[164,170,177],""luminance"":101.53153617380673}]","[116,57]",160.58957404791593,101.53153617380673,158.98989520252405,59.0580378741092,39.0,66.41535966928132,1.5996788453918782,59.0580378741092,-1.5996788453918782,"{""support_to_pixel"":""up"",""pixel_to_master"":""down""}",False,True,True,False,True,False,True,1.0,True,False
M1,118,56,[8],8,AMBIGUOUS,5,"[51,51,51,5]","[197,205,213]","[197,205,213]","[196,204,212]","[200,208,216]","[{""x"":119,""y"":57,""RGB"":[198,206,214],""luminance"":155.5587198493756}]","[119,57]",153.85949331357259,155.5587198493756,158.98989520252405,-1.6992265358030068,1.0,1.7320508075688772,-5.130401888951468,-1.6992265358030068,5.130401888951468,"{""support_to_pixel"":""down"",""pixel_to_master"":""up""}",False,True,False,True,False,True,True,3.0,True,False
M1,76,57,[6],6,AMBIGUOUS,1,"[255,255,255,1]","[202,210,218]","[202,210,218]","[201,209,217]","[202,210,218]","[{""x"":77,""y"":57,""RGB"":[202,208,216],""luminance"":159.69674600827142},{""x"":77,""y"":58,""RGB"":[194,201,208],""luminance"":147.38155671640118}]","[77,57]",162.46483263420487,159.69674600827142,162.46483263420487,2.7680866259334493,2.0,2.8284271247461903,0.0,2.7680866259334493,0.0,"{""support_to_pixel"":""up"",""pixel_to_master"":""flat""}",True,False,False,False,False,False,False,0.0,True,False
M1,97,57,[7],7,AMBIGUOUS,3,"[255,255,255,3]","[202,209,216]","[202,209,216]","[199,206,214]","[201,208,216]","[{""x"":96,""y"":58,""RGB"":[142,147,152],""luminance"":73.65730697727459},{""x"":98,""y"":58,""RGB"":[199,206,213],""luminance"":155.77649995630034}]","[96,58]",160.94415000154225,73.65730697727459,159.3421700546451,87.28684302426767,64.0,107.42439201596628,1.6019799468971598,87.28684302426767,-1.6019799468971598,"{""support_to_pixel"":""up"",""pixel_to_master"":""down""}",False,True,True,False,False,False,True,1.0,True,False
M1,103,57,[8],8,AMBIGUOUS,3,"[255,255,255,3]","[202,209,216]","[202,209,216]","[199,206,214]","[201,208,216]","[{""x"":102,""y"":58,""RGB"":[200,207,214],""luminance"":157.48811977189428},{""x"":104,""y"":58,""RGB"":[127,131,135],""luminance"":57.359431944679194}]","[102,58]",160.94415000154225,157.48811977189428,159.3421700546451,3.456030229647979,2.0,3.4641016151377544,1.6019799468971598,3.456030229647979,-1.6019799468971598,"{""support_to_pixel"":""up"",""pixel_to_master"":""down""}",False,True,True,False,False,False,True,1.0,True,False
M1,111,57,[8],8,AMBIGUOUS,4,"[63,63,63,4]","[198,205,213]","[198,205,213]","[197,204,212]","[200,207,215]","[{""x"":110,""y"":58,""RGB"":[199,206,213],""luminance"":155.77649995630034},{""x"":112,""y"":58,""RGB"":[199,207,215],""luminance"":157.26884718032773}]","[110,58]",154.2048906291114,155.77649995630034,157.6188252175612,-1.571609327188952,1.0,1.4142135623730951,-3.41393458844982,-1.571609327188952,3.41393458844982,"{""support_to_pixel"":""down"",""pixel_to_master"":""up""}",False,True,False,True,False,True,True,2.0,True,False
M1,120,57,[8],8,AMBIGUOUS,2,"[0,0,0,2]","[198,206,214]","[198,206,214]","[199,206,214]","[200,208,216]","[{""x"":119,""y"":57,""RGB"":[198,206,214],""luminance"":155.5587198493756},{""x"":120,""y"":58,""RGB"":[198,206,213],""luminance"":155.4288144353025}]","[119,57]",155.5587198493756,155.5587198493756,158.98989520252405,0.0,0.0,0.0,-3.4311753531484612,0.0,3.4311753531484612,"{""support_to_pixel"":""flat"",""pixel_to_master"":""up""}",True,False,False,False,False,False,False,2.0,True,False
M1,125,57,[9],9,AMBIGUOUS,8,"[0,0,0,8]","[193,200,208]","[193,200,208]","[193,201,209]","[199,207,215]","[{""x"":124,""y"":57,""RGB"":[137,142,147],""luminance"":68.26592565765449},{""x"":124,""y"":58,""RGB"":[55,56,58],""luminance"":10.062453183067673}]","[124,57]",145.86019373168838,68.26592565765449,157.26884718032773,77.59426807403389,61.0,101.09896141899777,-11.408653448639342,77.59426807403389,11.408653448639342,"{""support_to_pixel"":""up"",""pixel_to_master"":""up""}",True,False,False,False,False,False,False,7.0,True,False
M1,76,58,[6],6,AMBIGUOUS,2,"[255,255,255,2]","[203,211,218]","[203,211,218]","[202,209,216]","[203,211,218]","[{""x"":77,""y"":58,""RGB"":[194,201,208],""luminance"":147.38155671640118},{""x"":77,""y"":57,""RGB"":[202,208,216],""luminance"":159.69674600827142}]","[77,58]",164.0848420150205,147.38155671640118,164.0848420150205,16.703285298619335,10.0,16.76305461424021,0.0,16.703285298619335,0.0,"{""support_to_pixel"":""up"",""pixel_to_master"":""flat""}",True,False,False,False,True,False,True,0.0,True,False
M1,82,58,[7],7,AMBIGUOUS,2,"[0,0,0,2]","[201,209,216]","[201,209,216]","[202,209,216]","[203,211,218]","[{""x"":82,""y"":59,""RGB"":[201,209,217],""luminance"":160.7218837578162}]","[82,59]",160.58957404791593,160.7218837578162,164.0848420150205,-0.13230970990025526,1.0,1.0,-3.4952679671045814,-0.13230970990025526,3.4952679671045814,"{""support_to_pixel"":""down"",""pixel_to_master"":""up""}",False,True,False,True,False,True,True,2.0,True,False
M1,83,58,[7],7,AMBIGUOUS,1,"[255,255,255,1]","[202,210,218]","[202,210,218]","[201,209,217]","[202,210,218]","[{""x"":84,""y"":57,""RGB"":[201,209,217],""luminance"":160.7218837578162},{""x"":82,""y"":59,""RGB"":[201,209,217],""luminance"":160.7218837578162},{""x"":84,""y"":59,""RGB"":[142,147,151],""luminance"":73.5740931133074}]","[84,57]",162.46483263420487,160.7218837578162,162.46483263420487,1.742948876388681,1.0,1.7320508075688772,0.0,1.742948876388681,0.0,"{""support_to_pixel"":""up"",""pixel_to_master"":""flat""}",True,False,False,False,False,False,False,0.0,True,False
M1,99,58,[7],7,AMBIGUOUS,1,"[0,0,0,1]","[199,207,215]","[199,207,215]","[199,207,215]","[200,208,216]","[{""x"":98,""y"":58,""RGB"":[199,206,213],""luminance"":155.77649995630034}]","[98,58]",157.26884718032773,155.77649995630034,158.98989520252405,1.4923472240273838,2.0,2.23606797749979,-1.721048022196328,1.4923472240273838,1.721048022196328,"{""support_to_pixel"":""up"",""pixel_to_master"":""up""}",True,False,False,False,False,False,False,1.0,True,True
M1,111,58,[8],8,AMBIGUOUS,12,"[170,170,170,12]","[199,206,213]","[199,206,213]","[191,199,206]","[200,208,215]","[{""x"":110,""y"":58,""RGB"":[199,206,213],""luminance"":155.77649995630034},{""x"":112,""y"":58,""RGB"":[199,207,215],""luminance"":157.26884718032773}]","[110,58]",155.77649995630034,155.77649995630034,158.8583883236924,0.0,0.0,0.0,-3.081888367392054,0.0,3.081888367392054,"{""support_to_pixel"":""flat"",""pixel_to_master"":""up""}",True,False,False,False,False,False,False,2.0,True,False
M1,125,58,[9],9,AMBIGUOUS,24,"[0,0,0,24]","[180,187,195]","[180,187,195]","[182,189,196]","[199,207,215]","[{""x"":124,""y"":58,""RGB"":[55,56,58],""luminance"":10.062453183067673},{""x"":125,""y"":59,""RGB"":[180,186,193],""luminance"":124.11198118576556},{""x"":124,""y"":57,""RGB"":[137,142,147],""luminance"":68.26592565765449},{""x"":124,""y"":59,""RGB"":[52,53,55],""luminance"":9.057870033607719}]","[124,58]",125.41939576518708,10.062453183067673,157.26884718032773,115.3569425821194,137.0,227.0572615002656,-31.84945141514065,115.3569425821194,31.84945141514065,"{""support_to_pixel"":""up"",""pixel_to_master"":""up""}",True,False,False,False,False,False,False,20.0,True,False
M1,138,58,[9],9,AMBIGUOUS,16,"[31,31,31,16]","[188,195,203]","[188,195,203]","[187,194,202]","[199,206,215]","[{""x"":137,""y"":58,""RGB"":[44,45,46],""luminance"":6.654229241240309},{""x"":137,""y"":57,""RGB"":[132,137,142],""luminance"":63.11211241690208},{""x"":137,""y"":59,""RGB"":[42,43,44],""luminance"":6.124701088641758}]","[137,58]",137.78511004173404,6.654229241240309,156.03711081604033,131.13088080049374,157.0,260.547500467765,-18.252000774306282,131.13088080049374,18.252000774306282,"{""support_to_pixel"":""up"",""pixel_to_master"":""up""}",True,False,False,False,False,False,False,12.0,True,False
M1,64,59,[6],6,AMBIGUOUS,18,"[113,113,113,18]","[198,204,211]","[198,204,211]","[191,197,204]","[204,211,218]","[{""x"":64,""y"":58,""RGB"":[183,189,197],""luminance"":128.75890768646795},{""x"":65,""y"":59,""RGB"":[31,32,33],""luminance"":3.6570454069639355},{""x"":65,""y"":58,""RGB"":[35,36,37],""luminance"":4.469254906248417},{""x"":65,""y"":60,""RGB"":[48,50,51],""luminance"":8.028927450437044}]","[64,58]",152.7313488003988,128.75890768646795,164.44403298382025,23.97244111393084,15.0,25.41653005427767,-11.712684183421459,23.97244111393084,11.712684183421459,"{""support_to_pixel"":""up"",""pixel_to_master"":""up""}",True,False,False,False,False,False,False,7.0,True,False
M1,69,59,[6],6,AMBIGUOUS,5,"[51,51,51,5]","[198,206,214]","[198,206,214]","[197,205,213]","[201,209,217]","[{""x"":69,""y"":60,""RGB"":[198,206,214],""luminance"":155.5587198493756},{""x"":68,""y"":60,""RGB"":[201,209,217],""luminance"":160.7218837578162}]","[69,60]",155.5587198493756,155.5587198493756,160.7218837578162,0.0,0.0,0.0,-5.163163908440595,0.0,5.163163908440595,"{""support_to_pixel"":""flat"",""pixel_to_master"":""up""}",True,False,False,False,False,False,False,3.0,True,False
M1,77,59,[6],6,AMBIGUOUS,16,"[0,0,0,16]","[189,197,204]","[189,197,204]","[190,198,205]","[202,210,218]","[{""x"":77,""y"":58,""RGB"":[194,201,208],""luminance"":147.38155671640118},{""x"":78,""y"":59,""RGB"":[53,54,56],""luminance"":9.385890227350426},{""x"":78,""y"":58,""RGB"":[56,58,59],""luminance"":10.665711500088442},{""x"":78,""y"":60,""RGB"":[59,61,63],""luminance"":11.796746513216915}]","[77,58]",140.5329350831134,147.38155671640118,162.46483263420487,-6.848621633287792,5.0,7.54983443527075,-21.93189755109148,-6.848621633287792,21.93189755109148,"{""support_to_pixel"":""down"",""pixel_to_master"":""up""}",False,True,False,True,False,False,True,14.0,True,False
M1,111,59,[8],8,AMBIGUOUS,1,"[255,255,255,1]","[200,208,216]","[200,208,216]","[199,207,215]","[200,208,216]","[{""x"":111,""y"":60,""RGB"":[149,154,160],""luminance"":81.69901332124857},{""x"":110,""y"":58,""RGB"":[199,206,213],""luminance"":155.77649995630034},{""x"":112,""y"":58,""RGB"":[199,207,215],""luminance"":157.26884718032773},{""x"":110,""y"":60,""RGB"":[166,173,180],""luminance"":105.28801808656611},{""x"":112,""y"":60,""RGB"":[186,191,199],""luminance"":132.1517812267958}]","[111,60]",158.98989520252405,81.69901332124857,158.98989520252405,77.29088188127548,56.0,93.02150289046077,0.0,77.29088188127548,0.0,"{""support_to_pixel"":""up"",""pixel_to_master"":""flat""}",True,False,False,False,False,False,False,0.0,True,False
M1,138,59,[9],9,AMBIGUOUS,22,"[11,11,11,22]","[183,189,196]","[183,189,196]","[183,189,197]","[199,206,214]","[{""x"":137,""y"":59,""RGB"":[42,43,44],""luminance"":6.124701088641758},{""x"":137,""y"":58,""RGB"":[44,45,46],""luminance"":6.654229241240309},{""x"":137,""y"":60,""RGB"":[46,47,48],""luminance"":7.209545757921911}]","[137,59]",128.6423846861489,6.124701088641758,155.90640537037342,122.51768359750713,152.0,253.57641846196975,-27.264020684224533,122.51768359750713,27.264020684224533,"{""support_to_pixel"":""up"",""pixel_to_master"":""up""}",True,False,False,False,False,False,False,18.0,True,False
M1,64,60,[6],6,AMBIGUOUS,10,"[102,102,102,10]","[200,207,213]","[200,207,213]","[197,203,210]","[204,211,218]","[{""x"":65,""y"":60,""RGB"":[48,50,51],""luminance"":8.028927450437044},{""x"":64,""y"":61,""RGB"":[197,205,213],""luminance"":153.85949331357259},{""x"":65,""y"":59,""RGB"":[31,32,33],""luminance"":3.6570454069639355},{""x"":65,""y"":61,""RGB"":[58,59,61],""luminance"":11.129199104304046}]","[65,60]",157.35821435782123,8.028927450437044,164.44403298382025,149.3292869073842,162.0,272.0238960091558,-7.085818625999025,149.3292869073842,7.085818625999025,"{""support_to_pixel"":""up"",""pixel_to_master"":""up""}",True,False,False,False,False,False,False,5.0,True,False
M1,77,60,[6],6,AMBIGUOUS,16,"[0,0,0,16]","[189,196,203]","[189,196,203]","[190,197,204]","[202,209,217]","[{""x"":78,""y"":60,""RGB"":[59,61,63],""luminance"":11.796746513216915},{""x"":78,""y"":59,""RGB"":[53,54,56],""luminance"":9.385890227350426},{""x"":78,""y"":61,""RGB"":[58,59,61],""luminance"":11.129199104304046}]","[78,60]",139.2566965352263,11.796746513216915,161.0764597114425,127.45995002200938,140.0,233.9337513057917,-21.819763176216213,127.45995002200938,21.819763176216213,"{""support_to_pixel"":""up"",""pixel_to_master"":""up""}",True,False,False,False,False,False,False,14.0,True,False
M1,89,60,[7],7,AMBIGUOUS,22,"[57,57,57,22]","[189,196,203]","[189,196,203]","[186,192,200]","[202,209,217]","[{""x"":89,""y"":59,""RGB"":[61,63,65],""luminance"":12.568356375846239},{""x"":88,""y"":60,""RGB"":[184,190,197],""luminance"":130.17361414071007},{""x"":88,""y"":59,""RGB"":[52,53,55],""luminance"":9.057870033607719},{""x"":90,""y"":59,""RGB"":[60,61,63],""luminance"":11.87541907046924}]","[89,59]",139.2566965352263,12.568356375846239,161.0764597114425,126.68834015938006,138.0,230.471256342304,-21.819763176216213,126.68834015938006,21.819763176216213,"{""support_to_pixel"":""up"",""pixel_to_master"":""up""}",True,False,False,False,False,False,False,14.0,True,False
M1,90,60,[7],7,AMBIGUOUS,22,"[69,69,69,22]","[190,198,204]","[190,198,204]","[186,193,200]","[202,210,217]","[{""x"":90,""y"":59,""RGB"":[60,61,63],""luminance"":11.87541907046924},{""x"":89,""y"":59,""RGB"":[61,63,65],""luminance"":12.568356375846239},{""x"":91,""y"":59,""RGB"":[60,62,64],""luminance"":12.178986311688323}]","[90,59]",142.0221220931651,11.87541907046924,162.33171869897373,130.14670302269587,141.0,235.69047498785352,-20.309596605808622,130.14670302269587,20.309596605808622,"{""support_to_pixel"":""up"",""pixel_to_master"":""up""}",True,False,False,False,False,False,False,13.0,True,False
M1,91,60,[7],7,AMBIGUOUS,22,"[69,69,69,22]","[190,196,203]","[190,196,203]","[185,191,199]","[201,208,216]","[{""x"":91,""y"":59,""RGB"":[60,62,64],""luminance"":12.178986311688323},{""x"":90,""y"":59,""RGB"":[60,61,63],""luminance"":11.87541907046924},{""x"":92,""y"":59,""RGB"":[59,61,63],""luminance"":11.796746513216915}]","[91,59]",139.58394488077514,12.178986311688323,159.3421700546451,127.40495856908682,139.0,232.75953256526358,-19.75822517386996,127.40495856908682,19.75822517386996,"{""support_to_pixel"":""up"",""pixel_to_master"":""up""}",True,False,False,False,False,False,False,13.0,True,False
M1,92,60,[7],7,AMBIGUOUS,25,"[61,61,61,25]","[187,193,200]","[187,193,200]","[183,189,195]","[201,208,215]","[{""x"":92,""y"":59,""RGB"":[59,61,63],""luminance"":11.796746513216915},{""x"":93,""y"":60,""RGB"":[183,191,198],""luminance"":131.0855551909228},{""x"":91,""y"":59,""RGB"":[60,62,64],""luminance"":12.178986311688323},{""x"":93,""y"":59,""RGB"":[60,62,64],""luminance"":12.178986311688323}]","[92,59]",134.83087940780516,11.796746513216915,159.21066317581344,123.03413289458824,137.0,229.2967509582288,-24.37978376800828,123.03413289458824,24.37978376800828,"{""support_to_pixel"":""up"",""pixel_to_master"":""up""}",True,False,False,False,False,False,False,15.0,True,False
M1,100,60,"[7,8]",MULTI,AMBIGUOUS,1,"[0,0,0,1]","[199,207,215]","[199,207,215]","[199,207,215]","[200,208,216]","[{""x"":99,""y"":61,""RGB"":[197,205,212],""luminance"":153.7303865258296},{""x"":101,""y"":61,""RGB"":[195,203,209],""luminance"":150.23942962599577}]","[99,61]",157.26884718032773,153.7303865258296,158.98989520252405,3.538460654498124,3.0,4.123105625617661,-1.721048022196328,3.538460654498124,1.721048022196328,"{""support_to_pixel"":""up"",""pixel_to_master"":""up""}",True,False,False,False,False,False,False,1.0,True,True
M1,113,60,[8],8,AMBIGUOUS,12,"[42,42,42,12]","[193,199,207]","[193,199,207]","[191,198,206]","[200,207,215]","[{""x"":113,""y"":59,""RGB"":[114,118,122],""luminance"":45.74550807805606},{""x"":112,""y"":60,""RGB"":[186,191,199],""luminance"":132.1517812267958},{""x"":114,""y"":59,""RGB"":[58,59,61],""luminance"":11.129199104304046},{""x"":112,""y"":61,""RGB"":[143,147,153],""luminance"":73.96780988191361}]","[113,59]",144.55771036023702,45.74550807805606,157.6188252175612,98.81220228218096,85.0,141.5167834569455,-13.061114857324185,98.81220228218096,13.061114857324185,"{""support_to_pixel"":""up"",""pixel_to_master"":""up""}",True,False,False,False,False,False,False,8.0,True,False
M1,114,60,[8],8,AMBIGUOUS,24,"[63,63,63,24]","[186,193,201]","[186,193,201]","[182,189,196]","[199,207,215]","[{""x"":114,""y"":59,""RGB"":[58,59,61],""luminance"":11.129199104304046},{""x"":115,""y"":60,""RGB"":[180,187,194],""luminance"":125.30441957910249},{""x"":113,""y"":59,""RGB"":[114,118,122],""luminance"":45.74550807805606},{""x"":115,""y"":59,""RGB"":[50,51,53],""luminance"":8.422150357282906}]","[114,59]",134.62999854241482,11.129199104304046,157.26884718032773,123.50079943811077,140.0,232.24986544667792,-22.6388486379129,123.50079943811077,22.6388486379129,"{""support_to_pixel"":""up"",""pixel_to_master"":""up""}",True,False,False,False,False,False,False,14.0,True,False
M1,138,60,[9],9,AMBIGUOUS,20,"[12,12,12,20]","[183,190,198]","[183,190,198]","[184,190,198]","[198,205,214]","[{""x"":137,""y"":60,""RGB"":[46,47,48],""luminance"":7.209545757921911},{""x"":137,""y"":59,""RGB"":[42,43,44],""luminance"":6.124701088641758},{""x"":137,""y"":61,""RGB"":[45,46,47],""luminance"":6.928642109469312}]","[137,60]",129.97709067291396,7.209545757921911,154.33479604318444,122.76754491499204,150.0,248.43107696099537,-24.35770537027048,122.76754491499204,24.35770537027048,"{""support_to_pixel"":""up"",""pixel_to_master"":""up""}",True,False,False,False,False,False,False,16.0,True,False
M1,145,60,[10],10,AMBIGUOUS,24,"[63,63,63,24]","[184,192,199]","[184,192,199]","[180,187,194]","[197,205,213]","[{""x"":145,""y"":59,""RGB"":[59,60,62],""luminance"":11.498777807991523},{""x"":144,""y"":60,""RGB"":[181,188,196],""luminance"":126.92808296564954},{""x"":144,""y"":59,""RGB"":[60,61,63],""luminance"":11.87541907046924},{""x"":146,""y"":59,""RGB"":[59,61,63],""luminance"":11.796746513216915}]","[145,59]",132.63351248744624,11.498777807991523,153.85949331357259,121.13473467945471,137.0,227.63567382991621,-21.225980826126346,121.13473467945471,21.225980826126346,"{""support_to_pixel"":""up"",""pixel_to_master"":""up""}",True,False,False,False,False,False,False,14.0,True,False
M1,146,60,[10],10,AMBIGUOUS,21,"[60,60,60,21]","[187,194,201]","[187,194,201]","[183,190,198]","[198,206,214]","[{""x"":146,""y"":59,""RGB"":[59,61,63],""luminance"":11.796746513216915},{""x"":145,""y"":59,""RGB"":[59,60,62],""luminance"":11.498777807991523},{""x"":147,""y"":59,""RGB"":[59,61,63],""luminance"":11.796746513216915}]","[146,59]",136.08180750110122,11.796746513216915,155.5587198493756,124.28506098788431,138.0,230.471256342304,-19.476912348274368,124.28506098788431,19.476912348274368,"{""support_to_pixel"":""up"",""pixel_to_master"":""up""}",True,False,False,False,False,False,False,13.0,True,False
M1,147,60,[10],10,AMBIGUOUS,21,"[60,60,60,21]","[187,193,200]","[187,193,200]","[183,189,197]","[198,205,213]","[{""x"":147,""y"":59,""RGB"":[59,61,63],""luminance"":11.796746513216915},{""x"":146,""y"":59,""RGB"":[59,61,63],""luminance"":11.796746513216915},{""x"":148,""y"":59,""RGB"":[59,61,63],""luminance"":11.796746513216915}]","[147,59]",134.83087940780516,11.796746513216915,154.2048906291114,123.03413289458824,137.0,229.2967509582288,-19.374011221306233,123.03413289458824,19.374011221306233,"{""support_to_pixel"":""up"",""pixel_to_master"":""up""}",True,False,False,False,False,False,False,13.0,True,False
M1,148,60,[10],10,AMBIGUOUS,21,"[60,60,60,21]","[186,193,200]","[186,193,200]","[182,189,197]","[197,205,213]","[{""x"":148,""y"":59,""RGB"":[59,61,63],""luminance"":11.796746513216915},{""x"":147,""y"":59,""RGB"":[59,61,63],""luminance"":11.796746513216915},{""x"":149,""y"":59,""RGB"":[59,61,63],""luminance"":11.796746513216915}]","[148,59]",134.51036427937092,11.796746513216915,153.85949331357259,122.713617766154,137.0,228.74002710500844,-19.349129034201667,122.713617766154,19.349129034201667,"{""support_to_pixel"":""up"",""pixel_to_master"":""up""}",True,False,False,False,False,False,False,13.0,True,False
M1,149,60,[10],10,AMBIGUOUS,21,"[60,60,60,21]","[186,193,200]","[186,193,200]","[182,189,197]","[197,205,213]","[{""x"":149,""y"":59,""RGB"":[59,61,63],""luminance"":11.796746513216915},{""x"":148,""y"":59,""RGB"":[59,61,63],""luminance"":11.796746513216915},{""x"":150,""y"":59,""RGB"":[59,61,63],""luminance"":11.796746513216915}]","[149,59]",134.51036427937092,11.796746513216915,153.85949331357259,122.713617766154,137.0,228.74002710500844,-19.349129034201667,122.713617766154,19.349129034201667,"{""support_to_pixel"":""up"",""pixel_to_master"":""up""}",True,False,False,False,False,False,False,13.0,True,False
M1,150,60,[10],10,AMBIGUOUS,21,"[60,60,60,21]","[187,193,200]","[187,193,200]","[183,189,197]","[198,205,213]","[{""x"":150,""y"":59,""RGB"":[59,61,63],""luminance"":11.796746513216915},{""x"":149,""y"":59,""RGB"":[59,61,63],""luminance"":11.796746513216915},{""x"":151,""y"":59,""RGB"":[59,61,63],""luminance"":11.796746513216915}]","[150,59]",134.83087940780516,11.796746513216915,154.2048906291114,123.03413289458824,137.0,229.2967509582288,-19.374011221306233,123.03413289458824,19.374011221306233,"{""support_to_pixel"":""up"",""pixel_to_master"":""up""}",True,False,False,False,False,False,False,13.0,True,False
M1,151,60,[10],10,AMBIGUOUS,22,"[57,57,57,22]","[185,192,199]","[185,192,199]","[181,189,196]","[197,205,213]","[{""x"":151,""y"":59,""RGB"":[59,61,63],""luminance"":11.796746513216915},{""x"":152,""y"":60,""RGB"":[181,188,196],""luminance"":126.92808296564954},{""x"":150,""y"":59,""RGB"":[59,61,63],""luminance"":11.796746513216915},{""x"":152,""y"":59,""RGB"":[59,60,62],""luminance"":11.498777807991523}]","[151,59]",132.94956110126088,11.796746513216915,153.85949331357259,121.15281458804397,136.0,227.00881040171106,-20.909932212311702,121.15281458804397,20.909932212311702,"{""support_to_pixel"":""up"",""pixel_to_master"":""up""}",True,False,False,False,False,False,False,14.0,True,False
M1,158,60,[10],10,AMBIGUOUS,14,"[0,0,0,14]","[187,194,201]","[187,194,201]","[188,195,202]","[198,205,213]","[{""x"":158,""y"":59,""RGB"":[98,101,105],""luminance"":32.956077784948825},{""x"":157,""y"":59,""RGB"":[194,202,210],""luminance"":148.82701869407873},{""x"":159,""y"":59,""RGB"":[59,60,62],""luminance"":11.498777807991523}]","[158,59]",136.08180750110122,32.956077784948825,154.2048906291114,103.12572971615239,96.0,160.5801980320114,-18.123083128010165,103.12572971615239,18.123083128010165,"{""support_to_pixel"":""up"",""pixel_to_master"":""up""}",True,False,False,False,False,False,False,12.0,True,False
M1,159,60,[10],10,AMBIGUOUS,23,"[66,66,66,23]","[185,192,200]","[185,192,200]","[181,188,195]","[197,205,213]","[{""x"":159,""y"":59,""RGB"":[59,60,62],""luminance"":11.498777807991523},{""x"":158,""y"":59,""RGB"":[98,101,105],""luminance"":32.956077784948825},{""x"":160,""y"":59,""RGB"":[60,61,63],""luminance"":11.87541907046924}]","[159,59]",133.0684153547334,11.498777807991523,153.85949331357259,121.56963754674186,138.0,228.78811157925142,-20.791077958839196,121.56963754674186,20.791077958839196,"{""support_to_pixel"":""up"",""pixel_to_master"":""up""}",True,False,False,False,False,False,False,13.0,True,False
M1,160,60,[10],10,AMBIGUOUS,22,"[57,57,57,22]","[184,191,199]","[184,191,199]","[180,188,195]","[196,204,212]","[{""x"":160,""y"":59,""RGB"":[60,61,63],""luminance"":11.87541907046924},{""x"":159,""y"":59,""RGB"":[59,60,62],""luminance"":11.498777807991523},{""x"":161,""y"":59,""RGB"":[59,61,63],""luminance"":11.796746513216915}]","[160,59]",131.5174529804402,11.87541907046924,152.17114762218307,119.64203390997096,136.0,225.3264298745267,-20.653694641742874,119.64203390997096,20.653694641742874,"{""support_to_pixel"":""up"",""pixel_to_master"":""up""}",True,False,False,False,False,False,False,13.0,True,False
M1,161,60,[10],10,AMBIGUOUS,22,"[57,57,57,22]","[185,191,199]","[185,191,199]","[181,188,195]","[197,204,212]","[{""x"":161,""y"":59,""RGB"":[59,61,63],""luminance"":11.796746513216915},{""x"":162,""y"":60,""RGB"":[180,186,193],""luminance"":124.11198118576556},{""x"":160,""y"":59,""RGB"":[60,61,63],""luminance"":11.87541907046924},{""x"":162,""y"":59,""RGB"":[58,60,62],""luminance"":11.421599170869177}]","[161,59]",131.83350159425484,11.796746513216915,152.51426105525556,120.03675508103792,136.0,226.43321311150447,-20.68075946100072,120.03675508103792,20.68075946100072,"{""support_to_pixel"":""up"",""pixel_to_master"":""up""}",True,False,False,False,False,False,False,13.0,True,False
M1,168,60,[10],10,AMBIGUOUS,21,"[60,60,60,21]","[185,192,199]","[185,192,199]","[181,188,196]","[196,204,212]","[{""x"":168,""y"":59,""RGB"":[60,62,64],""luminance"":12.178986311688323},{""x"":167,""y"":60,""RGB"":[120,125,129],""luminance"":51.625464019872666},{""x"":167,""y"":59,""RGB"":[44,45,46],""luminance"":6.654229241240309},{""x"":169,""y"":59,""RGB"":[59,61,63],""luminance"":11.796746513216915},{""x"":167,""y"":61,""RGB"":[133,137,143],""luminance"":63.39564203894831}]","[168,59]",132.94956110126088,12.178986311688323,152.17114762218307,120.77057478957256,135.0,225.27760652137619,-19.221586520922187,120.77057478957256,19.221586520922187,"{""support_to_pixel"":""up"",""pixel_to_master"":""up""}",True,False,False,False,False,False,False,13.0,True,False
M1,169,60,[10],10,AMBIGUOUS,23,"[88,88,88,23]","[186,193,201]","[186,193,201]","[180,186,194]","[196,203,212]","[{""x"":169,""y"":59,""RGB"":[59,61,63],""luminance"":11.796746513216915},{""x"":168,""y"":59,""RGB"":[60,62,64],""luminance"":12.178986311688323},{""x"":170,""y"":59,""RGB"":[59,60,63],""luminance"":11.52703393848403}]","[169,59]",134.62999854241482,11.796746513216915,150.9628062257317,122.83325202919791,138.0,229.34035841953332,-16.332807683316872,122.83325202919791,16.332807683316872,"{""support_to_pixel"":""up"",""pixel_to_master"":""up""}",True,False,False,False,False,False,False,11.0,True,False
M1,170,60,[10],10,AMBIGUOUS,22,"[57,57,57,22]","[183,190,198]","[183,190,198]","[179,187,194]","[195,203,211]","[{""x"":170,""y"":59,""RGB"":[59,60,63],""luminance"":11.52703393848403},{""x"":169,""y"":59,""RGB"":[59,61,63],""luminance"":11.796746513216915},{""x"":171,""y"":59,""RGB"":[59,60,62],""luminance"":11.498777807991523}]","[170,59]",129.97709067291396,11.52703393848403,150.49366276942803,118.45005673442994,135.0,224.72427550222517,-20.516572096514068,118.45005673442994,20.516572096514068,"{""support_to_pixel"":""up"",""pixel_to_master"":""up""}",True,False,False,False,False,False,False,13.0,True,False
M1,171,60,[10],10,AMBIGUOUS,22,"[57,57,57,22]","[183,190,198]","[183,190,198]","[179,187,194]","[195,203,211]","[{""x"":171,""y"":59,""RGB"":[59,60,62],""luminance"":11.498777807991523},{""x"":172,""y"":60,""RGB"":[180,187,194],""luminance"":125.30441957910249},{""x"":170,""y"":59,""RGB"":[59,60,63],""luminance"":11.52703393848403},{""x"":172,""y"":59,""RGB"":[59,60,62],""luminance"":11.498777807991523}]","[171,59]",129.97709067291396,11.498777807991523,150.49366276942803,118.47831286492243,136.0,225.3264298745267,-20.516572096514068,118.47831286492243,20.516572096514068,"{""support_to_pixel"":""up"",""pixel_to_master"":""up""}",True,False,False,False,False,False,False,13.0,True,False
M1,198,60,[10],10,AMBIGUOUS,23,"[55,55,55,23]","[176,181,190]","[176,181,190]","[172,178,186]","[188,194,203]","[{""x"":198,""y"":59,""RGB"":[56,58,60],""luminance"":10.692429085382974},{""x"":197,""y"":60,""RGB"":[173,179,186],""luminance"":113.90749614334241},{""x"":197,""y"":59,""RGB"":[58,59,61],""luminance"":11.129199104304046},{""x"":199,""y"":59,""RGB"":[56,58,60],""luminance"":10.692429085382974}]","[198,59]",117.28867510416093,10.692429085382974,136.64617696295693,106.59624601877796,130.0,215.4738963308549,-19.357501858796,106.59624601877796,19.357501858796,"{""support_to_pixel"":""up"",""pixel_to_master"":""up""}",True,False,False,False,False,False,False,13.0,True,False
M1,199,60,[10],10,AMBIGUOUS,21,"[60,60,60,21]","[176,183,190]","[176,183,190]","[173,179,187]","[187,194,202]","[{""x"":199,""y"":59,""RGB"":[56,58,60],""luminance"":10.692429085382974},{""x"":198,""y"":59,""RGB"":[56,58,60],""luminance"":10.692429085382974},{""x"":200,""y"":59,""RGB"":[56,58,60],""luminance"":10.692429085382974}]","[199,59]",119.37770035667818,10.692429085382974,136.20222322947293,108.6852712712952,130.0,216.6217902243447,-16.82452287279476,108.6852712712952,16.82452287279476,"{""support_to_pixel"":""up"",""pixel_to_master"":""up""}",True,False,False,False,False,False,False,12.0,True,False
M1,200,60,[10],10,AMBIGUOUS,21,"[60,60,60,21]","[176,182,189]","[176,182,189]","[172,178,186]","[186,193,201]","[{""x"":200,""y"":59,""RGB"":[56,58,60],""luminance"":10.692429085382974},{""x"":199,""y"":59,""RGB"":[56,58,60],""luminance"":10.692429085382974},{""x"":201,""y"":59,""RGB"":[56,58,59],""luminance"":10.665711500088442}]","[200,59]",118.21832267595295,10.692429085382974,134.62999854241482,107.52589359056998,129.0,215.4460489310491,-16.411675866461877,107.52589359056998,16.411675866461877,"{""support_to_pixel"":""up"",""pixel_to_master"":""up""}",True,False,False,False,False,False,False,12.0,True,False
M1,201,60,[10],10,AMBIGUOUS,21,"[60,60,60,21]","[174,180,187]","[174,180,187]","[170,176,183]","[184,191,198]","[{""x"":201,""y"":59,""RGB"":[56,58,59],""luminance"":10.665711500088442},{""x"":200,""y"":59,""RGB"":[56,58,60],""luminance"":10.692429085382974},{""x"":202,""y"":59,""RGB"":[56,57,59],""luminance"":10.411075627791913}]","[201,59]",115.33406032857008,10.665711500088442,131.3993772766959,104.66834882848164,128.0,212.5841010047553,-16.065316948125826,104.66834882848164,16.065316948125826,"{""support_to_pixel"":""up"",""pixel_to_master"":""up""}",True,False,False,False,False,False,False,11.0,True,False
M1,202,60,[10],10,AMBIGUOUS,21,"[60,60,60,21]","[172,178,185]","[172,178,185]","[168,175,181]","[182,189,196]","[{""x"":202,""y"":59,""RGB"":[56,57,59],""luminance"":10.411075627791913},{""x"":201,""y"":59,""RGB"":[56,58,59],""luminance"":10.665711500088442},{""x"":203,""y"":59,""RGB"":[55,57,58],""luminance"":10.312118929322503}]","[202,59]",112.49128130226676,10.411075627791913,128.3307846241053,102.08020567447484,126.0,209.69740103301234,-15.839503321838535,102.08020567447484,15.839503321838535,"{""support_to_pixel"":""up"",""pixel_to_master"":""up""}",True,False,False,False,False,False,False,11.0,True,False
M1,203,60,[10],10,AMBIGUOUS,21,"[60,60,60,21]","[171,177,183]","[171,177,183]","[167,174,179]","[181,188,194]","[{""x"":203,""y"":59,""RGB"":[55,57,58],""luminance"":10.312118929322503},{""x"":202,""y"":59,""RGB"":[56,57,59],""luminance"":10.411075627791913},{""x"":204,""y"":59,""RGB"":[54,56,57],""luminance"":9.965461669676339}]","[203,59]",110.97881871982126,10.312118929322503,126.69735792461401,100.66669979049875,125.0,208.5209821576716,-15.718539204792748,100.66669979049875,15.718539204792748,"{""support_to_pixel"":""up"",""pixel_to_master"":""up""}",True,False,False,False,False,False,False,11.0,True,False
M1,204,60,[10],10,AMBIGUOUS,22,"[69,69,69,22]","[169,175,181]","[169,175,181]","[164,170,177]","[178,185,192]","[{""x"":204,""y"":59,""RGB"":[54,56,57],""luminance"":9.965461669676339},{""x"":205,""y"":60,""RGB"":[160,167,174],""luminance"":97.32587230517773},{""x"":203,""y"":59,""RGB"":[55,57,58],""luminance"":10.312118929322503},{""x"":205,""y"":59,""RGB"":[55,56,58],""luminance"":10.062453183067673}]","[204,59]",108.19944897442352,9.965461669676339,122.32011440534387,98.23398730474717,124.0,206.78974829521894,-14.120665430920354,98.23398730474717,14.120665430920354,"{""support_to_pixel"":""up"",""pixel_to_master"":""up""}",True,False,False,False,False,False,False,11.0,True,False
M1,70,61,[6],6,AMBIGUOUS,2,"[0,0,0,2]","[200,208,216]","[200,208,216]","[201,208,216]","[202,210,218]","[{""x"":69,""y"":61,""RGB"":[195,203,211],""luminance"":150.49366276942803},{""x"":70,""y"":62,""RGB"":[199,207,215],""luminance"":157.26884718032773},{""x"":69,""y"":60,""RGB"":[198,206,214],""luminance"":155.5587198493756}]","[69,61]",158.98989520252405,150.49366276942803,162.46483263420487,8.496232433096026,5.0,8.660254037844387,-3.4749374316808144,8.496232433096026,3.4749374316808144,"{""support_to_pixel"":""up"",""pixel_to_master"":""up""}",True,False,False,False,False,False,False,2.0,True,False
M1,77,61,[6],6,AMBIGUOUS,16,"[0,0,0,16]","[188,195,203]","[188,195,203]","[189,196,204]","[201,208,217]","[{""x"":78,""y"":61,""RGB"":[58,59,61],""luminance"":11.129199104304046},{""x"":78,""y"":60,""RGB"":[59,61,63],""luminance"":11.796746513216915},{""x"":78,""y"":62,""RGB"":[58,59,61],""luminance"":11.129199104304046}]","[78,61]",137.78511004173404,11.129199104304046,159.47447976454535,126.65591093743,142.0,235.7116882973774,-21.689369722811307,126.65591093743,21.689369722811307,"{""support_to_pixel"":""up"",""pixel_to_master"":""up""}",True,False,False,False,False,False,False,14.0,True,False
M1,126,61,[9],9,AMBIGUOUS,2,"[255,255,255,2]","[199,206,214]","[199,206,214]","[198,204,212]","[199,206,214]","[{""x"":125,""y"":61,""RGB"":[164,170,176],""luminance"":101.43021054183487},{""x"":125,""y"":60,""RGB"":[182,188,194],""luminance"":127.00674048097811},{""x"":125,""y"":62,""RGB"":[93,96,99],""luminance"":29.56406416266477}]","[125,61]",155.90640537037342,101.43021054183487,155.90640537037342,54.47619482853855,38.0,62.96824596572466,0.0,54.47619482853855,0.0,"{""support_to_pixel"":""up"",""pixel_to_master"":""flat""}",True,False,False,False,False,False,False,0.0,True,False
M1,127,61,[9],9,AMBIGUOUS,8,"[63,63,63,8]","[194,201,209]","[194,201,209]","[192,200,208]","[198,206,214]","[{""x"":128,""y"":62,""RGB"":[198,204,212],""luminance"":152.85965837079434}]","[128,62]",147.50748312623642,152.85965837079434,155.5587198493756,-5.3521752445579125,4.0,5.830951894845301,-8.05123672313917,-5.3521752445579125,8.05123672313917,"{""support_to_pixel"":""down"",""pixel_to_master"":""up""}",False,True,False,True,False,True,True,5.0,True,False
M1,128,61,[9],9,AMBIGUOUS,1,"[0,0,0,1]","[197,205,213]","[197,205,213]","[197,205,213]","[198,206,214]","[{""x"":128,""y"":62,""RGB"":[198,204,212],""luminance"":152.85965837079434}]","[128,62]",153.85949331357259,152.85965837079434,155.5587198493756,0.99983494277825,1.0,1.7320508075688772,-1.6992265358030068,0.99983494277825,1.6992265358030068,"{""support_to_pixel"":""up"",""pixel_to_master"":""up""}",True,False,False,False,False,False,False,1.0,True,True
M1,133,61,[9],9,AMBIGUOUS,4,"[63,63,63,4]","[196,204,212]","[196,204,212]","[195,203,211]","[198,206,214]","[{""x"":134,""y"":62,""RGB"":[196,203,210],""luminance"":150.70698288956015}]","[134,62]",152.17114762218307,150.70698288956015,155.5587198493756,1.464164732622919,2.0,2.23606797749979,-3.3875722271925213,1.464164732622919,3.3875722271925213,"{""support_to_pixel"":""up"",""pixel_to_master"":""up""}",True,False,False,False,False,False,False,2.0,True,False
M1,138,61,[9],9,AMBIGUOUS,20,"[12,12,12,20]","[183,190,197]","[183,190,197]","[184,190,197]","[198,205,213]","[{""x"":137,""y"":61,""RGB"":[45,46,47],""luminance"":6.928642109469312},{""x"":137,""y"":60,""RGB"":[46,47,48],""luminance"":7.209545757921911},{""x"":137,""y"":62,""RGB"":[45,46,47],""luminance"":6.928642109469312}]","[137,61]",129.859792054937,6.928642109469312,154.2048906291114,122.9311499454677,150.0,249.55961211702507,-24.345098574174386,122.9311499454677,24.345098574174386,"{""support_to_pixel"":""up"",""pixel_to_master"":""up""}",True,False,False,False,False,False,False,16.0,True,False
M1,193,61,[10],10,AMBIGUOUS,7,"[36,36,36,7]","[187,194,201]","[187,194,201]","[186,193,201]","[191,198,206]","[{""x"":193,""y"":60,""RGB"":[175,181,189],""luminance"":116.88136678016204},{""x"":194,""y"":61,""RGB"":[47,48,50],""luminance"":7.518755981990197},{""x"":194,""y"":60,""RGB"":[33,34,35],""luminance"":4.051279786223961},{""x"":194,""y"":62,""RGB"":[90,93,96],""luminance"":27.659567004910297}]","[193,60]",136.08180750110122,116.88136678016204,142.59794859527804,19.200440720939184,13.0,21.37755832643195,-6.516141094176817,19.200440720939184,6.516141094176817,"{""support_to_pixel"":""up"",""pixel_to_master"":""up""}",True,False,False,False,False,False,False,5.0,True,False
M1,77,62,[6],6,AMBIGUOUS,18,"[14,14,14,18]","[188,195,203]","[188,195,203]","[188,195,203]","[201,209,217]","[{""x"":78,""y"":62,""RGB"":[58,59,61],""luminance"":11.129199104304046},{""x"":78,""y"":61,""RGB"":[58,59,61],""luminance"":11.129199104304046},{""x"":78,""y"":63,""RGB"":[58,60,62],""luminance"":11.421599170869177}]","[78,62]",137.78511004173404,11.129199104304046,160.7218837578162,126.65591093743,142.0,235.7116882973774,-22.936773716082143,126.65591093743,22.936773716082143,"{""support_to_pixel"":""up"",""pixel_to_master"":""up""}",True,False,False,False,False,False,False,14.0,True,True
M1,82,62,[7],7,AMBIGUOUS,22,"[34,34,34,22]","[186,193,200]","[186,193,200]","[185,191,199]","[201,208,216]","[{""x"":83,""y"":62,""RGB"":[54,56,58],""luminance"":9.991167360363992},{""x"":83,""y"":61,""RGB"":[95,99,102],""luminance"":31.405508588904972},{""x"":83,""y"":63,""RGB"":[33,34,35],""luminance"":4.051279786223961}]","[83,62]",134.51036427937092,9.991167360363992,159.3421700546451,124.51919691900693,142.0,237.39629314713403,-24.831805775274177,124.51919691900693,24.831805775274177,"{""support_to_pixel"":""up"",""pixel_to_master"":""up""}",True,False,False,False,False,False,False,16.0,True,False
M1,87,62,[7],7,AMBIGUOUS,5,"[204,204,204,5]","[202,209,217]","[202,209,217]","[198,205,213]","[202,209,217]","[{""x"":86,""y"":61,""RGB"":[188,195,202],""luminance"":137.6639113963347}]","[86,61]",161.0764597114425,137.6639113963347,161.0764597114425,23.412548315107813,15.0,24.839484696748443,0.0,23.412548315107813,0.0,"{""support_to_pixel"":""up"",""pixel_to_master"":""flat""}",True,False,False,False,False,False,False,0.0,True,False
M1,94,62,[7],7,AMBIGUOUS,6,"[170,170,170,6]","[199,207,215]","[199,207,215]","[196,203,211]","[200,208,216]","[{""x"":95,""y"":61,""RGB"":[190,197,204],""luminance"":140.8601834286622}]","[95,61]",157.26884718032773,140.8601834286622,158.98989520252405,16.40866375166553,11.0,17.378147196982766,-1.721048022196328,16.40866375166553,1.721048022196328,"{""support_to_pixel"":""up"",""pixel_to_master"":""up""}",True,False,False,False,False,False,False,1.0,True,False
M1,106,62,[8],8,AMBIGUOUS,5,"[153,153,153,5]","[199,206,215]","[199,206,215]","[196,203,212]","[200,207,216]","[{""x"":105,""y"":61,""RGB"":[195,201,208],""luminance"":147.72011540284976}]","[105,61]",156.03711081604033,147.72011540284976,157.75033209639287,8.316995413190568,7.0,9.486832980505138,-1.713221280352542,8.316995413190568,1.713221280352542,"{""support_to_pixel"":""up"",""pixel_to_master"":""up""}",True,False,False,False,False,False,False,1.0,True,False
M1,108,62,[8],8,AMBIGUOUS,1,"[255,255,255,1]","[199,207,215]","[199,207,215]","[198,206,214]","[199,207,215]","[{""x"":109,""y"":62,""RGB"":[183,190,198],""luminance"":129.97709067291396},{""x"":109,""y"":61,""RGB"":[186,192,199],""luminance"":133.26784073380185}]","[109,62]",157.26884718032773,129.97709067291396,157.26884718032773,27.291756507413766,17.0,28.879058156387302,0.0,27.291756507413766,0.0,"{""support_to_pixel"":""up"",""pixel_to_master"":""flat""}",True,False,False,False,False,False,False,0.0,True,False
M1,114,62,[8],8,AMBIGUOUS,5,"[204,204,204,5]","[200,208,216]","[200,208,216]","[196,204,212]","[200,208,216]","[{""x"":113,""y"":62,""RGB"":[198,207,214],""luminance"":156.79045621366296}]","[113,62]",158.98989520252405,156.79045621366296,158.98989520252405,2.1994389888610897,2.0,3.0,0.0,2.1994389888610897,0.0,"{""support_to_pixel"":""up"",""pixel_to_master"":""flat""}",True,False,False,False,False,False,False,0.0,True,False
M1,115,62,[8],8,AMBIGUOUS,2,"[127,127,127,2]","[199,207,215]","[199,207,215]","[199,206,214]","[200,208,216]","[{""x"":116,""y"":62,""RGB"":[197,204,213],""luminance"":152.64336784299854}]","[116,62]",157.26884718032773,152.64336784299854,158.98989520252405,4.625479337329182,3.0,4.123105625617661,-1.721048022196328,4.625479337329182,1.721048022196328,"{""support_to_pixel"":""up"",""pixel_to_master"":""up""}",True,False,False,False,False,False,False,1.0,True,False
M1,127,62,[9],9,AMBIGUOUS,1,"[255,255,255,1]","[198,207,215]","[198,207,215]","[197,206,214]","[198,207,215]","[{""x"":128,""y"":62,""RGB"":[198,204,212],""luminance"":152.85965837079434},{""x"":127,""y"":63,""RGB"":[172,178,185],""luminance"":112.49128130226676},{""x"":126,""y"":63,""RGB"":[90,93,97],""luminance"":27.706842038501787},{""x"":128,""y"":63,""RGB"":[192,198,206],""luminance"":142.92970789503963}]","[128,62]",156.9211616593299,152.85965837079434,156.9211616593299,4.061503288535562,3.0,4.242640687119285,0.0,4.061503288535562,0.0,"{""support_to_pixel"":""up"",""pixel_to_master"":""flat""}",True,False,False,False,True,False,True,0.0,True,False
M1,133,62,[9],9,AMBIGUOUS,2,"[255,255,255,2]","[198,205,213]","[198,205,213]","[197,204,211]","[198,205,213]","[{""x"":134,""y"":62,""RGB"":[196,203,210],""luminance"":150.70698288956015}]","[134,62]",154.2048906291114,150.70698288956015,154.2048906291114,3.4979077395512377,3.0,4.123105625617661,0.0,3.4979077395512377,0.0,"{""support_to_pixel"":""up"",""pixel_to_master"":""flat""}",True,False,False,False,False,False,False,0.0,True,False
M1,138,62,[9],9,AMBIGUOUS,20,"[12,12,12,20]","[183,190,197]","[183,190,197]","[184,190,197]","[198,205,213]","[{""x"":137,""y"":62,""RGB"":[45,46,47],""luminance"":6.928642109469312},{""x"":137,""y"":61,""RGB"":[45,46,47],""luminance"":6.928642109469312},{""x"":137,""y"":63,""RGB"":[45,46,48],""luminance"":6.949461174987919}]","[137,62]",129.859792054937,6.928642109469312,154.2048906291114,122.9311499454677,150.0,249.55961211702507,-24.345098574174386,122.9311499454677,24.345098574174386,"{""support_to_pixel"":""up"",""pixel_to_master"":""up""}",True,False,False,False,False,False,False,16.0,True,False
M1,144,62,[10],10,AMBIGUOUS,2,"[255,255,255,2]","[196,204,212]","[196,204,212]","[195,203,210]","[196,204,212]","[{""x"":143,""y"":62,""RGB"":[162,168,174],""luminance"":98.79372772660048},{""x"":143,""y"":61,""RGB"":[167,174,179],""luminance"":106.44278052311162},{""x"":143,""y"":63,""RGB"":[168,174,180],""luminance"":106.82516666539998}]","[143,62]",152.17114762218307,98.79372772660048,152.17114762218307,53.37741989558259,38.0,62.41794613730894,0.0,53.37741989558259,0.0,"{""support_to_pixel"":""up"",""pixel_to_master"":""flat""}",True,False,False,False,False,False,False,0.0,True,False
M1,149,62,[10],10,AMBIGUOUS,2,"[255,255,255,2]","[196,204,211]","[196,204,211]","[195,203,209]","[196,204,211]","[{""x"":150,""y"":62,""RGB"":[195,202,210],""luminance"":149.16557738052728},{""x"":149,""y"":63,""RGB"":[185,191,199],""luminance"":131.83350159425484},{""x"":150,""y"":63,""RGB"":[190,197,204],""luminance"":140.8601834286622}]","[150,62]",152.04283805178753,149.16557738052728,152.04283805178753,2.8772606712602453,2.0,2.449489742783178,0.0,2.8772606712602453,0.0,"{""support_to_pixel"":""up"",""pixel_to_master"":""flat""}",True,False,False,False,False,False,False,0.0,True,False
M1,163,62,[10],10,AMBIGUOUS,1,"[255,255,255,1]","[196,203,211]","[196,203,211]","[195,202,210]","[196,203,211]","[{""x"":164,""y"":62,""RGB"":[181,187,195],""luminance"":125.72656534777218},{""x"":164,""y"":61,""RGB"":[188,194,201],""luminance"":136.40456258918593}]","[164,62]",150.83449665533615,125.72656534777218,150.83449665533615,25.107931307563973,16.0,27.147743920996454,0.0,25.107931307563973,0.0,"{""support_to_pixel"":""up"",""pixel_to_master"":""flat""}",True,False,False,False,False,False,False,0.0,True,False
M1,169,62,[10],10,AMBIGUOUS,5,"[204,204,204,5]","[194,202,210]","[194,202,210]","[190,198,206]","[194,202,210]","[{""x"":168,""y"":62,""RGB"":[194,201,209],""luminance"":147.50748312623642}]","[168,62]",148.82701869407873,147.50748312623642,148.82701869407873,1.3195355678423084,1.0,1.4142135623730951,0.0,1.3195355678423084,0.0,"{""support_to_pixel"":""up"",""pixel_to_master"":""flat""}",True,False,False,False,False,False,False,0.0,True,False
M1,175,62,[10],10,AMBIGUOUS,4,"[0,0,0,4]","[192,200,207]","[192,200,207]","[192,200,207]","[195,203,210]","[{""x"":175,""y"":61,""RGB"":[192,199,207],""luminance"":144.22368897950477},{""x"":176,""y"":62,""RGB"":[71,73,76],""luminance"":16.897531316040048},{""x"":176,""y"":61,""RGB"":[71,73,76],""luminance"":16.897531316040048},{""x"":176,""y"":63,""RGB"":[71,74,76],""luminance"":17.23533383348565}]","[175,61]",145.40103748481704,144.22368897950477,150.36614900365203,1.177348505312267,1.0,1.0,-4.965111518834988,1.177348505312267,4.965111518834988,"{""support_to_pixel"":""up"",""pixel_to_master"":""up""}",True,False,False,False,False,False,False,3.0,True,True
M1,200,62,[10],10,AMBIGUOUS,2,"[255,255,255,2]","[187,192,200]","[187,192,200]","[185,191,199]","[186,192,200]","[{""x"":199,""y"":62,""RGB"":[184,191,199],""luminance"":131.5174529804402},{""x"":200,""y"":63,""RGB"":[174,181,188],""luminance"":116.47700766076467},{""x"":199,""y"":63,""RGB"":[180,185,194],""luminance"":123.15547313954707}]","[199,62]",133.70721011570862,131.5174529804402,133.38669498727438,2.1897571352684224,3.0,3.3166247903554,0.3205151284342378,2.1897571352684224,-0.3205151284342378,"{""support_to_pixel"":""up"",""pixel_to_master"":""down""}",False,True,True,False,False,False,True,1.0,True,False
M1,204,62,[10],10,AMBIGUOUS,4,"[191,191,191,4]","[179,186,192]","[179,186,192]","[176,183,189]","[179,186,192]","[{""x"":204,""y"":63,""RGB"":[167,173,179],""luminance"":105.46112362273175},{""x"":205,""y"":63,""RGB"":[175,182,189],""luminance"":117.92214949094101}]","[204,63]",123.6935847362272,105.46112362273175,123.6935847362272,18.232461113495447,13.0,21.95449840010015,0.0,18.232461113495447,0.0,"{""support_to_pixel"":""up"",""pixel_to_master"":""flat""}",True,False,False,False,False,False,False,0.0,True,False
M1,205,62,[10],10,AMBIGUOUS,2,"[255,255,255,2]","[177,185,192]","[177,185,192]","[175,183,190]","[176,184,191]","[{""x"":206,""y"":62,""RGB"":[153,159,165],""luminance"":87.42723741068606},{""x"":205,""y"":63,""RGB"":[175,182,189],""luminance"":117.92214949094101},{""x"":206,""y"":61,""RGB"":[162,169,175],""luminance"":99.83877714437895},{""x"":204,""y"":63,""RGB"":[167,173,179],""luminance"":105.46112362273175},{""x"":206,""y"":63,""RGB"":[160,166,172],""luminance"":96.1976715345886}]","[206,62]",122.01955641247334,87.42723741068606,120.5453182894034,34.592319001787274,27.0,44.50842616853577,1.474238123069938,34.592319001787274,-1.474238123069938,"{""support_to_pixel"":""up"",""pixel_to_master"":""down""}",False,True,True,False,False,False,True,1.0,True,False
M1,72,63,[6],6,AMBIGUOUS,15,"[0,0,0,15]","[190,198,204]","[190,198,204]","[191,199,205]","[202,210,217]","[{""x"":71,""y"":63,""RGB"":[192,199,206],""luminance"":144.09934422908313},{""x"":72,""y"":64,""RGB"":[53,54,56],""luminance"":9.385890227350426},{""x"":71,""y"":64,""RGB"":[55,57,58],""luminance"":10.312118929322503},{""x"":73,""y"":64,""RGB"":[53,55,57],""luminance"":9.650904247644466}]","[71,63]",142.0221220931651,144.09934422908313,162.33171869897373,-2.0772221359180207,2.0,3.0,-20.309596605808622,-2.0772221359180207,20.309596605808622,"{""support_to_pixel"":""down"",""pixel_to_master"":""up""}",False,True,False,True,False,False,True,13.0,True,False
M1,73,63,[6],6,AMBIGUOUS,14,"[0,0,0,14]","[190,197,206]","[190,197,206]","[191,198,207]","[201,209,218]","[{""x"":73,""y"":64,""RGB"":[53,55,57],""luminance"":9.650904247644466},{""x"":72,""y"":64,""RGB"":[53,54,56],""luminance"":9.385890227350426},{""x"":74,""y"":64,""RGB"":[54,55,57],""luminance"":9.720737938919825}]","[73,64]",141.10650831370478,9.650904247644466,160.85499769304735,131.45560406606032,149.0,247.25290695965538,-19.748489379342573,131.45560406606032,19.748489379342573,"{""support_to_pixel"":""up"",""pixel_to_master"":""up""}",True,False,False,False,False,False,False,12.0,True,False
M1,74,63,[6],6,AMBIGUOUS,13,"[0,0,0,13]","[191,198,206]","[191,198,206]","[191,199,207]","[201,209,217]","[{""x"":74,""y"":64,""RGB"":[54,55,57],""luminance"":9.720737938919825},{""x"":73,""y"":64,""RGB"":[53,55,57],""luminance"":9.650904247644466},{""x"":75,""y"":64,""RGB"":[53,55,57],""luminance"":9.650904247644466}]","[74,64]",142.59794859527804,9.720737938919825,160.7218837578162,132.87721065635822,149.0,247.82856978161337,-18.123935162538146,132.87721065635822,18.123935162538146,"{""support_to_pixel"":""up"",""pixel_to_master"":""up""}",True,False,False,False,False,False,False,11.0,True,False
M1,75,63,[6],6,AMBIGUOUS,17,"[0,0,0,17]","[188,195,201]","[188,195,201]","[189,196,203]","[201,209,216]","[{""x"":75,""y"":64,""RGB"":[53,55,57],""luminance"":9.650904247644466},{""x"":74,""y"":64,""RGB"":[54,55,57],""luminance"":9.720737938919825},{""x"":76,""y"":64,""RGB"":[53,55,57],""luminance"":9.650904247644466}]","[75,64]",137.54349566796304,9.650904247644466,160.58957404791593,127.89259142031858,144.0,241.99380157351138,-23.04607837995289,127.89259142031858,23.04607837995289,"{""support_to_pixel"":""up"",""pixel_to_master"":""up""}",True,False,False,False,False,False,False,15.0,True,False
M1,76,63,[6],6,AMBIGUOUS,2,"[0,0,0,2]","[199,206,214]","[199,206,214]","[200,206,214]","[201,208,216]","[{""x"":76,""y"":64,""RGB"":[53,55,57],""luminance"":9.650904247644466},{""x"":75,""y"":64,""RGB"":[53,55,57],""luminance"":9.650904247644466},{""x"":77,""y"":64,""RGB"":[56,58,60],""luminance"":10.692429085382974}]","[76,64]",155.90640537037342,9.650904247644466,159.3421700546451,146.25550112272896,157.0,262.2327210704263,-3.4357646842716747,146.25550112272896,3.4357646842716747,"{""support_to_pixel"":""up"",""pixel_to_master"":""up""}",True,False,False,False,False,False,False,2.0,True,False
M1,77,63,[6],6,AMBIGUOUS,9,"[0,0,0,9]","[194,201,208]","[194,201,208]","[194,201,209]","[201,208,216]","[{""x"":78,""y"":63,""RGB"":[58,60,62],""luminance"":11.421599170869177},{""x"":77,""y"":64,""RGB"":[56,58,60],""luminance"":10.692429085382974},{""x"":78,""y"":62,""RGB"":[58,59,61],""luminance"":11.129199104304046},{""x"":76,""y"":64,""RGB"":[53,55,57],""luminance"":9.650904247644466},{""x"":78,""y"":64,""RGB"":[31,32,32],""luminance"":3.6429670523713495}]","[78,63]",147.38155671640118,11.421599170869177,159.3421700546451,135.959957545532,146.0,244.3215094910802,-11.960613338243917,135.959957545532,11.960613338243917,"{""support_to_pixel"":""up"",""pixel_to_master"":""up""}",True,False,False,False,False,False,False,8.0,True,False
M1,82,63,[7],7,AMBIGUOUS,27,"[66,66,66,27]","[187,193,200]","[187,193,200]","[181,188,195]","[201,208,216]","[{""x"":83,""y"":63,""RGB"":[33,34,35],""luminance"":4.051279786223961},{""x"":83,""y"":62,""RGB"":[54,56,58],""luminance"":9.991167360363992},{""x"":83,""y"":64,""RGB"":[38,39,40],""luminance"":5.141586110610995}]","[83,63]",134.83087940780516,4.051279786223961,159.3421700546451,130.77959962158118,165.0,276.0833207566151,-24.51129064683994,130.77959962158118,24.51129064683994,"{""support_to_pixel"":""up"",""pixel_to_master"":""up""}",True,False,False,False,False,False,False,16.0,True,False
M1,86,63,[7],7,AMBIGUOUS,1,"[255,255,255,1]","[202,210,217]","[202,210,217]","[201,209,216]","[202,210,217]","[{""x"":85,""y"":63,""RGB"":[148,153,159],""luminance"":80.53299966368358},{""x"":85,""y"":62,""RGB"":[127,131,135],""luminance"":57.359431944679194},{""x"":85,""y"":64,""RGB"":[148,153,158],""luminance"":80.44481775912449}]","[85,63]",162.33171869897373,80.53299966368358,162.33171869897373,81.79871903529015,58.0,97.6165969494942,0.0,81.79871903529015,0.0,"{""support_to_pixel"":""up"",""pixel_to_master"":""flat""}",True,False,False,False,False,False,False,0.0,True,False
M1,95,63,[7],7,AMBIGUOUS,1,"[255,255,255,1]","[199,208,216]","[199,208,216]","[198,207,215]","[199,208,216]","[{""x"":96,""y"":63,""RGB"":[152,158,164],""luminance"":86.21411221058928},{""x"":96,""y"":62,""RGB"":[132,137,142],""luminance"":63.11211241690208},{""x"":96,""y"":64,""RGB"":[151,157,163],""luminance"":85.01086670833011}]","[96,63]",158.63991716529057,86.21411221058928,158.63991716529057,72.42580495470129,52.0,86.09878047916823,0.0,72.42580495470129,0.0,"{""support_to_pixel"":""up"",""pixel_to_master"":""flat""}",True,False,False,False,False,False,False,0.0,True,False
M1,105,63,[8],8,AMBIGUOUS,2,"[255,255,255,2]","[201,208,216]","[201,208,216]","[200,206,214]","[201,208,216]","[{""x"":104,""y"":63,""RGB"":[189,195,203],""luminance"":138.11010953992292},{""x"":104,""y"":62,""RGB"":[167,172,179],""luminance"":104.48678761847225},{""x"":104,""y"":64,""RGB"":[187,195,202],""luminance"":137.34115630825002}]","[104,63]",159.3421700546451,138.11010953992292,159.3421700546451,21.23206051472218,13.0,21.95449840010015,0.0,21.23206051472218,0.0,"{""support_to_pixel"":""up"",""pixel_to_master"":""flat""}",True,False,False,False,False,False,False,0.0,True,False
M1,109,63,[8],8,AMBIGUOUS,23,"[0,0,0,23]","[182,189,196]","[182,189,196]","[183,191,198]","[200,208,216]","[{""x"":109,""y"":62,""RGB"":[183,190,198],""luminance"":129.97709067291396},{""x"":110,""y"":63,""RGB"":[67,69,71],""luminance"":15.056392837283298},{""x"":110,""y"":62,""RGB"":[63,65,67],""luminance"":13.368637053500198},{""x"":110,""y"":64,""RGB"":[66,68,70],""luminance"":14.623463467758517}]","[109,62]",128.3307846241053,129.97709067291396,158.98989520252405,-1.6463060488086683,2.0,2.449489742783178,-30.659110578418762,-1.6463060488086683,30.659110578418762,"{""support_to_pixel"":""down"",""pixel_to_master"":""up""}",False,True,False,True,False,False,True,20.0,True,False
M1,114,63,[8],8,AMBIGUOUS,2,"[255,255,255,2]","[200,208,216]","[200,208,216]","[199,206,214]","[200,208,216]","[{""x"":113,""y"":62,""RGB"":[198,207,214],""luminance"":156.79045621366296}]","[113,62]",158.98989520252405,156.79045621366296,158.98989520252405,2.1994389888610897,2.0,3.0,0.0,2.1994389888610897,0.0,"{""support_to_pixel"":""up"",""pixel_to_master"":""flat""}",True,False,False,False,False,False,False,0.0,True,False
M1,116,63,[8],8,AMBIGUOUS,4,"[0,0,0,4]","[197,204,213]","[197,204,213]","[197,204,213]","[200,207,216]","[{""x"":116,""y"":62,""RGB"":[197,204,213],""luminance"":152.64336784299854}]","[116,62]",152.64336784299854,152.64336784299854,157.75033209639287,0.0,0.0,0.0,-5.106964253394324,0.0,5.106964253394324,"{""support_to_pixel"":""flat"",""pixel_to_master"":""up""}",True,False,False,False,False,False,False,3.0,True,True
M1,130,63,[9],9,AMBIGUOUS,14,"[0,0,0,14]","[186,194,201]","[186,194,201]","[187,195,202]","[197,205,213]","[{""x"":129,""y"":63,""RGB"":[186,193,201],""luminance"":134.62999854241482},{""x"":130,""y"":64,""RGB"":[53,54,56],""luminance"":9.385890227350426},{""x"":129,""y"":64,""RGB"":[53,55,56],""luminance"":9.625700295072319},{""x"":131,""y"":64,""RGB"":[53,55,56],""luminance"":9.625700295072319}]","[129,63]",135.76129237266696,134.62999854241482,153.85949331357259,1.1312938302521331,1.0,1.0,-18.098200940905627,1.1312938302521331,18.098200940905627,"{""support_to_pixel"":""up"",""pixel_to_master"":""up""}",True,False,False,False,False,False,False,12.0,True,False
M1,131,63,[9],9,AMBIGUOUS,14,"[0,0,0,14]","[187,194,201]","[187,194,201]","[188,195,202]","[198,205,213]","[{""x"":131,""y"":64,""RGB"":[53,55,56],""luminance"":9.625700295072319},{""x"":130,""y"":64,""RGB"":[53,54,56],""luminance"":9.385890227350426},{""x"":132,""y"":64,""RGB"":[53,55,56],""luminance"":9.625700295072319}]","[131,64]",136.08180750110122,9.625700295072319,154.2048906291114,126.4561072060289,145.0,241.45807089430662,-18.123083128010165,126.4561072060289,18.123083128010165,"{""support_to_pixel"":""up"",""pixel_to_master"":""up""}",True,False,False,False,False,False,False,12.0,True,False
M1,132,63,[9],9,AMBIGUOUS,14,"[0,0,0,14]","[187,194,201]","[187,194,201]","[188,195,202]","[198,205,213]","[{""x"":132,""y"":64,""RGB"":[53,55,56],""luminance"":9.625700295072319},{""x"":131,""y"":64,""RGB"":[53,55,56],""luminance"":9.625700295072319},{""x"":133,""y"":64,""RGB"":[53,54,56],""luminance"":9.385890227350426}]","[132,64]",136.08180750110122,9.625700295072319,154.2048906291114,126.4561072060289,145.0,241.45807089430662,-18.123083128010165,126.4561072060289,18.123083128010165,"{""support_to_pixel"":""up"",""pixel_to_master"":""up""}",True,False,False,False,False,False,False,12.0,True,False
M1,133,63,[9],9,AMBIGUOUS,18,"[0,0,0,18]","[184,190,198]","[184,190,198]","[185,192,199]","[198,205,213]","[{""x"":133,""y"":64,""RGB"":[53,54,56],""luminance"":9.385890227350426},{""x"":134,""y"":62,""RGB"":[196,203,210],""luminance"":150.70698288956015},{""x"":132,""y"":64,""RGB"":[53,55,56],""luminance"":9.625700295072319},{""x"":134,""y"":64,""RGB"":[53,55,57],""luminance"":9.650904247644466}]","[133,64]",130.29091275868703,9.385890227350426,154.2048906291114,120.9050225313366,142.0,236.26468208346333,-23.91397787042436,120.9050225313366,23.91397787042436,"{""support_to_pixel"":""up"",""pixel_to_master"":""up""}",True,False,False,False,False,False,False,15.0,True,False
M1,138,63,[9],9,AMBIGUOUS,20,"[12,12,12,20]","[183,191,197]","[183,191,197]","[184,191,197]","[198,206,213]","[{""x"":137,""y"":63,""RGB"":[45,46,48],""luminance"":6.949461174987919},{""x"":137,""y"":62,""RGB"":[45,46,47],""luminance"":6.928642109469312},{""x"":137,""y"":64,""RGB"":[47,48,50],""luminance"":7.518755981990197}]","[137,63]",130.96825657294585,6.949461174987919,155.4288144353025,124.01879539795793,149.0,249.5395760195164,-24.460557862356666,124.01879539795793,24.460557862356666,"{""support_to_pixel"":""up"",""pixel_to_master"":""up""}",True,False,False,False,False,False,False,16.0,True,False
M1,145,63,[10],10,AMBIGUOUS,19,"[0,0,0,19]","[182,190,196]","[182,190,196]","[183,191,197]","[197,205,212]","[{""x"":145,""y"":64,""RGB"":[52,53,55],""luminance"":9.057870033607719},{""x"":144,""y"":64,""RGB"":[53,55,56],""luminance"":9.625700295072319},{""x"":146,""y"":64,""RGB"":[52,54,56],""luminance"":9.317500090550034}]","[145,64]",129.43166899257437,9.057870033607719,153.7303865258296,120.37379895896666,141.0,235.69047498785352,-24.29871753325523,120.37379895896666,24.29871753325523,"{""support_to_pixel"":""up"",""pixel_to_master"":""up""}",True,False,False,False,False,False,False,16.0,True,False
M1,146,63,[10],10,AMBIGUOUS,13,"[0,0,0,13]","[186,194,201]","[186,194,201]","[187,194,202]","[196,204,212]","[{""x"":146,""y"":64,""RGB"":[52,54,56],""luminance"":9.317500090550034},{""x"":145,""y"":64,""RGB"":[52,53,55],""luminance"":9.057870033607719},{""x"":147,""y"":64,""RGB"":[52,54,56],""luminance"":9.317500090550034}]","[146,64]",135.76129237266696,9.317500090550034,152.17114762218307,126.44379228211693,145.0,242.03512141835944,-16.409855249516113,126.44379228211693,16.409855249516113,"{""support_to_pixel"":""up"",""pixel_to_master"":""up""}",True,False,False,False,False,False,False,11.0,True,False
M1,147,63,[10],10,AMBIGUOUS,14,"[0,0,0,14]","[185,193,200]","[185,193,200]","[186,194,201]","[196,204,212]","[{""x"":147,""y"":64,""RGB"":[52,54,56],""luminance"":9.317500090550034},{""x"":146,""y"":64,""RGB"":[52,54,56],""luminance"":9.317500090550034},{""x"":148,""y"":64,""RGB"":[52,54,56],""luminance"":9.317500090550034}]","[147,64]",134.19208464682995,9.317500090550034,152.17114762218307,124.87458455627993,144.0,240.30397416605493,-17.979062975353116,124.87458455627993,17.979062975353116,"{""support_to_pixel"":""up"",""pixel_to_master"":""up""}",True,False,False,False,False,False,False,12.0,True,False
M1,148,63,[10],10,AMBIGUOUS,14,"[0,0,0,14]","[184,192,199]","[184,192,199]","[185,193,200]","[195,203,211]","[{""x"":149,""y"":63,""RGB"":[185,191,199],""luminance"":131.83350159425484},{""x"":148,""y"":64,""RGB"":[52,54,56],""luminance"":9.317500090550034},{""x"":147,""y"":64,""RGB"":[52,54,56],""luminance"":9.317500090550034},{""x"":149,""y"":64,""RGB"":[52,54,56],""luminance"":9.317500090550034}]","[149,63]",132.63351248744624,131.83350159425484,150.49366276942803,0.8000108931913985,1.0,1.4142135623730951,-17.860150281981788,0.8000108931913985,17.860150281981788,"{""support_to_pixel"":""up"",""pixel_to_master"":""up""}",True,False,False,False,False,False,False,12.0,True,False
M1,157,63,[10],10,AMBIGUOUS,3,"[0,0,0,3]","[195,203,210]","[195,203,210]","[195,203,211]","[197,205,213]","[{""x"":157,""y"":62,""RGB"":[196,204,211],""luminance"":152.04283805178753},{""x"":156,""y"":62,""RGB"":[195,202,211],""luminance"":149.29309114630328},{""x"":156,""y"":64,""RGB"":[196,203,212],""luminance"":150.9628062257317}]","[157,62]",150.36614900365203,152.04283805178753,153.85949331357259,-1.6766890481355006,1.0,1.7320508075688772,-3.493344309920559,-1.6766890481355006,3.493344309920559,"{""support_to_pixel"":""down"",""pixel_to_master"":""up""}",False,True,False,True,False,False,True,3.0,True,False
M1,164,63,[10],10,AMBIGUOUS,20,"[0,0,0,20]","[180,186,193]","[180,186,193]","[181,187,195]","[195,202,210]","[{""x"":164,""y"":62,""RGB"":[181,187,195],""luminance"":125.72656534777218},{""x"":165,""y"":63,""RGB"":[68,71,73],""luminance"":15.851970922832939},{""x"":165,""y"":62,""RGB"":[69,71,74],""luminance"":15.978549319049057},{""x"":165,""y"":64,""RGB"":[68,71,73],""luminance"":15.851970922832939}]","[164,62]",124.11198118576556,125.72656534777218,149.16557738052728,-1.6145841620066221,2.0,2.449489742783178,-25.053596194761724,-1.6145841620066221,25.053596194761724,"{""support_to_pixel"":""down"",""pixel_to_master"":""up""}",False,True,False,True,False,False,True,17.0,True,False
M1,169,63,[10],10,AMBIGUOUS,2,"[255,255,255,2]","[195,203,210]","[195,203,210]","[194,202,208]","[195,203,210]","[{""x"":168,""y"":62,""RGB"":[194,201,209],""luminance"":147.50748312623642}]","[168,62]",150.36614900365203,147.50748312623642,150.36614900365203,2.8586658774156035,2.0,2.449489742783178,0.0,2.8586658774156035,0.0,"{""support_to_pixel"":""up"",""pixel_to_master"":""flat""}",True,False,False,False,False,False,False,0.0,True,False
M1,175,63,[10],10,AMBIGUOUS,4,"[0,0,0,4]","[192,199,207]","[192,199,207]","[192,199,207]","[195,202,210]","[{""x"":176,""y"":63,""RGB"":[71,74,76],""luminance"":17.23533383348565},{""x"":176,""y"":62,""RGB"":[71,73,76],""luminance"":16.897531316040048},{""x"":176,""y"":64,""RGB"":[71,74,76],""luminance"":17.23533383348565}]","[176,63]",144.22368897950477,17.23533383348565,149.16557738052728,126.98835514601912,131.0,217.77740929674042,-4.94188840102251,126.98835514601912,4.94188840102251,"{""support_to_pixel"":""up"",""pixel_to_master"":""up""}",True,False,False,False,False,False,False,3.0,True,True
M1,201,63,[10],10,AMBIGUOUS,14,"[0,0,0,14]","[174,180,187]","[174,180,187]","[175,181,188]","[184,191,198]","[{""x"":200,""y"":63,""RGB"":[174,181,188],""luminance"":116.47700766076467},{""x"":201,""y"":64,""RGB"":[50,51,53],""luminance"":8.422150357282906},{""x"":200,""y"":64,""RGB"":[50,51,53],""luminance"":8.422150357282906},{""x"":202,""y"":64,""RGB"":[50,51,52],""luminance"":8.398924732273553}]","[200,63]",115.33406032857008,116.47700766076467,131.3993772766959,-1.1429473321945949,1.0,1.4142135623730951,-16.065316948125826,-1.1429473321945949,16.065316948125826,"{""support_to_pixel"":""down"",""pixel_to_master"":""up""}",False,True,False,True,False,False,True,11.0,True,False
M1,202,63,[10],10,AMBIGUOUS,14,"[0,0,0,14]","[171,179,185]","[171,179,185]","[172,179,186]","[181,189,196]","[{""x"":202,""y"":64,""RGB"":[50,51,52],""luminance"":8.398924732273553},{""x"":201,""y"":64,""RGB"":[50,51,53],""luminance"":8.422150357282906},{""x"":203,""y"":64,""RGB"":[49,51,52],""luminance"":8.334813016383164}]","[202,64]",113.22231708510499,8.398924732273553,128.0214020677412,104.82339235283143,133.0,220.71248265560334,-14.799084982636217,104.82339235283143,14.799084982636217,"{""support_to_pixel"":""up"",""pixel_to_master"":""up""}",True,False,False,False,False,False,False,11.0,True,False
M1,203,63,[10],10,AMBIGUOUS,13,"[0,0,0,13]","[171,178,184]","[171,178,184]","[172,179,185]","[180,188,194]","[{""x"":204,""y"":63,""RGB"":[167,173,179],""luminance"":105.46112362273175},{""x"":203,""y"":64,""RGB"":[49,51,52],""luminance"":8.334813016383164},{""x"":202,""y"":64,""RGB"":[50,51,52],""luminance"":8.398924732273553},{""x"":204,""y"":64,""RGB"":[49,50,52],""luminance"":8.114369035974981}]","[204,63]",112.09649054998974,105.46112362273175,126.39018834202892,6.635366927257991,5.0,8.12403840463596,-14.293697792039183,6.635366927257991,14.293697792039183,"{""support_to_pixel"":""up"",""pixel_to_master"":""up""}",True,False,False,False,False,False,False,10.0,True,False
M1,82,64,[7],7,AMBIGUOUS,26,"[58,58,58,26]","[186,193,200]","[186,193,200]","[182,188,195]","[201,208,216]","[{""x"":83,""y"":64,""RGB"":[38,39,40],""luminance"":5.141586110610995},{""x"":83,""y"":63,""RGB"":[33,34,35],""luminance"":4.051279786223961},{""x"":83,""y"":65,""RGB"":[33,33,34],""luminance"":3.892674975954893}]","[83,64]",134.51036427937092,5.141586110610995,159.3421700546451,129.36877816875992,160.0,266.8707552355634,-24.831805775274177,129.36877816875992,24.831805775274177,"{""support_to_pixel"":""up"",""pixel_to_master"":""up""}",True,False,False,False,False,False,False,16.0,True,False
M1,105,64,[8],8,AMBIGUOUS,2,"[255,255,255,2]","[200,207,216]","[200,207,216]","[199,205,214]","[200,207,216]","[{""x"":104,""y"":64,""RGB"":[187,195,202],""luminance"":137.34115630825002},{""x"":104,""y"":63,""RGB"":[189,195,203],""luminance"":138.11010953992292}]","[104,64]",157.75033209639287,137.34115630825002,157.75033209639287,20.409175788142846,14.0,22.561028345356956,0.0,20.409175788142846,0.0,"{""support_to_pixel"":""up"",""pixel_to_master"":""flat""}",True,False,False,False,False,False,False,0.0,True,False
M1,109,64,[8],8,AMBIGUOUS,23,"[0,0,0,23]","[182,188,195]","[182,188,195]","[183,190,197]","[200,207,215]","[{""x"":110,""y"":64,""RGB"":[66,68,70],""luminance"":14.623463467758517},{""x"":110,""y"":63,""RGB"":[67,69,71],""luminance"":15.056392837283298},{""x"":110,""y"":65,""RGB"":[66,68,70],""luminance"":14.623463467758517}]","[110,64]",127.12171666706271,14.623463467758517,157.6188252175612,112.4982531993042,125.0,208.5209821576716,-30.497108550498496,112.4982531993042,30.497108550498496,"{""support_to_pixel"":""up"",""pixel_to_master"":""up""}",True,False,False,False,False,False,False,20.0,True,False
M1,138,64,[9],9,AMBIGUOUS,21,"[24,24,24,21]","[183,191,198]","[183,191,198]","[182,190,198]","[197,206,214]","[{""x"":137,""y"":64,""RGB"":[47,48,50],""luminance"":7.518755981990197},{""x"":137,""y"":63,""RGB"":[45,46,48],""luminance"":6.949461174987919},{""x"":137,""y"":65,""RGB"":[47,49,50],""luminance"":7.729693758808827}]","[137,64]",131.0855551909228,7.518755981990197,155.21332253383684,123.56679920893261,148.0,246.67590072806058,-24.12776734291404,123.56679920893261,24.12776734291404,"{""support_to_pixel"":""up"",""pixel_to_master"":""up""}",True,False,False,False,False,False,False,16.0,True,False
M1,164,64,[10],10,AMBIGUOUS,20,"[0,0,0,20]","[181,187,194]","[181,187,194]","[182,188,196]","[196,203,211]","[{""x"":165,""y"":64,""RGB"":[68,71,73],""luminance"":15.851970922832939},{""x"":165,""y"":63,""RGB"":[68,71,73],""luminance"":15.851970922832939},{""x"":165,""y"":65,""RGB"":[69,71,73],""luminance"":15.944447890414308}]","[165,64]",125.61158916168758,15.851970922832939,150.83449665533615,109.75961823885464,121.0,202.15340709471113,-25.222907493648577,109.75961823885464,25.222907493648577,"{""support_to_pixel"":""up"",""pixel_to_master"":""up""}",True,False,False,False,False,False,False,17.0,True,False
M1,175,64,[10],10,AMBIGUOUS,4,"[0,0,0,4]","[192,199,208]","[192,199,208]","[192,199,208]","[195,202,211]","[{""x"":176,""y"":64,""RGB"":[71,74,76],""luminance"":17.23533383348565},{""x"":175,""y"":65,""RGB"":[192,199,207],""luminance"":144.22368897950477},{""x"":176,""y"":63,""RGB"":[71,74,76],""luminance"":17.23533383348565},{""x"":176,""y"":65,""RGB"":[71,73,76],""luminance"":16.897531316040048}]","[176,64]",144.34882384564384,17.23533383348565,149.29309114630328,127.11349001215818,132.0,218.38040205109982,-4.9442673006594475,127.11349001215818,4.9442673006594475,"{""support_to_pixel"":""up"",""pixel_to_master"":""up""}",True,False,False,False,False,False,False,3.0,True,True
M1,82,65,[7],7,AMBIGUOUS,26,"[68,68,68,26]","[187,194,202]","[187,194,202]","[182,188,196]","[201,208,217]","[{""x"":83,""y"":65,""RGB"":[33,33,34],""luminance"":3.892674975954893},{""x"":83,""y"":64,""RGB"":[38,39,40],""luminance"":5.141586110610995},{""x"":83,""y"":66,""RGB"":[33,33,34],""luminance"":3.892674975954893}]","[83,65]",136.20222322947293,3.892674975954893,159.47447976454535,132.30954825351805,168.0,279.0358399919265,-23.272256535072415,132.30954825351805,23.272256535072415,"{""support_to_pixel"":""up"",""pixel_to_master"":""up""}",True,False,False,False,False,False,False,15.0,True,False
M1,104,65,[8],8,AMBIGUOUS,19,"[0,0,0,19]","[185,192,200]","[185,192,200]","[186,194,201]","[200,208,216]","[{""x"":104,""y"":64,""RGB"":[187,195,202],""luminance"":137.34115630825002},{""x"":103,""y"":65,""RGB"":[42,43,44],""luminance"":6.124701088641758},{""x"":103,""y"":64,""RGB"":[42,43,44],""luminance"":6.124701088641758},{""x"":103,""y"":66,""RGB"":[42,43,44],""luminance"":6.124701088641758}]","[104,64]",133.0684153547334,137.34115630825002,158.98989520252405,-4.272740953516632,3.0,4.123105625617661,-25.921479847790664,-4.272740953516632,25.921479847790664,"{""support_to_pixel"":""down"",""pixel_to_master"":""up""}",False,True,False,True,False,False,True,16.0,True,False
M1,109,65,[8],8,AMBIGUOUS,23,"[0,0,0,23]","[181,188,195]","[181,188,195]","[182,190,197]","[199,207,215]","[{""x"":110,""y"":65,""RGB"":[66,68,70],""luminance"":14.623463467758517},{""x"":110,""y"":64,""RGB"":[66,68,70],""luminance"":14.623463467758517},{""x"":110,""y"":66,""RGB"":[66,68,70],""luminance"":14.623463467758517}]","[110,65]",126.81233411069861,14.623463467758517,157.26884718032773,112.1888706429401,125.0,207.9663434308542,-30.45651306962911,112.1888706429401,30.45651306962911,"{""support_to_pixel"":""up"",""pixel_to_master"":""up""}",True,False,False,False,False,False,False,20.0,True,False
M1,122,65,[9],9,AMBIGUOUS,3,"[170,170,170,3]","[198,205,213]","[198,205,213]","[196,203,212]","[198,205,214]","[{""x"":123,""y"":64,""RGB"":[192,199,207],""luminance"":144.22368897950477}]","[123,64]",154.2048906291114,144.22368897950477,154.33479604318444,9.981201649606618,6.0,10.392304845413264,-0.12990541407305045,9.981201649606618,0.12990541407305045,"{""support_to_pixel"":""up"",""pixel_to_master"":""up""}",True,False,False,False,False,False,False,1.0,True,False
M1,138,65,[9],9,AMBIGUOUS,21,"[24,24,24,21]","[183,190,197]","[183,190,197]","[182,189,197]","[197,205,213]","[{""x"":137,""y"":65,""RGB"":[47,49,50],""luminance"":7.729693758808827},{""x"":137,""y"":64,""RGB"":[47,48,50],""luminance"":7.518755981990197},{""x"":137,""y"":66,""RGB"":[45,46,47],""luminance"":6.928642109469312}]","[137,65]",129.859792054937,7.729693758808827,153.85949331357259,122.13009829612818,147.0,244.92039523077696,-23.999701258635582,122.13009829612818,23.999701258635582,"{""support_to_pixel"":""up"",""pixel_to_master"":""up""}",True,False,False,False,False,False,False,16.0,True,False
M1,164,65,[10],10,AMBIGUOUS,20,"[0,0,0,20]","[181,188,195]","[181,188,195]","[182,189,197]","[196,204,212]","[{""x"":165,""y"":65,""RGB"":[69,71,73],""luminance"":15.944447890414308},{""x"":165,""y"":64,""RGB"":[68,71,73],""luminance"":15.851970922832939},{""x"":165,""y"":66,""RGB"":[68,71,73],""luminance"":15.851970922832939}]","[165,65]",126.81233411069861,15.944447890414308,152.17114762218307,110.8678862202843,122.0,202.7732724004818,-25.358813511484456,110.8678862202843,25.358813511484456,"{""support_to_pixel"":""up"",""pixel_to_master"":""up""}",True,False,False,False,False,False,False,17.0,True,False
M1,82,66,[7],7,AMBIGUOUS,26,"[68,68,68,26]","[187,194,201]","[187,194,201]","[182,188,195]","[201,208,216]","[{""x"":83,""y"":66,""RGB"":[33,33,34],""luminance"":3.892674975954893},{""x"":83,""y"":65,""RGB"":[33,33,34],""luminance"":3.892674975954893},{""x"":83,""y"":67,""RGB"":[32,33,34],""luminance"":3.851219876420491}]","[83,66]",136.08180750110122,3.892674975954893,159.3421700546451,132.18913252514633,167.0,278.43491160413055,-23.26036255354387,132.18913252514633,23.26036255354387,"{""support_to_pixel"":""up"",""pixel_to_master"":""up""}",True,False,False,False,False,False,False,15.0,True,False
M1,104,66,[8],8,AMBIGUOUS,19,"[0,0,0,19]","[183,191,199]","[183,191,199]","[184,192,200]","[198,206,215]","[{""x"":103,""y"":66,""RGB"":[42,43,44],""luminance"":6.124701088641758},{""x"":103,""y"":65,""RGB"":[42,43,44],""luminance"":6.124701088641758},{""x"":103,""y"":67,""RGB"":[42,43,44],""luminance"":6.124701088641758}]","[103,66]",131.20363089466713,6.124701088641758,155.6894252950425,125.07892980602537,155.0,256.5345980564805,-24.48579440037537,125.07892980602537,24.48579440037537,"{""support_to_pixel"":""up"",""pixel_to_master"":""up""}",True,False,False,False,False,False,False,16.0,True,False
M1,109,66,[8],8,AMBIGUOUS,23,"[0,0,0,23]","[180,187,195]","[180,187,195]","[181,189,196]","[198,206,214]","[{""x"":110,""y"":66,""RGB"":[66,68,70],""luminance"":14.623463467758517},{""x"":110,""y"":65,""RGB"":[66,68,70],""luminance"":14.623463467758517},{""x"":110,""y"":67,""RGB"":[66,68,70],""luminance"":14.623463467758517}]","[110,66]",125.41939576518708,14.623463467758517,155.5587198493756,110.79593229742856,125.0,206.83810093887442,-30.139324084188516,110.79593229742856,30.139324084188516,"{""support_to_pixel"":""up"",""pixel_to_master"":""up""}",True,False,False,False,False,False,False,19.0,True,False
M1,138,66,[9],9,AMBIGUOUS,20,"[12,12,12,20]","[183,190,197]","[183,190,197]","[184,190,197]","[198,205,213]","[{""x"":137,""y"":66,""RGB"":[45,46,47],""luminance"":6.928642109469312},{""x"":138,""y"":67,""RGB"":[183,191,198],""luminance"":131.0855551909228},{""x"":137,""y"":65,""RGB"":[47,49,50],""luminance"":7.729693758808827},{""x"":137,""y"":67,""RGB"":[46,47,48],""luminance"":7.209545757921911}]","[137,66]",129.859792054937,6.928642109469312,154.2048906291114,122.9311499454677,150.0,249.55961211702507,-24.345098574174386,122.9311499454677,24.345098574174386,"{""support_to_pixel"":""up"",""pixel_to_master"":""up""}",True,False,False,False,False,False,False,16.0,True,False
M1,164,66,[10],10,AMBIGUOUS,20,"[0,0,0,20]","[180,187,194]","[180,187,194]","[181,188,196]","[195,203,211]","[{""x"":165,""y"":66,""RGB"":[68,71,73],""luminance"":15.851970922832939},{""x"":165,""y"":65,""RGB"":[69,71,73],""luminance"":15.944447890414308},{""x"":165,""y"":67,""RGB"":[68,70,73],""luminance"":15.530266329864324}]","[165,66]",125.30441957910249,15.851970922832939,150.49366276942803,109.45244865626955,121.0,201.59613091525344,-25.18924319032554,109.45244865626955,25.18924319032554,"{""support_to_pixel"":""up"",""pixel_to_master"":""up""}",True,False,False,False,False,False,False,17.0,True,False
M1,82,67,[7],7,AMBIGUOUS,26,"[68,68,68,26]","[186,194,201]","[186,194,201]","[181,188,195]","[200,208,216]","[{""x"":83,""y"":67,""RGB"":[32,33,34],""luminance"":3.851219876420491},{""x"":83,""y"":66,""RGB"":[33,33,34],""luminance"":3.892674975954893},{""x"":83,""y"":68,""RGB"":[32,32,33],""luminance"":3.697258471596185}]","[83,67]",135.76129237266696,3.851219876420491,158.98989520252405,131.91007249624647,167.0,278.43491160413055,-23.228602829857095,131.91007249624647,23.228602829857095,"{""support_to_pixel"":""up"",""pixel_to_master"":""up""}",True,False,False,False,False,False,False,15.0,True,False
M1,104,67,[8],8,AMBIGUOUS,19,"[0,0,0,19]","[184,191,199]","[184,191,199]","[185,192,200]","[199,206,215]","[{""x"":103,""y"":67,""RGB"":[42,43,44],""luminance"":6.124701088641758},{""x"":103,""y"":66,""RGB"":[42,43,44],""luminance"":6.124701088641758},{""x"":103,""y"":68,""RGB"":[42,43,44],""luminance"":6.124701088641758}]","[103,67]",131.5174529804402,6.124701088641758,156.03711081604033,125.39275189179844,155.0,257.08558886098615,-24.51965783560013,125.39275189179844,24.51965783560013,"{""support_to_pixel"":""up"",""pixel_to_master"":""up""}",True,False,False,False,False,False,False,16.0,True,False
M1,109,67,[8],8,AMBIGUOUS,23,"[0,0,0,23]","[179,186,194]","[179,186,194]","[181,188,195]","[197,205,213]","[{""x"":110,""y"":67,""RGB"":[66,68,70],""luminance"":14.623463467758517},{""x"":110,""y"":66,""RGB"":[66,68,70],""luminance"":14.623463467758517},{""x"":110,""y"":68,""RGB"":[65,68,69],""luminance"":14.503718799412393}]","[110,67]",123.92122502905937,14.623463467758517,153.85949331357259,109.29776156130086,124.0,205.10728899773406,-29.938268284513214,109.29776156130086,29.938268284513214,"{""support_to_pixel"":""up"",""pixel_to_master"":""up""}",True,False,False,False,False,False,False,19.0,True,False
M1,164,67,[10],10,AMBIGUOUS,20,"[0,0,0,20]","[179,186,194]","[179,186,194]","[180,187,196]","[194,202,211]","[{""x"":165,""y"":67,""RGB"":[68,70,73],""luminance"":15.530266329864324},{""x"":165,""y"":66,""RGB"":[68,71,73],""luminance"":15.851970922832939},{""x"":165,""y"":68,""RGB"":[68,70,73],""luminance"":15.530266329864324}]","[165,67]",123.92122502905937,15.530266329864324,148.95453245985473,108.39095869919505,121.0,201.04228410958726,-25.03330743079536,108.39095869919505,25.03330743079536,"{""support_to_pixel"":""up"",""pixel_to_master"":""up""}",True,False,False,False,False,False,False,17.0,True,False
M1,199,67,[10],10,AMBIGUOUS,1,"[255,255,255,1]","[184,190,198]","[184,190,198]","[183,189,197]","[184,190,198]","[{""x"":199,""y"":66,""RGB"":[121,125,130],""luminance"":51.876906376506724},{""x"":198,""y"":66,""RGB"":[81,84,87],""luminance"":22.384149374225466},{""x"":200,""y"":66,""RGB"":[120,125,129],""luminance"":51.625464019872666},{""x"":198,""y"":68,""RGB"":[182,189,196],""luminance"":128.3307846241053}]","[199,66]",130.29091275868703,51.876906376506724,130.29091275868703,78.4140063821803,68.0,113.21660655575224,0.0,78.4140063821803,0.0,"{""support_to_pixel"":""up"",""pixel_to_master"":""flat""}",True,False,False,False,False,False,False,0.0,True,False
M1,69,68,[6],6,AMBIGUOUS,1,"[255,255,255,1]","[201,209,216]","[201,209,216]","[200,208,215]","[201,209,216]","[{""x"":68,""y"":69,""RGB"":[199,207,215],""luminance"":157.26884718032773}]","[68,69]",160.58957404791593,157.26884718032773,160.58957404791593,3.3207268675882062,2.0,3.0,0.0,3.3207268675882062,0.0,"{""support_to_pixel"":""up"",""pixel_to_master"":""flat""}",True,False,False,False,False,False,False,0.0,True,False
M1,73,68,[6],6,AMBIGUOUS,2,"[127,127,127,2]","[201,209,216]","[201,209,216]","[201,208,215]","[202,210,217]","[{""x"":74,""y"":69,""RGB"":[201,209,217],""luminance"":160.7218837578162}]","[74,69]",160.58957404791593,160.7218837578162,162.33171869897373,-0.13230970990025526,1.0,1.0,-1.7421446510577994,-0.13230970990025526,1.7421446510577994,"{""support_to_pixel"":""down"",""pixel_to_master"":""up""}",False,True,False,True,False,False,True,1.0,True,False
M1,74,68,[6],6,AMBIGUOUS,2,"[127,127,127,2]","[202,210,217]","[202,210,217]","[202,209,216]","[203,211,218]","[{""x"":75,""y"":68,""RGB"":[200,207,215],""luminance"":157.6188252175612},{""x"":74,""y"":69,""RGB"":[201,209,217],""luminance"":160.7218837578162},{""x"":75,""y"":69,""RGB"":[199,207,215],""luminance"":157.26884718032773}]","[75,68]",162.33171869897373,157.6188252175612,164.0848420150205,4.712893481412522,3.0,4.123105625617661,-1.753123316046782,4.712893481412522,1.753123316046782,"{""support_to_pixel"":""up"",""pixel_to_master"":""up""}",True,False,False,False,False,False,False,1.0,True,False
M1,82,68,[7],7,AMBIGUOUS,27,"[66,66,66,27]","[186,193,200]","[186,193,200]","[180,188,195]","[200,208,216]","[{""x"":83,""y"":68,""RGB"":[32,32,33],""luminance"":3.697258471596185},{""x"":83,""y"":67,""RGB"":[32,33,34],""luminance"":3.851219876420491},{""x"":83,""y"":69,""RGB"":[34,35,35],""luminance"":4.241909607519372}]","[83,68]",134.51036427937092,3.697258471596185,158.98989520252405,130.81310580777475,167.0,278.43491160413055,-24.479530923153135,130.81310580777475,24.479530923153135,"{""support_to_pixel"":""up"",""pixel_to_master"":""up""}",True,False,False,False,False,False,False,16.0,True,False
M1,87,68,[7],7,AMBIGUOUS,4,"[127,127,127,4]","[200,208,216]","[200,208,216]","[198,206,214]","[201,209,217]","[{""x"":87,""y"":69,""RGB"":[200,208,215],""luminance"":158.8583883236924}]","[87,69]",158.98989520252405,158.8583883236924,160.7218837578162,0.13150687883165801,1.0,1.0,-1.7319885552921335,0.13150687883165801,1.7319885552921335,"{""support_to_pixel"":""up"",""pixel_to_master"":""up""}",True,False,False,False,False,False,False,1.0,True,False
M1,88,68,[7],7,AMBIGUOUS,1,"[255,255,255,1]","[201,208,215]","[201,208,215]","[200,207,214]","[201,208,215]","[{""x"":87,""y"":69,""RGB"":[200,208,215],""luminance"":158.8583883236924}]","[87,69]",159.21066317581344,158.8583883236924,159.21066317581344,0.3522748521210417,1.0,1.0,0.0,0.3522748521210417,0.0,"{""support_to_pixel"":""up"",""pixel_to_master"":""flat""}",True,False,False,False,False,False,False,0.0,True,False
M1,93,68,[7],7,AMBIGUOUS,1,"[255,255,255,1]","[200,207,216]","[200,207,216]","[199,206,215]","[200,207,216]","[{""x"":94,""y"":69,""RGB"":[199,206,214],""luminance"":155.90640537037342}]","[94,69]",157.75033209639287,155.90640537037342,157.75033209639287,1.843926726019447,2.0,2.449489742783178,0.0,1.843926726019447,0.0,"{""support_to_pixel"":""up"",""pixel_to_master"":""flat""}",True,False,False,False,False,False,False,0.0,True,False
M1,94,68,[7],7,AMBIGUOUS,4,"[127,127,127,4]","[199,207,215]","[199,207,215]","[197,205,213]","[200,208,216]","[{""x"":94,""y"":69,""RGB"":[199,206,214],""luminance"":155.90640537037342}]","[94,69]",157.26884718032773,155.90640537037342,158.98989520252405,1.362441809954305,1.0,1.4142135623730951,-1.721048022196328,1.362441809954305,1.721048022196328,"{""support_to_pixel"":""up"",""pixel_to_master"":""up""}",True,False,False,False,False,False,False,1.0,True,False
M1,104,68,[8],8,AMBIGUOUS,19,"[0,0,0,19]","[184,191,199]","[184,191,199]","[185,193,200]","[199,207,215]","[{""x"":103,""y"":68,""RGB"":[42,43,44],""luminance"":6.124701088641758},{""x"":103,""y"":67,""RGB"":[42,43,44],""luminance"":6.124701088641758},{""x"":103,""y"":69,""RGB"":[42,43,44],""luminance"":6.124701088641758}]","[103,68]",131.5174529804402,6.124701088641758,157.26884718032773,125.39275189179844,155.0,257.08558886098615,-25.751394199887528,125.39275189179844,25.751394199887528,"{""support_to_pixel"":""up"",""pixel_to_master"":""up""}",True,False,False,False,False,False,False,16.0,True,False
M1,109,68,[8],8,AMBIGUOUS,23,"[0,0,0,23]","[179,186,194]","[179,186,194]","[181,188,195]","[197,205,213]","[{""x"":110,""y"":68,""RGB"":[65,68,69],""luminance"":14.503718799412393},{""x"":110,""y"":67,""RGB"":[66,68,70],""luminance"":14.623463467758517},{""x"":110,""y"":69,""RGB"":[65,67,70],""luminance"":14.229824862811848}]","[110,68]",123.92122502905937,14.503718799412393,153.85949331357259,109.41750622964697,125.0,206.26439343716112,-29.938268284513214,109.41750622964697,29.938268284513214,"{""support_to_pixel"":""up"",""pixel_to_master"":""up""}",True,False,False,False,False,False,False,19.0,True,False
M1,126,68,[9],9,AMBIGUOUS,1,"[0,0,0,1]","[196,204,212]","[196,204,212]","[196,204,212]","[197,205,213]","[{""x"":126,""y"":69,""RGB"":[196,204,212],""luminance"":152.17114762218307},{""x"":125,""y"":67,""RGB"":[197,204,212],""luminance"":152.51426105525556},{""x"":125,""y"":69,""RGB"":[196,204,212],""luminance"":152.17114762218307}]","[126,69]",152.17114762218307,152.17114762218307,153.85949331357259,0.0,0.0,0.0,-1.6883456913895145,0.0,1.6883456913895145,"{""support_to_pixel"":""flat"",""pixel_to_master"":""up""}",True,False,False,False,False,False,False,1.0,True,True
M1,127,68,[9],9,AMBIGUOUS,1,"[255,255,255,1]","[198,205,213]","[198,205,213]","[197,204,212]","[198,205,213]","[{""x"":126,""y"":69,""RGB"":[196,204,212],""luminance"":152.17114762218307}]","[126,69]",154.2048906291114,152.17114762218307,154.2048906291114,2.0337430069283187,2.0,2.449489742783178,0.0,2.0337430069283187,0.0,"{""support_to_pixel"":""up"",""pixel_to_master"":""flat""}",True,False,False,False,False,False,False,0.0,True,False
M1,131,68,[9],9,AMBIGUOUS,2,"[127,127,127,2]","[196,203,212]","[196,203,212]","[196,203,211]","[197,204,213]","[{""x"":132,""y"":69,""RGB"":[193,201,209],""luminance"":147.17119527904458}]","[132,69]",150.9628062257317,147.17119527904458,152.64336784299854,3.791610946687115,3.0,4.69041575982343,-1.6805616172668465,3.791610946687115,1.6805616172668465,"{""support_to_pixel"":""up"",""pixel_to_master"":""up""}",True,False,False,False,False,False,False,1.0,True,False
M1,132,68,[9],9,AMBIGUOUS,2,"[127,127,127,2]","[197,204,212]","[197,204,212]","[197,204,211]","[198,205,213]","[{""x"":133,""y"":68,""RGB"":[196,204,212],""luminance"":152.17114762218307},{""x"":132,""y"":69,""RGB"":[193,201,209],""luminance"":147.17119527904458},{""x"":133,""y"":69,""RGB"":[186,193,200],""luminance"":134.51036427937092}]","[133,68]",152.51426105525556,152.17114762218307,154.2048906291114,0.34311343307248876,1.0,1.0,-1.69062957385583,0.34311343307248876,1.69062957385583,"{""support_to_pixel"":""up"",""pixel_to_master"":""up""}",True,False,False,False,False,False,False,1.0,True,False
M1,144,68,[10],10,AMBIGUOUS,1,"[255,255,255,1]","[195,203,211]","[195,203,211]","[194,202,210]","[195,203,211]","[{""x"":143,""y"":68,""RGB"":[161,168,173],""luminance"":98.4286252560526},{""x"":143,""y"":67,""RGB"":[177,184,192],""luminance"":120.95634865800383},{""x"":143,""y"":69,""RGB"":[163,168,175],""luminance"":99.16169490044204}]","[143,68]",150.49366276942803,98.4286252560526,150.49366276942803,52.06503751337543,38.0,61.84658438426491,0.0,52.06503751337543,0.0,"{""support_to_pixel"":""up"",""pixel_to_master"":""flat""}",True,False,False,False,False,False,False,0.0,True,False
M1,164,68,[10],10,AMBIGUOUS,20,"[0,0,0,20]","[180,186,193]","[180,186,193]","[181,187,195]","[195,202,210]","[{""x"":165,""y"":68,""RGB"":[68,70,73],""luminance"":15.530266329864324},{""x"":165,""y"":67,""RGB"":[68,70,73],""luminance"":15.530266329864324},{""x"":165,""y"":69,""RGB"":[69,72,74],""luminance"":16.305594905920334}]","[165,68]",124.11198118576556,15.530266329864324,149.16557738052728,108.58171485590124,120.0,200.9975124224178,-25.053596194761724,108.58171485590124,25.053596194761724,"{""support_to_pixel"":""up"",""pixel_to_master"":""up""}",True,False,False,False,False,False,False,17.0,True,False
M1,179,68,[10],10,AMBIGUOUS,23,"[11,11,11,23]","[177,185,192]","[177,185,192]","[178,185,192]","[194,202,210]","[{""x"":178,""y"":68,""RGB"":[50,52,53],""luminance"":8.647392055691393},{""x"":179,""y"":69,""RGB"":[95,98,102],""luminance"":30.925304313554935},{""x"":178,""y"":67,""RGB"":[95,98,102],""luminance"":30.925304313554935},{""x"":178,""y"":69,""RGB"":[16,16,16],""luminance"":1.3212867590962885},{""x"":180,""y"":69,""RGB"":[181,188,195],""luminance"":126.81233411069861}]","[178,68]",122.01955641247334,8.647392055691393,148.82701869407873,113.37216435678194,139.0,230.51897969581594,-26.807462281605396,113.37216435678194,26.807462281605396,"{""support_to_pixel"":""up"",""pixel_to_master"":""up""}",True,False,False,False,False,False,False,18.0,True,False
M1,181,68,[10],10,AMBIGUOUS,2,"[127,127,127,2]","[193,201,209]","[193,201,209]","[193,201,208]","[194,202,210]","[{""x"":181,""y"":69,""RGB"":[191,198,207],""luminance"":142.72229334569965},{""x"":180,""y"":69,""RGB"":[181,188,195],""luminance"":126.81233411069861}]","[181,69]",147.17119527904458,142.72229334569965,148.82701869407873,4.448901933344928,3.0,4.123105625617661,-1.655823415034149,4.448901933344928,1.655823415034149,"{""support_to_pixel"":""up"",""pixel_to_master"":""up""}",True,False,False,False,False,False,False,1.0,True,False
M1,182,68,[10],10,AMBIGUOUS,1,"[255,255,255,1]","[194,201,210]","[194,201,210]","[193,200,209]","[194,201,210]","[{""x"":181,""y"":69,""RGB"":[191,198,207],""luminance"":142.72229334569965}]","[181,69]",147.63420250389268,142.72229334569965,147.63420250389268,4.911909158193026,3.0,5.196152422706632,0.0,4.911909158193026,0.0,"{""support_to_pixel"":""up"",""pixel_to_master"":""flat""}",True,False,False,False,False,False,False,0.0,True,False
M1,186,68,[10],10,AMBIGUOUS,2,"[127,127,127,2]","[192,200,207]","[192,200,207]","[192,200,206]","[193,201,208]","[{""x"":187,""y"":69,""RGB"":[189,197,205],""luminance"":140.65570390159135}]","[187,69]",145.40103748481704,140.65570390159135,147.04526886920934,4.745333583225687,3.0,4.69041575982343,-1.6442313843922989,4.745333583225687,1.6442313843922989,"{""support_to_pixel"":""up"",""pixel_to_master"":""up""}",True,False,False,False,False,False,False,1.0,True,False
M1,187,68,[10],10,AMBIGUOUS,3,"[255,255,255,3]","[194,202,210]","[194,202,210]","[191,199,207]","[193,201,209]","[{""x"":187,""y"":69,""RGB"":[189,197,205],""luminance"":140.65570390159135},{""x"":188,""y"":69,""RGB"":[191,199,208],""luminance"":144.01706454588225}]","[187,69]",148.82701869407873,140.65570390159135,147.17119527904458,8.17131479248738,5.0,8.660254037844387,1.655823415034149,8.17131479248738,-1.655823415034149,"{""support_to_pixel"":""up"",""pixel_to_master"":""down""}",False,True,True,False,True,False,True,1.0,True,False
M1,199,68,[10],10,AMBIGUOUS,3,"[0,0,0,3]","[183,189,197]","[183,189,197]","[183,189,197]","[185,191,199]","[{""x"":198,""y"":68,""RGB"":[182,189,196],""luminance"":128.3307846241053}]","[198,68]",128.75890768646795,128.3307846241053,131.83350159425484,0.4281230623626584,1.0,1.4142135623730951,-3.074593907786891,0.4281230623626584,3.074593907786891,"{""support_to_pixel"":""up"",""pixel_to_master"":""up""}",True,False,False,False,False,False,False,2.0,True,True
M1,205,68,[10],10,AMBIGUOUS,1,"[255,255,255,1]","[177,184,191]","[177,184,191]","[176,183,190]","[177,184,191]","[{""x"":206,""y"":68,""RGB"":[154,159,166],""luminance"":87.76965497392959},{""x"":206,""y"":67,""RGB"":[168,175,182],""luminance"":108.02354421692453},{""x"":206,""y"":69,""RGB"":[154,161,168],""luminance"":89.72663637225114}]","[206,68]",120.84368157689947,87.76965497392959,120.84368157689947,33.07402660296988,25.0,42.17819341792628,0.0,33.07402660296988,0.0,"{""support_to_pixel"":""up"",""pixel_to_master"":""flat""}",True,False,False,False,False,False,False,0.0,True,False
M1,82,69,[7],7,AMBIGUOUS,27,"[66,66,66,27]","[186,193,200]","[186,193,200]","[180,188,195]","[200,208,216]","[{""x"":83,""y"":69,""RGB"":[34,35,35],""luminance"":4.241909607519372},{""x"":83,""y"":68,""RGB"":[32,32,33],""luminance"":3.697258471596185},{""x"":83,""y"":70,""RGB"":[40,41,42],""luminance"":5.620607247298288}]","[83,69]",134.51036427937092,4.241909607519372,158.98989520252405,130.26845467185154,165.0,274.395699674758,-24.479530923153135,130.26845467185154,24.479530923153135,"{""support_to_pixel"":""up"",""pixel_to_master"":""up""}",True,False,False,False,False,False,False,16.0,True,False
M1,104,69,[8],8,AMBIGUOUS,19,"[0,0,0,19]","[185,191,199]","[185,191,199]","[186,193,200]","[200,207,215]","[{""x"":103,""y"":69,""RGB"":[42,43,44],""luminance"":6.124701088641758},{""x"":103,""y"":68,""RGB"":[42,43,44],""luminance"":6.124701088641758},{""x"":103,""y"":70,""RGB"":[42,43,45],""luminance"":6.144112952348484}]","[103,69]",131.83350159425484,6.124701088641758,157.6188252175612,125.70880050561308,155.0,257.63928271907605,-25.78532362330637,125.70880050561308,25.78532362330637,"{""support_to_pixel"":""up"",""pixel_to_master"":""up""}",True,False,False,False,False,False,False,16.0,True,False
M1,109,69,[8],8,AMBIGUOUS,23,"[0,0,0,23]","[180,186,194]","[180,186,194]","[181,188,195]","[198,205,213]","[{""x"":110,""y"":69,""RGB"":[65,67,70],""luminance"":14.229824862811848},{""x"":110,""y"":68,""RGB"":[65,68,69],""luminance"":14.503718799412393},{""x"":110,""y"":70,""RGB"":[67,69,71],""luminance"":15.056392837283298}]","[110,69]",124.22618618373005,14.229824862811848,154.2048906291114,109.9963613209182,124.0,206.78974829521894,-29.97870444538134,109.9963613209182,29.97870444538134,"{""support_to_pixel"":""up"",""pixel_to_master"":""up""}",True,False,False,False,False,False,False,19.0,True,False
M1,164,69,[10],10,AMBIGUOUS,20,"[0,0,0,20]","[179,186,192]","[179,186,192]","[180,187,194]","[194,202,209]","[{""x"":165,""y"":69,""RGB"":[69,72,74],""luminance"":16.305594905920334},{""x"":165,""y"":68,""RGB"":[68,70,73],""luminance"":15.530266329864324},{""x"":165,""y"":70,""RGB"":[69,71,74],""luminance"":15.978549319049057}]","[165,69]",123.6935847362272,16.305594905920334,148.70029931642247,107.38798983030686,118.0,197.53480705941422,-25.00671458019528,107.38798983030686,25.00671458019528,"{""support_to_pixel"":""up"",""pixel_to_master"":""up""}",True,False,False,False,False,False,False,17.0,True,False
M1,174,69,[10],10,AMBIGUOUS,3,"[0,0,0,3]","[193,201,209]","[193,201,209]","[193,201,209]","[195,203,211]","[{""x"":174,""y"":68,""RGB"":[195,202,210],""luminance"":149.16557738052728},{""x"":175,""y"":68,""RGB"":[194,202,210],""luminance"":148.82701869407873}]","[174,68]",147.17119527904458,149.16557738052728,150.49366276942803,-1.9943821014826995,2.0,2.449489742783178,-3.3224674903834455,-1.9943821014826995,3.3224674903834455,"{""support_to_pixel"":""down"",""pixel_to_master"":""up""}",False,True,False,True,False,True,True,2.0,True,True
M1,193,69,[10],10,AMBIGUOUS,24,"[42,42,42,24]","[177,183,190]","[177,183,190]","[174,181,188]","[191,198,206]","[{""x"":193,""y"":68,""RGB"":[188,195,203],""luminance"":137.78511004173404},{""x"":194,""y"":69,""RGB"":[38,39,40],""luminance"":5.141586110610995},{""x"":194,""y"":68,""RGB"":[59,61,63],""luminance"":11.796746513216915},{""x"":194,""y"":70,""RGB"":[31,32,32],""luminance"":3.6429670523713495}]","[193,68]",119.67606364417425,137.78511004173404,142.59794859527804,-18.109046397559794,13.0,20.83266665599966,-22.92188495110379,-18.109046397559794,22.92188495110379,"{""support_to_pixel"":""down"",""pixel_to_master"":""up""}",False,True,False,True,False,False,True,16.0,True,False
M1,198,69,[10],10,AMBIGUOUS,5,"[51,51,51,5]","[184,191,199]","[184,191,199]","[184,190,198]","[187,194,202]","[{""x"":198,""y"":68,""RGB"":[182,189,196],""luminance"":128.3307846241053},{""x"":197,""y"":69,""RGB"":[187,194,202],""luminance"":136.20222322947293}]","[198,68]",131.5174529804402,128.3307846241053,136.20222322947293,3.1866683563349056,3.0,4.123105625617661,-4.684770249032738,3.1866683563349056,4.684770249032738,"{""support_to_pixel"":""up"",""pixel_to_master"":""up""}",True,False,False,False,False,False,False,3.0,True,False
M1,82,70,[7],7,AMBIGUOUS,27,"[56,56,56,27]","[185,192,199]","[185,192,199]","[180,188,195]","[200,208,216]","[{""x"":83,""y"":70,""RGB"":[40,41,42],""luminance"":5.620607247298288},{""x"":83,""y"":69,""RGB"":[34,35,35],""luminance"":4.241909607519372},{""x"":83,""y"":71,""RGB"":[32,33,34],""luminance"":3.851219876420491}]","[83,70]",132.94956110126088,5.620607247298288,158.98989520252405,127.32895385396259,157.0,261.6772821625905,-26.04033410126317,127.32895385396259,26.04033410126317,"{""support_to_pixel"":""up"",""pixel_to_master"":""up""}",True,False,False,False,False,False,False,17.0,True,False
M1,104,70,[8],8,AMBIGUOUS,19,"[0,0,0,19]","[184,191,198]","[184,191,198]","[185,192,199]","[199,206,214]","[{""x"":103,""y"":70,""RGB"":[42,43,45],""luminance"":6.144112952348484},{""x"":103,""y"":69,""RGB"":[42,43,44],""luminance"":6.124701088641758},{""x"":103,""y"":71,""RGB"":[34,35,36],""luminance"":4.257275036618602}]","[103,70]",131.3993772766959,6.144112952348484,155.90640537037342,125.25526432434742,153.0,255.88473967784793,-24.50702809367752,125.25526432434742,24.50702809367752,"{""support_to_pixel"":""up"",""pixel_to_master"":""up""}",True,False,False,False,False,False,False,16.0,True,False
M1,109,70,[8],8,AMBIGUOUS,23,"[0,0,0,23]","[179,186,194]","[179,186,194]","[181,188,195]","[197,205,213]","[{""x"":110,""y"":70,""RGB"":[67,69,71],""luminance"":15.056392837283298},{""x"":110,""y"":69,""RGB"":[65,67,70],""luminance"":14.229824862811848},{""x"":110,""y"":71,""RGB"":[59,60,62],""luminance"":11.498777807991523}]","[110,70]",123.92122502905937,15.056392837283298,153.85949331357259,108.86483219177607,123.0,203.37649815059754,-29.938268284513214,108.86483219177607,29.938268284513214,"{""support_to_pixel"":""up"",""pixel_to_master"":""up""}",True,False,False,False,False,False,False,19.0,True,False
M1,164,70,[10],10,AMBIGUOUS,21,"[0,0,0,21]","[178,185,193]","[178,185,193]","[179,187,195]","[194,202,211]","[{""x"":165,""y"":70,""RGB"":[69,71,74],""luminance"":15.978549319049057},{""x"":165,""y"":69,""RGB"":[69,72,74],""luminance"":16.305594905920334},{""x"":165,""y"":71,""RGB"":[58,60,62],""luminance"":11.421599170869177}]","[165,70]",122.43354970021156,15.978549319049057,148.95453245985473,106.4550003811625,119.0,197.5803633967708,-26.520982759643175,106.4550003811625,26.520982759643175,"{""support_to_pixel"":""up"",""pixel_to_master"":""up""}",True,False,False,False,False,False,False,18.0,True,False
M1,193,70,[10],10,AMBIGUOUS,23,"[44,44,44,23]","[178,183,191]","[178,183,191]","[175,181,189]","[191,197,206]","[{""x"":194,""y"":70,""RGB"":[31,32,32],""luminance"":3.6429670523713495},{""x"":194,""y"":69,""RGB"":[38,39,40],""luminance"":5.141586110610995},{""x"":194,""y"":71,""RGB"":[19,20,20],""luminance"":1.7576274034093793}]","[194,70]",120.08852199806302,3.6429670523713495,141.4360099307751,116.44555494569167,159.0,263.9905301331849,-21.347487932712085,116.44555494569167,21.347487932712085,"{""support_to_pixel"":""up"",""pixel_to_master"":""up""}",True,False,False,False,False,False,False,15.0,True,False
M1,198,70,[10],10,AMBIGUOUS,5,"[51,51,51,5]","[184,191,199]","[184,191,199]","[184,190,198]","[187,194,202]","[{""x"":197,""y"":69,""RGB"":[187,194,202],""luminance"":136.20222322947293}]","[197,69]",131.5174529804402,136.20222322947293,136.20222322947293,-4.684770249032738,3.0,5.196152422706632,-4.684770249032738,-4.684770249032738,4.684770249032738,"{""support_to_pixel"":""down"",""pixel_to_master"":""up""}",False,True,False,True,False,False,True,3.0,True,False
M1,66,71,[6],6,AMBIGUOUS,1,"[255,255,255,1]","[201,209,217]","[201,209,217]","[200,208,216]","[201,209,217]","[{""x"":67,""y"":71,""RGB"":[201,209,217],""luminance"":160.7218837578162},{""x"":67,""y"":70,""RGB"":[201,209,216],""luminance"":160.58957404791593},{""x"":67,""y"":72,""RGB"":[201,209,217],""luminance"":160.7218837578162}]","[67,71]",160.7218837578162,160.7218837578162,160.7218837578162,0.0,0.0,0.0,0.0,0.0,0.0,"{""support_to_pixel"":""flat"",""pixel_to_master"":""flat""}",True,False,False,False,False,False,False,0.0,True,False
M1,82,71,[7],7,AMBIGUOUS,30,"[59,59,59,30]","[183,190,197]","[183,190,197]","[178,185,192]","[200,208,216]","[{""x"":83,""y"":71,""RGB"":[32,33,34],""luminance"":3.851219876420491},{""x"":83,""y"":70,""RGB"":[40,41,42],""luminance"":5.620607247298288},{""x"":83,""y"":72,""RGB"":[89,92,95],""luminance"":27.04112485075373}]","[83,71]",129.859792054937,3.851219876420491,158.98989520252405,126.00857217851652,163.0,272.0643306278866,-29.13010314758705,126.00857217851652,29.13010314758705,"{""support_to_pixel"":""up"",""pixel_to_master"":""up""}",True,False,False,False,False,False,False,19.0,True,False
M1,104,71,[8],8,AMBIGUOUS,21,"[0,0,0,21]","[182,189,196]","[182,189,196]","[183,190,198]","[198,206,214]","[{""x"":103,""y"":71,""RGB"":[34,35,36],""luminance"":4.257275036618602},{""x"":103,""y"":70,""RGB"":[42,43,45],""luminance"":6.144112952348484},{""x"":103,""y"":72,""RGB"":[83,86,89],""luminance"":23.500406442272556}]","[103,71]",128.3307846241053,4.257275036618602,155.5587198493756,124.07350958748668,160.0,266.8707552355634,-27.2279352252703,124.07350958748668,27.2279352252703,"{""support_to_pixel"":""up"",""pixel_to_master"":""up""}",True,False,False,False,False,False,False,18.0,True,False
M1,109,71,[8],8,AMBIGUOUS,24,"[0,0,0,24]","[178,185,192]","[178,185,192]","[180,186,193]","[197,204,212]","[{""x"":110,""y"":71,""RGB"":[59,60,62],""luminance"":11.498777807991523},{""x"":110,""y"":70,""RGB"":[67,69,71],""luminance"":15.056392837283298},{""x"":110,""y"":72,""RGB"":[97,100,104],""luminance"":32.27077566802628}]","[110,71]",122.32011440534387,11.498777807991523,152.51426105525556,110.82133659735234,130.0,216.06943328476612,-30.194146649911687,110.82133659735234,30.194146649911687,"{""support_to_pixel"":""up"",""pixel_to_master"":""up""}",True,False,False,False,False,False,False,20.0,True,False
M1,121,71,[8],8,AMBIGUOUS,4,"[0,0,0,4]","[194,202,210]","[194,202,210]","[194,202,210]","[197,205,213]","[{""x"":120,""y"":71,""RGB"":[64,66,68],""luminance"":13.779621818546614},{""x"":120,""y"":70,""RGB"":[70,73,75],""luminance"":16.766704246025437},{""x"":120,""y"":72,""RGB"":[108,112,116],""luminance"":40.895472845264}]","[120,71]",148.82701869407873,13.779621818546614,153.85949331357259,135.04739687553212,142.0,235.7116882973774,-5.032474619493854,135.04739687553212,5.032474619493854,"{""support_to_pixel"":""up"",""pixel_to_master"":""up""}",True,False,False,False,False,False,False,3.0,True,True
M1,136,71,[9],9,AMBIGUOUS,11,"[0,0,0,11]","[188,195,203]","[188,195,203]","[189,196,203]","[197,204,212]","[{""x"":136,""y"":70,""RGB"":[89,93,96],""luminance"":27.532545683465845},{""x"":135,""y"":71,""RGB"":[86,89,92],""luminance"":25.234538364535997},{""x"":137,""y"":71,""RGB"":[194,202,210],""luminance"":148.82701869407873},{""x"":135,""y"":70,""RGB"":[16,16,16],""luminance"":1.3212867590962885}]","[136,70]",137.78511004173404,27.532545683465845,152.51426105525556,110.2525643582682,107.0,177.91571037994368,-14.729151013521516,110.2525643582682,14.729151013521516,"{""support_to_pixel"":""up"",""pixel_to_master"":""up""}",True,False,False,False,False,False,False,9.0,True,False
M1,138,71,[9],9,AMBIGUOUS,3,"[85,85,85,3]","[195,202,210]","[195,202,210]","[194,201,209]","[196,203,211]","[{""x"":138,""y"":70,""RGB"":[195,203,211],""luminance"":150.49366276942803},{""x"":137,""y"":71,""RGB"":[194,202,210],""luminance"":148.82701869407873}]","[138,70]",149.16557738052728,150.49366276942803,150.83449665533615,-1.328085388900746,1.0,1.4142135623730951,-1.6689192748088715,-1.328085388900746,1.6689192748088715,"{""support_to_pixel"":""down"",""pixel_to_master"":""up""}",False,True,False,True,False,False,True,1.0,True,False
M1,164,71,[10],10,AMBIGUOUS,26,"[0,0,0,26]","[175,181,189]","[175,181,189]","[177,183,191]","[195,202,211]","[{""x"":165,""y"":71,""RGB"":[58,60,62],""luminance"":11.421599170869177},{""x"":165,""y"":70,""RGB"":[69,71,74],""luminance"":15.978549319049057},{""x"":165,""y"":72,""RGB"":[98,101,105],""luminance"":32.956077784948825}]","[165,71]",116.88136678016204,11.421599170869177,149.29309114630328,105.45976760929287,127.0,210.85302938302783,-32.41172436614124,105.45976760929287,32.41172436614124,"{""support_to_pixel"":""up"",""pixel_to_master"":""up""}",True,False,False,False,False,False,False,22.0,True,False
M1,176,71,[10],10,AMBIGUOUS,1,"[255,255,255,1]","[194,201,209]","[194,201,209]","[193,200,208]","[194,201,209]","[{""x"":177,""y"":70,""RGB"":[123,127,133],""luminance"":53.7620394036155}]","[177,70]",147.50748312623642,53.7620394036155,147.50748312623642,93.74544372262092,76.0,127.64403628842203,0.0,93.74544372262092,0.0,"{""support_to_pixel"":""up"",""pixel_to_master"":""flat""}",True,False,False,False,False,False,False,0.0,True,False
M1,193,71,[10],10,AMBIGUOUS,25,"[51,51,51,25]","[177,183,190]","[177,183,190]","[174,179,186]","[191,197,205]","[{""x"":194,""y"":71,""RGB"":[19,20,20],""luminance"":1.7576274034093793},{""x"":194,""y"":70,""RGB"":[31,32,32],""luminance"":3.6429670523713495},{""x"":194,""y"":72,""RGB"":[74,76,79],""luminance"":18.33256668466808}]","[194,71]",119.67606364417425,1.7576274034093793,141.31245386421048,117.91843624076488,170.0,283.60712261859715,-21.636390220036233,117.91843624076488,21.636390220036233,"{""support_to_pixel"":""up"",""pixel_to_master"":""up""}",True,False,False,False,False,False,False,15.0,True,False
M1,206,71,[10],10,AMBIGUOUS,26,"[0,0,0,26]","[156,162,170]","[156,162,170]","[158,164,171]","[174,181,189]","[{""x"":206,""y"":70,""RGB"":[155,160,167],""luminance"":88.9954957018848},{""x"":207,""y"":71,""RGB"":[37,38,39],""luminance"":4.911362630137985},{""x"":207,""y"":70,""RGB"":[40,41,42],""luminance"":5.620607247298288},{""x"":207,""y"":72,""RGB"":[82,85,88],""luminance"":22.93831612345693}]","[206,70]",91.3176933142233,88.9954957018848,116.58737908018723,2.322197612338499,3.0,3.7416573867739413,-25.269685765963928,2.322197612338499,25.269685765963928,"{""support_to_pixel"":""up"",""pixel_to_master"":""up""}",True,False,False,False,False,False,False,19.0,True,False
M1,66,72,[6],6,AMBIGUOUS,1,"[255,255,255,1]","[201,209,217]","[201,209,217]","[200,208,216]","[201,209,217]","[{""x"":67,""y"":72,""RGB"":[201,209,217],""luminance"":160.7218837578162},{""x"":67,""y"":71,""RGB"":[201,209,217],""luminance"":160.7218837578162}]","[67,72]",160.7218837578162,160.7218837578162,160.7218837578162,0.0,0.0,0.0,0.0,0.0,0.0,"{""support_to_pixel"":""flat"",""pixel_to_master"":""flat""}",True,False,False,False,False,False,False,0.0,True,False
M1,82,72,[7],7,AMBIGUOUS,21,"[36,36,36,21]","[186,194,201]","[186,194,201]","[185,192,199]","[200,208,216]","[{""x"":83,""y"":72,""RGB"":[89,92,95],""luminance"":27.04112485075373},{""x"":83,""y"":71,""RGB"":[32,33,34],""luminance"":3.851219876420491}]","[83,72]",135.76129237266696,27.04112485075373,158.98989520252405,108.72016752191323,106.0,176.207264322445,-23.228602829857095,108.72016752191323,23.228602829857095,"{""support_to_pixel"":""up"",""pixel_to_master"":""up""}",True,False,False,False,False,False,False,15.0,True,False
M1,104,72,[8],8,AMBIGUOUS,14,"[0,0,0,14]","[188,195,202]","[188,195,202]","[189,195,203]","[199,206,214]","[{""x"":103,""y"":72,""RGB"":[83,86,89],""luminance"":23.500406442272556},{""x"":103,""y"":71,""RGB"":[34,35,36],""luminance"":4.257275036618602},{""x"":103,""y"":73,""RGB"":[195,202,209],""luminance"":149.03885800287105}]","[103,72]",137.6639113963347,23.500406442272556,155.90640537037342,114.16350495406215,113.0,188.87826767524103,-18.242493974038723,114.16350495406215,18.242493974038723,"{""support_to_pixel"":""up"",""pixel_to_master"":""up""}",True,False,False,False,False,False,False,12.0,True,False
M1,109,72,[8],8,AMBIGUOUS,20,"[0,0,0,20]","[181,188,195]","[181,188,195]","[183,189,197]","[197,204,212]","[{""x"":110,""y"":72,""RGB"":[97,100,104],""luminance"":32.27077566802628},{""x"":110,""y"":71,""RGB"":[59,60,62],""luminance"":11.498777807991523}]","[110,72]",126.81233411069861,32.27077566802628,152.51426105525556,94.54155844267234,91.0,151.92432326655268,-25.701926944556945,94.54155844267234,25.701926944556945,"{""support_to_pixel"":""up"",""pixel_to_master"":""up""}",True,False,False,False,False,False,False,17.0,True,False
M1,121,72,[8],8,AMBIGUOUS,11,"[0,0,0,11]","[188,195,204]","[188,195,204]","[189,196,204]","[197,204,213]","[{""x"":120,""y"":72,""RGB"":[108,112,116],""luminance"":40.895472845264},{""x"":120,""y"":71,""RGB"":[64,66,68],""luminance"":13.779621818546614}]","[120,72]",137.90709305183444,40.895472845264,152.64336784299854,97.01162020657043,88.0,145.02758358326184,-14.736274791164107,97.01162020657043,14.736274791164107,"{""support_to_pixel"":""up"",""pixel_to_master"":""up""}",True,False,False,False,False,False,False,9.0,True,False
M1,136,72,[9],9,AMBIGUOUS,2,"[255,255,255,2]","[197,205,212]","[197,205,212]","[196,204,210]","[197,205,212]","[{""x"":135,""y"":71,""RGB"":[86,89,92],""luminance"":25.234538364535997},{""x"":137,""y"":71,""RGB"":[194,202,210],""luminance"":148.82701869407873}]","[135,71]",153.7303865258296,25.234538364535997,153.7303865258296,128.4958481612936,120.0,200.44201156444225,0.0,128.4958481612936,0.0,"{""support_to_pixel"":""up"",""pixel_to_master"":""flat""}",True,False,False,False,False,False,False,0.0,True,False
M1,137,72,[9],9,AMBIGUOUS,3,"[0,0,0,3]","[194,202,210]","[194,202,210]","[194,202,211]","[196,204,213]","[{""x"":137,""y"":71,""RGB"":[194,202,210],""luminance"":148.82701869407873}]","[137,71]",148.82701869407873,148.82701869407873,152.30025440992605,0.0,0.0,0.0,-3.4732357158473235,0.0,3.4732357158473235,"{""support_to_pixel"":""flat"",""pixel_to_master"":""up""}",True,False,False,False,False,False,False,3.0,True,False
M1,164,72,[10],10,AMBIGUOUS,17,"[0,0,0,17]","[181,188,197]","[181,188,197]","[182,190,198]","[194,202,211]","[{""x"":165,""y"":72,""RGB"":[98,101,105],""luminance"":32.956077784948825},{""x"":165,""y"":71,""RGB"":[58,60,62],""luminance"":11.421599170869177},{""x"":165,""y"":73,""RGB"":[191,198,206],""luminance"":142.59794859527804}]","[165,72]",127.04460596596863,32.956077784948825,148.95453245985473,94.0885281810198,92.0,151.40013210033868,-21.909926493886104,94.0885281810198,21.909926493886104,"{""support_to_pixel"":""up"",""pixel_to_master"":""up""}",True,False,False,False,False,False,False,14.0,True,False
M1,177,72,[10],10,AMBIGUOUS,2,"[255,255,255,2]","[194,202,210]","[194,202,210]","[193,201,208]","[194,202,210]","[{""x"":178,""y"":71,""RGB"":[115,119,124],""luminance"":46.64900017964958},{""x"":178,""y"":73,""RGB"":[191,199,207],""luminance"":143.89192967974316}]","[178,71]",148.82701869407873,46.64900017964958,148.82701869407873,102.17801851442914,86.0,143.26897780049944,0.0,102.17801851442914,0.0,"{""support_to_pixel"":""up"",""pixel_to_master"":""flat""}",True,False,False,False,False,False,False,0.0,True,False
M1,193,72,[10],10,AMBIGUOUS,17,"[45,45,45,17]","[181,188,194]","[181,188,194]","[179,186,192]","[191,198,205]","[{""x"":194,""y"":72,""RGB"":[74,76,79],""luminance"":18.33256668466808},{""x"":194,""y"":71,""RGB"":[19,20,20],""luminance"":1.7576274034093793},{""x"":194,""y"":73,""RGB"":[183,190,198],""luminance"":129.97709067291396}]","[194,72]",126.69735792461401,18.33256668466808,142.47439252871342,108.36479123994593,115.0,192.9196724027905,-15.777034604099413,108.36479123994593,15.777034604099413,"{""support_to_pixel"":""up"",""pixel_to_master"":""up""}",True,False,False,False,False,False,False,11.0,True,False
M1,206,72,[10],10,AMBIGUOUS,6,"[0,0,0,6]","[171,178,185]","[171,178,185]","[171,178,185]","[175,182,189]","[{""x"":207,""y"":72,""RGB"":[82,85,88],""luminance"":22.93831612345693},{""x"":207,""y"":71,""RGB"":[37,38,39],""luminance"":4.911362630137985},{""x"":207,""y"":73,""RGB"":[167,174,181],""luminance"":106.65066311591438}]","[207,72]",112.20382220529272,22.93831612345693,117.92214949094101,89.2655060818358,97.0,161.18002357612434,-5.718327285648286,89.2655060818358,5.718327285648286,"{""support_to_pixel"":""up"",""pixel_to_master"":""up""}",True,False,False,False,False,False,False,4.0,True,True
M1,71,73,[6],6,AMBIGUOUS,8,"[0,0,0,8]","[194,201,209]","[194,201,209]","[194,202,210]","[200,208,216]","[{""x"":71,""y"":72,""RGB"":[74,77,79],""luminance"":18.686689391527917},{""x"":70,""y"":73,""RGB"":[196,204,211],""luminance"":152.04283805178753},{""x"":70,""y"":72,""RGB"":[77,80,83],""luminance"":20.24607013881944},{""x"":72,""y"":72,""RGB"":[74,77,79],""luminance"":18.686689391527917}]","[71,72]",147.50748312623642,18.686689391527917,158.98989520252405,128.8207937347085,130.0,216.0462913359079,-11.48241207628763,128.8207937347085,11.48241207628763,"{""support_to_pixel"":""up"",""pixel_to_master"":""up""}",True,False,False,False,False,False,False,7.0,True,False
M1,72,73,[6],6,AMBIGUOUS,8,"[0,0,0,8]","[194,200,209]","[194,200,209]","[194,201,210]","[200,207,216]","[{""x"":72,""y"":72,""RGB"":[74,77,79],""luminance"":18.686689391527917},{""x"":71,""y"":72,""RGB"":[74,77,79],""luminance"":18.686689391527917},{""x"":73,""y"":72,""RGB"":[75,77,80],""luminance"":18.8261327267074}]","[72,72]",146.32240798871547,18.686689391527917,157.75033209639287,127.63571859718755,130.0,215.4738963308549,-11.427924107677399,127.63571859718755,11.427924107677399,"{""support_to_pixel"":""up"",""pixel_to_master"":""up""}",True,False,False,False,False,False,False,7.0,True,False
M1,73,73,[6],6,AMBIGUOUS,7,"[0,0,0,7]","[194,202,210]","[194,202,210]","[195,203,210]","[200,208,216]","[{""x"":73,""y"":72,""RGB"":[75,77,80],""luminance"":18.8261327267074},{""x"":74,""y"":73,""RGB"":[193,202,209],""luminance"":148.36401146923063},{""x"":72,""y"":72,""RGB"":[74,77,79],""luminance"":18.686689391527917},{""x"":74,""y"":72,""RGB"":[74,76,79],""luminance"":18.33256668466808}]","[73,72]",148.82701869407873,18.8261327267074,158.98989520252405,130.00088596737135,130.0,216.06943328476612,-10.162876508445322,130.00088596737135,10.162876508445322,"{""support_to_pixel"":""up"",""pixel_to_master"":""up""}",True,False,False,False,False,False,False,6.0,True,False
M1,79,73,[6],6,AMBIGUOUS,1,"[0,0,0,1]","[198,206,214]","[198,206,214]","[198,206,214]","[199,207,215]","[{""x"":79,""y"":72,""RGB"":[197,204,213],""luminance"":152.64336784299854},{""x"":78,""y"":73,""RGB"":[196,204,212],""luminance"":152.17114762218307},{""x"":80,""y"":72,""RGB"":[198,206,214],""luminance"":155.5587198493756}]","[79,72]",155.5587198493756,152.64336784299854,157.26884718032773,2.9153520063770486,2.0,2.449489742783178,-1.7101273309521332,2.9153520063770486,1.7101273309521332,"{""support_to_pixel"":""up"",""pixel_to_master"":""up""}",True,False,False,False,False,False,False,1.0,True,True
M1,83,73,[7],7,AMBIGUOUS,12,"[0,0,0,12]","[191,198,206]","[191,198,206]","[191,199,207]","[200,208,216]","[{""x"":83,""y"":72,""RGB"":[89,92,95],""luminance"":27.04112485075373},{""x"":84,""y"":72,""RGB"":[70,72,74],""luminance"":16.39964448944932}]","[83,72]",142.59794859527804,27.04112485075373,158.98989520252405,115.55682374452431,111.0,184.28510520386612,-16.391946607246012,115.55682374452431,16.391946607246012,"{""support_to_pixel"":""up"",""pixel_to_master"":""up""}",True,False,False,False,False,False,False,10.0,True,False
M1,84,73,[7],7,AMBIGUOUS,8,"[0,0,0,8]","[194,201,209]","[194,201,209]","[194,202,210]","[200,208,216]","[{""x"":84,""y"":72,""RGB"":[70,72,74],""luminance"":16.39964448944932},{""x"":83,""y"":72,""RGB"":[89,92,95],""luminance"":27.04112485075373},{""x"":85,""y"":72,""RGB"":[73,76,78],""luminance"":18.195292110185548}]","[84,72]",147.50748312623642,16.39964448944932,158.98989520252405,131.1078386367871,135.0,224.14727301486406,-11.48241207628763,131.1078386367871,11.48241207628763,"{""support_to_pixel"":""up"",""pixel_to_master"":""up""}",True,False,False,False,False,False,False,7.0,True,False
M1,85,73,[7],7,AMBIGUOUS,8,"[0,0,0,8]","[194,201,209]","[194,201,209]","[194,202,210]","[200,208,216]","[{""x"":85,""y"":72,""RGB"":[73,76,78],""luminance"":18.195292110185548},{""x"":84,""y"":72,""RGB"":[70,72,74],""luminance"":16.39964448944932},{""x"":86,""y"":72,""RGB"":[74,77,79],""luminance"":18.686689391527917}]","[85,72]",147.50748312623642,18.195292110185548,158.98989520252405,129.31219101605086,131.0,217.77740929674042,-11.48241207628763,129.31219101605086,11.48241207628763,"{""support_to_pixel"":""up"",""pixel_to_master"":""up""}",True,False,False,False,False,False,False,7.0,True,False
M1,86,73,[7],7,AMBIGUOUS,8,"[0,0,0,8]","[195,201,209]","[195,201,209]","[195,202,210]","[201,208,216]","[{""x"":86,""y"":72,""RGB"":[74,77,79],""luminance"":18.686689391527917},{""x"":85,""y"":72,""RGB"":[73,76,78],""luminance"":18.195292110185548},{""x"":87,""y"":72,""RGB"":[74,77,79],""luminance"":18.686689391527917}]","[86,72]",147.846041812685,18.686689391527917,159.3421700546451,129.15935242115708,130.0,216.60332407421637,-11.496128241960093,129.15935242115708,11.496128241960093,"{""support_to_pixel"":""up"",""pixel_to_master"":""up""}",True,False,False,False,False,False,False,7.0,True,False
M1,87,73,[7],7,AMBIGUOUS,8,"[0,0,0,8]","[194,200,209]","[194,200,209]","[194,201,210]","[200,207,216]","[{""x"":87,""y"":72,""RGB"":[74,77,79],""luminance"":18.686689391527917},{""x"":86,""y"":72,""RGB"":[74,77,79],""luminance"":18.686689391527917},{""x"":88,""y"":72,""RGB"":[74,77,79],""luminance"":18.686689391527917}]","[87,72]",146.32240798871547,18.686689391527917,157.75033209639287,127.63571859718755,130.0,215.4738963308549,-11.427924107677399,127.63571859718755,11.427924107677399,"{""support_to_pixel"":""up"",""pixel_to_master"":""up""}",True,False,False,False,False,False,False,7.0,True,False
M1,88,73,[7],7,AMBIGUOUS,8,"[0,0,0,8]","[194,201,209]","[194,201,209]","[194,202,210]","[200,208,216]","[{""x"":88,""y"":72,""RGB"":[74,77,79],""luminance"":18.686689391527917},{""x"":87,""y"":72,""RGB"":[74,77,79],""luminance"":18.686689391527917},{""x"":89,""y"":72,""RGB"":[74,77,79],""luminance"":18.686689391527917}]","[88,72]",147.50748312623642,18.686689391527917,158.98989520252405,128.8207937347085,130.0,216.0462913359079,-11.48241207628763,128.8207937347085,11.48241207628763,"{""support_to_pixel"":""up"",""pixel_to_master"":""up""}",True,False,False,False,False,False,False,7.0,True,False
M1,89,73,[7],7,AMBIGUOUS,8,"[0,0,0,8]","[194,200,208]","[194,200,208]","[194,201,209]","[200,207,215]","[{""x"":89,""y"":72,""RGB"":[74,77,79],""luminance"":18.686689391527917},{""x"":88,""y"":72,""RGB"":[74,77,79],""luminance"":18.686689391527917},{""x"":90,""y"":72,""RGB"":[74,76,79],""luminance"":18.33256668466808}]","[89,72]",146.19648157888022,18.686689391527917,157.6188252175612,127.5097921873523,129.0,214.8720549536398,-11.422343638680985,127.5097921873523,11.422343638680985,"{""support_to_pixel"":""up"",""pixel_to_master"":""up""}",True,False,False,False,False,False,False,7.0,True,False
M1,90,73,[7],7,AMBIGUOUS,8,"[0,0,0,8]","[193,200,208]","[193,200,208]","[193,201,209]","[199,207,215]","[{""x"":90,""y"":72,""RGB"":[74,76,79],""luminance"":18.33256668466808},{""x"":89,""y"":72,""RGB"":[74,77,79],""luminance"":18.686689391527917},{""x"":91,""y"":72,""RGB"":[74,76,79],""luminance"":18.33256668466808}]","[90,72]",145.86019373168838,18.33256668466808,157.26884718032773,127.5276270470203,129.0,214.8906698765677,-11.408653448639342,127.5276270470203,11.408653448639342,"{""support_to_pixel"":""up"",""pixel_to_master"":""up""}",True,False,False,False,False,False,False,7.0,True,False
M1,91,73,[7],7,AMBIGUOUS,8,"[0,0,0,8]","[193,199,207]","[193,199,207]","[193,200,208]","[199,206,214]","[{""x"":91,""y"":72,""RGB"":[74,76,79],""luminance"":18.33256668466808},{""x"":90,""y"":72,""RGB"":[74,76,79],""luminance"":18.33256668466808},{""x"":92,""y"":72,""RGB"":[74,76,79],""luminance"":18.33256668466808}]","[91,72]",144.55771036023702,18.33256668466808,155.90640537037342,126.22514367556894,128.0,213.71476317746513,-11.348695010136396,126.22514367556894,11.348695010136396,"{""support_to_pixel"":""up"",""pixel_to_master"":""up""}",True,False,False,False,False,False,False,7.0,True,False
M1,92,73,[7],7,AMBIGUOUS,8,"[0,0,0,8]","[193,199,207]","[193,199,207]","[193,200,208]","[199,206,214]","[{""x"":92,""y"":72,""RGB"":[74,76,79],""luminance"":18.33256668466808},{""x"":91,""y"":72,""RGB"":[74,76,79],""luminance"":18.33256668466808},{""x"":93,""y"":72,""RGB"":[74,77,79],""luminance"":18.686689391527917}]","[92,72]",144.55771036023702,18.33256668466808,155.90640537037342,126.22514367556894,128.0,213.71476317746513,-11.348695010136396,126.22514367556894,11.348695010136396,"{""support_to_pixel"":""up"",""pixel_to_master"":""up""}",True,False,False,False,False,False,False,7.0,True,False
M1,93,73,[7],7,AMBIGUOUS,8,"[0,0,0,8]","[193,200,208]","[193,200,208]","[193,201,209]","[199,207,215]","[{""x"":93,""y"":72,""RGB"":[74,77,79],""luminance"":18.686689391527917},{""x"":92,""y"":72,""RGB"":[74,76,79],""luminance"":18.33256668466808},{""x"":94,""y"":72,""RGB"":[74,76,79],""luminance"":18.33256668466808}]","[93,72]",145.86019373168838,18.686689391527917,157.26884718032773,127.17350434016046,129.0,214.3151884491624,-11.408653448639342,127.17350434016046,11.408653448639342,"{""support_to_pixel"":""up"",""pixel_to_master"":""up""}",True,False,False,False,False,False,False,7.0,True,False
M1,94,73,[7],7,AMBIGUOUS,8,"[0,0,0,8]","[194,200,208]","[194,200,208]","[194,201,209]","[200,207,215]","[{""x"":94,""y"":72,""RGB"":[74,76,79],""luminance"":18.33256668466808},{""x"":93,""y"":72,""RGB"":[74,77,79],""luminance"":18.686689391527917},{""x"":95,""y"":72,""RGB"":[74,76,79],""luminance"":18.33256668466808}]","[94,72]",146.19648157888022,18.33256668466808,157.6188252175612,127.86391489421214,129.0,215.4460489310491,-11.422343638680985,127.86391489421214,11.422343638680985,"{""support_to_pixel"":""up"",""pixel_to_master"":""up""}",True,False,False,False,False,False,False,7.0,True,False
M1,95,73,[7],7,AMBIGUOUS,8,"[0,0,0,8]","[193,200,208]","[193,200,208]","[193,201,209]","[199,207,215]","[{""x"":95,""y"":72,""RGB"":[74,76,79],""luminance"":18.33256668466808},{""x"":94,""y"":72,""RGB"":[74,76,79],""luminance"":18.33256668466808},{""x"":96,""y"":72,""RGB"":[73,75,78],""luminance"":17.846633882909586}]","[95,72]",145.86019373168838,18.33256668466808,157.26884718032773,127.5276270470203,129.0,214.8906698765677,-11.408653448639342,127.5276270470203,11.408653448639342,"{""support_to_pixel"":""up"",""pixel_to_master"":""up""}",True,False,False,False,False,False,False,7.0,True,False
M1,96,73,[7],7,AMBIGUOUS,8,"[0,0,0,8]","[192,199,208]","[192,199,208]","[192,200,209]","[198,206,215]","[{""x"":96,""y"":72,""RGB"":[73,75,78],""luminance"":17.846633882909586},{""x"":95,""y"":72,""RGB"":[74,76,79],""luminance"":18.33256668466808},{""x"":97,""y"":72,""RGB"":[71,73,75],""luminance"":16.86233399499793}]","[96,72]",144.34882384564384,17.846633882909586,155.6894252950425,126.50218996273425,130.0,215.49245926481976,-11.340601449398662,126.50218996273425,11.340601449398662,"{""support_to_pixel"":""up"",""pixel_to_master"":""up""}",True,False,False,False,False,False,False,7.0,True,False
M1,97,73,[7],7,AMBIGUOUS,8,"[0,0,0,8]","[193,199,208]","[193,199,208]","[193,200,209]","[199,206,215]","[{""x"":97,""y"":72,""RGB"":[71,73,75],""luminance"":16.86233399499793},{""x"":96,""y"":72,""RGB"":[73,75,78],""luminance"":17.846633882909586},{""x"":98,""y"":72,""RGB"":[75,78,80],""luminance"":19.185744112844226}]","[97,72]",144.6828452263761,16.86233399499793,156.03711081604033,127.82051123137816,133.0,220.11133546457802,-11.354265589664237,127.82051123137816,11.354265589664237,"{""support_to_pixel"":""up"",""pixel_to_master"":""up""}",True,False,False,False,False,False,False,7.0,True,False
M1,98,73,[7],7,AMBIGUOUS,10,"[0,0,0,10]","[191,198,206]","[191,198,206]","[192,198,206]","[199,206,214]","[{""x"":98,""y"":72,""RGB"":[75,78,80],""luminance"":19.185744112844226},{""x"":97,""y"":72,""RGB"":[71,73,75],""luminance"":16.86233399499793},{""x"":99,""y"":72,""RGB"":[181,188,195],""luminance"":126.81233411069861}]","[98,72]",142.59794859527804,19.185744112844226,155.90640537037342,123.41220448243382,126.0,209.1219739769114,-13.30845677509538,123.41220448243382,13.30845677509538,"{""support_to_pixel"":""up"",""pixel_to_master"":""up""}",True,False,False,False,False,False,False,8.0,True,False
M1,109,73,[8],8,PROTECTED / OTHER,4,"[0,63,63,4]","[195,203,211]","[195,203,211]","[195,202,210]","[198,205,213]","[{""x"":110,""y"":72,""RGB"":[97,100,104],""luminance"":32.27077566802628}]","[110,72]",150.49366276942803,32.27077566802628,154.2048906291114,118.22288710140174,107.0,177.93819151604302,-3.711227859683362,118.22288710140174,3.711227859683362,"{""support_to_pixel"":""up"",""pixel_to_master"":""up""}",True,False,False,False,False,False,False,3.0,True,False
M1,110,73,[8],8,AMBIGUOUS,7,"[0,0,0,7]","[193,200,208]","[193,200,208]","[193,201,209]","[198,206,214]","[{""x"":110,""y"":72,""RGB"":[97,100,104],""luminance"":32.27077566802628},{""x"":111,""y"":72,""RGB"":[56,57,59],""luminance"":10.411075627791913}]","[110,72]",145.86019373168838,32.27077566802628,155.5587198493756,113.5894180636621,104.0,173.29743217947575,-9.698526117687209,113.5894180636621,9.698526117687209,"{""support_to_pixel"":""up"",""pixel_to_master"":""up""}",True,False,False,False,False,False,False,6.0,True,False
M1,111,73,[8],8,AMBIGUOUS,9,"[0,0,0,9]","[191,199,206]","[191,199,206]","[192,199,207]","[198,206,214]","[{""x"":111,""y"":72,""RGB"":[56,57,59],""luminance"":10.411075627791913},{""x"":110,""y"":72,""RGB"":[97,100,104],""luminance"":32.27077566802628},{""x"":112,""y"":72,""RGB"":[151,157,162],""luminance"":84.91980929335408}]","[111,72]",143.76758492932154,10.411075627791913,155.5587198493756,133.35650930152963,147.0,244.94489176139191,-11.791134920054049,133.35650930152963,11.791134920054049,"{""support_to_pixel"":""up"",""pixel_to_master"":""up""}",True,False,False,False,False,False,False,8.0,True,False
M1,112,73,[8],8,AMBIGUOUS,4,"[0,0,0,4]","[195,203,210]","[195,203,210]","[195,203,210]","[198,206,213]","[{""x"":112,""y"":72,""RGB"":[151,157,162],""luminance"":84.91980929335408},{""x"":111,""y"":72,""RGB"":[56,57,59],""luminance"":10.411075627791913}]","[112,72]",150.36614900365203,84.91980929335408,155.4288144353025,65.44633971029795,48.0,79.724525711979,-5.062665431650487,65.44633971029795,5.062665431650487,"{""support_to_pixel"":""up"",""pixel_to_master"":""up""}",True,False,False,False,False,False,False,3.0,True,True
M1,125,73,[9],9,AMBIGUOUS,1,"[0,0,0,1]","[195,203,212]","[195,203,212]","[195,203,212]","[196,204,213]","[{""x"":125,""y"":72,""RGB"":[181,189,196],""luminance"":128.0214020677412},{""x"":126,""y"":72,""RGB"":[98,101,104],""luminance"":32.903943796127756}]","[125,72]",150.62197233982354,128.0214020677412,152.30025440992605,22.600570272082336,16.0,25.45584412271571,-1.6782820701025116,22.600570272082336,1.6782820701025116,"{""support_to_pixel"":""up"",""pixel_to_master"":""up""}",True,False,False,False,False,False,False,1.0,True,True
M1,126,73,[9],9,AMBIGUOUS,5,"[0,0,0,5]","[192,200,208]","[192,200,208]","[192,200,208]","[196,204,212]","[{""x"":126,""y"":72,""RGB"":[98,101,104],""luminance"":32.903943796127756},{""x"":125,""y"":72,""RGB"":[181,189,196],""luminance"":128.0214020677412},{""x"":127,""y"":72,""RGB"":[63,65,67],""luminance"":13.368637053500198}]","[126,72]",145.5261723509561,32.903943796127756,152.17114762218307,112.62222855482835,104.0,171.618763542918,-6.6449752712269685,112.62222855482835,6.6449752712269685,"{""support_to_pixel"":""up"",""pixel_to_master"":""up""}",True,False,False,False,False,False,False,4.0,True,True
M1,127,73,[9],9,AMBIGUOUS,7,"[0,0,0,7]","[191,199,206]","[191,199,206]","[191,200,207]","[196,205,212]","[{""x"":127,""y"":72,""RGB"":[63,65,67],""luminance"":13.368637053500198},{""x"":126,""y"":72,""RGB"":[98,101,104],""luminance"":32.903943796127756},{""x"":128,""y"":72,""RGB"":[75,78,80],""luminance"":19.185744112844226}]","[127,72]",143.76758492932154,13.368637053500198,153.3872730927571,130.39894787582134,139.0,231.6484405300411,-9.619688163435569,130.39894787582134,9.619688163435569,"{""support_to_pixel"":""up"",""pixel_to_master"":""up""}",True,False,False,False,False,False,False,6.0,True,False
M1,128,73,[9],9,AMBIGUOUS,7,"[0,0,0,7]","[191,198,206]","[191,198,206]","[191,199,207]","[196,204,212]","[{""x"":128,""y"":72,""RGB"":[75,78,80],""luminance"":19.185744112844226},{""x"":127,""y"":72,""RGB"":[63,65,67],""luminance"":13.368637053500198},{""x"":129,""y"":72,""RGB"":[73,75,78],""luminance"":17.846633882909586}]","[128,72]",142.59794859527804,19.185744112844226,152.17114762218307,123.41220448243382,126.0,209.1219739769114,-9.57319902690503,123.41220448243382,9.57319902690503,"{""support_to_pixel"":""up"",""pixel_to_master"":""up""}",True,False,False,False,False,False,False,6.0,True,False
M1,129,73,[9],9,AMBIGUOUS,8,"[0,0,0,8]","[191,198,205]","[191,198,205]","[191,198,206]","[197,204,212]","[{""x"":129,""y"":72,""RGB"":[73,75,78],""luminance"":17.846633882909586},{""x"":128,""y"":72,""RGB"":[75,78,80],""luminance"":19.185744112844226},{""x"":130,""y"":72,""RGB"":[73,75,78],""luminance"":17.846633882909586}]","[129,72]",142.47439252871342,17.846633882909586,152.51426105525556,124.62775864580384,127.0,212.5605796002636,-10.039868526542136,124.62775864580384,10.039868526542136,"{""support_to_pixel"":""up"",""pixel_to_master"":""up""}",True,False,False,False,False,False,False,7.0,True,False
M1,130,73,[9],9,AMBIGUOUS,8,"[0,0,0,8]","[191,199,206]","[191,199,206]","[191,199,207]","[197,205,213]","[{""x"":130,""y"":72,""RGB"":[73,75,78],""luminance"":17.846633882909586},{""x"":129,""y"":72,""RGB"":[73,75,78],""luminance"":17.846633882909586},{""x"":131,""y"":72,""RGB"":[73,76,78],""luminance"":18.195292110185548}]","[130,72]",143.76758492932154,17.846633882909586,153.85949331357259,125.92095104641196,128.0,213.7381575666825,-10.091908384251042,125.92095104641196,10.091908384251042,"{""support_to_pixel"":""up"",""pixel_to_master"":""up""}",True,False,False,False,False,False,False,7.0,True,False
M1,131,73,[9],9,AMBIGUOUS,7,"[0,0,0,7]","[191,198,207]","[191,198,207]","[191,199,208]","[196,204,213]","[{""x"":131,""y"":72,""RGB"":[73,76,78],""luminance"":18.195292110185548},{""x"":130,""y"":72,""RGB"":[73,75,78],""luminance"":17.846633882909586},{""x"":132,""y"":72,""RGB"":[76,79,82],""luminance"":19.73103351092246}]","[131,72]",142.72229334569965,18.195292110185548,152.30025440992605,124.5270012355141,129.0,213.1877107152286,-9.5779610642264,124.5270012355141,9.5779610642264,"{""support_to_pixel"":""up"",""pixel_to_master"":""up""}",True,False,False,False,False,False,False,6.0,True,False
M1,132,73,[9],9,AMBIGUOUS,12,"[0,0,0,12]","[187,194,203]","[187,194,203]","[187,195,204]","[196,204,213]","[{""x"":132,""y"":72,""RGB"":[76,79,82],""luminance"":19.73103351092246},{""x"":131,""y"":72,""RGB"":[73,76,78],""luminance"":18.195292110185548},{""x"":133,""y"":72,""RGB"":[97,100,104],""luminance"":32.27077566802628}]","[132,72]",136.32342187487225,19.73103351092246,152.30025440992605,116.5923883639498,121.0,200.46695488284348,-15.976832535053802,116.5923883639498,15.976832535053802,"{""support_to_pixel"":""up"",""pixel_to_master"":""up""}",True,False,False,False,False,False,False,10.0,True,False
M1,135,73,[9],9,AMBIGUOUS,4,"[255,255,255,4]","[197,205,213]","[197,205,213]","[193,201,209]","[196,204,212]","[{""x"":134,""y"":72,""RGB"":[141,146,152],""luminance"":72.64309282642222}]","[134,72]",153.85949331357259,72.64309282642222,152.17114762218307,81.21640048715037,61.0,101.67595585978034,1.6883456913895145,81.21640048715037,-1.6883456913895145,"{""support_to_pixel"":""up"",""pixel_to_master"":""down""}",False,True,True,False,True,False,True,1.0,True,False
M1,143,73,[10],10,AMBIGUOUS,8,"[31,31,31,8]","[189,197,205]","[189,197,205]","[188,196,205]","[194,202,211]","[{""x"":143,""y"":72,""RGB"":[178,185,193],""luminance"":122.43354970021156},{""x"":142,""y"":73,""RGB"":[189,197,206],""luminance"":140.77925996815597},{""x"":142,""y"":72,""RGB"":[82,85,88],""luminance"":22.93831612345693}]","[143,72]",140.65570390159135,122.43354970021156,148.95453245985473,18.222154201379794,12.0,20.223748416156685,-8.29882855826338,18.222154201379794,8.29882855826338,"{""support_to_pixel"":""up"",""pixel_to_master"":""up""}",True,False,False,False,False,False,False,6.0,True,False
M1,164,73,[10],10,AMBIGUOUS,3,"[0,0,0,3]","[193,201,209]","[193,201,209]","[193,201,209]","[195,203,211]","[{""x"":165,""y"":73,""RGB"":[191,198,206],""luminance"":142.59794859527804},{""x"":165,""y"":72,""RGB"":[98,101,105],""luminance"":32.956077784948825}]","[165,73]",147.17119527904458,142.59794859527804,150.49366276942803,4.573246683766541,3.0,4.69041575982343,-3.3224674903834455,4.573246683766541,3.3224674903834455,"{""support_to_pixel"":""up"",""pixel_to_master"":""up""}",True,False,False,False,False,False,False,2.0,True,True
M1,182,73,[10],10,AMBIGUOUS,9,"[0,0,0,9]","[187,195,203]","[187,195,203]","[188,195,203]","[194,202,210]","[{""x"":182,""y"":72,""RGB"":[71,74,77],""luminance"":17.271082798020437},{""x"":181,""y"":72,""RGB"":[78,81,84],""luminance"":20.76886708086061},{""x"":183,""y"":72,""RGB"":[72,74,77],""luminance"":17.36830020821176}]","[182,72]",137.46235495364937,17.271082798020437,148.82701869407873,120.19127215562892,126.0,209.69740103301234,-11.364663740429364,120.19127215562892,11.364663740429364,"{""support_to_pixel"":""up"",""pixel_to_master"":""up""}",True,False,False,False,False,False,False,7.0,True,False
M1,183,73,[10],10,AMBIGUOUS,7,"[0,0,0,7]","[189,195,203]","[189,195,203]","[189,196,204]","[194,201,209]","[{""x"":183,""y"":72,""RGB"":[72,74,77],""luminance"":17.36830020821176},{""x"":182,""y"":72,""RGB"":[71,74,77],""luminance"":17.271082798020437},{""x"":184,""y"":72,""RGB"":[72,74,77],""luminance"":17.36830020821176}]","[183,72]",138.11010953992292,17.36830020821176,147.50748312623642,120.74180933171115,126.0,210.25222947688331,-9.397373586313506,120.74180933171115,9.397373586313506,"{""support_to_pixel"":""up"",""pixel_to_master"":""up""}",True,False,False,False,False,False,False,6.0,True,False
M1,184,73,[10],10,AMBIGUOUS,8,"[0,0,0,8]","[188,195,202]","[188,195,202]","[188,195,203]","[194,201,209]","[{""x"":184,""y"":72,""RGB"":[72,74,77],""luminance"":17.36830020821176},{""x"":183,""y"":72,""RGB"":[72,74,77],""luminance"":17.36830020821176},{""x"":185,""y"":72,""RGB"":[72,75,77],""luminance"":17.711518317431803}]","[184,72]",137.6639113963347,17.36830020821176,147.50748312623642,120.29561118812293,125.0,209.0980631187195,-9.843571729901726,120.29561118812293,9.843571729901726,"{""support_to_pixel"":""up"",""pixel_to_master"":""up""}",True,False,False,False,False,False,False,7.0,True,False
M1,185,73,[10],10,AMBIGUOUS,8,"[0,0,0,8]","[188,196,203]","[188,196,203]","[188,196,204]","[194,202,210]","[{""x"":185,""y"":72,""RGB"":[72,75,77],""luminance"":17.711518317431803},{""x"":184,""y"":72,""RGB"":[72,74,77],""luminance"":17.36830020821176},{""x"":186,""y"":72,""RGB"":[72,74,77],""luminance"":17.36830020821176}]","[185,72]",138.93169703703745,17.711518317431803,148.82701869407873,121.22017871960566,126.0,209.69740103301234,-9.89532165704128,121.22017871960566,9.89532165704128,"{""support_to_pixel"":""up"",""pixel_to_master"":""up""}",True,False,False,False,False,False,False,7.0,True,False
M1,186,73,[10],10,AMBIGUOUS,8,"[0,0,0,8]","[187,195,202]","[187,195,202]","[187,195,203]","[193,201,209]","[{""x"":186,""y"":72,""RGB"":[72,74,77],""luminance"":17.36830020821176},{""x"":185,""y"":72,""RGB"":[72,75,77],""luminance"":17.711518317431803},{""x"":187,""y"":72,""RGB"":[72,74,77],""luminance"":17.36830020821176}]","[186,72]",137.34115630825002,17.36830020821176,147.17119527904458,119.97285610003826,125.0,208.54495918146762,-9.830038970794561,119.97285610003826,9.830038970794561,"{""support_to_pixel"":""up"",""pixel_to_master"":""up""}",True,False,False,False,False,False,False,7.0,True,False
M1,187,73,[10],10,AMBIGUOUS,8,"[0,0,0,8]","[187,195,202]","[187,195,202]","[187,195,203]","[193,201,209]","[{""x"":187,""y"":72,""RGB"":[72,74,77],""luminance"":17.36830020821176},{""x"":186,""y"":72,""RGB"":[72,74,77],""luminance"":17.36830020821176},{""x"":188,""y"":72,""RGB"":[72,74,77],""luminance"":17.36830020821176}]","[187,72]",137.34115630825002,17.36830020821176,147.17119527904458,119.97285610003826,125.0,208.54495918146762,-9.830038970794561,119.97285610003826,9.830038970794561,"{""support_to_pixel"":""up"",""pixel_to_master"":""up""}",True,False,False,False,False,False,False,7.0,True,False
M1,188,73,[10],10,AMBIGUOUS,8,"[0,0,0,8]","[186,194,202]","[186,194,202]","[186,194,203]","[192,200,209]","[{""x"":188,""y"":72,""RGB"":[72,74,77],""luminance"":17.36830020821176},{""x"":189,""y"":73,""RGB"":[186,193,202],""luminance"":134.75041427078654},{""x"":187,""y"":72,""RGB"":[72,74,77],""luminance"":17.36830020821176},{""x"":189,""y"":72,""RGB"":[71,73,76],""luminance"":16.897531316040048}]","[188,72]",135.88170810103867,17.36830020821176,145.65209876079135,118.5134078928269,125.0,207.41504284887344,-9.770390659752678,118.5134078928269,9.770390659752678,"{""support_to_pixel"":""up"",""pixel_to_master"":""up""}",True,False,False,False,False,False,False,7.0,True,False
M1,68,74,[6],6,AMBIGUOUS,2,"[255,255,255,2]","[200,209,216]","[200,209,216]","[199,207,214]","[200,209,216]","[{""x"":69,""y"":73,""RGB"":[194,201,210],""luminance"":147.63420250389268}]","[69,73]",160.2372991957949,147.63420250389268,160.2372991957949,12.60309669190221,8.0,11.661903789690601,0.0,12.60309669190221,0.0,"{""support_to_pixel"":""up"",""pixel_to_master"":""flat""}",True,False,False,False,False,False,False,0.0,True,False
M1,69,74,[6],6,AMBIGUOUS,2,"[255,255,255,2]","[201,208,217]","[201,208,217]","[200,206,215]","[201,208,217]","[{""x"":69,""y"":73,""RGB"":[194,201,210],""luminance"":147.63420250389268},{""x"":70,""y"":73,""RGB"":[196,204,211],""luminance"":152.04283805178753}]","[69,73]",159.47447976454535,147.63420250389268,159.47447976454535,11.84027726065267,7.0,12.12435565298214,0.0,11.84027726065267,0.0,"{""support_to_pixel"":""up"",""pixel_to_master"":""flat""}",True,False,False,False,False,False,False,0.0,True,False
M1,70,74,[6],6,AMBIGUOUS,3,"[255,255,255,3]","[202,210,218]","[202,210,218]","[199,207,216]","[201,209,218]","[{""x"":70,""y"":73,""RGB"":[196,204,211],""luminance"":152.04283805178753},{""x"":69,""y"":73,""RGB"":[194,201,210],""luminance"":147.63420250389268}]","[70,73]",162.46483263420487,152.04283805178753,160.85499769304735,10.42199458241734,7.0,11.0,1.6098349411575157,10.42199458241734,-1.6098349411575157,"{""support_to_pixel"":""up"",""pixel_to_master"":""down""}",False,True,True,False,True,False,True,1.0,True,False
M1,74,74,[6],6,AMBIGUOUS,2,"[255,255,255,2]","[200,207,215]","[200,207,215]","[199,205,213]","[200,207,215]","[{""x"":74,""y"":73,""RGB"":[193,202,209],""luminance"":148.36401146923063},{""x"":75,""y"":73,""RGB"":[200,208,216],""luminance"":158.98989520252405}]","[74,73]",157.6188252175612,148.36401146923063,157.6188252175612,9.254813748330577,7.0,10.488088481701515,0.0,9.254813748330577,0.0,"{""support_to_pixel"":""up"",""pixel_to_master"":""flat""}",True,False,False,False,False,False,False,0.0,True,False
M1,75,74,[6],6,AMBIGUOUS,3,"[255,255,255,3]","[202,209,216]","[202,209,216]","[199,206,214]","[201,208,216]","[{""x"":75,""y"":73,""RGB"":[200,208,216],""luminance"":158.98989520252405},{""x"":74,""y"":73,""RGB"":[193,202,209],""luminance"":148.36401146923063}]","[75,73]",160.94415000154225,158.98989520252405,159.3421700546451,1.9542547990182015,2.0,2.23606797749979,1.6019799468971598,1.9542547990182015,-1.6019799468971598,"{""support_to_pixel"":""up"",""pixel_to_master"":""down""}",False,True,True,False,False,False,True,1.0,True,False
M1,76,74,[6],6,AMBIGUOUS,6,"[170,170,170,6]","[199,207,215]","[199,207,215]","[196,203,211]","[200,208,216]","[{""x"":75,""y"":73,""RGB"":[200,208,216],""luminance"":158.98989520252405}]","[75,73]",157.26884718032773,158.98989520252405,158.98989520252405,-1.721048022196328,1.0,1.7320508075688772,-1.721048022196328,-1.721048022196328,1.721048022196328,"{""support_to_pixel"":""down"",""pixel_to_master"":""up""}",False,True,False,True,False,False,True,1.0,True,False
M1,101,74,[8],8,AMBIGUOUS,2,"[127,127,127,2]","[195,203,211]","[195,203,211]","[195,203,210]","[196,204,212]","[{""x"":102,""y"":73,""RGB"":[192,199,207],""luminance"":144.22368897950477}]","[102,73]",150.49366276942803,144.22368897950477,152.17114762218307,6.269973789923256,4.0,6.4031242374328485,-1.6774848527550432,6.269973789923256,1.6774848527550432,"{""support_to_pixel"":""up"",""pixel_to_master"":""up""}",True,False,False,False,False,False,False,1.0,True,False
M1,102,74,[8],8,AMBIGUOUS,2,"[255,255,255,2]","[199,207,215]","[199,207,215]","[198,205,213]","[199,207,215]","[{""x"":102,""y"":73,""RGB"":[192,199,207],""luminance"":144.22368897950477},{""x"":103,""y"":73,""RGB"":[195,202,209],""luminance"":149.03885800287105}]","[102,73]",157.26884718032773,144.22368897950477,157.26884718032773,13.045158200822954,8.0,13.30413469565007,0.0,13.045158200822954,0.0,"{""support_to_pixel"":""up"",""pixel_to_master"":""flat""}",True,False,False,False,False,False,False,0.0,True,False
M1,103,74,[8],8,AMBIGUOUS,2,"[255,255,255,2]","[200,208,216]","[200,208,216]","[199,206,214]","[200,208,216]","[{""x"":103,""y"":73,""RGB"":[195,202,209],""luminance"":149.03885800287105},{""x"":102,""y"":73,""RGB"":[192,199,207],""luminance"":144.22368897950477}]","[103,73]",158.98989520252405,149.03885800287105,158.98989520252405,9.951037199653001,7.0,10.488088481701515,0.0,9.951037199653001,0.0,"{""support_to_pixel"":""up"",""pixel_to_master"":""flat""}",True,False,False,False,True,False,True,0.0,True,False
M1,119,74,[8],8,AMBIGUOUS,3,"[255,255,255,3]","[197,205,213]","[197,205,213]","[194,202,210]","[196,204,212]","[{""x"":119,""y"":73,""RGB"":[193,201,207],""luminance"":146.92013400307027},{""x"":118,""y"":73,""RGB"":[193,201,210],""luminance"":147.29791465670084}]","[119,73]",153.85949331357259,146.92013400307027,152.17114762218307,6.9393593105023115,6.0,8.246211251235321,1.6883456913895145,6.9393593105023115,-1.6883456913895145,"{""support_to_pixel"":""up"",""pixel_to_master"":""down""}",False,True,True,False,False,False,True,1.0,True,False
M1,120,74,[8],8,AMBIGUOUS,4,"[191,191,191,4]","[196,203,212]","[196,203,212]","[193,200,209]","[196,203,212]","[{""x"":119,""y"":73,""RGB"":[193,201,207],""luminance"":146.92013400307027}]","[119,73]",150.9628062257317,146.92013400307027,150.9628062257317,4.042672222661423,5.0,6.164414002968976,0.0,4.042672222661423,0.0,"{""support_to_pixel"":""up"",""pixel_to_master"":""flat""}",True,False,False,False,False,False,False,0.0,True,False
M1,141,74,[10],10,AMBIGUOUS,2,"[255,255,255,2]","[195,203,211]","[195,203,211]","[194,202,209]","[195,203,211]","[{""x"":141,""y"":73,""RGB"":[188,196,203],""luminance"":138.93169703703745},{""x"":140,""y"":73,""RGB"":[195,202,210],""luminance"":149.16557738052728},{""x"":142,""y"":73,""RGB"":[189,197,206],""luminance"":140.77925996815597}]","[141,73]",150.49366276942803,138.93169703703745,150.49366276942803,11.561965732390576,8.0,12.727922061357855,0.0,11.561965732390576,0.0,"{""support_to_pixel"":""up"",""pixel_to_master"":""flat""}",True,False,False,False,False,False,False,0.0,True,False
M1,142,74,[10],10,AMBIGUOUS,2,"[255,255,255,2]","[193,202,210]","[193,202,210]","[192,201,208]","[193,202,210]","[{""x"":142,""y"":73,""RGB"":[189,197,206],""luminance"":140.77925996815597},{""x"":141,""y"":73,""RGB"":[188,196,203],""luminance"":138.93169703703745}]","[142,73]",148.4907308468869,140.77925996815597,148.4907308468869,7.711470878730921,5.0,7.54983443527075,0.0,7.711470878730921,0.0,"{""support_to_pixel"":""up"",""pixel_to_master"":""flat""}",True,False,False,False,False,False,False,0.0,True,False
M1,165,74,[10],10,AMBIGUOUS,1,"[255,255,255,1]","[195,203,211]","[195,203,211]","[194,202,210]","[195,203,211]","[{""x"":165,""y"":73,""RGB"":[191,198,206],""luminance"":142.59794859527804},{""x"":166,""y"":73,""RGB"":[187,194,202],""luminance"":136.20222322947293}]","[165,73]",150.49366276942803,142.59794859527804,150.49366276942803,7.895714174149987,5.0,8.12403840463596,0.0,7.895714174149987,0.0,"{""support_to_pixel"":""up"",""pixel_to_master"":""flat""}",True,False,False,False,False,False,False,0.0,True,False
M1,166,74,[10],10,AMBIGUOUS,3,"[255,255,255,3]","[195,203,211]","[195,203,211]","[192,200,208]","[194,202,210]","[{""x"":166,""y"":73,""RGB"":[187,194,202],""luminance"":136.20222322947293},{""x"":165,""y"":73,""RGB"":[191,198,206],""luminance"":142.59794859527804},{""x"":167,""y"":73,""RGB"":[190,197,205],""luminance"":140.98295224714016}]","[166,73]",150.49366276942803,136.20222322947293,148.82701869407873,14.291439539955093,9.0,15.033296378372908,1.6666440753492964,14.291439539955093,-1.6666440753492964,"{""support_to_pixel"":""up"",""pixel_to_master"":""down""}",False,True,True,False,False,False,True,1.0,True,False
M1,178,74,[10],10,AMBIGUOUS,1,"[0,0,0,1]","[193,200,208]","[193,200,208]","[193,200,208]","[194,201,209]","[{""x"":178,""y"":73,""RGB"":[191,199,207],""luminance"":143.89192967974316}]","[178,73]",145.86019373168838,143.89192967974316,147.50748312623642,1.9682640519452264,2.0,2.449489742783178,-1.6472893945480394,1.9682640519452264,1.6472893945480394,"{""support_to_pixel"":""up"",""pixel_to_master"":""up""}",True,False,False,False,False,False,False,1.0,True,True
M1,179,74,[10],10,AMBIGUOUS,5,"[51,51,51,5]","[190,197,206]","[190,197,206]","[190,196,205]","[193,200,209]","[{""x"":178,""y"":73,""RGB"":[191,199,207],""luminance"":143.89192967974316}]","[178,73]",141.10650831370478,143.89192967974316,145.98612014152363,-2.7854213660383778,2.0,2.449489742783178,-4.879611827818849,-2.7854213660383778,4.879611827818849,"{""support_to_pixel"":""down"",""pixel_to_master"":""up""}",False,True,False,True,False,True,True,3.0,True,False
M1,189,74,[10],10,AMBIGUOUS,2,"[255,255,255,2]","[193,200,208]","[193,200,208]","[192,199,206]","[193,200,208]","[{""x"":189,""y"":73,""RGB"":[186,193,202],""luminance"":134.75041427078654},{""x"":190,""y"":73,""RGB"":[187,195,202],""luminance"":137.34115630825002}]","[189,73]",145.86019373168838,134.75041427078654,145.86019373168838,11.109779460901848,7.0,11.575836902790225,0.0,11.109779460901848,0.0,"{""support_to_pixel"":""up"",""pixel_to_master"":""flat""}",True,False,False,False,False,False,False,0.0,True,False
M1,190,74,[10],10,AMBIGUOUS,3,"[255,255,255,3]","[194,201,209]","[194,201,209]","[191,198,206]","[193,200,208]","[{""x"":190,""y"":73,""RGB"":[187,195,202],""luminance"":137.34115630825002},{""x"":189,""y"":73,""RGB"":[186,193,202],""luminance"":134.75041427078654},{""x"":191,""y"":73,""RGB"":[187,194,202],""luminance"":136.20222322947293}]","[190,73]",147.50748312623642,137.34115630825002,145.86019373168838,10.166326817986402,7.0,11.575836902790225,1.6472893945480394,10.166326817986402,-1.6472893945480394,"{""support_to_pixel"":""up"",""pixel_to_master"":""down""}",False,True,True,False,True,False,True,1.0,True,False
M1,194,74,[10],10,AMBIGUOUS,2,"[255,255,255,2]","[191,197,206]","[191,197,206]","[189,196,204]","[190,197,206]","[{""x"":194,""y"":73,""RGB"":[183,190,198],""luminance"":129.97709067291396},{""x"":195,""y"":73,""RGB"":[186,193,201],""luminance"":134.62999854241482}]","[194,73]",141.4360099307751,129.97709067291396,141.10650831370478,11.45891925786114,8.0,13.30413469565007,0.32950161707032066,11.45891925786114,-0.32950161707032066,"{""support_to_pixel"":""up"",""pixel_to_master"":""down""}",False,True,True,False,False,False,True,1.0,True,False
M1,195,74,[10],10,AMBIGUOUS,3,"[255,255,255,3]","[191,198,206]","[191,198,206]","[188,195,203]","[190,197,205]","[{""x"":195,""y"":73,""RGB"":[186,193,201],""luminance"":134.62999854241482},{""x"":194,""y"":73,""RGB"":[183,190,198],""luminance"":129.97709067291396},{""x"":196,""y"":73,""RGB"":[184,191,199],""luminance"":131.5174529804402}]","[195,73]",142.59794859527804,134.62999854241482,140.98295224714016,7.967950052863216,5.0,8.660254037844387,1.614996348137879,7.967950052863216,-1.614996348137879,"{""support_to_pixel"":""up"",""pixel_to_master"":""down""}",False,True,True,False,True,False,True,1.0,True,False
M1,207,74,[10],10,AMBIGUOUS,3,"[255,255,255,3]","[172,178,186]","[172,178,186]","[169,175,183]","[171,177,185]","[{""x"":207,""y"":73,""RGB"":[167,174,181],""luminance"":106.65066311591438},{""x"":208,""y"":73,""RGB"":[163,169,175],""luminance"":100.10690465717543}]","[207,73]",112.59937062244293,106.65066311591438,111.19272589061255,5.9487075065285495,5.0,8.12403840463596,1.406644731830383,5.9487075065285495,-1.406644731830383,"{""support_to_pixel"":""up"",""pixel_to_master"":""down""}",False,True,True,False,False,False,True,1.0,True,False
M1,208,74,[10],10,AMBIGUOUS,2,"[255,255,255,2]","[170,176,183]","[170,176,183]","[168,174,181]","[169,175,182]","[{""x"":208,""y"":73,""RGB"":[163,169,175],""luminance"":100.10690465717543},{""x"":207,""y"":73,""RGB"":[167,174,181],""luminance"":106.65066311591438}]","[208,73]",109.68981330462984,100.10690465717543,108.30451680400719,9.582908647454403,8.0,12.727922061357855,1.385296500622644,9.582908647454403,-1.385296500622644,"{""support_to_pixel"":""up"",""pixel_to_master"":""down""}",False,True,True,False,False,False,True,1.0,True,False
M1,209,74,[10],10,AMBIGUOUS,1,"[255,255,255,1]","[164,171,178]","[164,171,178]","[163,170,177]","[164,171,178]","[{""x"":208,""y"":73,""RGB"":[163,169,175],""luminance"":100.10690465717543}]","[208,73]",102.59334844957444,100.10690465717543,102.59334844957444,2.486443792399001,3.0,3.7416573867739413,0.0,2.486443792399001,0.0,"{""support_to_pixel"":""up"",""pixel_to_master"":""flat""}",True,False,False,False,False,False,False,0.0,True,False
