x,y,source_rgba,alpha,linear_luminance_0_255,channel_spread,original_achromatic_component_id,reconstructed_glyph_id,pixel_class,core_interior_or_edge,exterior_alpha_context,distance_to_frozen_protected_pixels,guard_input_pixel,current_two_tone_bucket,master_rgba_at_xy,luminance_after_white_master_composite,luminance_in_current_white_output
64,57,"(63, 63, 63, 4)",4,12.67517,0,0,6,diagnostic-tonal-attachment,not-core,True,14.0,False,dark,"(204, 212, 220, 253)",158.8584,162.46484
65,57,"(141, 141, 141, 99)",99,67.92069,0,6,6,solid-achromatic-core,edge,False,15.0,True,mid,"(204, 212, 220, 253)",119.75513,121.22397
66,57,"(159, 159, 159, 101)",101,88.40955,0,6,6,solid-achromatic-core,edge,False,16.0,True,mid,"(204, 212, 220, 253)",130.14244,131.79991
67,57,"(10, 10, 10, 24)",24,0.77399,0,0,6,diagnostic-tonal-attachment,not-core,True,17.0,False,dark,"(203, 211, 219, 253)",129.85983,132.94958
77,57,"(0, 0, 0, 2)",2,0.0,0,0,6,diagnostic-tonal-attachment,not-core,True,27.0,False,dark,"(203, 210, 218, 253)",155.90642,159.34216
78,57,"(146, 146, 146, 80)",80,73.29743,0,6,6,solid-achromatic-core,edge,False,28.0,True,mid,"(202, 210, 218, 253)",127.31837,129.94138
79,57,"(170, 170, 170, 117)",117,102.50436,0,6,6,solid-achromatic-core,edge,False,29.0,True,mid,"(203, 211, 219, 253)",131.68416,133.55925
80,57,"(77, 69, 69, 33)",33,15.97242,8,6,6,solid-achromatic-core,edge,False,30.0,True,dark,"(204, 211, 219, 253)",132.03374,133.58838
84,57,"(170, 170, 170, 3)",3,102.50436,0,0,7,diagnostic-tonal-attachment,not-core,True,34.0,False,mid,"(203, 211, 219, 253)",159.34216,164.08485
86,57,"(0, 0, 0, 3)",3,0.0,0,0,7,diagnostic-tonal-attachment,not-core,True,36.0,False,dark,"(202, 209, 217, 253)",152.85966,157.48814
87,57,"(51, 51, 51, 64)",64,8.44171,0,7,7,solid-achromatic-core,edge,False,37.0,True,dark,"(201, 209, 217, 253)",98.79375,100.10693
88,57,"(130, 130, 130, 90)",90,56.92313,0,7,7,solid-achromatic-core,edge,False,38.0,True,dark,"(202, 210, 218, 253)",115.41113,117.99835
89,57,"(141, 141, 141, 94)",94,67.92069,0,7,7,solid-achromatic-core,edge,False,39.0,True,mid,"(202, 210, 218, 253)",119.75513,121.22397
90,57,"(138, 138, 138, 94)",94,64.80881,0,7,7,solid-achromatic-core,edge,False,40.0,True,mid,"(200, 208, 216, 253)",116.84872,118.29672
91,57,"(138, 138, 138, 94)",94,64.80881,0,7,7,solid-achromatic-core,edge,False,41.0,True,mid,"(201, 209, 217, 253)",116.84872,119.75513
92,57,"(141, 141, 141, 94)",94,67.92069,0,7,7,solid-achromatic-core,edge,False,42.0,True,mid,"(201, 209, 217, 253)",118.29672,121.22397
93,57,"(131, 131, 131, 91)",91,57.8763,0,7,7,solid-achromatic-core,edge,False,43.0,True,dark,"(201, 209, 217, 253)",115.41113,116.84872
94,57,"(57, 57, 57, 66)",66,10.43338,0,7,7,solid-achromatic-core,edge,False,44.0,True,dark,"(201, 209, 217, 253)",98.79375,100.37718
95,57,"(0, 0, 0, 6)",6,0.0,0,0,7,diagnostic-tonal-attachment,not-core,True,45.0,False,dark,"(201, 209, 216, 253)",148.70032,152.04285
105,57,"(0, 0, 0, 18)",18,0.0,0,0,8,diagnostic-tonal-attachment,not-core,True,55.0,False,dark,"(201, 208, 216, 253)",131.83353,134.95053
106,57,"(73, 77, 77, 66)",66,18.51311,4,8,8,solid-achromatic-core,edge,False,56.0,True,dark,"(200, 207, 216, 253)",103.83279,105.56471
107,57,"(146, 146, 146, 99)",99,73.29743,0,8,8,solid-achromatic-core,edge,False,57.0,True,mid,"(200, 207, 215, 253)",118.59727,120.05788
108,57,"(141, 141, 141, 90)",90,67.92069,0,8,8,solid-achromatic-core,edge,False,58.0,True,mid,"(200, 208, 216, 253)",119.75513,121.22397
109,57,"(25, 25, 25, 20)",20,2.47891,0,0,8,diagnostic-tonal-attachment,not-core,True,59.0,False,dark,"(200, 208, 216, 253)",132.63354,135.76131
113,57,"(85, 85, 85, 48)",48,23.16464,0,9,8,solid-achromatic-core,edge,False,63.0,True,dark,"(200, 208, 216, 253)",119.56495,122.20746
114,57,"(132, 132, 132, 94)",94,58.83872,0,9,8,solid-achromatic-core,edge,False,64.0,True,dark,"(201, 209, 216, 253)",113.87732,115.41113
115,57,"(130, 130, 130, 90)",90,56.92313,0,9,8,solid-achromatic-core,edge,False,65.0,True,dark,"(201, 208, 216, 253)",113.98389,115.70731
116,57,"(30, 30, 30, 50)",50,3.31067,0,9,8,solid-achromatic-core,edge,False,66.0,True,dark,"(200, 208, 216, 253)",102.86576,105.18447
119,57,"(85, 85, 85, 3)",3,23.16464,0,0,8,diagnostic-tonal-attachment,not-core,True,69.0,False,dark,"(200, 208, 216, 253)",152.51428,157.13817
122,57,"(91, 91, 91, 25)",25,26.67721,0,0,9,diagnostic-tonal-attachment,not-core,True,72.0,False,dark,"(200, 208, 215, 253)",137.22076,139.25671
123,57,"(163, 163, 163, 114)",114,93.39444,0,10,9,solid-achromatic-core,edge,False,73.0,True,mid,"(200, 208, 215, 253)",124.39054,127.09073
124,57,"(155, 155, 155, 87)",87,83.58343,0,10,9,solid-achromatic-core,edge,False,74.0,True,mid,"(200, 207, 216, 253)",127.31837,129.15652
135,57,"(41, 41, 41, 31)",31,5.65434,0,0,9,diagnostic-tonal-attachment,not-core,True,85.0,False,dark,"(199, 207, 214, 253)",122.20746,125.19022
136,57,"(163, 163, 163, 106)",106,93.39444,0,10,9,solid-achromatic-core,edge,False,86.0,True,mid,"(199, 206, 214, 253)",125.89227,127.51798
137,57,"(137, 137, 137, 93)",93,63.79038,0,10,9,solid-achromatic-core,edge,False,87.0,True,dark,"(199, 207, 215, 253)",115.41113,116.84872
140,57,"(61, 61, 61, 25)",25,11.8996,0,0,10,diagnostic-tonal-attachment,not-core,True,90.0,False,dark,"(198, 206, 214, 253)",129.85983,132.63354
141,57,"(140, 140, 140, 100)",100,66.87393,0,11,10,solid-achromatic-core,edge,False,91.0,True,mid,"(198, 206, 214, 253)",113.87732,115.41113
142,57,"(165, 165, 165, 105)",105,95.94687,0,11,10,solid-achromatic-core,edge,False,92.0,True,mid,"(198, 205, 214, 253)",126.00494,127.63219
143,57,"(138, 138, 138, 92)",92,64.80881,0,11,10,solid-achromatic-core,edge,False,93.0,True,mid,"(198, 206, 213, 253)",115.3038,116.84872
144,57,"(143, 143, 143, 94)",94,70.04272,0,11,10,solid-achromatic-core,edge,False,94.0,True,mid,"(197, 205, 213, 253)",116.84872,118.29672
145,57,"(141, 141, 141, 94)",94,67.92069,0,11,10,solid-achromatic-core,edge,False,95.0,True,mid,"(197, 205, 213, 253)",115.41113,116.84872
146,57,"(141, 141, 141, 94)",94,67.92069,0,11,10,solid-achromatic-core,edge,False,96.0,True,mid,"(196, 205, 213, 253)",115.11714,116.84872
147,57,"(141, 141, 141, 94)",94,67.92069,0,11,10,solid-achromatic-core,edge,False,97.0,True,mid,"(196, 204, 212, 253)",113.98389,116.84872
148,57,"(141, 141, 141, 94)",94,67.92069,0,11,10,solid-achromatic-core,edge,False,98.0,True,mid,"(196, 204, 212, 253)",113.98389,116.84872
149,57,"(141, 141, 141, 94)",94,67.92069,0,11,10,solid-achromatic-core,edge,False,99.0,True,mid,"(196, 203, 211, 253)",113.98389,115.70731
150,57,"(141, 141, 141, 94)",94,67.92069,0,11,10,solid-achromatic-core,edge,False,100.0,True,mid,"(196, 204, 212, 253)",113.98389,116.84872
151,57,"(141, 141, 141, 94)",94,67.92069,0,11,10,solid-achromatic-core,edge,False,101.0,True,mid,"(196, 204, 212, 253)",113.98389,116.84872
152,57,"(141, 141, 141, 94)",94,67.92069,0,11,10,solid-achromatic-core,edge,False,102.0,True,mid,"(196, 203, 212, 253)",113.98389,115.81539
153,57,"(139, 139, 139, 93)",93,65.83664,0,11,10,solid-achromatic-core,edge,False,103.0,True,mid,"(196, 204, 212, 253)",113.98389,115.41113
154,57,"(166, 166, 166, 107)",107,97.23817,0,11,10,solid-achromatic-core,edge,False,104.0,True,mid,"(197, 205, 213, 253)",126.00494,128.6113
155,57,"(148, 148, 148, 98)",98,75.51528,0,11,10,solid-achromatic-core,edge,False,105.0,True,mid,"(197, 205, 213, 253)",118.18787,119.75513
156,57,"(21, 21, 21, 12)",12,1.91225,0,0,10,diagnostic-tonal-attachment,not-core,True,106.0,False,dark,"(197, 204, 213, 253)",135.07095,138.23212
157,57,"(0, 0, 0, 1)",1,0.0,0,0,10,diagnostic-tonal-attachment,not-core,True,107.0,False,dark,"(196, 204, 212, 253)",147.17122,150.4937
158,57,"(103, 103, 103, 69)",69,34.5865,0,12,10,solid-achromatic-core,edge,False,108.0,True,dark,"(196, 203, 211, 253)",107.10616,109.8693
159,57,"(161, 161, 161, 106)",106,90.88206,0,12,10,solid-achromatic-core,edge,False,109.0,True,mid,"(196, 203, 212, 253)",121.52894,123.12234
160,57,"(138, 138, 138, 92)",92,64.80881,0,12,10,solid-achromatic-core,edge,False,110.0,True,mid,"(197, 204, 212, 253)",113.98389,115.70731
161,57,"(141, 141, 141, 94)",94,67.92069,0,12,10,solid-achromatic-core,edge,False,111.0,True,mid,"(197, 205, 213, 253)",115.41113,116.84872
162,57,"(141, 141, 141, 94)",94,67.92069,0,12,10,solid-achromatic-core,edge,False,112.0,True,mid,"(197, 204, 212, 253)",114.27789,116.84872
163,57,"(142, 142, 142, 93)",93,68.97694,0,12,10,solid-achromatic-core,edge,False,113.0,True,mid,"(196, 204, 211, 253)",115.3038,116.84872
164,57,"(141, 141, 141, 94)",94,67.92069,0,12,10,solid-achromatic-core,edge,False,114.0,True,mid,"(196, 204, 212, 253)",113.98389,116.84872
165,57,"(146, 146, 146, 96)",96,73.29743,0,12,10,solid-achromatic-core,edge,False,115.0,True,mid,"(196, 205, 213, 253)",116.84872,119.45457
166,57,"(149, 149, 149, 97)",97,76.63869,0,12,10,solid-achromatic-core,edge,False,116.0,True,mid,"(198, 205, 213, 253)",118.59727,121.22397
167,57,"(142, 142, 142, 95)",95,68.97694,0,12,10,solid-achromatic-core,edge,False,117.0,True,mid,"(197, 205, 213, 253)",115.41113,116.84872
168,57,"(142, 142, 142, 93)",93,68.97694,0,12,10,solid-achromatic-core,edge,False,118.0,True,mid,"(197, 205, 213, 253)",116.55255,118.29672
169,57,"(141, 141, 141, 94)",94,67.92069,0,12,10,solid-achromatic-core,edge,False,119.0,True,mid,"(196, 203, 211, 253)",113.98389,115.70731
170,57,"(141, 141, 141, 94)",94,67.92069,0,12,10,solid-achromatic-core,edge,False,120.0,True,mid,"(196, 203, 211, 253)",113.98389,115.70731
171,57,"(141, 141, 141, 94)",94,67.92069,0,12,10,solid-achromatic-core,edge,False,121.0,True,mid,"(196, 204, 212, 253)",113.98389,116.84872
172,57,"(141, 141, 141, 94)",94,67.92069,0,12,10,solid-achromatic-core,edge,False,122.0,True,mid,"(196, 204, 212, 253)",113.98389,116.84872
173,57,"(140, 140, 140, 96)",96,66.87393,0,12,10,solid-achromatic-core,edge,False,123.0,True,mid,"(196, 203, 211, 253)",112.56702,114.27789
174,57,"(40, 30, 30, 25)",25,3.75717,10,0,10,diagnostic-tonal-attachment,not-core,True,124.0,False,dark,"(195, 204, 211, 253)",122.20746,125.19022
176,57,"(113, 113, 113, 72)",72,42.10872,0,13,10,solid-achromatic-core,edge,False,126.0,True,dark,"(196, 204, 213, 253)",110.97884,112.49129
177,57,"(162, 162, 162, 108)",108,92.13326,0,13,10,solid-achromatic-core,edge,False,127.0,True,mid,"(195, 203, 211, 253)",121.52894,124.08115
178,57,"(91, 91, 91, 50)",50,26.67721,0,13,10,solid-achromatic-core,edge,False,128.0,True,dark,"(195, 203, 210, 253)",113.79942,116.36741
189,57,"(129, 129, 129, 71)",71,55.97919,0,13,10,solid-achromatic-core,edge,False,139.0,True,dark,"(194, 201, 210, 253)",114.19932,116.95757
190,57,"(167, 167, 167, 116)",116,98.53954,0,13,10,solid-achromatic-core,edge,False,140.0,True,mid,"(193, 201, 209, 253)",121.52894,123.01044
191,57,"(90, 90, 90, 48)",48,26.07165,0,13,10,solid-achromatic-core,edge,False,141.0,True,dark,"(192, 201, 209, 253)",112.20383,114.93343
193,57,"(19, 19, 19, 13)",13,1.66058,0,0,10,diagnostic-tonal-attachment,not-core,True,143.0,False,dark,"(192, 200, 208, 253)",128.02142,131.08557
194,57,"(134, 134, 134, 93)",93,60.7914,0,14,10,solid-achromatic-core,edge,False,144.0,True,dark,"(191, 198, 207, 253)",106.02093,108.37828
195,57,"(166, 166, 166, 107)",107,97.23817,0,14,10,solid-achromatic-core,edge,False,145.0,True,mid,"(191, 197, 205, 253)",119.94828,121.52894
196,57,"(139, 139, 139, 93)",93,65.83664,0,14,10,solid-achromatic-core,edge,False,146.0,True,mid,"(190, 197, 204, 253)",107.28572,109.65992
197,57,"(141, 141, 141, 94)",94,67.92069,0,14,10,solid-achromatic-core,edge,False,147.0,True,mid,"(189, 195, 204, 253)",107.28572,108.76789
198,57,"(141, 141, 141, 94)",94,67.92069,0,14,10,solid-achromatic-core,edge,False,148.0,True,mid,"(189, 196, 203, 253)",107.28572,109.65992
199,57,"(141, 141, 141, 94)",94,67.92069,0,14,10,solid-achromatic-core,edge,False,149.0,True,mid,"(188, 194, 202, 253)",105.91811,107.57102
200,57,"(141, 141, 141, 94)",94,67.92069,0,14,10,solid-achromatic-core,edge,False,150.0,True,mid,"(186, 192, 200, 253)",104.56074,105.91811
201,57,"(141, 141, 141, 94)",94,67.92069,0,14,10,solid-achromatic-core,edge,False,151.0,True,mid,"(184, 191, 199, 253)",103.21357,104.6628
202,57,"(141, 141, 141, 94)",94,67.92069,0,14,10,solid-achromatic-core,edge,False,152.0,True,mid,"(182, 189, 197, 253)",101.60204,103.21357
203,57,"(141, 141, 141, 94)",94,67.92069,0,14,10,solid-achromatic-core,edge,False,153.0,True,mid,"(180, 187, 194, 253)",100.17825,101.77673
204,57,"(141, 141, 141, 94)",94,67.92069,0,14,10,solid-achromatic-core,edge,False,154.0,True,mid,"(178, 184, 192, 253)",97.92645,99.23303
205,57,"(142, 142, 142, 93)",93,68.97694,0,14,10,solid-achromatic-core,edge,False,155.0,True,mid,"(176, 183, 191, 253)",97.65833,99.23303
206,57,"(141, 141, 141, 94)",94,67.92069,0,14,10,solid-achromatic-core,edge,False,156.0,True,mid,"(175, 182, 190, 253)",95.34354,97.65833
207,57,"(149, 149, 149, 94)",94,76.63869,0,14,10,solid-achromatic-core,edge,False,157.0,True,mid,"(172, 179, 186, 253)",97.56071,98.86442
208,57,"(153, 153, 153, 103)",103,81.22943,0,14,10,solid-achromatic-core,edge,False,158.0,True,mid,"(167, 174, 181, 253)",93.97175,95.34354
209,57,"(77, 77, 77, 23)",23,18.92446,0,0,10,diagnostic-tonal-attachment,not-core,True,159.0,False,dark,"(164, 171, 178, 253)",89.63197,91.22156
65,58,"(214, 214, 214, 229)",229,171.47304,0,6,6,solid-achromatic-core,edge,False,15.0,True,mid,"(204, 211, 219, 253)",169.42352,171.22121
66,58,"(226, 226, 226, 236)",236,193.93378,0,6,6,solid-achromatic-core,edge,False,16.0,True,light,"(205, 212, 220, 253)",190.21689,191.73125
67,58,"(97, 97, 97, 84)",84,30.4823,0,6,6,solid-achromatic-core,edge,False,17.0,True,dark,"(204, 212, 220, 253)",105.35833,107.00259
78,58,"(220, 220, 220, 200)",200,182.50188,0,6,6,solid-achromatic-core,edge,False,28.0,True,mid,"(203, 210, 218, 253)",176.42752,178.2681
79,58,"(234, 234, 234, 252)",252,209.81039,0,6,6,solid-achromatic-core,interior,False,29.0,True,light,"(202, 211, 218, 253)",207.78589,209.81039
80,58,"(111, 111, 111, 80)",80,40.53502,0,6,6,solid-achromatic-core,edge,False,30.0,True,dark,"(202, 209, 217, 253)",111.16048,112.6736
85,58,"(88, 88, 88, 75)",75,24.88478,0,7,7,solid-achromatic-core,edge,False,35.0,True,dark,"(202, 210, 218, 253)",104.38399,106.82519
86,58,"(220, 220, 220, 177)",177,182.50188,0,7,7,solid-achromatic-core,edge,False,36.0,True,mid,"(202, 209, 217, 253)",174.59811,176.42752
87,58,"(230, 230, 230, 225)",225,201.78099,0,7,7,solid-achromatic-core,edge,False,37.0,True,light,"(201, 209, 217, 253)",195.60634,197.41884
88,58,"(239, 239, 239, 244)",244,220.10509,0,7,7,solid-achromatic-core,interior,False,38.0,True,light,"(202, 209, 217, 253)",215.95268,217.58295
89,58,"(242, 242, 242, 248)",248,226.42041,0,7,7,solid-achromatic-core,interior,False,39.0,True,light,"(202, 209, 217, 253)",223.85617,224.30371
90,58,"(242, 242, 242, 248)",248,226.42041,0,7,7,solid-achromatic-core,interior,False,40.0,True,light,"(201, 209, 217, 253)",223.85617,224.30371
91,58,"(242, 242, 242, 248)",248,226.42041,0,7,7,solid-achromatic-core,interior,False,41.0,True,light,"(201, 209, 217, 253)",223.85617,224.30371
92,58,"(242, 242, 242, 248)",248,226.42041,0,7,7,solid-achromatic-core,interior,False,42.0,True,light,"(201, 209, 217, 253)",223.85617,224.30371
93,58,"(240, 240, 240, 246)",246,222.19864,0,7,7,solid-achromatic-core,interior,False,43.0,True,light,"(201, 209, 216, 253)",218.17346,220.10509
94,58,"(231, 231, 231, 227)",227,203.77122,0,7,7,solid-achromatic-core,edge,False,44.0,True,light,"(201, 209, 216, 253)",197.56088,199.38388
95,58,"(219, 219, 219, 181)",181,180.63586,0,7,7,solid-achromatic-core,edge,False,45.0,True,mid,"(201, 209, 217, 253)",172.77977,174.59811
96,58,"(97, 97, 97, 81)",81,30.4823,0,7,7,solid-achromatic-core,edge,False,46.0,True,dark,"(201, 208, 216, 253)",103.03823,105.63715
98,58,"(127, 127, 127, 2)",2,54.11884,0,0,7,diagnostic-tonal-attachment,not-core,True,48.0,False,dark,"(200, 208, 215, 253)",153.73041,157.13817
102,58,"(127, 127, 127, 2)",2,54.11884,0,0,8,diagnostic-tonal-attachment,not-core,True,52.0,False,dark,"(201, 209, 216, 253)",155.42883,158.8584
104,58,"(141, 141, 141, 103)",103,67.92069,0,8,8,solid-achromatic-core,edge,False,54.0,True,mid,"(202, 209, 216, 253)",115.59998,117.14709
105,58,"(233, 233, 233, 200)",200,207.78589,0,8,8,solid-achromatic-core,edge,False,55.0,True,light,"(200, 207, 215, 253)",195.19528,195.7484
106,58,"(233, 233, 233, 224)",224,207.78589,0,8,8,solid-achromatic-core,edge,False,56.0,True,light,"(200, 208, 216, 253)",199.52675,201.504
107,58,"(241, 241, 241, 250)",250,224.30371,0,8,8,solid-achromatic-core,interior,False,57.0,True,light,"(200, 208, 215, 253)",222.19864,222.19864
108,58,"(212, 212, 212, 224)",224,167.8856,0,8,8,solid-achromatic-core,edge,False,58.0,True,mid,"(200, 208, 216, 253)",165.86127,167.50778
109,58,"(103, 103, 103, 64)",64,34.5865,0,8,8,solid-achromatic-core,edge,False,59.0,True,dark,"(200, 208, 215, 253)",115.11714,116.95757
110,58,"(127, 127, 127, 2)",2,54.11884,0,0,8,diagnostic-tonal-attachment,not-core,True,60.0,False,dark,"(200, 208, 215, 253)",153.73041,157.13817
112,58,"(0, 0, 0, 1)",1,0.0,0,0,8,diagnostic-tonal-attachment,not-core,True,62.0,False,dark,"(200, 208, 216, 253)",153.85953,157.26886
113,58,"(199, 199, 199, 152)",152,145.63686,0,9,8,solid-achromatic-core,edge,False,63.0,True,mid,"(200, 208, 215, 253)",148.25368,151.11752
114,58,"(241, 241, 241, 248)",248,224.30371,0,9,8,solid-achromatic-core,interior,False,64.0,True,light,"(201, 209, 216, 253)",221.75354,222.19864
115,58,"(241, 241, 241, 243)",243,224.30371,0,9,8,solid-achromatic-core,interior,False,65.0,True,light,"(200, 208, 216, 253)",219.66248,220.25624
116,58,"(230, 230, 230, 215)",215,201.78099,0,9,8,solid-achromatic-core,edge,False,66.0,True,light,"(200, 208, 216, 253)",193.66313,195.19528
117,58,"(202, 202, 202, 160)",160,150.60782,0,9,8,solid-achromatic-core,edge,False,67.0,True,mid,"(201, 208, 216, 253)",151.94333,153.63058
118,58,"(44, 44, 44, 52)",52,6.42265,0,9,8,solid-achromatic-core,edge,False,68.0,True,dark,"(200, 207, 216, 253)",104.21013,106.9295
120,58,"(85, 85, 85, 3)",3,23.16464,0,0,8,diagnostic-tonal-attachment,not-core,True,70.0,False,dark,"(200, 208, 215, 253)",152.38599,157.00826
122,58,"(133, 129, 129, 69)",69,56.79371,4,10,9,solid-achromatic-core,edge,False,72.0,True,dark,"(200, 207, 216, 253)",121.75198,124.61511
123,58,"(234, 234, 234, 250)",250,209.81039,0,10,9,solid-achromatic-core,edge,False,73.0,True,light,"(200, 207, 215, 253)",207.78589,207.93207
124,58,"(219, 219, 219, 201)",201,180.63586,0,10,9,solid-achromatic-core,edge,False,74.0,True,mid,"(199, 207, 215, 253)",174.465,174.98299
135,58,"(97, 97, 97, 86)",86,30.4823,0,10,9,solid-achromatic-core,edge,False,85.0,True,dark,"(198, 206, 214, 253)",98.69465,100.27734
136,58,"(231, 231, 231, 242)",242,203.77122,0,10,9,solid-achromatic-core,edge,False,86.0,True,light,"(199, 206, 214, 253)",199.94502,201.36031
137,58,"(211, 211, 211, 216)",216,166.10844,0,10,9,solid-achromatic-core,edge,False,87.0,True,mid,"(198, 206, 214, 253)",162.47064,164.09671
140,58,"(132, 132, 132, 50)",50,58.83872,0,11,10,solid-achromatic-core,edge,False,90.0,True,dark,"(199, 206, 214, 253)",130.05711,132.03374
141,58,"(221, 221, 221, 242)",242,184.37909,0,11,10,solid-achromatic-core,edge,False,91.0,True,mid,"(198, 206, 214, 253)",182.10516,182.63742
142,58,"(238, 238, 238, 245)",245,218.02313,0,11,10,solid-achromatic-core,interior,False,92.0,True,light,"(197, 205, 213, 253)",213.89377,215.51497
143,58,"(241, 241, 241, 246)",246,224.30371,0,11,10,solid-achromatic-core,interior,False,93.0,True,light,"(197, 204, 213, 253)",220.10509,221.75354
144,58,"(243, 243, 243, 248)",248,228.54871,0,11,10,solid-achromatic-core,interior,False,94.0,True,light,"(198, 205, 213, 253)",224.45654,226.42041
145,58,"(242, 242, 242, 248)",248,226.42041,0,11,10,solid-achromatic-core,interior,False,95.0,True,light,"(198, 206, 214, 253)",222.35063,224.30371
146,58,"(242, 242, 242, 248)",248,226.42041,0,11,10,solid-achromatic-core,interior,False,96.0,True,light,"(197, 205, 213, 253)",222.35063,224.30371
147,58,"(242, 242, 242, 248)",248,226.42041,0,11,10,solid-achromatic-core,interior,False,97.0,True,light,"(196, 204, 212, 253)",222.35063,224.30371
148,58,"(242, 242, 242, 248)",248,226.42041,0,11,10,solid-achromatic-core,interior,False,98.0,True,light,"(197, 204, 212, 253)",222.35063,224.30371
149,58,"(242, 242, 242, 248)",248,226.42041,0,11,10,solid-achromatic-core,interior,False,99.0,True,light,"(197, 204, 212, 253)",222.35063,224.30371
150,58,"(242, 242, 242, 248)",248,226.42041,0,11,10,solid-achromatic-core,interior,False,100.0,True,light,"(197, 205, 213, 253)",222.35063,224.30371
151,58,"(242, 242, 242, 248)",248,226.42041,0,11,10,solid-achromatic-core,interior,False,101.0,True,light,"(196, 204, 212, 253)",222.35063,224.30371
152,58,"(242, 242, 242, 248)",248,226.42041,0,11,10,solid-achromatic-core,interior,False,102.0,True,light,"(197, 204, 212, 253)",222.35063,224.30371
153,58,"(241, 241, 241, 248)",248,224.30371,0,11,10,solid-achromatic-core,interior,False,103.0,True,light,"(197, 204, 212, 253)",220.25624,222.19864
154,58,"(237, 237, 237, 247)",247,215.95268,0,11,10,solid-achromatic-core,interior,False,104.0,True,light,"(197, 204, 212, 253)",211.99417,213.89377
155,58,"(236, 236, 236, 244)",244,213.89377,0,11,10,solid-achromatic-core,edge,False,105.0,True,light,"(197, 205, 212, 253)",209.81039,211.4135
156,58,"(41, 41, 41, 37)",37,5.65434,0,11,10,solid-achromatic-core,edge,False,106.0,True,dark,"(197, 204, 213, 253)",112.88902,115.44369
157,58,"(109, 109, 109, 7)",7,38.99617,0,0,10,diagnostic-tonal-attachment,not-core,True,107.0,False,dark,"(197, 205, 213, 253)",145.86021,149.16559
158,58,"(196, 196, 196, 201)",201,140.76292,0,12,10,solid-achromatic-core,edge,False,108.0,True,mid,"(197, 205, 213, 253)",141.92825,143.54988
159,58,"(243, 243, 243, 254)",254,228.54871,0,12,10,solid-achromatic-core,interior,False,109.0,True,light,"(198, 204, 213, 253)",226.42041,228.54871
160,58,"(241, 241, 241, 247)",247,224.30371,0,12,10,solid-achromatic-core,interior,False,110.0,True,light,"(197, 204, 212, 253)",220.25624,222.19864
161,58,"(242, 242, 242, 248)",248,226.42041,0,12,10,solid-achromatic-core,interior,False,111.0,True,light,"(197, 204, 212, 253)",222.35063,224.30371
162,58,"(242, 242, 242, 248)",248,226.42041,0,12,10,solid-achromatic-core,interior,False,112.0,True,light,"(196, 203, 211, 253)",222.35063,224.30371
163,58,"(243, 243, 243, 248)",248,228.54871,0,12,10,solid-achromatic-core,interior,False,113.0,True,light,"(195, 203, 211, 253)",224.45654,226.42041
164,58,"(241, 241, 241, 247)",247,224.30371,0,12,10,solid-achromatic-core,interior,False,114.0,True,light,"(196, 204, 212, 253)",220.25624,222.19864
165,58,"(236, 236, 236, 243)",243,213.89377,0,12,10,solid-achromatic-core,interior,False,115.0,True,light,"(197, 204, 212, 253)",209.81039,211.4135
166,58,"(234, 234, 234, 241)",241,209.81039,0,12,10,solid-achromatic-core,interior,False,116.0,True,light,"(198, 205, 213, 253)",205.34731,205.9182
167,58,"(239, 239, 239, 246)",246,220.10509,0,12,10,solid-achromatic-core,interior,False,117.0,True,light,"(197, 205, 213, 253)",216.10217,218.02313
168,58,"(243, 243, 243, 248)",248,228.54871,0,12,10,solid-achromatic-core,interior,False,118.0,True,light,"(197, 204, 212, 253)",224.45654,226.42041
169,58,"(242, 242, 242, 248)",248,226.42041,0,12,10,solid-achromatic-core,interior,False,119.0,True,light,"(196, 204, 212, 253)",222.35063,224.30371
170,58,"(242, 242, 242, 248)",248,226.42041,0,12,10,solid-achromatic-core,interior,False,120.0,True,light,"(195, 203, 211, 253)",222.35063,224.30371
171,58,"(242, 242, 242, 248)",248,226.42041,0,12,10,solid-achromatic-core,interior,False,121.0,True,light,"(196, 203, 211, 253)",222.35063,224.30371
172,58,"(242, 242, 242, 247)",247,226.42041,0,12,10,solid-achromatic-core,interior,False,122.0,True,light,"(196, 204, 211, 253)",222.19864,224.30371
173,58,"(242, 242, 242, 249)",249,226.42041,0,12,10,solid-achromatic-core,edge,False,123.0,True,light,"(196, 204, 212, 253)",223.85617,224.30371
174,58,"(92, 88, 88, 69)",69,25.39632,4,12,10,solid-achromatic-core,edge,False,124.0,True,dark,"(196, 203, 212, 253)",102.07848,104.6628
175,58,"(0, 0, 0, 3)",3,0.0,0,0,10,diagnostic-tonal-attachment,not-core,True,125.0,False,dark,"(195, 203, 210, 253)",143.64406,147.0453
176,58,"(181, 181, 181, 181)",181,117.82965,0,13,10,solid-achromatic-core,edge,False,126.0,True,mid,"(194, 202, 210, 253)",124.79446,126.29911
177,58,"(232, 232, 232, 247)",247,205.77286,0,13,10,solid-achromatic-core,interior,False,127.0,True,light,"(195, 202, 210, 253)",203.3481,203.77122
178,58,"(161, 161, 161, 131)",131,90.88206,0,13,10,solid-achromatic-core,edge,False,128.0,True,mid,"(194, 202, 210, 253)",115.59998,117.039
189,58,"(200, 200, 200, 172)",172,147.28304,0,13,10,solid-achromatic-core,edge,False,139.0,True,mid,"(193, 200, 209, 253)",145.30269,146.94662
190,58,"(234, 234, 234, 251)",251,209.81039,0,13,10,solid-achromatic-core,interior,False,140.0,True,light,"(192, 200, 208, 253)",207.78589,207.93207
191,58,"(139, 139, 139, 121)",121,65.83664,0,13,10,solid-achromatic-core,edge,False,141.0,True,mid,"(192, 199, 208, 253)",100.82426,102.15324
193,58,"(62, 55, 55, 41)",41,10.28248,7,14,10,solid-achromatic-core,edge,False,143.0,True,dark,"(191, 198, 207, 253)",106.22882,108.58766
194,58,"(219, 219, 219, 227)",227,180.63586,0,14,10,solid-achromatic-core,edge,False,144.0,True,mid,"(191, 198, 206, 253)",174.84987,176.68083
195,58,"(236, 236, 236, 247)",247,213.89377,0,14,10,solid-achromatic-core,interior,False,145.0,True,light,"(191, 198, 205, 253)",209.81039,211.84634
196,58,"(240, 240, 240, 247)",247,222.19864,0,14,10,solid-achromatic-core,interior,False,146.0,True,light,"(190, 196, 204, 253)",218.02313,219.66248
197,58,"(242, 242, 242, 248)",248,226.42041,0,14,10,solid-achromatic-core,interior,False,147.0,True,light,"(189, 195, 203, 253)",222.19864,224.30371
198,58,"(242, 242, 242, 248)",248,226.42041,0,14,10,solid-achromatic-core,interior,False,148.0,True,light,"(188, 195, 202, 253)",222.19864,224.30371
199,58,"(242, 242, 242, 248)",248,226.42041,0,14,10,solid-achromatic-core,interior,False,149.0,True,light,"(187, 193, 201, 253)",222.19864,223.85617
200,58,"(242, 242, 242, 248)",248,226.42041,0,14,10,solid-achromatic-core,interior,False,150.0,True,light,"(186, 192, 200, 253)",222.19864,223.85617
201,58,"(242, 242, 242, 248)",248,226.42041,0,14,10,solid-achromatic-core,interior,False,151.0,True,light,"(184, 191, 198, 253)",222.19864,223.85617
202,58,"(242, 242, 242, 248)",248,226.42041,0,14,10,solid-achromatic-core,interior,False,152.0,True,light,"(182, 190, 197, 253)",222.19864,223.85617
203,58,"(242, 242, 242, 248)",248,226.42041,0,14,10,solid-achromatic-core,interior,False,153.0,True,light,"(180, 187, 193, 253)",222.19864,222.35063
204,58,"(242, 242, 242, 248)",248,226.42041,0,14,10,solid-achromatic-core,interior,False,154.0,True,light,"(178, 185, 191, 253)",222.19864,222.35063
205,58,"(242, 242, 242, 248)",248,226.42041,0,14,10,solid-achromatic-core,interior,False,155.0,True,light,"(176, 183, 191, 253)",222.19864,222.35063
206,58,"(241, 241, 241, 247)",247,224.30371,0,14,10,solid-achromatic-core,interior,False,156.0,True,light,"(174, 181, 189, 253)",219.66248,220.10509
207,58,"(234, 234, 234, 238)",238,209.81039,0,14,10,solid-achromatic-core,interior,False,157.0,True,light,"(172, 179, 186, 253)",201.36031,201.9247
208,58,"(234, 234, 234, 245)",245,209.81039,0,14,10,solid-achromatic-core,edge,False,158.0,True,light,"(169, 175, 182, 253)",203.77122,205.34731
209,58,"(129, 125, 125, 65)",65,53.07832,4,14,10,solid-achromatic-core,edge,False,159.0,True,dark,"(165, 171, 178, 253)",86.61864,88.08856
65,59,"(232, 232, 232, 234)",234,205.77286,0,6,6,solid-achromatic-core,edge,False,15.0,True,light,"(204, 211, 218, 253)",201.36031,201.9247
66,59,"(249, 249, 249, 245)",245,241.56317,0,6,6,solid-achromatic-core,interior,False,16.0,True,light,"(204, 212, 220, 253)",237.17828,238.90002
67,59,"(98, 98, 98, 83)",83,31.14539,0,6,6,solid-achromatic-core,edge,False,17.0,True,dark,"(204, 212, 220, 253)",105.73996,108.09515
78,59,"(231, 231, 231, 204)",204,203.77122,0,6,6,solid-achromatic-core,edge,False,28.0,True,light,"(201, 209, 217, 253)",193.25447,195.19528
79,59,"(255, 255, 255, 255)",255,255.0,0,6,6,solid-achromatic-core,interior,False,29.0,True,light,"(201, 209, 217, 253)",255.0,255.0
80,59,"(124, 124, 124, 86)",86,51.39684,0,6,6,solid-achromatic-core,edge,False,30.0,True,dark,"(201, 209, 217, 253)",113.69209,115.41113
82,59,"(0, 0, 0, 1)",1,0.0,0,0,7,diagnostic-tonal-attachment,not-core,True,32.0,False,dark,"(202, 210, 218, 253)",157.26886,160.72189
84,59,"(95, 95, 95, 83)",83,29.18102,0,7,7,solid-achromatic-core,edge,False,34.0,True,dark,"(203, 210, 217, 253)",102.9369,104.56074
85,59,"(233, 233, 233, 232)",232,207.78589,0,7,7,solid-achromatic-core,edge,False,35.0,True,light,"(202, 210, 218, 253)",201.9247,203.49261
86,59,"(255, 255, 255, 255)",255,255.0,0,7,7,solid-achromatic-core,interior,False,36.0,True,light,"(202, 209, 217, 253)",255.0,255.0
87,59,"(242, 242, 242, 253)",253,226.42041,0,7,7,solid-achromatic-core,edge,False,37.0,True,light,"(201, 208, 216, 253)",224.30371,226.42041
88,59,"(202, 202, 202, 205)",205,150.60782,0,7,7,solid-achromatic-core,edge,False,38.0,True,mid,"(201, 208, 216, 253)",150.49643,152.17436
89,59,"(195, 195, 195, 193)",193,139.15974,0,7,7,solid-achromatic-core,edge,False,39.0,True,mid,"(202, 210, 217, 253)",143.43103,145.06262
90,59,"(196, 196, 196, 195)",195,140.76292,0,7,7,solid-achromatic-core,edge,False,40.0,True,mid,"(202, 210, 218, 253)",143.89299,145.18227
91,59,"(197, 197, 197, 194)",194,142.37683,0,7,7,solid-achromatic-core,edge,False,41.0,True,mid,"(201, 208, 216, 253)",145.18227,146.82542
92,59,"(196, 196, 196, 195)",195,140.76292,0,7,7,solid-achromatic-core,edge,False,42.0,True,mid,"(201, 209, 216, 253)",143.54988,145.18227
93,59,"(195, 195, 195, 194)",194,139.15974,0,7,7,solid-achromatic-core,edge,False,43.0,True,mid,"(201, 208, 216, 253)",142.26907,143.54988
94,59,"(237, 237, 237, 246)",246,215.95268,0,7,7,solid-achromatic-core,edge,False,44.0,True,light,"(200, 208, 215, 253)",211.99417,213.89377
95,59,"(255, 255, 255, 255)",255,255.0,0,7,7,solid-achromatic-core,interior,False,45.0,True,light,"(201, 209, 216, 253)",255.0,255.0
96,59,"(234, 234, 234, 234)",234,209.81039,0,7,7,solid-achromatic-core,edge,False,46.0,True,light,"(201, 208, 216, 253)",203.91576,205.49266
97,59,"(132, 132, 132, 98)",98,58.83872,0,7,7,solid-achromatic-core,edge,False,47.0,True,dark,"(200, 208, 216, 253)",111.16048,113.98389
103,59,"(152, 152, 152, 127)",127,80.06713,0,8,8,solid-achromatic-core,edge,False,53.0,True,mid,"(202, 210, 217, 253)",115.49339,116.93167
104,59,"(237, 237, 237, 242)",242,215.95268,0,8,8,solid-achromatic-core,edge,False,54.0,True,light,"(201, 209, 217, 253)",211.84634,213.45848
105,59,"(255, 255, 255, 255)",255,255.0,0,8,8,solid-achromatic-core,interior,False,55.0,True,light,"(200, 207, 215, 253)",255.0,255.0
106,59,"(229, 229, 229, 238)",238,199.80215,0,8,8,solid-achromatic-core,edge,False,56.0,True,light,"(199, 208, 215, 253)",195.46512,197.41884
107,59,"(200, 200, 200, 198)",198,147.28304,0,8,8,solid-achromatic-core,edge,False,57.0,True,mid,"(201, 209, 217, 253)",148.47939,150.14415
108,59,"(170, 170, 170, 173)",173,102.50436,0,8,8,solid-achromatic-core,edge,False,58.0,True,mid,"(201, 208, 216, 253)",117.53498,118.98805
109,59,"(102, 102, 102, 52)",52,33.88142,0,8,8,solid-achromatic-core,edge,False,59.0,True,dark,"(200, 208, 215, 253)",122.09556,123.99856
113,59,"(167, 167, 167, 119)",119,98.53954,0,9,8,solid-achromatic-core,edge,False,63.0,True,mid,"(200, 208, 215, 253)",125.89227,128.92735
114,59,"(191, 191, 191, 197)",197,132.8539,0,9,8,solid-achromatic-core,edge,False,64.0,True,mid,"(200, 208, 216, 253)",137.1277,138.71718
115,59,"(207, 207, 207, 208)",208,159.10991,0,9,8,solid-achromatic-core,edge,False,65.0,True,mid,"(200, 208, 216, 253)",157.27335,158.99484
116,59,"(255, 255, 255, 255)",255,255.0,0,9,8,solid-achromatic-core,edge,False,66.0,True,light,"(200, 208, 216, 253)",255.0,255.0
117,59,"(255, 255, 255, 255)",255,255.0,0,9,8,solid-achromatic-core,interior,False,67.0,True,light,"(201, 209, 217, 253)",255.0,255.0
118,59,"(227, 227, 227, 217)",217,195.87857,0,9,8,solid-achromatic-core,edge,False,68.0,True,light,"(201, 208, 216, 253)",188.04005,189.81062
119,59,"(71, 71, 71, 57)",57,16.06756,0,9,8,solid-achromatic-core,edge,False,69.0,True,dark,"(201, 208, 216, 253)",109.58401,111.2663
120,59,"(255, 255, 255, 1)",1,255.0,0,0,8,diagnostic-tonal-attachment,not-core,True,70.0,False,light,"(200, 208, 215, 253)",155.42883,158.8584
122,59,"(134, 130, 130, 74)",74,57.74553,4,10,9,solid-achromatic-core,edge,False,72.0,True,dark,"(200, 207, 216, 253)",120.16827,123.12234
123,59,"(255, 255, 255, 255)",255,255.0,0,10,9,solid-achromatic-core,interior,False,73.0,True,light,"(199, 207, 215, 253)",255.0,255.0
124,59,"(233, 233, 233, 205)",205,207.78589,0,10,9,solid-achromatic-core,edge,False,74.0,True,light,"(199, 207, 215, 253)",195.7484,197.14742
135,59,"(91, 91, 91, 78)",78,26.67721,0,10,9,solid-achromatic-core,edge,False,85.0,True,dark,"(199, 206, 214, 253)",100.37718,102.9369
136,59,"(253, 253, 253, 252)",252,250.47389,0,10,9,solid-achromatic-core,interior,False,86.0,True,light,"(199, 206, 214, 253)",248.22858,248.3907
137,59,"(227, 227, 227, 219)",219,195.87857,0,10,9,solid-achromatic-core,edge,False,87.0,True,light,"(199, 206, 214, 253)",187.90129,189.81062
140,59,"(138, 138, 138, 48)",48,64.80881,0,11,10,solid-achromatic-core,edge,False,90.0,True,mid,"(198, 206, 214, 253)",131.71545,134.8309
141,59,"(242, 242, 242, 251)",251,226.42041,0,11,10,solid-achromatic-core,interior,False,91.0,True,light,"(198, 206, 214, 253)",224.30371,224.45654
142,59,"(253, 253, 253, 246)",246,250.47389,0,11,10,solid-achromatic-core,interior,False,92.0,True,light,"(197, 205, 213, 253)",245.52266,246.15627
143,59,"(204, 204, 204, 198)",198,153.976,0,11,10,solid-achromatic-core,edge,False,93.0,True,mid,"(197, 204, 212, 253)",152.17436,153.50624
144,59,"(196, 196, 196, 193)",193,140.76292,0,11,10,solid-achromatic-core,edge,False,94.0,True,mid,"(197, 204, 212, 253)",141.92825,143.54988
145,59,"(196, 196, 196, 195)",195,140.76292,0,11,10,solid-achromatic-core,edge,False,95.0,True,mid,"(198, 206, 213, 253)",142.26907,143.54988
146,59,"(195, 195, 195, 194)",194,139.15974,0,11,10,solid-achromatic-core,edge,False,96.0,True,mid,"(198, 205, 213, 253)",141.81018,142.26907
147,59,"(195, 195, 195, 194)",194,139.15974,0,11,10,solid-achromatic-core,edge,False,97.0,True,mid,"(197, 205, 213, 253)",141.81018,141.92825
148,59,"(195, 195, 195, 194)",194,139.15974,0,11,10,solid-achromatic-core,edge,False,98.0,True,mid,"(197, 204, 213, 253)",140.65593,141.92825
149,59,"(195, 195, 195, 194)",194,139.15974,0,11,10,solid-achromatic-core,edge,False,99.0,True,mid,"(197, 205, 213, 253)",141.81018,141.92825
150,59,"(195, 195, 195, 194)",194,139.15974,0,11,10,solid-achromatic-core,edge,False,100.0,True,mid,"(198, 205, 213, 253)",141.81018,142.26907
151,59,"(195, 195, 195, 194)",194,139.15974,0,11,10,solid-achromatic-core,edge,False,101.0,True,mid,"(197, 205, 213, 253)",141.81018,141.92825
152,59,"(194, 194, 194, 195)",195,137.56729,0,11,10,solid-achromatic-core,edge,False,102.0,True,mid,"(198, 205, 213, 253)",140.31737,141.81018
153,59,"(204, 204, 204, 195)",195,153.976,0,11,10,solid-achromatic-core,edge,False,103.0,True,mid,"(197, 205, 212, 253)",151.81976,153.50624
154,59,"(255, 255, 255, 253)",253,255.0,0,11,10,solid-achromatic-core,interior,False,104.0,True,light,"(197, 204, 212, 253)",252.73106,255.0
155,59,"(247, 247, 247, 247)",247,237.17828,0,11,10,solid-achromatic-core,interior,False,105.0,True,light,"(196, 203, 212, 253)",232.84016,234.5435
156,59,"(54, 48, 48, 42)",42,7.93452,6,11,10,solid-achromatic-core,edge,False,106.0,True,dark,"(197, 205, 212, 253)",111.2663,113.79942
157,59,"(63, 63, 63, 4)",4,12.67517,0,0,10,diagnostic-tonal-attachment,not-core,True,107.0,False,dark,"(197, 205, 213, 253)",147.17122,150.4937
158,59,"(153, 153, 153, 140)",140,81.22943,0,12,10,solid-achromatic-core,edge,False,108.0,True,mid,"(198, 206, 214, 253)",109.8438,111.24072
159,59,"(196, 196, 196, 195)",195,140.76292,0,12,10,solid-achromatic-core,edge,False,109.0,True,mid,"(198, 205, 213, 253)",142.26907,143.54988
160,59,"(195, 195, 195, 193)",193,139.15974,0,12,10,solid-achromatic-core,edge,False,110.0,True,mid,"(197, 204, 212, 253)",140.65593,141.92825
161,59,"(195, 195, 195, 194)",194,139.15974,0,12,10,solid-achromatic-core,edge,False,111.0,True,mid,"(197, 204, 212, 253)",140.65593,141.92825
162,59,"(196, 196, 196, 195)",195,140.76292,0,12,10,solid-achromatic-core,edge,False,112.0,True,mid,"(196, 203, 211, 253)",141.92825,143.54988
163,59,"(193, 193, 193, 192)",192,135.9855,0,12,10,solid-achromatic-core,edge,False,113.0,True,mid,"(196, 203, 211, 253)",138.71718,139.05348
164,59,"(203, 203, 203, 202)",202,152.28648,0,12,10,solid-achromatic-core,edge,False,114.0,True,mid,"(196, 203, 211, 253)",150.49643,152.17436
165,59,"(246, 246, 246, 244)",244,235.00342,0,12,10,solid-achromatic-core,interior,False,115.0,True,light,"(196, 204, 212, 253)",230.23369,230.84398
166,59,"(255, 255, 255, 255)",255,255.0,0,12,10,solid-achromatic-core,interior,False,116.0,True,light,"(197, 204, 212, 253)",255.0,255.0
167,59,"(223, 223, 223, 216)",216,188.16718,0,12,10,solid-achromatic-core,edge,False,117.0,True,mid,"(197, 204, 212, 253)",180.5118,182.24071
168,59,"(193, 193, 193, 192)",192,135.9855,0,12,10,solid-achromatic-core,edge,False,118.0,True,mid,"(197, 204, 212, 253)",138.71718,140.31737
169,59,"(195, 195, 195, 194)",194,139.15974,0,12,10,solid-achromatic-core,edge,False,119.0,True,mid,"(197, 204, 213, 253)",140.65593,141.92825
170,59,"(195, 195, 195, 194)",194,139.15974,0,12,10,solid-achromatic-core,edge,False,120.0,True,mid,"(196, 203, 212, 253)",140.31737,141.92825
171,59,"(195, 195, 195, 194)",194,139.15974,0,12,10,solid-achromatic-core,edge,False,121.0,True,mid,"(196, 202, 210, 253)",140.31737,141.92825
172,59,"(195, 195, 195, 194)",194,139.15974,0,12,10,solid-achromatic-core,edge,False,122.0,True,mid,"(196, 203, 211, 253)",140.31737,141.92825
173,59,"(194, 194, 194, 197)",197,137.56729,0,12,10,solid-achromatic-core,edge,False,123.0,True,mid,"(196, 203, 211, 253)",139.05348,140.31737
174,59,"(69, 69, 69, 55)",55,15.17537,0,12,10,solid-achromatic-core,edge,False,124.0,True,dark,"(195, 202, 211, 253)",104.21013,105.84353
175,59,"(0, 0, 0, 3)",3,0.0,0,0,10,diagnostic-tonal-attachment,not-core,True,125.0,False,dark,"(194, 202, 210, 253)",142.14493,145.5262
176,59,"(192, 192, 192, 183)",183,134.41438,0,13,10,solid-achromatic-core,edge,False,126.0,True,mid,"(193, 201, 209, 253)",136.79594,138.38316
177,59,"(255, 255, 255, 255)",255,255.0,0,13,10,solid-achromatic-core,interior,False,127.0,True,light,"(194, 202, 210, 253)",255.0,255.0
178,59,"(165, 165, 165, 131)",131,95.94687,0,13,10,solid-achromatic-core,edge,False,128.0,True,mid,"(194, 201, 210, 253)",117.44765,118.90002
189,59,"(211, 211, 211, 175)",175,166.10844,0,13,10,solid-achromatic-core,edge,False,139.0,True,mid,"(193, 200, 209, 253)",158.2695,159.99728
190,59,"(255, 255, 255, 255)",255,255.0,0,13,10,solid-achromatic-core,interior,False,140.0,True,light,"(192, 200, 208, 253)",255.0,255.0
191,59,"(155, 155, 155, 131)",131,83.58343,0,13,10,solid-achromatic-core,edge,False,141.0,True,mid,"(191, 199, 207, 253)",108.56001,109.94737
193,59,"(61, 61, 61, 29)",29,11.8996,0,0,10,diagnostic-tonal-attachment,not-core,True,143.0,False,dark,"(191, 199, 207, 253)",116.47702,119.37772
194,59,"(237, 237, 237, 233)",233,215.95268,0,14,10,solid-achromatic-core,edge,False,144.0,True,light,"(191, 199, 207, 253)",207.5041,209.38
195,59,"(255, 255, 255, 255)",255,255.0,0,14,10,solid-achromatic-core,interior,False,145.0,True,light,"(191, 197, 205, 253)",255.0,255.0
196,59,"(210, 210, 210, 206)",206,164.34233,0,14,10,solid-achromatic-core,edge,False,146.0,True,mid,"(189, 196, 204, 253)",158.5051,158.99484
197,59,"(195, 195, 195, 193)",193,139.15974,0,14,10,solid-achromatic-core,edge,False,147.0,True,mid,"(188, 195, 203, 253)",137.1277,138.71718
198,59,"(196, 196, 196, 195)",195,140.76292,0,14,10,solid-achromatic-core,edge,False,148.0,True,mid,"(187, 194, 202, 253)",138.71718,140.20006
199,59,"(195, 195, 195, 194)",194,139.15974,0,14,10,solid-achromatic-core,edge,False,149.0,True,mid,"(186, 193, 201, 253)",137.1277,138.60066
200,59,"(195, 195, 195, 194)",194,139.15974,0,14,10,solid-achromatic-core,edge,False,150.0,True,mid,"(185, 192, 200, 253)",135.88066,137.46173
201,59,"(195, 195, 195, 194)",194,139.15974,0,14,10,solid-achromatic-core,edge,False,151.0,True,mid,"(184, 191, 198, 253)",135.88066,137.1277
202,59,"(195, 195, 195, 194)",194,139.15974,0,14,10,solid-achromatic-core,edge,False,152.0,True,mid,"(183, 190, 197, 253)",135.5489,137.01195
203,59,"(195, 195, 195, 194)",194,139.15974,0,14,10,solid-achromatic-core,edge,False,153.0,True,mid,"(181, 188, 194, 253)",134.31027,135.88066
204,59,"(196, 196, 196, 195)",195,140.76292,0,14,10,solid-achromatic-core,edge,False,154.0,True,mid,"(178, 185, 191, 253)",135.43393,135.88066
205,59,"(195, 195, 195, 193)",193,139.15974,0,14,10,solid-achromatic-core,edge,False,155.0,True,mid,"(176, 183, 190, 253)",132.7505,133.98076
206,59,"(202, 202, 202, 203)",203,150.60782,0,14,10,solid-achromatic-core,edge,False,156.0,True,mid,"(175, 181, 189, 253)",142.26907,143.77412
207,59,"(251, 251, 251, 247)",247,245.995,0,14,10,solid-achromatic-core,interior,False,157.0,True,light,"(172, 179, 187, 253)",239.3649,241.56317
208,59,"(255, 255, 255, 255)",255,255.0,0,14,10,solid-achromatic-core,interior,False,158.0,True,light,"(168, 175, 182, 253)",255.0,255.0
209,59,"(134, 131, 131, 70)",70,58.49606,3,14,10,solid-achromatic-core,edge,False,159.0,True,dark,"(165, 172, 178, 253)",87.83521,89.94941
65,60,"(213, 213, 213, 211)",211,169.67378,0,6,6,solid-achromatic-core,edge,False,15.0,True,mid,"(204, 212, 219, 253)",167.6369,169.04572
66,60,"(245, 245, 245, 243)",243,232.84016,0,6,6,solid-achromatic-core,interior,False,16.0,True,light,"(204, 212, 220, 253)",228.09622,228.7032
67,60,"(100, 100, 100, 86)",86,32.49661,0,6,6,solid-achromatic-core,edge,False,17.0,True,dark,"(204, 211, 219, 253)",104.28191,106.02093
68,60,"(0, 0, 0, 1)",1,0.0,0,0,6,diagnostic-tonal-attachment,not-core,True,18.0,False,dark,"(202, 210, 218, 253)",157.26886,160.72189
78,60,"(222, 222, 222, 195)",195,186.26753,0,6,6,solid-achromatic-core,edge,False,28.0,True,mid,"(200, 209, 216, 253)",178.2681,180.11981
79,60,"(255, 255, 255, 254)",254,255.0,0,6,6,solid-achromatic-core,interior,False,29.0,True,light,"(201, 209, 217, 253)",252.73106,255.0
80,60,"(123, 123, 123, 85)",85,50.50767,0,6,6,solid-achromatic-core,edge,False,30.0,True,dark,"(202, 210, 217, 253)",113.98389,116.84872
83,60,"(87, 80, 80, 38)",38,21.274,7,7,7,solid-achromatic-core,edge,False,33.0,True,dark,"(202, 209, 217, 253)",127.43335,130.37317
84,60,"(238, 238, 238, 236)",236,218.02313,0,7,7,solid-achromatic-core,edge,False,34.0,True,light,"(202, 209, 216, 253)",211.99417,213.45848
85,60,"(255, 255, 255, 255)",255,255.0,0,7,7,solid-achromatic-core,edge,False,35.0,True,light,"(202, 209, 217, 253)",255.0,255.0
86,60,"(189, 189, 189, 175)",175,129.76477,0,7,7,solid-achromatic-core,edge,False,36.0,True,mid,"(202, 210, 217, 253)",138.38316,139.98106
87,60,"(138, 138, 138, 57)",57,64.80881,0,7,7,solid-achromatic-core,edge,False,37.0,True,mid,"(202, 209, 217, 253)",132.03374,135.03482
88,60,"(132, 132, 132, 25)",25,58.83872,0,0,7,diagnostic-tonal-attachment,not-core,False,38.0,False,dark,"(202, 209, 217, 253)",144.55774,147.84607
93,60,"(88, 88, 88, 23)",23,24.88478,0,0,7,diagnostic-tonal-attachment,not-core,False,43.0,False,dark,"(200, 208, 216, 253)",137.66394,140.8602
94,60,"(137, 137, 137, 52)",52,63.79038,0,7,7,solid-achromatic-core,edge,False,44.0,True,dark,"(200, 208, 216, 253)",132.83151,134.8309
95,60,"(187, 185, 185, 169)",169,124.35204,2,7,7,solid-achromatic-core,edge,False,45.0,True,mid,"(201, 208, 216, 253)",134.31027,135.88066
96,60,"(255, 255, 255, 255)",255,255.0,0,7,7,solid-achromatic-core,edge,False,46.0,True,light,"(202, 209, 217, 253)",255.0,255.0
97,60,"(241, 241, 241, 240)",240,224.30371,0,7,7,solid-achromatic-core,edge,False,47.0,True,light,"(201, 209, 217, 253)",219.66248,220.25624
98,60,"(117, 117, 117, 67)",67,45.36155,0,7,7,solid-achromatic-core,edge,False,48.0,True,dark,"(201, 208, 216, 253)",118.40633,121.33511
102,60,"(116, 116, 116, 81)",81,44.53509,0,8,8,solid-achromatic-core,edge,False,52.0,True,dark,"(200, 208, 215, 253)",111.16048,113.58552
103,60,"(242, 242, 242, 248)",248,226.42041,0,8,8,solid-achromatic-core,edge,False,53.0,True,light,"(202, 209, 217, 253)",223.85617,224.30371
104,60,"(251, 251, 251, 255)",255,245.995,0,8,8,solid-achromatic-core,edge,False,54.0,True,light,"(201, 209, 217, 253)",245.995,245.995
105,60,"(164, 162, 162, 146)",146,92.67164,2,8,8,solid-achromatic-core,edge,False,55.0,True,mid,"(200, 207, 214, 253)",116.09232,117.53498
106,60,"(159, 159, 159, 40)",40,88.40955,0,8,8,solid-achromatic-core,edge,False,56.0,True,mid,"(200, 208, 215, 253)",142.68341,145.94702
107,60,"(102, 102, 102, 25)",25,33.88142,0,0,8,diagnostic-tonal-attachment,not-core,True,57.0,False,dark,"(201, 209, 217, 253)",140.53296,142.59799
108,60,"(63, 63, 63, 20)",20,12.67517,0,0,8,diagnostic-tonal-attachment,not-core,True,58.0,False,dark,"(200, 209, 217, 253)",138.60896,140.65575
109,60,"(15, 15, 15, 17)",17,1.21812,0,0,8,diagnostic-tonal-attachment,not-core,True,59.0,False,dark,"(200, 207, 215, 253)",133.38672,136.52501
110,60,"(38, 33, 33, 46)",46,4.10445,5,8,8,solid-achromatic-core,edge,False,60.0,True,dark,"(199, 208, 216, 253)",107.9185,109.68983
111,60,"(61, 61, 61, 71)",71,11.8996,0,8,8,solid-achromatic-core,edge,False,61.0,True,dark,"(201, 208, 216, 253)",95.17655,97.75668
112,60,"(69, 69, 69, 22)",22,15.17537,0,0,8,diagnostic-tonal-attachment,not-core,True,62.0,False,dark,"(202, 208, 216, 253)",136.72958,139.58397
115,60,"(127, 127, 127, 26)",26,54.11884,0,0,8,diagnostic-tonal-attachment,not-core,True,65.0,False,dark,"(199, 207, 214, 253)",140.73824,143.97583
116,60,"(147, 147, 147, 69)",69,74.40153,0,9,8,solid-achromatic-core,edge,False,66.0,True,mid,"(200, 207, 216, 253)",128.95624,131.91643
117,60,"(213, 213, 213, 205)",205,169.67378,0,9,8,solid-achromatic-core,edge,False,67.0,True,mid,"(202, 210, 217, 253)",167.26141,167.7668
118,60,"(255, 255, 255, 255)",255,255.0,0,9,8,solid-achromatic-core,interior,False,68.0,True,light,"(201, 209, 216, 253)",255.0,255.0
119,60,"(209, 209, 209, 195)",195,162.5872,0,9,8,solid-achromatic-core,edge,False,69.0,True,mid,"(200, 208, 216, 253)",160.36111,162.10216
120,60,"(0, 0, 0, 6)",6,0.0,0,0,8,diagnostic-tonal-attachment,not-core,True,70.0,False,dark,"(199, 208, 216, 253)",146.8372,150.15512
122,60,"(125, 122, 122, 73)",73,50.19466,3,10,9,solid-achromatic-core,edge,False,72.0,True,dark,"(200, 207, 216, 253)",117.25594,119.86551
123,60,"(255, 255, 255, 254)",254,255.0,0,10,9,solid-achromatic-core,interior,False,73.0,True,light,"(199, 207, 215, 253)",252.73106,255.0
124,60,"(235, 235, 235, 205)",205,211.84634,0,10,9,solid-achromatic-core,edge,False,74.0,True,light,"(200, 207, 214, 253)",199.11089,201.08571
125,60,"(10, 10, 10, 25)",25,0.77399,0,0,9,diagnostic-tonal-attachment,not-core,True,75.0,False,dark,"(200, 207, 214, 253)",123.6936,126.69739
135,60,"(76, 76, 76, 70)",70,18.42933,0,10,9,solid-achromatic-core,edge,False,85.0,True,dark,"(198, 206, 214, 253)",100.00709,101.43024
136,60,"(248, 248, 248, 247)",247,239.3649,0,10,9,solid-achromatic-core,interior,False,86.0,True,light,"(199, 207, 214, 253)",235.00342,236.71591
137,60,"(219, 219, 219, 213)",213,180.63586,0,10,9,solid-achromatic-core,edge,False,87.0,True,mid,"(199, 206, 214, 253)",174.84987,176.68083
140,60,"(121, 121, 121, 46)",46,48.75643,0,11,10,solid-achromatic-core,edge,False,90.0,True,dark,"(198, 206, 213, 253)",128.21506,131.16557
141,60,"(235, 235, 235, 249)",249,211.84634,0,11,10,solid-achromatic-core,interior,False,91.0,True,light,"(197, 206, 213, 253)",209.81039,209.81039
142,60,"(238, 238, 238, 223)",223,218.02313,0,11,10,solid-achromatic-core,interior,False,92.0,True,light,"(197, 204, 213, 253)",207.5041,209.52699
143,60,"(45, 45, 45, 62)",62,6.69151,0,11,10,solid-achromatic-core,edge,False,93.0,True,dark,"(196, 204, 212, 253)",93.64188,94.91477
144,60,"(85, 85, 85, 21)",21,23.16464,0,0,10,diagnostic-tonal-attachment,not-core,False,94.0,False,dark,"(196, 204, 212, 253)",133.06844,136.08182
152,60,"(81, 81, 81, 22)",22,20.98209,0,0,10,diagnostic-tonal-attachment,not-core,False,102.0,False,dark,"(197, 204, 213, 253)",131.95238,135.07095
153,60,"(39, 39, 39, 58)",58,5.17358,0,11,10,solid-achromatic-core,edge,False,103.0,True,dark,"(197, 204, 212, 253)",94.91477,96.46158
154,60,"(248, 248, 248, 240)",240,239.3649,0,11,10,solid-achromatic-core,interior,False,104.0,True,light,"(196, 204, 211, 253)",232.38277,232.99635
155,60,"(238, 238, 238, 239)",239,218.02313,0,11,10,solid-achromatic-core,edge,False,105.0,True,light,"(196, 204, 212, 253)",211.99417,213.45848
156,60,"(52, 46, 46, 44)",44,7.34734,6,11,10,solid-achromatic-core,edge,False,106.0,True,dark,"(196, 204, 212, 253)",108.19947,110.97884
163,60,"(72, 72, 72, 21)",21,16.52484,0,0,10,diagnostic-tonal-attachment,not-core,True,113.0,False,dark,"(196, 203, 211, 253)",130.29094,133.26787
164,60,"(54, 54, 54, 42)",42,9.40681,0,12,10,solid-achromatic-core,edge,False,114.0,True,dark,"(196, 203, 211, 253)",110.97884,112.49129
165,60,"(213, 213, 213, 186)",186,169.67378,0,12,10,solid-achromatic-core,edge,False,115.0,True,mid,"(196, 203, 211, 253)",162.23047,163.85422
166,60,"(253, 253, 253, 254)",254,250.47389,0,12,10,solid-achromatic-core,interior,False,116.0,True,light,"(196, 204, 210, 253)",248.22858,250.47389
167,60,"(173, 173, 173, 107)",107,106.56071,0,12,10,solid-achromatic-core,edge,False,117.0,True,mid,"(196, 204, 211, 253)",130.14244,131.68416
173,60,"(69, 69, 69, 22)",22,15.17537,0,0,10,diagnostic-tonal-attachment,not-core,True,123.0,False,dark,"(196, 203, 211, 253)",128.75893,131.83353
174,60,"(0, 0, 0, 6)",6,0.0,0,0,10,diagnostic-tonal-attachment,not-core,True,124.0,False,dark,"(195, 202, 210, 253)",137.78514,140.98299
175,60,"(0, 0, 0, 4)",4,0.0,0,0,10,diagnostic-tonal-attachment,not-core,True,125.0,False,dark,"(194, 202, 210, 253)",140.65575,143.89195
176,60,"(186, 186, 186, 174)",174,125.21033,0,13,10,solid-achromatic-core,edge,False,126.0,True,mid,"(194, 202, 210, 253)",130.98979,132.53745
177,60,"(247, 247, 247, 254)",254,237.17828,0,13,10,solid-achromatic-core,interior,False,127.0,True,light,"(192, 201, 209, 253)",235.00342,237.17828
178,60,"(155, 155, 155, 123)",123,83.58343,0,13,10,solid-achromatic-core,edge,False,128.0,True,mid,"(193, 201, 209, 253)",111.45011,114.17131
189,60,"(202, 202, 202, 169)",169,150.60782,0,13,10,solid-achromatic-core,edge,False,139.0,True,mid,"(192, 201, 209, 253)",148.13171,149.79416
190,60,"(253, 253, 253, 254)",254,250.47389,0,13,10,solid-achromatic-core,interior,False,140.0,True,light,"(192, 200, 208, 253)",248.22858,250.47389
191,60,"(153, 153, 153, 128)",128,81.22943,0,13,10,solid-achromatic-core,edge,False,141.0,True,mid,"(191, 199, 208, 253)",108.56001,109.94737
194,60,"(230, 230, 230, 230)",230,201.78099,0,14,10,solid-achromatic-core,edge,False,144.0,True,light,"(190, 197, 206, 253)",193.66313,195.60634
195,60,"(248, 248, 248, 239)",239,239.3649,0,14,10,solid-achromatic-core,interior,False,145.0,True,light,"(191, 197, 204, 253)",230.84398,232.38277
196,60,"(43, 43, 43, 58)",58,6.1602,0,14,10,solid-achromatic-core,edge,False,146.0,True,dark,"(189, 196, 204, 253)",88.65028,90.1366
197,60,"(81, 81, 81, 22)",22,20.98209,0,0,10,diagnostic-tonal-attachment,not-core,False,147.0,False,dark,"(188, 195, 202, 253)",119.67608,122.51022
205,60,"(102, 102, 102, 25)",25,33.88142,0,0,10,diagnostic-tonal-attachment,not-core,False,155.0,False,dark,"(176, 183, 191, 253)",105.56471,108.30453
206,60,"(71, 71, 71, 32)",32,16.06756,0,14,10,solid-achromatic-core,edge,False,156.0,True,dark,"(174, 181, 188, 253)",95.01239,97.49068
207,60,"(241, 241, 241, 210)",210,224.30371,0,14,10,solid-achromatic-core,edge,False,157.0,True,light,"(173, 180, 186, 253)",199.67044,201.504
208,60,"(253, 253, 253, 254)",254,250.47389,0,14,10,solid-achromatic-core,interior,False,158.0,True,light,"(168, 175, 182, 253)",248.22858,250.47389
209,60,"(125, 121, 121, 67)",67,49.50874,4,14,10,solid-achromatic-core,edge,False,159.0,True,dark,"(164, 170, 178, 253)",84.21515,85.75221
64,61,"(63, 63, 63, 8)",8,12.67517,0,0,6,diagnostic-tonal-attachment,not-core,True,14.0,False,dark,"(203, 211, 219, 253)",152.51428,155.90642
65,61,"(203, 203, 203, 198)",198,152.28648,0,6,6,solid-achromatic-core,edge,False,15.0,True,mid,"(204, 211, 219, 253)",153.50624,155.2036
66,61,"(246, 246, 246, 252)",252,235.00342,0,6,6,solid-achromatic-core,interior,False,16.0,True,light,"(204, 211, 219, 253)",232.84016,235.00342
67,61,"(141, 141, 141, 112)",112,67.92069,0,6,6,solid-achromatic-core,edge,False,17.0,True,mid,"(202, 210, 218, 253)",112.85883,115.3038
69,61,"(85, 85, 85, 9)",9,23.16464,0,0,6,diagnostic-tonal-attachment,not-core,True,19.0,False,dark,"(202, 210, 218, 253)",150.83452,155.42883
78,61,"(223, 223, 223, 197)",197,188.16718,0,6,6,solid-achromatic-core,edge,False,28.0,True,mid,"(201, 208, 216, 253)",180.11981,181.84637
79,61,"(255, 255, 255, 255)",255,255.0,0,6,6,solid-achromatic-core,interior,False,29.0,True,light,"(202, 210, 218, 253)",255.0,255.0
80,61,"(123, 123, 123, 85)",85,50.50767,0,6,6,solid-achromatic-core,edge,False,30.0,True,dark,"(202, 209, 218, 253)",114.09122,115.81539
83,61,"(160, 158, 158, 145)",145,87.70962,2,7,7,solid-achromatic-core,edge,False,33.0,True,mid,"(201, 209, 217, 253)",114.66003,116.09232
84,61,"(255, 255, 255, 255)",255,255.0,0,7,7,solid-achromatic-core,interior,False,34.0,True,light,"(202, 210, 217, 253)",255.0,255.0
85,61,"(215, 215, 215, 192)",192,173.28336,0,7,7,solid-achromatic-core,edge,False,35.0,True,mid,"(202, 209, 217, 253)",169.17641,170.84103
86,61,"(67, 67, 67, 19)",19,14.31277,0,0,7,diagnostic-tonal-attachment,not-core,False,36.0,False,dark,"(202, 209, 217, 253)",139.70595,142.92973
95,61,"(68, 68, 68, 15)",15,14.74039,0,0,7,diagnostic-tonal-attachment,not-core,False,45.0,False,dark,"(201, 208, 216, 253)",142.47443,145.73509
96,61,"(210, 210, 210, 184)",184,164.34233,0,7,7,solid-achromatic-core,edge,False,46.0,True,mid,"(201, 209, 216, 253)",162.10216,163.85422
97,61,"(255, 255, 255, 255)",255,255.0,0,7,7,solid-achromatic-core,interior,False,47.0,True,light,"(201, 209, 216, 253)",255.0,255.0
98,61,"(164, 164, 164, 157)",157,94.66564,0,7,7,solid-achromatic-core,edge,False,48.0,True,mid,"(201, 208, 216, 253)",115.79176,117.23223
99,61,"(0, 0, 0, 4)",4,0.0,0,0,7,diagnostic-tonal-attachment,not-core,True,49.0,False,dark,"(200, 208, 215, 253)",150.23946,153.73041
101,61,"(109, 109, 109, 7)",7,38.99617,0,0,8,diagnostic-tonal-attachment,not-core,True,51.0,False,dark,"(200, 208, 215, 253)",150.36617,153.73041
102,61,"(199, 199, 199, 193)",193,145.63686,0,8,8,solid-achromatic-core,edge,False,52.0,True,mid,"(199, 207, 215, 253)",146.82542,148.47939
103,61,"(255, 255, 255, 255)",255,255.0,0,8,8,solid-achromatic-core,interior,False,53.0,True,light,"(200, 208, 216, 253)",255.0,255.0
104,61,"(188, 188, 188, 158)",158,128.23608,0,8,8,solid-achromatic-core,edge,False,54.0,True,mid,"(202, 209, 217, 253)",138.50047,140.09914
105,61,"(0, 0, 0, 10)",10,0.0,0,0,8,diagnostic-tonal-attachment,not-core,True,55.0,False,dark,"(202, 209, 216, 253)",143.97583,147.25645
109,61,"(0, 0, 0, 21)",21,0.0,0,0,8,diagnostic-tonal-attachment,not-core,True,59.0,False,dark,"(201, 208, 216, 253)",128.64241,131.3994
110,61,"(204, 204, 204, 171)",171,153.976,0,8,8,solid-achromatic-core,edge,False,60.0,True,mid,"(199, 208, 216, 253)",153.27602,154.97185
111,61,"(241, 241, 241, 237)",237,224.30371,0,8,8,solid-achromatic-core,edge,False,61.0,True,light,"(200, 208, 216, 253)",217.73328,219.66248
112,61,"(165, 165, 165, 80)",80,95.94687,0,8,8,solid-achromatic-core,edge,False,62.0,True,mid,"(201, 208, 216, 253)",134.91673,136.93719
117,61,"(68, 68, 68, 52)",52,14.74039,0,9,8,solid-achromatic-core,edge,False,67.0,True,dark,"(200, 208, 216, 253)",112.09651,113.90752
118,61,"(241, 241, 241, 235)",235,224.30371,0,9,8,solid-achromatic-core,edge,False,68.0,True,light,"(199, 207, 215, 253)",217.58295,218.17346
119,61,"(253, 253, 253, 255)",255,250.47389,0,9,8,solid-achromatic-core,edge,False,69.0,True,light,"(199, 207, 215, 253)",250.47389,250.47389
120,61,"(123, 123, 123, 97)",97,50.50767,0,9,8,solid-achromatic-core,edge,False,70.0,True,dark,"(199, 206, 215, 253)",105.91811,107.38929
122,61,"(122, 122, 122, 56)",56,49.62754,0,10,9,solid-achromatic-core,edge,False,72.0,True,dark,"(199, 207, 215, 253)",125.19022,127.00677
123,61,"(238, 238, 238, 248)",248,218.02313,0,10,9,solid-achromatic-core,edge,False,73.0,True,light,"(199, 207, 215, 253)",215.51497,215.95268
124,61,"(234, 234, 234, 222)",222,209.81039,0,10,9,solid-achromatic-core,edge,False,74.0,True,light,"(199, 207, 215, 253)",201.504,203.07193
125,61,"(26, 26, 26, 48)",48,2.6341,0,10,9,solid-achromatic-core,edge,False,75.0,True,dark,"(199, 206, 214, 253)",101.80395,104.10732
135,61,"(77, 77, 77, 72)",72,18.92446,0,10,9,solid-achromatic-core,edge,False,85.0,True,dark,"(198, 205, 213, 253)",97.75668,100.27734
136,61,"(249, 249, 249, 248)",248,241.56317,0,10,9,solid-achromatic-core,interior,False,86.0,True,light,"(198, 206, 214, 253)",237.17828,239.3649
137,61,"(220, 220, 220, 214)",214,182.50188,0,10,9,solid-achromatic-core,edge,False,87.0,True,mid,"(198, 205, 213, 253)",176.68083,178.13338
140,61,"(127, 127, 127, 46)",46,54.11884,0,11,10,solid-achromatic-core,edge,False,90.0,True,dark,"(198, 205, 213, 253)",128.64241,131.59816
141,61,"(237, 237, 237, 251)",251,215.95268,0,11,10,solid-achromatic-core,interior,False,91.0,True,light,"(197, 205, 213, 253)",213.89377,214.04242
142,61,"(238, 238, 238, 221)",221,218.02313,0,11,10,solid-achromatic-core,interior,False,92.0,True,light,"(196, 204, 212, 253)",207.5041,207.65109
143,61,"(0, 0, 0, 41)",41,0.0,0,11,10,solid-achromatic-core,edge,False,93.0,True,dark,"(196, 204, 211, 253)",100.10693,102.4913
153,61,"(91, 91, 91, 81)",81,26.67721,0,11,10,solid-achromatic-core,edge,False,103.0,True,dark,"(197, 204, 212, 253)",97.65833,98.96278
154,61,"(246, 246, 246, 248)",248,235.00342,0,11,10,solid-achromatic-core,interior,False,104.0,True,light,"(196, 204, 212, 253)",230.84398,232.84016
155,61,"(227, 227, 227, 225)",225,195.87857,0,11,10,solid-achromatic-core,edge,False,105.0,True,light,"(196, 204, 212, 253)",189.81062,189.81062
156,61,"(35, 35, 35, 29)",29,4.28588,0,0,10,diagnostic-tonal-attachment,not-core,True,106.0,False,dark,"(196, 204, 213, 253)",119.48962,122.43356
164,61,"(0, 0, 0, 13)",13,0.0,0,0,10,diagnostic-tonal-attachment,not-core,True,114.0,False,dark,"(197, 204, 211, 253)",132.83151,135.96217
165,61,"(210, 210, 210, 176)",176,164.34233,0,12,10,solid-achromatic-core,edge,False,115.0,True,mid,"(197, 204, 212, 253)",158.75774,160.48862
166,61,"(255, 255, 255, 255)",255,255.0,0,12,10,solid-achromatic-core,interior,False,116.0,True,light,"(196, 203, 211, 253)",255.0,255.0
167,61,"(177, 177, 177, 89)",89,112.11259,0,12,10,solid-achromatic-core,edge,False,117.0,True,mid,"(196, 203, 211, 253)",133.79308,136.49109
176,61,"(186, 186, 186, 176)",176,125.21033,0,13,10,solid-achromatic-core,edge,False,126.0,True,mid,"(194, 201, 210, 253)",130.87636,132.09825
177,61,"(249, 249, 249, 255)",255,241.56317,0,13,10,solid-achromatic-core,interior,False,127.0,True,light,"(194, 201, 209, 253)",241.56317,241.56317
178,61,"(157, 157, 157, 125)",125,85.97673,0,13,10,solid-achromatic-core,edge,False,128.0,True,mid,"(193, 202, 210, 253)",113.87732,115.3038
189,61,"(204, 204, 204, 170)",170,153.976,0,13,10,solid-achromatic-core,edge,False,139.0,True,mid,"(193, 200, 209, 253)",149.91695,151.59106
190,61,"(255, 255, 255, 255)",255,255.0,0,13,10,solid-achromatic-core,interior,False,140.0,True,light,"(192, 200, 208, 253)",255.0,255.0
191,61,"(152, 152, 152, 129)",129,80.06713,0,13,10,solid-achromatic-core,edge,False,141.0,True,mid,"(192, 199, 208, 253)",107.4682,108.95103
194,61,"(214, 214, 214, 209)",209,171.47304,0,14,10,solid-achromatic-core,edge,False,144.0,True,mid,"(190, 197, 205, 253)",164.22502,165.86127
195,61,"(246, 246, 246, 250)",250,235.00342,0,14,10,solid-achromatic-core,interior,False,145.0,True,light,"(189, 196, 204, 253)",230.84398,232.84016
196,61,"(115, 115, 115, 97)",97,43.71748,0,14,10,solid-achromatic-core,edge,False,146.0,True,dark,"(189, 196, 204, 253)",93.80539,95.34354
206,61,"(0, 0, 0, 19)",19,0.0,0,0,10,diagnostic-tonal-attachment,not-core,False,156.0,False,dark,"(174, 181, 188, 253)",95.93592,97.58978
207,61,"(239, 239, 239, 212)",212,220.10509,0,14,10,solid-achromatic-core,edge,False,157.0,True,light,"(172, 179, 185, 253)",197.56088,199.52675
208,61,"(255, 255, 255, 255)",255,255.0,0,14,10,solid-achromatic-core,interior,False,158.0,True,light,"(169, 174, 182, 253)",255.0,255.0
209,61,"(125, 121, 121, 67)",67,49.50874,4,14,10,solid-achromatic-core,edge,False,159.0,True,dark,"(164, 170, 177, 253)",84.21515,85.66115
64,62,"(0, 0, 0, 2)",2,0.0,0,0,6,diagnostic-tonal-attachment,not-core,True,14.0,False,dark,"(203, 211, 218, 253)",157.13817,160.58958
65,62,"(141, 141, 141, 130)",130,67.92069,0,6,6,solid-achromatic-core,edge,False,15.0,True,mid,"(204, 211, 219, 253)",107.4682,108.84747
66,62,"(255, 255, 255, 255)",255,255.0,0,6,6,solid-achromatic-core,interior,False,16.0,True,light,"(203, 211, 218, 253)",255.0,255.0
67,62,"(225, 225, 225, 207)",207,192.00031,0,6,6,solid-achromatic-core,edge,False,17.0,True,light,"(202, 210, 218, 253)",184.25349,186.14119
68,62,"(0, 0, 0, 40)",40,0.0,0,6,6,solid-achromatic-core,edge,False,18.0,True,dark,"(201, 209, 218, 253)",107.03457,109.51328
70,62,"(170, 170, 170, 3)",3,102.50436,0,0,6,diagnostic-tonal-attachment,not-core,True,20.0,False,mid,"(201, 209, 217, 253)",155.90642,160.58958
78,62,"(223, 223, 223, 197)",197,188.16718,0,6,6,solid-achromatic-core,edge,False,28.0,True,mid,"(201, 208, 216, 253)",180.11981,181.84637
79,62,"(255, 255, 255, 255)",255,255.0,0,6,6,solid-achromatic-core,interior,False,29.0,True,light,"(202, 210, 218, 253)",255.0,255.0
80,62,"(123, 123, 123, 85)",85,50.50767,0,6,6,solid-achromatic-core,edge,False,30.0,True,dark,"(202, 210, 217, 253)",113.98389,116.84872
83,62,"(204, 204, 204, 202)",202,153.976,0,7,7,solid-achromatic-core,edge,False,33.0,True,mid,"(201, 209, 217, 253)",153.86314,155.2036
84,62,"(248, 248, 248, 248)",248,239.3649,0,7,7,solid-achromatic-core,interior,False,34.0,True,light,"(202, 210, 218, 253)",235.16045,237.17828
85,62,"(128, 128, 128, 103)",103,55.04443,0,7,7,solid-achromatic-core,edge,False,35.0,True,dark,"(202, 210, 217, 253)",108.66357,111.05541
96,62,"(118, 118, 118, 95)",95,46.19688,0,7,7,solid-achromatic-core,edge,False,46.0,True,dark,"(201, 209, 217, 253)",107.00259,108.37828
97,62,"(244, 244, 244, 244)",244,230.68864,0,7,7,solid-achromatic-core,interior,False,47.0,True,light,"(201, 208, 216, 253)",226.42041,226.57408
98,62,"(221, 221, 221, 224)",224,184.37909,0,7,7,solid-achromatic-core,edge,False,48.0,True,mid,"(201, 208, 216, 253)",180.37625,180.77058
99,62,"(85, 85, 85, 30)",30,23.16464,0,0,7,diagnostic-tonal-attachment,not-core,True,49.0,False,dark,"(201, 208, 216, 253)",132.94958,134.8309
101,62,"(79, 73, 73, 45)",45,17.6164,6,8,8,solid-achromatic-core,edge,False,51.0,True,dark,"(199, 208, 215, 253)",118.10796,121.03235
102,62,"(240, 240, 240, 247)",247,222.19864,0,8,8,solid-achromatic-core,edge,False,52.0,True,light,"(200, 208, 216, 253)",218.17346,220.10509
103,62,"(245, 245, 245, 236)",236,232.84016,0,8,8,solid-achromatic-core,edge,False,53.0,True,light,"(200, 208, 216, 253)",225.97041,226.57408
104,62,"(26, 26, 26, 48)",48,2.6341,0,8,8,solid-achromatic-core,edge,False,54.0,True,dark,"(202, 209, 217, 253)",105.46114,107.21048
110,62,"(218, 218, 218, 190)",190,178.78102,0,8,8,solid-achromatic-core,edge,False,60.0,True,mid,"(201, 208, 216, 253)",172.77977,173.16229
111,62,"(255, 255, 255, 255)",255,255.0,0,8,8,solid-achromatic-core,interior,False,61.0,True,light,"(200, 208, 215, 253)",255.0,255.0
112,62,"(174, 174, 174, 89)",89,107.93327,0,8,8,solid-achromatic-core,edge,False,62.0,True,mid,"(200, 207, 215, 253)",136.49109,138.52527
113,62,"(0, 0, 0, 1)",1,0.0,0,0,8,diagnostic-tonal-attachment,not-core,True,63.0,False,dark,"(199, 208, 215, 253)",153.38728,156.79048
116,62,"(191, 191, 191, 4)",4,132.8539,0,0,8,diagnostic-tonal-attachment,not-core,True,66.0,False,mid,"(200, 207, 216, 253)",154.20491,157.75035
118,62,"(166, 166, 166, 153)",153,97.23817,0,9,8,solid-achromatic-core,edge,False,68.0,True,mid,"(199, 207, 215, 253)",117.23223,118.79118
119,62,"(255, 255, 255, 255)",255,255.0,0,9,8,solid-achromatic-core,interior,False,69.0,True,light,"(198, 206, 214, 253)",255.0,255.0
120,62,"(179, 179, 179, 162)",162,114.95039,0,9,8,solid-achromatic-core,edge,False,70.0,True,mid,"(199, 206, 214, 253)",127.60793,129.1322
122,62,"(112, 112, 112, 25)",25,41.3175,0,0,9,diagnostic-tonal-attachment,not-core,True,72.0,False,dark,"(199, 207, 215, 253)",139.25671,142.14493
123,62,"(203, 203, 203, 203)",203,152.28648,0,10,9,solid-achromatic-core,edge,False,73.0,True,mid,"(199, 206, 215, 253)",151.81976,153.38269
124,62,"(252, 252, 252, 251)",251,248.22858,0,10,9,solid-achromatic-core,interior,False,74.0,True,light,"(198, 206, 214, 253)",245.995,245.995
125,62,"(187, 187, 187, 147)",147,126.71792,0,10,9,solid-achromatic-core,edge,False,75.0,True,mid,"(198, 206, 214, 253)",136.91246,138.50047
128,62,"(127, 127, 127, 2)",2,54.11884,0,0,9,diagnostic-tonal-attachment,not-core,True,78.0,False,dark,"(199, 206, 214, 253)",150.83452,154.20491
134,62,"(127, 127, 127, 2)",2,54.11884,0,0,9,diagnostic-tonal-attachment,not-core,True,84.0,False,dark,"(197, 204, 212, 253)",147.50751,150.83452
135,62,"(77, 77, 77, 72)",72,18.92446,0,10,9,solid-achromatic-core,edge,False,85.0,True,dark,"(198, 205, 213, 253)",97.75668,100.27734
136,62,"(249, 249, 249, 248)",248,241.56317,0,10,9,solid-achromatic-core,interior,False,86.0,True,light,"(198, 205, 214, 253)",237.17828,239.3649
137,62,"(220, 220, 220, 214)",214,182.50188,0,10,9,solid-achromatic-core,edge,False,87.0,True,mid,"(197, 205, 213, 253)",176.68083,178.13338
140,62,"(127, 127, 127, 46)",46,54.11884,0,11,10,solid-achromatic-core,edge,False,90.0,True,dark,"(197, 204, 213, 253)",127.5491,130.17365
141,62,"(237, 237, 237, 251)",251,215.95268,0,11,10,solid-achromatic-core,interior,False,91.0,True,light,"(196, 204, 212, 253)",213.89377,214.04242
142,62,"(238, 238, 238, 222)",222,218.02313,0,11,10,solid-achromatic-core,interior,False,92.0,True,light,"(197, 204, 212, 253)",207.5041,209.52699
143,62,"(26, 26, 26, 49)",49,2.6341,0,11,10,solid-achromatic-core,edge,False,93.0,True,dark,"(197, 204, 212, 253)",98.79375,101.43024
150,62,"(170, 170, 170, 3)",3,102.50436,0,0,10,diagnostic-tonal-attachment,not-core,False,100.0,False,mid,"(197, 204, 212, 253)",149.03886,152.51428
151,62,"(255, 255, 255, 3)",3,255.0,0,0,10,diagnostic-tonal-attachment,not-core,False,101.0,False,light,"(197, 204, 212, 253)",150.707,154.20491
152,62,"(0, 0, 0, 12)",12,0.0,0,0,10,diagnostic-tonal-attachment,not-core,False,102.0,False,dark,"(197, 205, 212, 253)",134.51038,137.66394
153,62,"(206, 206, 206, 184)",184,157.3877,0,11,10,solid-achromatic-core,edge,False,103.0,True,mid,"(197, 204, 212, 253)",153.98749,155.68793
154,62,"(255, 255, 255, 254)",254,255.0,0,11,10,solid-achromatic-core,interior,False,104.0,True,light,"(197, 204, 213, 253)",252.73106,255.0
155,62,"(173, 173, 173, 168)",168,106.56071,0,11,10,solid-achromatic-core,edge,False,105.0,True,mid,"(196, 204, 213, 253)",120.14439,121.61612
156,62,"(0, 0, 0, 3)",3,0.0,0,0,10,diagnostic-tonal-attachment,not-core,True,106.0,False,dark,"(197, 204, 213, 253)",145.86021,149.16559
165,62,"(210, 210, 210, 179)",179,164.34233,0,12,10,solid-achromatic-core,edge,False,115.0,True,mid,"(196, 203, 212, 253)",158.75774,160.48862
166,62,"(255, 255, 255, 255)",255,255.0,0,12,10,solid-achromatic-core,interior,False,116.0,True,light,"(196, 204, 212, 253)",255.0,255.0
167,62,"(179, 179, 179, 95)",95,114.95039,0,12,10,solid-achromatic-core,edge,False,117.0,True,mid,"(195, 203, 211, 253)",134.91673,136.49109
168,62,"(255, 255, 255, 1)",1,255.0,0,0,10,diagnostic-tonal-attachment,not-core,True,118.0,False,light,"(195, 202, 210, 253)",145.86021,149.16559
176,62,"(186, 186, 186, 176)",176,125.21033,0,13,10,solid-achromatic-core,edge,False,126.0,True,mid,"(194, 202, 210, 253)",130.87636,132.09825
177,62,"(249, 249, 249, 255)",255,241.56317,0,13,10,solid-achromatic-core,interior,False,127.0,True,light,"(194, 202, 210, 253)",241.56317,241.56317
178,62,"(157, 157, 157, 125)",125,85.97673,0,13,10,solid-achromatic-core,edge,False,128.0,True,mid,"(195, 203, 211, 253)",114.17131,115.59998
189,62,"(204, 204, 204, 170)",170,153.976,0,13,10,solid-achromatic-core,edge,False,139.0,True,mid,"(193, 201, 209, 253)",149.91695,151.59106
190,62,"(255, 255, 255, 255)",255,255.0,0,13,10,solid-achromatic-core,interior,False,140.0,True,light,"(192, 200, 208, 253)",255.0,255.0
191,62,"(152, 152, 152, 129)",129,80.06713,0,13,10,solid-achromatic-core,edge,False,141.0,True,mid,"(191, 199, 207, 253)",107.18291,108.56001
194,62,"(158, 158, 158, 146)",146,87.18819,0,14,10,solid-achromatic-core,edge,False,144.0,True,mid,"(191, 197, 205, 253)",107.36613,108.74464
195,62,"(255, 255, 255, 255)",255,255.0,0,14,10,solid-achromatic-core,interior,False,145.0,True,light,"(190, 197, 205, 253)",255.0,255.0
196,62,"(218, 218, 218, 200)",200,178.78102,0,14,10,solid-achromatic-core,edge,False,146.0,True,mid,"(190, 196, 204, 253)",167.7668,169.55423
197,62,"(0, 0, 0, 30)",30,0.0,0,0,10,diagnostic-tonal-attachment,not-core,False,147.0,False,dark,"(189, 195, 203, 253)",101.80395,104.4868
199,62,"(191, 191, 191, 4)",4,132.8539,0,0,10,diagnostic-tonal-attachment,not-core,False,149.0,False,mid,"(187, 194, 202, 253)",133.06844,136.20222
206,62,"(15, 15, 15, 33)",33,1.21812,0,14,10,solid-achromatic-core,edge,False,156.0,True,dark,"(174, 180, 187, 253)",85.25591,86.55373
207,62,"(238, 238, 238, 216)",216,218.02313,0,14,10,solid-achromatic-core,edge,False,157.0,True,light,"(172, 178, 185, 253)",197.56088,199.52675
208,62,"(255, 255, 255, 255)",255,255.0,0,14,10,solid-achromatic-core,interior,False,158.0,True,light,"(169, 175, 183, 253)",255.0,255.0
209,62,"(125, 121, 121, 67)",67,49.50874,4,14,10,solid-achromatic-core,edge,False,159.0,True,dark,"(164, 170, 177, 253)",84.21515,85.66115
65,63,"(80, 80, 80, 41)",41,20.45606,0,6,6,solid-achromatic-core,edge,False,15.0333,True,dark,"(203, 211, 219, 253)",126.81236,129.85983
66,63,"(217, 217, 217, 218)",218,176.93732,0,6,6,solid-achromatic-core,edge,False,16.03122,True,mid,"(203, 210, 219, 253)",173.16229,174.84987
67,63,"(255, 255, 255, 255)",255,255.0,0,6,6,solid-achromatic-core,interior,False,17.02939,True,light,"(202, 209, 217, 253)",255.0,255.0
68,63,"(210, 210, 210, 193)",193,164.34233,0,6,6,solid-achromatic-core,edge,False,18.02776,True,mid,"(202, 210, 218, 253)",162.10216,163.85422
69,63,"(56, 56, 56, 68)",68,10.08429,0,6,6,solid-achromatic-core,edge,False,19.0263,True,dark,"(201, 209, 217, 253)",96.46158,98.79375
70,63,"(0, 0, 0, 23)",23,0.0,0,0,6,diagnostic-tonal-attachment,not-core,True,20.02498,False,dark,"(201, 209, 217, 253)",126.81236,129.85983
78,63,"(222, 222, 222, 196)",196,186.26753,0,6,6,solid-achromatic-core,edge,False,28.01785,True,mid,"(200, 208, 216, 253)",178.2681,180.11981
79,63,"(255, 255, 255, 255)",255,255.0,0,6,6,solid-achromatic-core,interior,False,29.01724,True,light,"(202, 209, 217, 253)",255.0,255.0
80,63,"(123, 123, 123, 85)",85,50.50767,0,6,6,solid-achromatic-core,edge,False,30.01666,True,dark,"(202, 210, 217, 253)",113.98389,116.84872
83,63,"(232, 232, 232, 231)",231,205.77286,0,7,7,solid-achromatic-core,edge,False,33.01515,True,light,"(202, 210, 217, 253)",199.94502,201.504
84,63,"(245, 245, 245, 243)",243,232.84016,0,7,7,solid-achromatic-core,interior,False,34.0147,True,light,"(202, 210, 218, 253)",228.09622,228.7032
85,63,"(59, 59, 59, 73)",73,11.15243,0,7,7,solid-achromatic-core,edge,False,35.01428,True,dark,"(201, 209, 217, 253)",93.90155,96.1977
96,63,"(42, 42, 42, 66)",66,5.90411,0,7,7,solid-achromatic-core,edge,False,46.01087,True,dark,"(200, 208, 216, 253)",92.37901,94.91477
97,63,"(242, 242, 242, 237)",237,226.42041,0,7,7,solid-achromatic-core,interior,False,47.01064,True,light,"(201, 209, 217, 253)",219.81363,221.75354
98,63,"(234, 234, 234, 241)",241,209.81039,0,7,7,solid-achromatic-core,edge,False,48.01041,True,light,"(201, 209, 216, 253)",205.77286,207.35793
99,63,"(87, 87, 87, 35)",35,24.30341,0,7,7,solid-achromatic-core,edge,False,49.0102,True,dark,"(201, 209, 216, 253)",129.74329,132.83151
101,63,"(103, 103, 103, 74)",74,34.5865,0,8,8,solid-achromatic-core,edge,False,51.0098,True,dark,"(199, 207, 216, 253)",108.58766,110.97884
102,63,"(255, 255, 255, 255)",255,255.0,0,8,8,solid-achromatic-core,interior,False,52.00961,True,light,"(200, 208, 216, 253)",255.0,255.0
103,63,"(242, 242, 242, 219)",219,226.42041,0,8,8,solid-achromatic-core,edge,False,53.00943,True,light,"(202, 210, 216, 253)",215.66444,217.14523
104,63,"(0, 0, 0, 18)",18,0.0,0,0,8,diagnostic-tonal-attachment,not-core,True,54.00926,False,dark,"(202, 209, 217, 253)",133.38672,136.52501
110,63,"(216, 216, 216, 184)",184,175.10478,0,8,8,solid-achromatic-core,edge,False,60.00833,True,mid,"(200, 208, 216, 253)",169.17641,170.97253
111,63,"(255, 255, 255, 254)",254,255.0,0,8,8,solid-achromatic-core,interior,False,61.0082,True,light,"(200, 207, 215, 253)",252.73106,255.0
112,63,"(172, 172, 172, 87)",87,105.19838,0,8,8,solid-achromatic-core,edge,False,62.00806,True,mid,"(200, 207, 215, 253)",135.3598,138.07614
118,63,"(132, 132, 132, 119)",119,58.83872,0,9,8,solid-achromatic-core,edge,False,68.00735,True,dark,"(199, 207, 215, 253)",102.83632,104.45941
119,63,"(254, 254, 254, 255)",255,252.73106,0,9,8,solid-achromatic-core,interior,False,69.00725,True,light,"(199, 207, 215, 253)",252.73106,252.73106
120,63,"(199, 199, 199, 179)",179,145.63686,0,9,8,solid-achromatic-core,edge,False,70.00714,True,mid,"(198, 206, 214, 253)",146.82542,148.47939
123,63,"(162, 159, 159, 96)",96,89.20121,3,10,9,solid-achromatic-core,edge,False,73.00685,True,mid,"(199, 206, 215, 253)",126.31876,127.94824
124,63,"(255, 255, 255, 255)",255,255.0,0,10,9,solid-achromatic-core,edge,False,74.00676,True,light,"(199, 206, 214, 253)",255.0,255.0
125,63,"(244, 244, 244, 242)",242,230.68864,0,10,9,solid-achromatic-core,edge,False,75.00667,True,light,"(198, 206, 214, 253)",224.45654,226.42041
126,63,"(179, 179, 179, 151)",151,114.95039,0,10,9,solid-achromatic-core,edge,False,76.00658,True,mid,"(199, 206, 215, 253)",129.1322,130.78123
127,63,"(6, 6, 6, 38)",38,0.4644,0,10,9,solid-achromatic-core,edge,False,77.00649,True,dark,"(199, 207, 215, 253)",108.02356,110.80013
128,63,"(0, 0, 0, 10)",10,0.0,0,0,9,diagnostic-tonal-attachment,not-core,True,78.00641,False,dark,"(199, 206, 214, 253)",139.25671,142.59799
135,63,"(94, 94, 94, 84)",84,28.54277,0,10,9,solid-achromatic-core,edge,False,85.00588,True,dark,"(197, 205, 213, 253)",97.65833,99.06187
136,63,"(249, 249, 249, 250)",250,241.56317,0,10,9,solid-achromatic-core,interior,False,86.00581,True,light,"(198, 205, 214, 253)",238.90002,239.3649
137,63,"(219, 219, 219, 214)",214,180.63586,0,10,9,solid-achromatic-core,edge,False,87.00574,True,mid,"(198, 205, 214, 253)",174.84987,176.68083
140,63,"(127, 127, 127, 46)",46,54.11884,0,11,10,solid-achromatic-core,edge,False,90.00555,True,dark,"(196, 204, 212, 253)",127.12174,129.85983
141,63,"(237, 237, 237, 251)",251,215.95268,0,11,10,solid-achromatic-core,interior,False,91.00549,True,light,"(196, 204, 212, 253)",213.89377,214.04242
142,63,"(238, 238, 238, 221)",221,218.02313,0,11,10,solid-achromatic-core,interior,False,92.00543,True,light,"(196, 204, 212, 253)",207.5041,207.65109
143,63,"(0, 0, 0, 41)",41,0.0,0,11,10,solid-achromatic-core,edge,False,93.00538,True,dark,"(197, 204, 212, 253)",100.47777,102.86576
150,63,"(0, 0, 0, 10)",10,0.0,0,0,10,diagnostic-tonal-attachment,not-core,False,100.005,False,dark,"(197, 204, 212, 253)",136.20222,139.37869
151,63,"(43, 43, 43, 53)",53,6.1602,0,11,10,solid-achromatic-core,edge,False,101.00495,True,dark,"(197, 205, 213, 253)",101.15998,102.76369
152,63,"(193, 193, 193, 174)",174,135.9855,0,11,10,solid-achromatic-core,edge,False,102.0049,True,mid,"(197, 204, 212, 253)",138.83449,140.43544
153,63,"(251, 251, 251, 253)",253,245.995,0,11,10,solid-achromatic-core,edge,False,103.00485,True,light,"(197, 204, 212, 253)",243.77324,245.995
154,63,"(244, 244, 244, 248)",248,230.68864,0,11,10,solid-achromatic-core,edge,False,104.00481,True,light,"(197, 204, 213, 253)",226.57408,228.54871
155,63,"(89, 85, 85, 60)",60,23.65565,4,11,10,solid-achromatic-core,edge,False,105.00476,True,dark,"(197, 204, 212, 253)",107.38929,109.8693
165,63,"(213, 213, 213, 180)",180,169.67378,0,12,10,solid-achromatic-core,edge,False,115.00435,True,mid,"(195, 204, 211, 253)",162.10216,163.85422
166,63,"(255, 255, 255, 255)",255,255.0,0,12,10,solid-achromatic-core,interior,False,116.00431,True,light,"(196, 204, 212, 253)",255.0,255.0
167,63,"(169, 169, 169, 89)",89,101.17259,0,12,10,solid-achromatic-core,edge,False,117.00427,True,mid,"(196, 203, 211, 253)",130.25742,132.12042
176,63,"(186, 186, 186, 176)",176,125.21033,0,13,10,solid-achromatic-core,edge,False,126.00397,True,mid,"(195, 203, 210, 253)",130.87636,132.42325
177,63,"(249, 249, 249, 255)",255,241.56317,0,13,10,solid-achromatic-core,interior,False,127.00394,True,light,"(194, 202, 210, 253)",241.56317,241.56317
178,63,"(157, 157, 157, 125)",125,85.97673,0,13,10,solid-achromatic-core,edge,False,128.00391,True,mid,"(194, 202, 210, 253)",114.17131,115.59998
189,63,"(204, 204, 204, 170)",170,153.976,0,13,10,solid-achromatic-core,edge,False,139.0036,True,mid,"(193, 201, 209, 253)",149.91695,151.59106
190,63,"(255, 255, 255, 255)",255,255.0,0,13,10,solid-achromatic-core,interior,False,140.00357,True,light,"(192, 200, 208, 253)",255.0,255.0
191,63,"(152, 152, 152, 129)",129,80.06713,0,13,10,solid-achromatic-core,edge,False,141.00354,True,mid,"(191, 199, 207, 253)",107.18291,108.56001
192,63,"(0, 0, 0, 2)",2,0.0,0,0,10,diagnostic-tonal-attachment,not-core,True,142.00352,False,dark,"(191, 199, 207, 253)",137.78514,140.65575
194,63,"(85, 85, 85, 39)",39,23.16464,0,14,10,solid-achromatic-core,edge,False,144.00348,True,dark,"(191, 198, 206, 253)",113.90752,116.6614
195,63,"(227, 227, 227, 230)",230,195.87857,0,14,10,solid-achromatic-core,edge,False,145.00345,True,light,"(191, 199, 206, 253)",189.67184,189.81062
196,63,"(255, 255, 255, 255)",255,255.0,0,14,10,solid-achromatic-core,edge,False,146.00342,True,light,"(190, 196, 204, 253)",255.0,255.0
197,63,"(202, 202, 202, 183)",183,150.60782,0,14,10,solid-achromatic-core,edge,False,147.0034,True,mid,"(188, 194, 202, 253)",145.18227,146.82542
198,63,"(30, 30, 30, 51)",51,3.31067,0,14,10,solid-achromatic-core,edge,False,148.00337,True,dark,"(188, 194, 202, 253)",88.02094,90.1366
199,63,"(0, 0, 0, 11)",11,0.0,0,0,10,diagnostic-tonal-attachment,not-core,False,149.00336,False,dark,"(187, 193, 202, 253)",119.78798,122.73632
205,63,"(0, 0, 0, 1)",1,0.0,0,0,10,diagnostic-tonal-attachment,not-core,False,155.00322,False,dark,"(176, 183, 190, 253)",115.04227,117.92216
206,63,"(0, 0, 0, 23)",23,0.0,0,0,10,diagnostic-tonal-attachment,not-core,False,156.0032,False,dark,"(174, 181, 188, 253)",92.37901,94.65512
207,63,"(238, 238, 238, 214)",214,218.02313,0,14,10,solid-achromatic-core,edge,False,157.00319,True,light,"(171, 179, 186, 253)",197.56088,199.11089
208,63,"(255, 255, 255, 255)",255,255.0,0,14,10,solid-achromatic-core,interior,False,158.00316,True,light,"(168, 175, 182, 253)",255.0,255.0
209,63,"(125, 121, 121, 67)",67,49.50874,4,14,10,solid-achromatic-core,edge,False,159.00314,True,dark,"(164, 170, 178, 253)",84.21515,85.75221
64,64,"(127, 127, 127, 2)",2,54.11884,0,0,6,diagnostic-tonal-attachment,not-core,True,14.14214,False,dark,"(203, 210, 218, 253)",157.61884,161.07646
66,64,"(113, 113, 113, 72)",72,42.10872,0,6,6,solid-achromatic-core,edge,False,16.12452,True,dark,"(202, 209, 218, 253)",115.62807,118.40633
67,64,"(228, 228, 228, 235)",235,197.8347,0,6,6,solid-achromatic-core,edge,False,17.11724,True,light,"(200, 209, 216, 253)",193.52272,195.46512
68,64,"(255, 255, 255, 255)",255,255.0,0,6,6,solid-achromatic-core,interior,False,18.11077,True,light,"(202, 210, 217, 253)",255.0,255.0
69,64,"(247, 247, 247, 244)",244,237.17828,0,6,6,solid-achromatic-core,edge,False,19.10497,True,light,"(202, 209, 217, 253)",232.38277,232.99635
70,64,"(226, 226, 226, 215)",215,193.93378,0,6,6,solid-achromatic-core,edge,False,20.09975,True,light,"(202, 209, 217, 253)",187.49982,188.04005
71,64,"(214, 214, 214, 201)",201,171.47304,0,6,6,solid-achromatic-core,edge,False,21.09502,True,mid,"(202, 209, 217, 253)",167.7668,169.17641
72,64,"(216, 216, 216, 204)",204,175.10478,0,6,6,solid-achromatic-core,edge,False,22.09072,True,mid,"(201, 209, 217, 253)",170.84103,172.64746
73,64,"(216, 216, 216, 203)",203,175.10478,0,6,6,solid-achromatic-core,edge,False,23.08679,True,mid,"(201, 209, 217, 253)",170.84103,172.64746
74,64,"(216, 216, 216, 203)",203,175.10478,0,6,6,solid-achromatic-core,edge,False,24.08319,True,mid,"(202, 209, 217, 253)",170.84103,172.64746
75,64,"(216, 216, 216, 203)",203,175.10478,0,6,6,solid-achromatic-core,edge,False,25.07987,True,mid,"(201, 209, 217, 253)",170.84103,172.64746
76,64,"(218, 218, 218, 203)",203,178.78102,0,6,6,solid-achromatic-core,edge,False,26.07681,True,mid,"(200, 209, 216, 253)",173.16229,174.59811
77,64,"(213, 213, 213, 199)",199,169.67378,0,6,6,solid-achromatic-core,edge,False,27.07397,True,mid,"(200, 208, 216, 253)",165.61725,167.39133
78,64,"(241, 241, 241, 234)",234,224.30371,0,6,6,solid-achromatic-core,edge,False,28.07134,True,light,"(201, 208, 216, 253)",217.58295,218.17346
79,64,"(255, 255, 255, 255)",255,255.0,0,6,6,solid-achromatic-core,interior,False,29.06888,True,light,"(202, 210, 217, 253)",255.0,255.0
80,64,"(121, 121, 121, 86)",86,48.75643,0,6,6,solid-achromatic-core,edge,False,30.06659,True,dark,"(202, 210, 218, 253)",112.6736,115.41113
83,64,"(224, 224, 224, 224)",224,190.07811,0,7,7,solid-achromatic-core,edge,False,33.06055,True,mid,"(201, 209, 216, 253)",184.51543,186.0032
84,64,"(246, 246, 246, 243)",243,235.00342,0,7,7,solid-achromatic-core,interior,False,34.05877,True,light,"(202, 210, 217, 253)",230.23369,230.84398
85,64,"(62, 62, 62, 74)",74,12.28381,0,7,7,solid-achromatic-core,edge,False,35.05709,True,dark,"(202, 209, 217, 253)",95.07966,96.46158
96,64,"(45, 45, 45, 67)",67,6.69151,0,7,7,solid-achromatic-core,edge,False,46.04346,True,dark,"(200, 207, 216, 253)",92.63657,93.99844
97,64,"(242, 242, 242, 237)",237,226.42041,0,7,7,solid-achromatic-core,interior,False,47.04253,True,light,"(201, 209, 217, 253)",219.81363,221.75354
98,64,"(234, 234, 234, 240)",240,209.81039,0,7,7,solid-achromatic-core,interior,False,48.04165,True,light,"(202, 209, 217, 253)",205.77286,207.35793
99,64,"(90, 90, 90, 34)",34,26.07165,0,7,7,solid-achromatic-core,edge,False,49.0408,True,dark,"(201, 208, 216, 253)",130.17365,133.26787
101,64,"(104, 104, 104, 76)",76,35.30007,0,8,8,solid-achromatic-core,edge,False,51.0392,True,dark,"(200, 208, 216, 253)",108.4826,110.87302
102,64,"(255, 255, 255, 255)",255,255.0,0,8,8,solid-achromatic-core,interior,False,52.03845,True,light,"(201, 208, 216, 253)",255.0,255.0
103,64,"(241, 241, 241, 219)",219,224.30371,0,8,8,solid-achromatic-core,edge,False,53.03772,True,light,"(202, 209, 216, 253)",213.60713,215.51497
110,64,"(216, 216, 216, 185)",185,175.10478,0,8,8,solid-achromatic-core,edge,False,60.03333,True,mid,"(198, 206, 214, 253)",167.39133,169.17641
111,64,"(255, 255, 255, 255)",255,255.0,0,8,8,solid-achromatic-core,interior,False,61.03278,True,light,"(198, 207, 215, 253)",255.0,255.0
112,64,"(172, 172, 172, 87)",87,105.19838,0,8,8,solid-achromatic-core,edge,False,62.03225,True,mid,"(200, 208, 216, 253)",136.49109,139.34235
118,64,"(136, 136, 136, 120)",120,62.78136,0,9,8,solid-achromatic-core,edge,False,68.0294,True,dark,"(199, 206, 215, 253)",104.45941,105.91811
119,64,"(254, 254, 254, 255)",255,252.73106,0,9,8,solid-achromatic-core,interior,False,69.02898,True,light,"(199, 207, 215, 253)",252.73106,252.73106
120,64,"(199, 199, 199, 179)",179,145.63686,0,9,8,solid-achromatic-core,edge,False,70.02856,True,mid,"(199, 206, 214, 253)",146.82542,148.47939
123,64,"(0, 0, 0, 9)",9,0.0,0,0,9,diagnostic-tonal-attachment,not-core,True,73.02739,False,dark,"(198, 206, 214, 253)",140.53296,143.76761
124,64,"(176, 176, 176, 146)",146,110.7092,0,10,9,solid-achromatic-core,edge,False,74.02702,True,mid,"(198, 206, 214, 253)",127.29189,128.81392
125,64,"(255, 255, 255, 255)",255,255.0,0,10,9,solid-achromatic-core,edge,False,75.02666,True,light,"(198, 206, 214, 253)",255.0,255.0
126,64,"(254, 254, 254, 255)",255,252.73106,0,10,9,solid-achromatic-core,interior,False,76.02631,True,light,"(199, 206, 215, 253)",252.73106,252.73106
127,64,"(241, 241, 241, 234)",234,224.30371,0,10,9,solid-achromatic-core,edge,False,77.02597,True,light,"(199, 206, 214, 253)",216.10217,218.17346
128,64,"(216, 216, 216, 204)",204,175.10478,0,10,9,solid-achromatic-core,edge,False,78.02563,True,mid,"(198, 206, 214, 253)",169.55423,170.97253
129,64,"(216, 216, 216, 203)",203,175.10478,0,10,9,solid-achromatic-core,edge,False,79.02531,True,mid,"(198, 206, 214, 253)",169.55423,170.97253
130,64,"(216, 216, 216, 203)",203,175.10478,0,10,9,solid-achromatic-core,edge,False,80.02499,True,mid,"(198, 205, 213, 253)",169.55423,170.84103
131,64,"(216, 216, 216, 203)",203,175.10478,0,10,9,solid-achromatic-core,edge,False,81.02469,True,mid,"(199, 206, 214, 253)",169.55423,171.35272
132,64,"(216, 216, 216, 203)",203,175.10478,0,10,9,solid-achromatic-core,edge,False,82.02438,True,mid,"(198, 206, 213, 253)",169.55423,170.84103
133,64,"(216, 216, 216, 203)",203,175.10478,0,10,9,solid-achromatic-core,edge,False,83.02409,True,mid,"(198, 205, 213, 253)",169.55423,170.84103
134,64,"(215, 215, 215, 202)",202,173.28336,0,10,9,solid-achromatic-core,edge,False,84.0238,True,mid,"(197, 205, 213, 253)",167.39133,169.17641
135,64,"(221, 221, 221, 213)",213,184.37909,0,10,9,solid-achromatic-core,edge,False,85.02353,True,mid,"(197, 205, 213, 253)",178.13338,178.65768
136,64,"(254, 254, 254, 255)",255,252.73106,0,10,9,solid-achromatic-core,interior,False,86.02325,True,light,"(198, 205, 214, 253)",252.73106,252.73106
137,64,"(218, 218, 218, 211)",211,178.78102,0,10,9,solid-achromatic-core,edge,False,87.02299,True,mid,"(198, 205, 214, 253)",173.16229,174.84987
140,64,"(142, 142, 142, 50)",50,68.97694,0,11,10,solid-achromatic-core,edge,False,90.02222,True,mid,"(196, 205, 213, 253)",131.2821,134.07326
141,64,"(243, 243, 243, 254)",254,228.54871,0,11,10,solid-achromatic-core,interior,False,91.02197,True,light,"(197, 204, 212, 253)",226.42041,228.54871
142,64,"(250, 250, 250, 244)",244,243.77324,0,11,10,solid-achromatic-core,interior,False,92.02174,True,light,"(196, 204, 212, 253)",237.33617,239.3649
143,64,"(217, 217, 217, 206)",206,176.93732,0,11,10,solid-achromatic-core,edge,False,93.0215,True,mid,"(196, 204, 213, 253)",170.84103,172.64746
144,64,"(217, 217, 217, 202)",202,176.93732,0,11,10,solid-achromatic-core,edge,False,94.02127,True,mid,"(197, 204, 212, 253)",169.55423,171.35272
145,64,"(216, 216, 216, 204)",204,175.10478,0,11,10,solid-achromatic-core,edge,False,95.02105,True,mid,"(197, 204, 212, 253)",169.04572,170.84103
146,64,"(216, 216, 216, 203)",203,175.10478,0,11,10,solid-achromatic-core,edge,False,96.02083,True,mid,"(196, 204, 212, 253)",169.04572,170.84103
147,64,"(216, 216, 216, 203)",203,175.10478,0,11,10,solid-achromatic-core,edge,False,97.02061,True,mid,"(196, 203, 211, 253)",169.04572,169.55423
148,64,"(217, 217, 217, 203)",203,176.93732,0,11,10,solid-achromatic-core,edge,False,98.02041,True,mid,"(195, 202, 211, 253)",169.55423,171.35272
149,64,"(216, 216, 216, 203)",203,175.10478,0,11,10,solid-achromatic-core,edge,False,99.0202,True,mid,"(195, 203, 211, 253)",169.04572,169.55423
150,64,"(218, 218, 218, 207)",207,178.78102,0,11,10,solid-achromatic-core,edge,False,100.02,True,mid,"(197, 204, 211, 253)",172.64746,173.16229
151,64,"(245, 245, 245, 241)",241,232.84016,0,11,10,solid-achromatic-core,edge,False,101.0198,True,light,"(197, 204, 212, 253)",226.57408,228.09622
152,64,"(255, 255, 255, 255)",255,255.0,0,11,10,solid-achromatic-core,interior,False,102.01961,True,light,"(196, 204, 212, 253)",255.0,255.0
153,64,"(244, 244, 244, 247)",247,230.68864,0,11,10,solid-achromatic-core,edge,False,103.01942,True,light,"(196, 204, 212, 253)",226.42041,228.54871
154,64,"(137, 137, 137, 113)",113,63.79038,0,11,10,solid-achromatic-core,edge,False,104.01923,True,dark,"(196, 204, 212, 253)",105.53507,107.28572
155,64,"(0, 0, 0, 1)",1,0.0,0,0,10,diagnostic-tonal-attachment,not-core,True,105.01904,False,dark,"(197, 204, 213, 253)",147.63422,150.96281
156,64,"(0, 0, 0, 1)",1,0.0,0,0,10,diagnostic-tonal-attachment,not-core,True,106.01887,False,dark,"(197, 204, 213, 253)",147.63422,150.96281
165,64,"(213, 213, 213, 180)",180,169.67378,0,12,10,solid-achromatic-core,edge,False,115.01739,True,mid,"(195, 203, 211, 253)",162.10216,163.85422
166,64,"(255, 255, 255, 255)",255,255.0,0,12,10,solid-achromatic-core,interior,False,116.01724,True,light,"(196, 203, 211, 253)",255.0,255.0
167,64,"(166, 166, 166, 89)",89,97.23817,0,12,10,solid-achromatic-core,edge,False,117.01709,True,mid,"(196, 203, 211, 253)",128.72551,130.25742
176,64,"(186, 186, 186, 176)",176,125.21033,0,13,10,solid-achromatic-core,edge,False,126.01587,True,mid,"(196, 203, 211, 253)",130.98979,132.53745
177,64,"(249, 249, 249, 255)",255,241.56317,0,13,10,solid-achromatic-core,interior,False,127.01575,True,light,"(195, 202, 210, 253)",241.56317,241.56317
178,64,"(157, 157, 157, 125)",125,85.97673,0,13,10,solid-achromatic-core,edge,False,128.01562,True,mid,"(194, 201, 209, 253)",113.04699,114.46748
189,64,"(204, 204, 204, 170)",170,153.976,0,13,10,solid-achromatic-core,edge,False,139.01439,True,mid,"(192, 200, 209, 253)",149.91695,151.59106
190,64,"(255, 255, 255, 255)",255,255.0,0,13,10,solid-achromatic-core,interior,False,140.01428,True,light,"(191, 198, 207, 253)",255.0,255.0
191,64,"(152, 152, 152, 129)",129,80.06713,0,13,10,solid-achromatic-core,edge,False,141.01419,True,mid,"(191, 199, 206, 253)",107.08084,108.56001
192,64,"(0, 0, 0, 2)",2,0.0,0,0,10,diagnostic-tonal-attachment,not-core,True,142.01408,False,dark,"(191, 199, 206, 253)",137.66394,140.53296
195,64,"(120, 120, 120, 89)",89,47.89429,0,14,10,solid-achromatic-core,edge,False,145.01379,True,dark,"(190, 197, 204, 253)",100.17825,101.60204
196,64,"(235, 235, 235, 236)",236,211.84634,0,14,10,solid-achromatic-core,edge,False,146.0137,True,light,"(189, 196, 203, 253)",203.91576,205.9182
197,64,"(255, 255, 255, 255)",255,255.0,0,14,10,solid-achromatic-core,interior,False,147.01361,True,light,"(188, 194, 202, 253)",255.0,255.0
198,64,"(245, 245, 245, 239)",239,232.84016,0,14,10,solid-achromatic-core,edge,False,148.01352,True,light,"(187, 193, 201, 253)",224.45654,225.97041
199,64,"(219, 219, 219, 206)",206,180.63586,0,14,10,solid-achromatic-core,edge,False,149.01343,True,mid,"(185, 192, 200, 253)",169.55423,171.22121
200,64,"(216, 216, 216, 203)",203,175.10478,0,14,10,solid-achromatic-core,edge,False,150.01334,True,mid,"(184, 191, 198, 253)",164.22502,165.86127
201,64,"(217, 217, 217, 203)",203,176.93732,0,14,10,solid-achromatic-core,edge,False,151.01324,True,mid,"(183, 190, 197, 253)",165.48813,167.26141
202,64,"(216, 216, 216, 203)",203,175.10478,0,14,10,solid-achromatic-core,edge,False,152.01315,True,mid,"(182, 189, 195, 253)",163.72592,165.48813
203,64,"(216, 216, 216, 203)",203,175.10478,0,14,10,solid-achromatic-core,edge,False,153.01308,True,mid,"(180, 187, 194, 253)",162.47064,164.22502
204,64,"(216, 216, 216, 203)",203,175.10478,0,14,10,solid-achromatic-core,edge,False,154.01299,True,mid,"(178, 185, 192, 253)",161.97466,163.72592
205,64,"(218, 218, 218, 203)",203,178.78102,0,14,10,solid-achromatic-core,edge,False,155.01291,True,mid,"(176, 183, 191, 253)",164.22502,165.61725
206,64,"(210, 210, 210, 199)",199,164.34233,0,14,10,solid-achromatic-core,edge,False,156.01282,True,mid,"(174, 181, 189, 253)",151.81976,153.38269
207,64,"(247, 247, 247, 241)",241,237.17828,0,14,10,solid-achromatic-core,edge,False,157.01274,True,light,"(172, 178, 186, 253)",228.09622,228.7032
208,64,"(255, 255, 255, 255)",255,255.0,0,14,10,solid-achromatic-core,interior,False,158.01266,True,light,"(168, 173, 182, 253)",255.0,255.0
209,64,"(131, 127, 127, 68)",68,54.91768,4,14,10,solid-achromatic-core,edge,False,159.01257,True,dark,"(164, 170, 178, 253)",85.75221,86.96169
65,65,"(127, 127, 127, 2)",2,54.11884,0,0,6,diagnostic-tonal-attachment,not-core,True,15.0333,False,dark,"(203, 210, 218, 253)",157.61884,161.07646
67,65,"(73, 73, 73, 45)",45,16.98962,0,6,6,solid-achromatic-core,edge,False,17.02939,True,dark,"(201, 208, 217, 253)",118.62783,121.14426
68,65,"(183, 183, 183, 178)",178,120.75055,0,6,6,solid-achromatic-core,edge,False,18.02776,True,mid,"(201, 209, 217, 253)",130.55359,132.09825
69,65,"(248, 248, 248, 245)",245,239.3649,0,6,6,solid-achromatic-core,edge,False,19.0263,True,light,"(202, 210, 217, 253)",235.00342,236.71591
70,65,"(254, 254, 254, 255)",255,252.73106,0,6,6,solid-achromatic-core,interior,False,20.02498,True,light,"(202, 210, 217, 253)",252.73106,252.73106
71,65,"(252, 252, 252, 255)",255,248.22858,0,6,6,solid-achromatic-core,interior,False,21.0238,True,light,"(202, 210, 217, 253)",248.22858,248.22858
72,65,"(253, 253, 253, 255)",255,250.47389,0,6,6,solid-achromatic-core,interior,False,22.02271,True,light,"(201, 209, 217, 253)",250.47389,250.47389
73,65,"(253, 253, 253, 255)",255,250.47389,0,6,6,solid-achromatic-core,interior,False,23.02173,True,light,"(201, 209, 217, 253)",250.47389,250.47389
74,65,"(253, 253, 253, 255)",255,250.47389,0,6,6,solid-achromatic-core,interior,False,24.02082,True,light,"(202, 209, 217, 253)",250.47389,250.47389
75,65,"(253, 253, 253, 255)",255,250.47389,0,6,6,solid-achromatic-core,interior,False,25.01999,True,light,"(202, 209, 217, 253)",250.47389,250.47389
76,65,"(253, 253, 253, 255)",255,250.47389,0,6,6,solid-achromatic-core,interior,False,26.01922,True,light,"(202, 209, 216, 253)",250.47389,250.47389
77,65,"(253, 253, 253, 255)",255,250.47389,0,6,6,solid-achromatic-core,interior,False,27.01851,True,light,"(201, 209, 217, 253)",250.47389,250.47389
78,65,"(255, 255, 255, 252)",252,255.0,0,6,6,solid-achromatic-core,interior,False,28.01785,True,light,"(201, 209, 217, 253)",252.73106,252.89488
79,65,"(255, 255, 255, 255)",255,255.0,0,6,6,solid-achromatic-core,interior,False,29.01724,True,light,"(202, 209, 217, 253)",255.0,255.0
80,65,"(123, 123, 123, 85)",85,50.50767,0,6,6,solid-achromatic-core,edge,False,30.01666,True,dark,"(202, 209, 217, 253)",113.98389,115.81539
83,65,"(231, 231, 231, 232)",232,203.77122,0,7,7,solid-achromatic-core,edge,False,33.01515,True,light,"(201, 209, 216, 253)",197.97675,199.52675
84,65,"(245, 245, 245, 243)",243,232.84016,0,7,7,solid-achromatic-core,interior,False,34.0147,True,light,"(201, 209, 217, 253)",228.09622,228.7032
85,65,"(62, 62, 62, 74)",74,12.28381,0,7,7,solid-achromatic-core,edge,False,35.01428,True,dark,"(201, 209, 217, 253)",94.81789,96.1977
96,65,"(45, 45, 45, 67)",67,6.69151,0,7,7,solid-achromatic-core,edge,False,46.01087,True,dark,"(201, 209, 217, 253)",93.64188,96.1977
97,65,"(242, 242, 242, 237)",237,226.42041,0,7,7,solid-achromatic-core,interior,False,47.01064,True,light,"(200, 209, 216, 253)",219.81363,221.75354
98,65,"(234, 234, 234, 240)",240,209.81039,0,7,7,solid-achromatic-core,interior,False,48.01041,True,light,"(201, 208, 216, 253)",205.34731,205.9182
99,65,"(90, 90, 90, 34)",34,26.07165,0,7,7,solid-achromatic-core,edge,False,49.0102,True,dark,"(201, 208, 216, 253)",130.17365,133.26787
101,65,"(105, 105, 105, 75)",75,36.02214,0,8,8,solid-achromatic-core,edge,False,51.0098,True,dark,"(200, 208, 216, 253)",109.58401,112.27739
102,65,"(255, 255, 255, 255)",255,255.0,0,8,8,solid-achromatic-core,interior,False,52.00961,True,light,"(201, 209, 216, 253)",255.0,255.0
103,65,"(241, 241, 241, 219)",219,224.30371,0,8,8,solid-achromatic-core,edge,False,53.00943,True,light,"(200, 208, 216, 253)",213.17429,213.60713
110,65,"(216, 216, 216, 185)",185,175.10478,0,8,8,solid-achromatic-core,edge,False,60.00833,True,mid,"(198, 206, 214, 253)",167.39133,169.17641
111,65,"(255, 255, 255, 255)",255,255.0,0,8,8,solid-achromatic-core,interior,False,61.0082,True,light,"(198, 206, 215, 253)",255.0,255.0
112,65,"(172, 172, 172, 87)",87,105.19838,0,8,8,solid-achromatic-core,edge,False,62.00806,True,mid,"(200, 208, 216, 253)",136.49109,139.34235
118,65,"(136, 136, 136, 120)",120,62.78136,0,9,8,solid-achromatic-core,edge,False,68.00735,True,dark,"(199, 206, 214, 253)",104.45941,105.81605
119,65,"(254, 254, 254, 255)",255,252.73106,0,9,8,solid-achromatic-core,interior,False,69.00725,True,light,"(199, 207, 214, 253)",252.73106,252.73106
120,65,"(199, 199, 199, 179)",179,145.63686,0,9,8,solid-achromatic-core,edge,False,70.00714,True,mid,"(198, 206, 215, 253)",146.94662,148.60136
124,65,"(0, 0, 0, 10)",10,0.0,0,0,9,diagnostic-tonal-attachment,not-core,True,74.00676,False,dark,"(198, 205, 214, 253)",137.78514,141.10654
125,65,"(122, 122, 122, 104)",104,49.62754,0,10,9,solid-achromatic-core,edge,False,75.00667,True,dark,"(198, 205, 213, 253)",101.77673,103.21357
126,65,"(218, 218, 218, 210)",210,178.78102,0,10,9,solid-achromatic-core,edge,False,76.00658,True,mid,"(198, 206, 214, 253)",173.02998,174.465
127,65,"(254, 254, 254, 255)",255,252.73106,0,10,9,solid-achromatic-core,edge,False,77.00649,True,light,"(199, 206, 214, 253)",252.73106,252.73106
128,65,"(251, 252, 252, 255)",255,247.75372,1,10,9,solid-achromatic-core,interior,False,78.00641,True,light,"(198, 205, 213, 253)",247.75372,247.75372
129,65,"(253, 253, 253, 255)",255,250.47389,0,10,9,solid-achromatic-core,interior,False,79.00633,True,light,"(198, 206, 214, 253)",250.47389,250.47389
130,65,"(253, 253, 253, 255)",255,250.47389,0,10,9,solid-achromatic-core,interior,False,80.00625,True,light,"(198, 206, 214, 253)",250.47389,250.47389
131,65,"(253, 253, 253, 255)",255,250.47389,0,10,9,solid-achromatic-core,interior,False,81.00617,True,light,"(199, 206, 214, 253)",250.47389,250.47389
132,65,"(253, 253, 253, 255)",255,250.47389,0,10,9,solid-achromatic-core,interior,False,82.0061,True,light,"(199, 206, 214, 253)",250.47389,250.47389
133,65,"(253, 253, 253, 255)",255,250.47389,0,10,9,solid-achromatic-core,interior,False,83.00603,True,light,"(198, 205, 213, 253)",250.47389,250.47389
134,65,"(253, 253, 253, 255)",255,250.47389,0,10,9,solid-achromatic-core,interior,False,84.00595,True,light,"(197, 205, 213, 253)",250.47389,250.47389
135,65,"(254, 254, 254, 255)",255,252.73106,0,10,9,solid-achromatic-core,interior,False,85.00588,True,light,"(198, 205, 213, 253)",252.73106,252.73106
136,65,"(255, 255, 255, 255)",255,255.0,0,10,9,solid-achromatic-core,interior,False,86.00581,True,light,"(198, 206, 214, 253)",255.0,255.0
137,65,"(217, 217, 217, 211)",211,176.93732,0,10,9,solid-achromatic-core,edge,False,87.00574,True,mid,"(198, 206, 214, 253)",171.35272,173.02998
140,65,"(147, 147, 147, 50)",50,74.40153,0,11,10,solid-achromatic-core,edge,False,90.00555,True,mid,"(197, 204, 213, 253)",131.71545,134.8309
141,65,"(242, 242, 242, 252)",252,226.42041,0,11,10,solid-achromatic-core,interior,False,91.00549,True,light,"(196, 204, 212, 253)",224.30371,225.97041
142,65,"(255, 255, 255, 253)",253,255.0,0,11,10,solid-achromatic-core,interior,False,92.00543,True,light,"(198, 205, 213, 253)",252.73106,255.0
143,65,"(253, 253, 253, 255)",255,250.47389,0,11,10,solid-achromatic-core,interior,False,93.00538,True,light,"(197, 204, 213, 253)",250.47389,250.47389
144,65,"(253, 253, 253, 255)",255,250.47389,0,11,10,solid-achromatic-core,interior,False,94.00532,True,light,"(196, 204, 212, 253)",250.47389,250.47389
145,65,"(253, 253, 253, 255)",255,250.47389,0,11,10,solid-achromatic-core,interior,False,95.00526,True,light,"(195, 203, 211, 253)",250.47389,250.47389
146,65,"(253, 253, 253, 255)",255,250.47389,0,11,10,solid-achromatic-core,interior,False,96.00521,True,light,"(195, 203, 211, 253)",250.47389,250.47389
147,65,"(253, 253, 253, 255)",255,250.47389,0,11,10,solid-achromatic-core,interior,False,97.00516,True,light,"(196, 203, 211, 253)",250.47389,250.47389
148,65,"(253, 253, 253, 255)",255,250.47389,0,11,10,solid-achromatic-core,interior,False,98.0051,True,light,"(195, 203, 211, 253)",250.47389,250.47389
149,65,"(253, 253, 253, 255)",255,250.47389,0,11,10,solid-achromatic-core,interior,False,99.00505,True,light,"(195, 202, 211, 253)",250.47389,250.47389
150,65,"(253, 253, 253, 255)",255,250.47389,0,11,10,solid-achromatic-core,interior,False,100.005,True,light,"(196, 203, 211, 253)",250.47389,250.47389
151,65,"(252, 252, 252, 252)",252,248.22858,0,11,10,solid-achromatic-core,edge,False,101.00495,True,light,"(196, 203, 212, 253)",245.995,246.15627
152,65,"(205, 205, 205, 195)",195,155.67638,0,11,10,solid-achromatic-core,edge,False,102.0049,True,mid,"(196, 204, 213, 253)",153.50624,155.2036
153,65,"(101, 101, 101, 83)",83,33.18481,0,11,10,solid-achromatic-core,edge,False,103.00485,True,dark,"(196, 204, 212, 253)",100.27734,101.70262
154,65,"(0, 0, 0, 2)",2,0.0,0,0,10,diagnostic-tonal-attachment,not-core,True,104.00481,False,dark,"(196, 204, 212, 253)",145.5262,148.82704
165,65,"(213, 213, 213, 180)",180,169.67378,0,12,10,solid-achromatic-core,edge,False,115.00435,True,mid,"(196, 203, 211, 253)",162.10216,163.85422
166,65,"(255, 255, 255, 255)",255,255.0,0,12,10,solid-achromatic-core,interior,False,116.00431,True,light,"(195, 203, 211, 253)",255.0,255.0
167,65,"(166, 166, 166, 89)",89,97.23817,0,12,10,solid-achromatic-core,edge,False,117.00427,True,mid,"(196, 203, 211, 253)",128.72551,130.25742
176,65,"(186, 186, 186, 176)",176,125.21033,0,13,10,solid-achromatic-core,edge,False,126.00397,True,mid,"(195, 202, 210, 253)",130.87636,132.42325
177,65,"(249, 249, 249, 255)",255,241.56317,0,13,10,solid-achromatic-core,interior,False,127.00394,True,light,"(195, 202, 210, 253)",241.56317,241.56317
178,65,"(157, 157, 157, 125)",125,85.97673,0,13,10,solid-achromatic-core,edge,False,128.00391,True,mid,"(194, 201, 210, 253)",113.15282,114.57406
189,65,"(204, 204, 204, 170)",170,153.976,0,13,10,solid-achromatic-core,edge,False,139.0036,True,mid,"(192, 200, 209, 253)",149.91695,151.59106
190,65,"(255, 255, 255, 255)",255,255.0,0,13,10,solid-achromatic-core,interior,False,140.00357,True,light,"(192, 199, 208, 253)",255.0,255.0
191,65,"(152, 152, 152, 129)",129,80.06713,0,13,10,solid-achromatic-core,edge,False,141.00354,True,mid,"(191, 197, 206, 253)",106.09917,107.57102
192,65,"(0, 0, 0, 2)",2,0.0,0,0,10,diagnostic-tonal-attachment,not-core,True,142.00352,False,dark,"(191, 197, 205, 253)",135.2733,138.11014
195,65,"(102, 102, 102, 20)",20,33.88142,0,0,10,diagnostic-tonal-attachment,not-core,True,145.00345,False,dark,"(190, 196, 204, 253)",125.6116,128.64241
196,65,"(212, 212, 212, 214)",214,167.8856,0,14,10,solid-achromatic-core,edge,False,146.00342,True,mid,"(190, 196, 203, 253)",162.34312,162.47064
197,65,"(255, 255, 255, 255)",255,255.0,0,14,10,solid-achromatic-core,interior,False,147.0034,True,light,"(188, 195, 203, 253)",255.0,255.0
198,65,"(255, 255, 255, 255)",255,255.0,0,14,10,solid-achromatic-core,interior,False,148.00337,True,light,"(186, 193, 201, 253)",255.0,255.0
199,65,"(254, 254, 254, 255)",255,252.73106,0,14,10,solid-achromatic-core,interior,False,149.00336,True,light,"(185, 191, 199, 253)",252.73106,252.73106
200,65,"(253, 253, 253, 255)",255,250.47389,0,14,10,solid-achromatic-core,interior,False,150.00333,True,light,"(183, 191, 198, 253)",250.47389,250.47389
201,65,"(253, 253, 253, 255)",255,250.47389,0,14,10,solid-achromatic-core,interior,False,151.00331,True,light,"(183, 190, 196, 253)",250.47389,250.47389
202,65,"(253, 253, 253, 255)",255,250.47389,0,14,10,solid-achromatic-core,interior,False,152.0033,True,light,"(182, 190, 196, 253)",250.47389,250.47389
203,65,"(253, 253, 253, 255)",255,250.47389,0,14,10,solid-achromatic-core,interior,False,153.00327,True,light,"(181, 187, 194, 253)",250.47389,250.47389
204,65,"(253, 253, 253, 255)",255,250.47389,0,14,10,solid-achromatic-core,interior,False,154.00325,True,light,"(178, 185, 192, 253)",250.47389,250.47389
205,65,"(253, 253, 253, 255)",255,250.47389,0,14,10,solid-achromatic-core,interior,False,155.00322,True,light,"(176, 184, 191, 253)",250.47389,250.47389
206,65,"(253, 253, 253, 255)",255,250.47389,0,14,10,solid-achromatic-core,interior,False,156.0032,True,light,"(175, 181, 189, 253)",250.47389,250.47389
207,65,"(255, 255, 255, 252)",252,255.0,0,14,10,solid-achromatic-core,interior,False,157.00319,True,light,"(172, 178, 185, 253)",252.73106,252.73106
208,65,"(255, 255, 255, 255)",255,255.0,0,14,10,solid-achromatic-core,interior,False,158.00316,True,light,"(167, 173, 182, 253)",255.0,255.0
209,65,"(129, 129, 129, 69)",69,55.97919,0,14,10,solid-achromatic-core,edge,False,159.00314,True,dark,"(164, 170, 177, 253)",85.41196,87.58393
66,66,"(0, 0, 0, 3)",3,0.0,0,0,6,diagnostic-tonal-attachment,not-core,True,16.0,False,dark,"(203, 210, 218, 253)",154.55258,159.21066
68,66,"(0, 0, 0, 5)",5,0.0,0,0,6,diagnostic-tonal-attachment,not-core,True,18.0,False,dark,"(201, 209, 216, 253)",150.36617,153.73041
69,66,"(60, 55, 55, 55)",55,10.12062,5,6,6,solid-achromatic-core,edge,False,19.0,True,dark,"(202, 209, 216, 253)",107.28572,109.76424
70,66,"(102, 102, 102, 92)",92,33.88142,0,6,6,solid-achromatic-core,edge,False,20.0,True,dark,"(202, 210, 217, 253)",100.27734,102.83632
71,66,"(93, 93, 93, 95)",95,27.91274,0,6,6,solid-achromatic-core,edge,False,21.0,True,dark,"(201, 210, 217, 253)",94.72173,96.36396
72,66,"(96, 96, 96, 95)",95,29.82752,0,6,6,solid-achromatic-core,edge,False,22.0,True,dark,"(201, 209, 217, 253)",95.07966,97.65833
73,66,"(96, 96, 96, 95)",95,29.82752,0,6,6,solid-achromatic-core,edge,False,23.0,True,dark,"(201, 209, 217, 253)",95.07966,97.65833
74,66,"(96, 96, 96, 95)",95,29.82752,0,6,6,solid-achromatic-core,edge,False,24.0,True,dark,"(202, 209, 217, 253)",95.34354,97.65833
75,66,"(98, 98, 98, 96)",96,31.14539,0,6,6,solid-achromatic-core,edge,False,25.0,True,dark,"(203, 210, 218, 253)",96.62997,98.96278
76,66,"(100, 100, 100, 96)",96,32.49661,0,6,6,solid-achromatic-core,edge,False,26.0,True,dark,"(202, 210, 217, 253)",97.56071,98.96278
77,66,"(103, 103, 103, 103)",103,34.5865,0,6,6,solid-achromatic-core,edge,False,27.0,True,dark,"(201, 209, 217, 253)",94.98351,96.36396
78,66,"(235, 235, 235, 221)",221,211.84634,0,6,6,solid-achromatic-core,edge,False,28.0,True,light,"(201, 209, 217, 253)",203.49261,205.06952
79,66,"(255, 255, 255, 255)",255,255.0,0,6,6,solid-achromatic-core,interior,False,29.0,True,light,"(201, 209, 217, 253)",255.0,255.0
80,66,"(124, 124, 124, 86)",86,51.39684,0,6,6,solid-achromatic-core,edge,False,30.0,True,dark,"(201, 209, 217, 253)",113.69209,115.41113
83,66,"(233, 233, 233, 232)",232,207.78589,0,7,7,solid-achromatic-core,edge,False,33.0,True,light,"(201, 208, 216, 253)",201.504,203.3481
84,66,"(245, 245, 245, 243)",243,232.84016,0,7,7,solid-achromatic-core,interior,False,34.0,True,light,"(202, 209, 217, 253)",228.09622,228.7032
85,66,"(62, 62, 62, 74)",74,12.28381,0,7,7,solid-achromatic-core,edge,False,35.0,True,dark,"(201, 209, 217, 253)",94.81789,96.1977
96,66,"(45, 45, 45, 67)",67,6.69151,0,7,7,solid-achromatic-core,edge,False,46.0,True,dark,"(201, 209, 216, 253)",93.54573,96.10008
97,66,"(242, 242, 242, 237)",237,226.42041,0,7,7,solid-achromatic-core,interior,False,47.0,True,light,"(200, 208, 215, 253)",219.66248,221.75354
98,66,"(234, 234, 234, 240)",240,209.81039,0,7,7,solid-achromatic-core,interior,False,48.0,True,light,"(200, 208, 215, 253)",205.34731,205.9182
99,66,"(90, 90, 90, 34)",34,26.07165,0,7,7,solid-achromatic-core,edge,False,49.0,True,dark,"(200, 208, 216, 253)",129.85983,132.94958
101,66,"(105, 105, 105, 75)",75,36.02214,0,8,8,solid-achromatic-core,edge,False,51.0,True,dark,"(200, 207, 215, 253)",108.4826,111.16048
102,66,"(255, 255, 255, 255)",255,255.0,0,8,8,solid-achromatic-core,interior,False,52.0,True,light,"(201, 209, 216, 253)",255.0,255.0
103,66,"(241, 241, 241, 219)",219,224.30371,0,8,8,solid-achromatic-core,edge,False,53.0,True,light,"(200, 207, 215, 253)",211.70998,213.60713
110,66,"(216, 216, 216, 185)",185,175.10478,0,8,8,solid-achromatic-core,edge,False,60.0,True,mid,"(198, 206, 214, 253)",167.39133,169.17641
111,66,"(255, 255, 255, 255)",255,255.0,0,8,8,solid-achromatic-core,interior,False,61.0,True,light,"(199, 207, 214, 253)",255.0,255.0
112,66,"(172, 172, 172, 87)",87,105.19838,0,8,8,solid-achromatic-core,edge,False,62.0,True,mid,"(200, 207, 215, 253)",135.3598,138.07614
118,66,"(135, 135, 135, 119)",119,61.7817,0,9,8,solid-achromatic-core,edge,False,68.0,True,dark,"(199, 207, 214, 253)",104.45941,105.81605
119,66,"(254, 254, 254, 255)",255,252.73106,0,9,8,solid-achromatic-core,interior,False,69.0,True,light,"(199, 206, 214, 253)",252.73106,252.73106
120,66,"(199, 199, 199, 179)",179,145.63686,0,9,8,solid-achromatic-core,edge,False,70.0,True,mid,"(198, 206, 213, 253)",146.82542,148.47939
126,66,"(0, 0, 0, 11)",11,0.0,0,0,9,diagnostic-tonal-attachment,not-core,True,76.0,False,dark,"(198, 206, 214, 253)",137.46239,140.65575
127,66,"(71, 66, 66, 61)",61,14.3549,5,10,9,solid-achromatic-core,edge,False,77.0,True,dark,"(198, 206, 214, 253)",103.03823,104.38399
128,66,"(100, 103, 103, 94)",94,34.14219,3,10,9,solid-achromatic-core,edge,False,78.0,True,dark,"(198, 206, 214, 253)",97.12843,98.69465
129,66,"(96, 96, 96, 95)",95,29.82752,0,10,9,solid-achromatic-core,edge,False,79.0,True,dark,"(199, 206, 213, 253)",93.70997,94.98351
130,66,"(96, 96, 96, 95)",95,29.82752,0,10,9,solid-achromatic-core,edge,False,80.0,True,dark,"(198, 205, 213, 253)",92.80081,94.06717
131,66,"(96, 96, 96, 95)",95,29.82752,0,10,9,solid-achromatic-core,edge,False,81.0,True,dark,"(198, 205, 213, 253)",92.80081,94.06717
132,66,"(96, 96, 96, 95)",95,29.82752,0,10,9,solid-achromatic-core,edge,False,82.0,True,dark,"(198, 205, 214, 253)",92.80081,94.16332
133,66,"(98, 98, 98, 96)",96,31.14539,0,10,9,solid-achromatic-core,edge,False,83.0,True,dark,"(198, 205, 213, 253)",92.80081,94.98351
134,66,"(95, 95, 95, 93)",93,29.18102,0,10,9,solid-achromatic-core,edge,False,84.0,True,dark,"(197, 205, 213, 253)",92.54115,95.07966
135,66,"(136, 136, 136, 133)",133,62.78136,0,10,9,solid-achromatic-core,edge,False,85.0,True,dark,"(198, 205, 214, 253)",99.13467,100.72515
136,66,"(250, 250, 250, 251)",251,243.77324,0,10,9,solid-achromatic-core,interior,False,86.0,True,light,"(198, 205, 213, 253)",241.56317,241.56317
137,66,"(219, 219, 219, 214)",214,180.63586,0,10,9,solid-achromatic-core,edge,False,87.0,True,mid,"(197, 205, 213, 253)",174.84987,176.29361
140,66,"(140, 140, 140, 49)",49,66.87393,0,11,10,solid-achromatic-core,edge,False,90.0,True,mid,"(196, 204, 212, 253)",129.74329,132.83151
141,66,"(248, 248, 248, 255)",255,239.3649,0,11,10,solid-achromatic-core,interior,False,91.0,True,light,"(197, 204, 212, 253)",239.3649,239.3649
142,66,"(241, 241, 241, 231)",231,224.30371,0,11,10,solid-achromatic-core,edge,False,92.0,True,light,"(197, 205, 213, 253)",215.66444,217.58295
143,66,"(117, 117, 117, 119)",119,45.36155,0,11,10,solid-achromatic-core,edge,False,93.0,True,dark,"(197, 205, 213, 253)",92.44647,93.97175
144,66,"(95, 95, 95, 93)",93,29.18102,0,11,10,solid-achromatic-core,edge,False,94.0,True,dark,"(196, 204, 212, 253)",92.54115,93.80539
145,66,"(100, 100, 100, 96)",96,32.49661,0,11,10,solid-achromatic-core,edge,False,95.0,True,dark,"(195, 203, 211, 253)",92.54115,93.80539
146,66,"(96, 96, 96, 95)",95,29.82752,0,11,10,solid-achromatic-core,edge,False,96.0,True,dark,"(195, 202, 210, 253)",90.2981,91.54446
147,66,"(96, 96, 96, 95)",95,29.82752,0,11,10,solid-achromatic-core,edge,False,97.0,True,dark,"(195, 203, 211, 253)",91.28691,92.54115
148,66,"(96, 96, 96, 95)",95,29.82752,0,11,10,solid-achromatic-core,edge,False,98.0,True,dark,"(196, 204, 211, 253)",91.28691,93.70997
149,66,"(93, 93, 93, 95)",95,27.91274,0,11,10,solid-achromatic-core,edge,False,99.0,True,dark,"(196, 203, 211, 253)",90.04264,91.28691
150,66,"(103, 103, 103, 91)",91,34.5865,0,11,10,solid-achromatic-core,edge,False,100.0,True,dark,"(195, 202, 211, 253)",95.44043,96.72758
151,66,"(55, 55, 55, 51)",51,9.74211,0,11,10,solid-achromatic-core,edge,False,101.0,True,dark,"(194, 202, 211, 253)",102.59337,104.3137
152,66,"(0, 0, 0, 5)",5,0.0,0,0,10,diagnostic-tonal-attachment,not-core,True,102.0,False,dark,"(195, 203, 212, 253)",140.7793,144.01709
154,66,"(0, 0, 0, 2)",2,0.0,0,0,10,diagnostic-tonal-attachment,not-core,True,104.0,False,dark,"(196, 203, 211, 253)",144.22372,147.50751
165,66,"(213, 213, 213, 180)",180,169.67378,0,12,10,solid-achromatic-core,edge,False,115.0,True,mid,"(195, 203, 211, 253)",162.10216,163.85422
166,66,"(255, 255, 255, 255)",255,255.0,0,12,10,solid-achromatic-core,interior,False,116.0,True,light,"(196, 203, 212, 253)",255.0,255.0
167,66,"(166, 166, 166, 89)",89,97.23817,0,12,10,solid-achromatic-core,edge,False,117.0,True,mid,"(196, 203, 211, 253)",128.72551,130.25742
175,66,"(0, 0, 0, 4)",4,0.0,0,0,10,diagnostic-tonal-attachment,not-core,True,125.0,False,dark,"(195, 202, 210, 253)",140.98299,144.22372
176,66,"(186, 186, 186, 176)",176,125.21033,0,13,10,solid-achromatic-core,edge,False,126.0,True,mid,"(195, 202, 210, 253)",130.87636,132.42325
177,66,"(249, 249, 249, 255)",255,241.56317,0,13,10,solid-achromatic-core,interior,False,127.0,True,light,"(195, 202, 210, 253)",241.56317,241.56317
178,66,"(156, 156, 156, 124)",124,84.77515,0,13,10,solid-achromatic-core,edge,False,128.0,True,mid,"(194, 201, 209, 253)",112.753,114.17131
189,66,"(204, 204, 204, 170)",170,153.976,0,13,10,solid-achromatic-core,edge,False,139.0,True,mid,"(192, 201, 209, 253)",149.91695,151.59106
190,66,"(255, 255, 255, 255)",255,255.0,0,13,10,solid-achromatic-core,interior,False,140.0,True,light,"(192, 200, 208, 253)",255.0,255.0
191,66,"(152, 152, 152, 129)",129,80.06713,0,13,10,solid-achromatic-core,edge,False,141.0,True,mid,"(190, 198, 206, 253)",106.09917,108.56001
192,66,"(0, 0, 0, 2)",2,0.0,0,0,10,diagnostic-tonal-attachment,not-core,True,142.0,False,dark,"(190, 197, 206, 253)",135.07095,137.90712
194,66,"(0, 0, 0, 9)",9,0.0,0,0,10,diagnostic-tonal-attachment,not-core,True,144.0,False,dark,"(191, 197, 205, 253)",127.2375,130.29094
195,66,"(177, 177, 177, 171)",171,112.11259,0,14,10,solid-achromatic-core,edge,False,145.0,True,mid,"(191, 198, 206, 253)",120.45156,121.92551
196,66,"(255, 255, 255, 255)",255,255.0,0,14,10,solid-achromatic-core,edge,False,146.0,True,light,"(189, 197, 204, 253)",255.0,255.0
197,66,"(243, 243, 243, 242)",242,228.54871,0,14,10,solid-achromatic-core,edge,False,147.0,True,light,"(187, 194, 202, 253)",222.19864,223.85617
198,66,"(180, 180, 180, 157)",157,116.38483,0,14,10,solid-achromatic-core,edge,False,148.0,True,mid,"(186, 193, 201, 253)",121.61612,123.09831
199,66,"(102, 102, 102, 95)",95,33.88142,0,14,10,solid-achromatic-core,edge,False,149.0,True,dark,"(184, 191, 198, 253)",84.21515,86.27839
200,66,"(98, 98, 98, 96)",96,31.14539,0,14,10,solid-achromatic-core,edge,False,150.0,True,dark,"(183, 191, 197, 253)",82.60814,83.8805
201,66,"(96, 96, 96, 95)",95,29.82752,0,14,10,solid-achromatic-core,edge,False,151.0,True,dark,"(183, 190, 197, 253)",81.52194,82.69632
202,66,"(96, 96, 96, 95)",95,29.82752,0,14,10,solid-achromatic-core,edge,False,152.0,True,dark,"(182, 190, 196, 253)",81.43448,82.69632
203,66,"(96, 96, 96, 95)",95,29.82752,0,14,10,solid-achromatic-core,edge,False,153.0,True,dark,"(180, 188, 194, 253)",79.20254,81.43448
204,66,"(98, 98, 98, 96)",96,31.14539,0,14,10,solid-achromatic-core,edge,False,154.0,True,dark,"(178, 185, 192, 253)",78.29219,79.43932
205,66,"(100, 100, 100, 96)",96,32.49661,0,14,10,solid-achromatic-core,edge,False,155.0,True,dark,"(176, 184, 192, 253)",78.14351,79.2893
206,66,"(96, 96, 96, 100)",100,29.82752,0,14,10,solid-achromatic-core,edge,False,156.0,True,dark,"(175, 182, 189, 253)",73.80069,74.90907
207,66,"(240, 240, 240, 224)",224,222.19864,0,14,10,solid-achromatic-core,edge,False,157.0,True,light,"(172, 178, 185, 253)",205.49266,207.35793
208,66,"(255, 255, 255, 255)",255,255.0,0,14,10,solid-achromatic-core,interior,False,158.0,True,light,"(167, 175, 182, 253)",255.0,255.0
209,66,"(127, 123, 123, 68)",68,51.27541,4,14,10,solid-achromatic-core,edge,False,159.0,True,dark,"(163, 170, 177, 253)",84.21515,85.50302
77,67,"(0, 0, 0, 14)",14,0.0,0,0,6,diagnostic-tonal-attachment,not-core,True,27.01851,False,dark,"(201, 209, 217, 253)",137.78514,140.98299
78,67,"(237, 237, 237, 209)",209,215.95268,0,6,6,solid-achromatic-core,edge,False,28.01785,True,light,"(201, 209, 217, 253)",203.63795,205.49266
79,67,"(255, 255, 255, 255)",255,255.0,0,6,6,solid-achromatic-core,interior,False,29.01724,True,light,"(201, 209, 217, 253)",255.0,255.0
80,67,"(122, 122, 122, 81)",81,49.62754,0,6,6,solid-achromatic-core,edge,False,30.01666,True,dark,"(201, 209, 217, 253)",115.11714,116.95757
83,67,"(233, 233, 233, 232)",232,207.78589,0,7,7,solid-achromatic-core,edge,False,33.01515,True,light,"(200, 208, 216, 253)",201.504,203.3481
84,67,"(245, 245, 245, 243)",243,232.84016,0,7,7,solid-achromatic-core,interior,False,34.0147,True,light,"(200, 209, 216, 253)",228.09622,228.7032
85,67,"(62, 62, 62, 74)",74,12.28381,0,7,7,solid-achromatic-core,edge,False,35.01428,True,dark,"(200, 208, 216, 253)",93.64188,95.17655
96,67,"(45, 45, 45, 68)",68,6.69151,0,7,7,solid-achromatic-core,edge,False,46.01087,True,dark,"(200, 208, 215, 253)",92.2836,93.54573
97,67,"(242, 242, 242, 237)",237,226.42041,0,7,7,solid-achromatic-core,interior,False,47.01064,True,light,"(200, 208, 215, 253)",219.66248,221.75354
98,67,"(234, 234, 234, 240)",240,209.81039,0,7,7,solid-achromatic-core,interior,False,48.01041,True,light,"(201, 208, 216, 253)",205.34731,205.9182
99,67,"(90, 90, 90, 34)",34,26.07165,0,7,7,solid-achromatic-core,edge,False,49.0102,True,dark,"(200, 208, 215, 253)",129.74329,132.83151
101,67,"(105, 105, 105, 75)",75,36.02214,0,8,8,solid-achromatic-core,edge,False,51.0098,True,dark,"(200, 207, 215, 253)",108.4826,111.16048
102,67,"(255, 255, 255, 255)",255,255.0,0,8,8,solid-achromatic-core,interior,False,52.00961,True,light,"(199, 206, 215, 253)",255.0,255.0
103,67,"(241, 241, 241, 219)",219,224.30371,0,8,8,solid-achromatic-core,edge,False,53.00943,True,light,"(199, 207, 215, 253)",211.70998,213.60713
110,67,"(216, 216, 216, 185)",185,175.10478,0,8,8,solid-achromatic-core,edge,False,60.00833,True,mid,"(198, 206, 213, 253)",167.39133,169.17641
111,67,"(255, 255, 255, 255)",255,255.0,0,8,8,solid-achromatic-core,interior,False,61.0082,True,light,"(199, 207, 214, 253)",255.0,255.0
112,67,"(172, 172, 172, 87)",87,105.19838,0,8,8,solid-achromatic-core,edge,False,62.00806,True,mid,"(198, 206, 214, 253)",134.91673,136.60994
118,67,"(126, 126, 126, 103)",103,53.2024,0,9,8,solid-achromatic-core,edge,False,68.00735,True,dark,"(199, 206, 214, 253)",104.56074,106.89978
119,67,"(253, 253, 253, 255)",255,250.47389,0,9,8,solid-achromatic-core,interior,False,69.00725,True,light,"(198, 206, 214, 253)",250.47389,250.47389
120,67,"(199, 199, 199, 179)",179,145.63686,0,9,8,solid-achromatic-core,edge,False,70.00714,True,mid,"(198, 206, 214, 253)",146.82542,148.47939
135,67,"(80, 80, 80, 73)",73,20.45606,0,10,9,solid-achromatic-core,edge,False,85.00588,True,dark,"(197, 205, 213, 253)",98.69465,100.10693
136,67,"(249, 249, 249, 248)",248,241.56317,0,10,9,solid-achromatic-core,interior,False,86.00581,True,light,"(197, 205, 213, 253)",237.17828,239.3649
137,67,"(220, 220, 220, 213)",213,182.50188,0,10,9,solid-achromatic-core,edge,False,87.00574,True,mid,"(197, 204, 213, 253)",176.29361,176.81476
140,67,"(121, 121, 121, 46)",46,48.75643,0,11,10,solid-achromatic-core,edge,False,90.00555,True,dark,"(197, 205, 213, 253)",127.12174,129.74329
141,67,"(239, 239, 239, 252)",252,220.10509,0,11,10,solid-achromatic-core,interior,False,91.00549,True,light,"(197, 205, 213, 253)",218.02313,220.10509
142,67,"(240, 240, 240, 215)",215,222.19864,0,11,10,solid-achromatic-core,edge,False,92.00543,True,light,"(196, 205, 213, 253)",209.09901,211.13094
143,67,"(0, 0, 0, 27)",27,0.0,0,0,10,diagnostic-tonal-attachment,not-core,True,93.00538,False,dark,"(196, 204, 213, 253)",115.15189,118.03329
165,67,"(213, 213, 213, 180)",180,169.67378,0,12,10,solid-achromatic-core,edge,False,115.00435,True,mid,"(195, 202, 211, 253)",162.10216,163.85422
166,67,"(255, 255, 255, 255)",255,255.0,0,12,10,solid-achromatic-core,interior,False,116.00431,True,light,"(196, 203, 212, 253)",255.0,255.0
167,67,"(166, 166, 166, 89)",89,97.23817,0,12,10,solid-achromatic-core,edge,False,117.00427,True,mid,"(196, 203, 211, 253)",128.72551,130.25742
175,67,"(0, 0, 0, 3)",3,0.0,0,0,10,diagnostic-tonal-attachment,not-core,True,125.004,False,dark,"(196, 203, 211, 253)",144.09938,147.50751
176,67,"(169, 169, 169, 164)",164,101.17259,0,13,10,solid-achromatic-core,edge,False,126.00397,True,mid,"(195, 203, 211, 253)",115.79176,117.23223
177,67,"(253, 253, 253, 255)",255,250.47389,0,13,10,solid-achromatic-core,interior,False,127.00394,True,light,"(194, 202, 210, 253)",250.47389,250.47389
178,67,"(177, 177, 177, 142)",142,112.11259,0,13,10,solid-achromatic-core,edge,False,128.00391,True,mid,"(195, 202, 210, 253)",126.09419,127.7206
189,67,"(204, 204, 204, 170)",170,153.976,0,13,10,solid-achromatic-core,edge,False,139.0036,True,mid,"(192, 200, 208, 253)",149.79416,151.4675
190,67,"(255, 255, 255, 255)",255,255.0,0,13,10,solid-achromatic-core,interior,False,140.00357,True,light,"(191, 199, 207, 253)",255.0,255.0
191,67,"(152, 152, 152, 129)",129,80.06713,0,13,10,solid-achromatic-core,edge,False,141.00354,True,mid,"(191, 198, 207, 253)",106.20125,108.56001
192,67,"(0, 0, 0, 1)",1,0.0,0,0,10,diagnostic-tonal-attachment,not-core,True,142.00352,False,dark,"(191, 197, 206, 253)",136.64619,139.82872
194,67,"(129, 129, 129, 110)",110,55.97919,0,14,10,solid-achromatic-core,edge,False,144.00348,True,dark,"(191, 197, 205, 253)",96.89809,99.13467
195,67,"(255, 255, 255, 255)",255,255.0,0,14,10,solid-achromatic-core,edge,False,145.00345,True,light,"(191, 198, 205, 253)",255.0,255.0
196,67,"(240, 240, 240, 241)",241,222.19864,0,14,10,solid-achromatic-core,edge,False,146.00342,True,light,"(190, 197, 205, 253)",215.95268,217.58295
197,67,"(124, 124, 124, 100)",100,51.39684,0,14,10,solid-achromatic-core,edge,False,147.0034,True,dark,"(189, 195, 203, 253)",96.62997,97.92645
206,67,"(0, 0, 0, 9)",9,0.0,0,0,10,diagnostic-tonal-attachment,not-core,True,156.0032,False,dark,"(174, 181, 188, 253)",105.18447,107.9185
207,67,"(242, 242, 242, 207)",207,226.42041,0,14,10,solid-achromatic-core,edge,False,157.00319,True,light,"(172, 178, 185, 253)",199.52675,201.504
208,67,"(255, 255, 255, 255)",255,255.0,0,14,10,solid-achromatic-core,interior,False,158.00316,True,light,"(168, 175, 182, 253)",255.0,255.0
209,67,"(125, 121, 121, 67)",67,49.50874,4,14,10,solid-achromatic-core,edge,False,159.00314,True,dark,"(164, 171, 178, 253)",84.21515,86.61864
75,68,"(191, 191, 191, 4)",4,132.8539,0,0,6,diagnostic-tonal-attachment,not-core,True,25.07987,False,mid,"(203, 210, 218, 253)",159.21066,162.82173
77,68,"(121, 121, 121, 99)",99,48.75643,0,6,6,solid-achromatic-core,edge,False,27.07397,True,dark,"(200, 208, 216, 253)",105.63715,107.00259
78,68,"(244, 244, 244, 242)",242,230.68864,0,6,6,solid-achromatic-core,edge,False,28.07134,True,light,"(201, 209, 216, 253)",225.97041,226.57408
79,68,"(230, 230, 230, 236)",236,201.78099,0,6,6,solid-achromatic-core,edge,False,29.06888,True,light,"(201, 209, 216, 253)",197.41884,197.97675
80,68,"(100, 100, 100, 33)",33,32.49661,0,6,6,solid-achromatic-core,edge,False,30.06659,True,dark,"(201, 209, 216, 253)",134.39154,137.54353
83,68,"(233, 233, 233, 233)",233,207.78589,0,7,7,solid-achromatic-core,edge,False,33.06055,True,light,"(200, 208, 215, 253)",201.9247,203.3481
84,68,"(245, 245, 245, 243)",243,232.84016,0,7,7,solid-achromatic-core,interior,False,34.05877,True,light,"(200, 208, 216, 253)",228.09622,228.7032
85,68,"(62, 62, 62, 74)",74,12.28381,0,7,7,solid-achromatic-core,edge,False,35.05709,True,dark,"(200, 208, 215, 253)",93.54573,95.07966
96,68,"(47, 47, 47, 65)",65,7.24864,0,7,7,solid-achromatic-core,edge,False,46.04346,True,dark,"(200, 208, 216, 253)",94.91477,97.49068
97,68,"(242, 242, 242, 237)",237,226.42041,0,7,7,solid-achromatic-core,interior,False,47.04253,True,light,"(200, 208, 216, 253)",219.81363,221.75354
98,68,"(234, 234, 234, 240)",240,209.81039,0,7,7,solid-achromatic-core,interior,False,48.04165,True,light,"(201, 208, 216, 253)",205.34731,205.9182
99,68,"(90, 90, 90, 34)",34,26.07165,0,7,7,solid-achromatic-core,edge,False,49.0408,True,dark,"(200, 208, 215, 253)",129.74329,132.83151
101,68,"(105, 105, 105, 75)",75,36.02214,0,8,8,solid-achromatic-core,edge,False,51.0392,True,dark,"(199, 207, 214, 253)",108.37828,110.87302
102,68,"(255, 255, 255, 255)",255,255.0,0,8,8,solid-achromatic-core,interior,False,52.03845,True,light,"(198, 206, 214, 253)",255.0,255.0
103,68,"(241, 241, 241, 219)",219,224.30371,0,8,8,solid-achromatic-core,edge,False,53.03772,True,light,"(199, 207, 215, 253)",211.70998,213.60713
110,68,"(216, 216, 216, 185)",185,175.10478,0,8,8,solid-achromatic-core,edge,False,60.03333,True,mid,"(197, 205, 212, 253)",167.39133,169.17641
111,68,"(255, 255, 255, 255)",255,255.0,0,8,8,solid-achromatic-core,interior,False,61.03278,True,light,"(198, 206, 214, 253)",255.0,255.0
112,68,"(172, 172, 172, 87)",87,105.19838,0,8,8,solid-achromatic-core,edge,False,62.03225,True,mid,"(198, 205, 214, 253)",133.79308,136.60994
118,68,"(125, 125, 125, 104)",104,52.29507,0,9,8,solid-achromatic-core,edge,False,68.0294,True,dark,"(199, 206, 215, 253)",104.28191,105.91811
119,68,"(253, 253, 253, 255)",255,250.47389,0,9,8,solid-achromatic-core,interior,False,69.02898,True,light,"(197, 206, 214, 253)",250.47389,250.47389
120,68,"(199, 199, 199, 179)",179,145.63686,0,9,8,solid-achromatic-core,edge,False,70.02856,True,mid,"(199, 206, 215, 253)",146.94662,148.60136
133,68,"(0, 0, 0, 1)",1,0.0,0,0,9,diagnostic-tonal-attachment,not-core,True,83.02409,False,dark,"(197, 205, 213, 253)",148.82704,152.17116
134,68,"(0, 0, 0, 4)",4,0.0,0,0,9,diagnostic-tonal-attachment,not-core,True,84.0238,False,dark,"(196, 204, 212, 253)",143.89195,147.17122
135,68,"(190, 190, 190, 167)",167,131.30403,0,10,9,solid-achromatic-core,edge,False,85.02353,True,mid,"(196, 204, 213, 253)",136.91246,138.50047
136,68,"(255, 255, 255, 255)",255,255.0,0,10,9,solid-achromatic-core,interior,False,86.02325,True,light,"(197, 205, 213, 253)",255.0,255.0
137,68,"(180, 180, 180, 172)",172,116.38483,0,10,9,solid-achromatic-core,edge,False,87.02299,True,mid,"(197, 205, 213, 253)",126.41024,127.92622
138,68,"(0, 0, 0, 1)",1,0.0,0,0,9,diagnostic-tonal-attachment,not-core,True,88.02273,False,dark,"(197, 205, 213, 253)",148.82704,152.17116
140,68,"(138, 138, 138, 48)",48,64.80881,0,11,10,solid-achromatic-core,edge,False,90.02222,True,mid,"(198, 205, 213, 253)",131.59816,133.58838
141,68,"(252, 252, 252, 255)",255,248.22858,0,11,10,solid-achromatic-core,interior,False,91.02197,True,light,"(196, 204, 212, 253)",248.22858,248.22858
142,68,"(237, 237, 237, 222)",222,215.95268,0,11,10,solid-achromatic-core,edge,False,92.02174,True,light,"(196, 204, 212, 253)",205.49266,207.5041
143,68,"(20, 20, 20, 49)",49,1.78383,0,11,10,solid-achromatic-core,edge,False,93.0215,True,dark,"(196, 204, 211, 253)",97.12843,98.79375
165,68,"(213, 213, 213, 180)",180,169.67378,0,12,10,solid-achromatic-core,edge,False,115.01739,True,mid,"(195, 202, 210, 253)",162.10216,163.85422
166,68,"(255, 255, 255, 255)",255,255.0,0,12,10,solid-achromatic-core,interior,False,116.01724,True,light,"(195, 203, 211, 253)",255.0,255.0
167,68,"(167, 167, 167, 90)",90,98.53954,0,12,10,solid-achromatic-core,edge,False,117.01709,True,mid,"(195, 203, 210, 253)",128.6113,130.25742
175,68,"(0, 0, 0, 1)",1,0.0,0,0,10,diagnostic-tonal-attachment,not-core,True,125.016,False,dark,"(195, 203, 211, 253)",145.5262,148.82704
176,68,"(140, 140, 140, 118)",118,66.87393,0,13,10,solid-achromatic-core,edge,False,126.01587,True,mid,"(195, 202, 211, 253)",104.56074,105.91811
177,68,"(255, 255, 255, 255)",255,255.0,0,13,10,solid-achromatic-core,interior,False,127.01575,True,light,"(194, 202, 211, 253)",255.0,255.0
178,68,"(227, 227, 227, 206)",206,195.87857,0,13,10,solid-achromatic-core,edge,False,128.01562,True,light,"(194, 202, 210, 253)",184.25349,186.14119
189,68,"(203, 203, 203, 169)",169,152.28648,0,13,10,solid-achromatic-core,edge,False,139.01439,True,mid,"(192, 199, 207, 253)",148.13171,149.79416
190,68,"(255, 255, 255, 255)",255,255.0,0,13,10,solid-achromatic-core,interior,False,140.01428,True,light,"(191, 198, 206, 253)",255.0,255.0
191,68,"(152, 152, 152, 129)",129,80.06713,0,13,10,solid-achromatic-core,edge,False,141.01419,True,mid,"(191, 198, 206, 253)",106.09917,108.56001
193,68,"(0, 0, 0, 4)",4,0.0,0,0,10,diagnostic-tonal-attachment,not-core,True,143.01399,False,dark,"(191, 198, 206, 253)",134.63004,137.78514
194,68,"(200, 200, 200, 191)",191,147.28304,0,14,10,solid-achromatic-core,edge,False,144.01389,True,mid,"(190, 197, 205, 253)",143.89299,145.52766
195,68,"(253, 253, 253, 253)",253,250.47389,0,14,10,solid-achromatic-core,interior,False,145.01379,True,light,"(190, 197, 205, 253)",248.22858,250.47389
196,68,"(182, 182, 182, 147)",147,119.28488,0,14,10,solid-achromatic-core,edge,False,146.0137,True,mid,"(190, 196, 204, 253)",126.09419,127.60793
198,68,"(145, 145, 145, 7)",7,72.20294,0,0,10,diagnostic-tonal-attachment,not-core,True,148.01352,False,mid,"(187, 194, 201, 253)",131.2821,134.39154
206,68,"(0, 0, 0, 32)",32,0.0,0,14,10,solid-achromatic-core,edge,False,156.01282,True,dark,"(174, 180, 188, 253)",83.90855,85.34769
207,68,"(237, 237, 237, 216)",216,215.95268,0,14,10,solid-achromatic-core,edge,False,157.01274,True,light,"(171, 177, 184, 253)",195.60634,197.56088
208,68,"(255, 255, 255, 255)",255,255.0,0,14,10,solid-achromatic-core,interior,False,158.01266,True,light,"(168, 175, 182, 253)",255.0,255.0
209,68,"(125, 121, 121, 67)",67,49.50874,4,14,10,solid-achromatic-core,edge,False,159.01257,True,dark,"(165, 172, 179, 253)",85.41196,87.58393
68,69,"(0, 0, 0, 1)",1,0.0,0,0,6,diagnostic-tonal-attachment,not-core,True,18.24829,False,dark,"(200, 208, 216, 253)",153.85953,157.26886
74,69,"(0, 0, 0, 1)",1,0.0,0,0,6,diagnostic-tonal-attachment,not-core,True,24.18677,False,dark,"(202, 210, 218, 253)",157.26886,160.72189
75,69,"(0, 0, 0, 5)",5,0.0,0,0,6,diagnostic-tonal-attachment,not-core,True,25.17936,False,dark,"(203, 211, 219, 253)",153.85953,157.26886
76,69,"(92, 92, 92, 58)",58,27.29089,0,6,6,solid-achromatic-core,edge,False,26.1725,True,dark,"(202, 210, 218, 253)",116.77101,119.56495
77,69,"(228, 228, 228, 210)",210,197.8347,0,6,6,solid-achromatic-core,edge,False,27.16615,True,light,"(201, 208, 216, 253)",189.40675,189.95023
78,69,"(255, 255, 255, 255)",255,255.0,0,6,6,solid-achromatic-core,interior,False,28.16026,True,light,"(200, 208, 216, 253)",255.0,255.0
79,69,"(163, 163, 163, 154)",154,93.39444,0,6,6,solid-achromatic-core,edge,False,29.15476,True,mid,"(201, 209, 216, 253)",115.79176,117.23223
80,69,"(0, 0, 0, 6)",6,0.0,0,0,6,diagnostic-tonal-attachment,not-core,True,30.14963,False,dark,"(201, 208, 216, 253)",147.50751,150.83452
83,69,"(230, 230, 230, 230)",230,201.78099,0,7,7,solid-achromatic-core,edge,False,33.13608,True,light,"(200, 208, 216, 253)",195.60634,197.56088
84,69,"(245, 245, 245, 242)",242,232.84016,0,7,7,solid-achromatic-core,interior,False,34.1321,True,light,"(201, 208, 216, 253)",228.09622,228.7032
85,69,"(35, 35, 35, 71)",71,4.28588,0,7,7,solid-achromatic-core,edge,False,35.12834,True,dark,"(201, 208, 216, 253)",86.46123,88.80833
87,69,"(0, 0, 0, 1)",1,0.0,0,0,7,diagnostic-tonal-attachment,not-core,False,37.12142,False,dark,"(201, 209, 216, 253)",155.42883,158.8584
94,69,"(0, 0, 0, 1)",1,0.0,0,0,7,diagnostic-tonal-attachment,not-core,False,44.10215,False,dark,"(200, 207, 215, 253)",152.51428,155.90642
96,69,"(9, 9, 9, 55)",55,0.69659,0,7,7,solid-achromatic-core,edge,False,46.09772,True,dark,"(200, 208, 216, 253)",92.47517,94.91477
97,69,"(244, 244, 244, 233)",233,230.68864,0,7,7,solid-achromatic-core,interior,False,47.09565,True,light,"(200, 208, 216, 253)",222.35063,224.009
98,69,"(234, 234, 234, 240)",240,209.81039,0,7,7,solid-achromatic-core,interior,False,48.09366,True,light,"(200, 208, 215, 253)",205.34731,205.9182
99,69,"(90, 90, 90, 34)",34,26.07165,0,7,7,solid-achromatic-core,edge,False,49.09175,True,dark,"(199, 207, 215, 253)",128.64241,131.3994
101,69,"(105, 105, 105, 75)",75,36.02214,0,8,8,solid-achromatic-core,edge,False,51.08816,True,dark,"(199, 206, 214, 253)",108.37828,109.8693
102,69,"(255, 255, 255, 255)",255,255.0,0,8,8,solid-achromatic-core,interior,False,52.08647,True,light,"(198, 206, 214, 253)",255.0,255.0
103,69,"(241, 241, 241, 219)",219,224.30371,0,8,8,solid-achromatic-core,edge,False,53.08484,True,light,"(199, 207, 215, 253)",211.70998,213.60713
110,69,"(216, 216, 216, 185)",185,175.10478,0,8,8,solid-achromatic-core,edge,False,60.07495,True,mid,"(197, 204, 213, 253)",167.39133,169.17641
111,69,"(255, 255, 255, 255)",255,255.0,0,8,8,solid-achromatic-core,interior,False,61.07373,True,light,"(198, 205, 214, 253)",255.0,255.0
112,69,"(172, 172, 172, 87)",87,105.19838,0,8,8,solid-achromatic-core,edge,False,62.07254,True,mid,"(199, 206, 214, 253)",134.91673,136.93719
118,69,"(123, 123, 123, 103)",103,50.50767,0,9,8,solid-achromatic-core,edge,False,68.06615,True,dark,"(198, 206, 215, 253)",102.9369,104.6628
119,69,"(253, 253, 253, 255)",255,250.47389,0,9,8,solid-achromatic-core,interior,False,69.06519,True,light,"(198, 206, 214, 253)",250.47389,250.47389
120,69,"(199, 199, 199, 179)",179,145.63686,0,9,8,solid-achromatic-core,edge,False,70.06425,True,mid,"(197, 205, 214, 253)",146.48003,148.13171
125,69,"(0, 0, 0, 1)",1,0.0,0,0,9,diagnostic-tonal-attachment,not-core,True,75.05997,False,dark,"(197, 205, 213, 253)",148.82704,152.17116
126,69,"(0, 0, 0, 1)",1,0.0,0,0,9,diagnostic-tonal-attachment,not-core,True,76.05919,False,dark,"(197, 205, 213, 253)",148.82704,152.17116
132,69,"(0, 0, 0, 5)",5,0.0,0,0,9,diagnostic-tonal-attachment,not-core,True,82.05486,False,dark,"(197, 205, 213, 253)",143.89195,147.17122
133,69,"(51, 51, 51, 15)",15,8.44171,0,0,9,diagnostic-tonal-attachment,not-core,True,83.0542,False,dark,"(197, 204, 212, 253)",134.51038,137.66394
134,69,"(136, 136, 136, 110)",110,62.78136,0,10,9,solid-achromatic-core,edge,False,84.05355,True,dark,"(196, 204, 212, 253)",105.91811,108.27471
135,69,"(250, 250, 250, 251)",251,243.77324,0,10,9,solid-achromatic-core,edge,False,85.05293,True,light,"(196, 204, 212, 253)",241.56317,241.56317
136,69,"(246, 246, 246, 252)",252,235.00342,0,10,9,solid-achromatic-core,edge,False,86.05231,True,light,"(197, 205, 213, 253)",232.84016,234.5435
137,69,"(97, 97, 97, 86)",86,30.4823,0,10,9,solid-achromatic-core,edge,False,87.05171,True,dark,"(197, 205, 213, 253)",97.65833,99.06187
140,69,"(127, 127, 127, 46)",46,54.11884,0,11,10,solid-achromatic-core,edge,False,90.04999,True,dark,"(196, 203, 212, 253)",126.03596,128.75893
141,69,"(235, 235, 235, 251)",251,211.84634,0,11,10,solid-achromatic-core,interior,False,91.04944,True,light,"(195, 203, 212, 253)",209.81039,209.95738
142,69,"(238, 238, 238, 222)",222,218.02313,0,11,10,solid-achromatic-core,interior,False,92.0489,True,light,"(196, 204, 212, 253)",207.5041,209.52699
143,69,"(16, 16, 16, 47)",47,1.32129,0,11,10,solid-achromatic-core,edge,False,93.04838,True,dark,"(196, 203, 211, 253)",97.49068,99.16172
165,69,"(212, 212, 212, 178)",178,167.8856,0,12,10,solid-achromatic-core,edge,False,115.03912,True,mid,"(194, 202, 210, 253)",160.36111,162.10216
166,69,"(255, 255, 255, 255)",255,255.0,0,12,10,solid-achromatic-core,interior,False,116.03879,True,light,"(196, 203, 210, 253)",255.0,255.0
167,69,"(179, 179, 179, 94)",94,114.95039,0,12,10,solid-achromatic-core,edge,False,117.03845,True,mid,"(196, 202, 210, 253)",133.67577,135.68706
176,69,"(88, 83, 83, 46)",46,22.65867,5,13,10,solid-achromatic-core,edge,False,126.03571,True,dark,"(195, 203, 211, 253)",115.22523,117.06718
177,69,"(234, 234, 234, 237)",237,209.81039,0,13,10,solid-achromatic-core,edge,False,127.03543,True,light,"(194, 202, 210, 253)",203.91576,205.34731
178,69,"(249, 249, 249, 255)",255,241.56317,0,13,10,solid-achromatic-core,edge,False,128.03516,True,light,"(194, 201, 210, 253)",241.56317,241.56317
179,69,"(175, 175, 175, 142)",142,109.3161,0,13,10,solid-achromatic-core,edge,False,129.03488,True,mid,"(194, 202, 210, 253)",124.27941,125.78037
180,69,"(107, 107, 107, 19)",19,37.49195,0,0,10,diagnostic-tonal-attachment,not-core,True,130.03461,False,dark,"(194, 202, 210, 253)",134.51038,137.34119
181,69,"(0, 0, 0, 4)",4,0.0,0,0,10,diagnostic-tonal-attachment,not-core,True,131.03435,False,dark,"(194, 201, 210, 253)",139.50146,142.72234
187,69,"(0, 0, 0, 4)",4,0.0,0,0,10,diagnostic-tonal-attachment,not-core,True,137.03284,False,dark,"(192, 200, 208, 253)",137.46239,140.65575
188,69,"(0, 0, 0, 1)",1,0.0,0,0,10,diagnostic-tonal-attachment,not-core,True,138.03261,False,dark,"(192, 200, 209, 253)",140.7793,144.01709
189,69,"(205, 205, 205, 165)",165,155.67638,0,13,10,solid-achromatic-core,edge,False,139.03236,True,mid,"(192, 200, 208, 253)",149.91695,151.59106
190,69,"(255, 255, 255, 255)",255,255.0,0,13,10,solid-achromatic-core,interior,False,140.03214,True,light,"(191, 198, 207, 253)",255.0,255.0
191,69,"(152, 152, 152, 129)",129,80.06713,0,13,10,solid-achromatic-core,edge,False,141.03191,True,mid,"(190, 198, 206, 253)",106.09917,108.56001
194,69,"(223, 223, 223, 222)",222,188.16718,0,14,10,solid-achromatic-core,edge,False,144.03125,True,mid,"(191, 198, 205, 253)",180.37625,182.24071
195,69,"(246, 246, 246, 245)",245,235.00342,0,14,10,solid-achromatic-core,interior,False,145.03104,True,light,"(190, 197, 205, 253)",230.23369,230.68864
196,69,"(82, 82, 82, 77)",77,21.51593,0,14,10,solid-achromatic-core,edge,False,146.03082,True,dark,"(189, 196, 204, 253)",88.90156,90.39207
197,69,"(127, 127, 127, 2)",2,54.11884,0,0,10,diagnostic-tonal-attachment,not-core,True,147.03061,False,dark,"(188, 195, 203, 253)",133.38672,136.52501
206,69,"(0, 0, 0, 30)",30,0.0,0,0,10,diagnostic-tonal-attachment,not-core,True,156.02884,False,dark,"(173, 180, 188, 253)",85.10267,87.52048
207,69,"(238, 238, 238, 215)",215,218.02313,0,14,10,solid-achromatic-core,edge,False,157.02866,True,light,"(170, 177, 184, 253)",197.56088,197.70375
208,69,"(255, 255, 255, 255)",255,255.0,0,14,10,solid-achromatic-core,interior,False,158.02847,True,light,"(168, 174, 181, 253)",255.0,255.0
209,69,"(125, 121, 121, 67)",67,49.50874,4,14,10,solid-achromatic-core,edge,False,159.02831,True,dark,"(165, 171, 178, 253)",84.46226,86.61864
67,70,"(0, 0, 0, 1)",1,0.0,0,0,6,diagnostic-tonal-attachment,not-core,True,17.11724,False,dark,"(202, 210, 217, 253)",157.13817,160.58958
68,70,"(96, 96, 96, 53)",53,29.82752,0,6,6,solid-achromatic-core,edge,False,18.11077,True,dark,"(200, 208, 216, 253)",119.56495,122.20746
69,70,"(158, 158, 158, 111)",111,87.18819,0,6,6,solid-achromatic-core,edge,False,19.10497,True,mid,"(200, 208, 216, 253)",122.59214,124.50245
70,70,"(158, 158, 158, 108)",108,87.18819,0,6,6,solid-achromatic-core,edge,False,20.09975,True,mid,"(201, 209, 216, 253)",124.08115,125.89227
71,70,"(159, 159, 159, 109)",109,88.40955,0,6,6,solid-achromatic-core,edge,False,21.09502,True,mid,"(201, 209, 216, 253)",124.39054,127.09073
72,70,"(159, 159, 159, 109)",109,88.40955,0,6,6,solid-achromatic-core,edge,False,22.09072,True,mid,"(201, 209, 217, 253)",124.50245,127.09073
73,70,"(158, 158, 158, 111)",111,87.18819,0,6,6,solid-achromatic-core,edge,False,23.08679,True,mid,"(201, 209, 217, 253)",123.01044,125.58068
74,70,"(161, 161, 161, 106)",106,90.88206,0,6,6,solid-achromatic-core,edge,False,24.08319,True,mid,"(201, 209, 217, 253)",127.09073,128.72551
75,70,"(157, 157, 157, 134)",134,85.97673,0,6,6,solid-achromatic-core,edge,False,25.07987,True,mid,"(201, 209, 217, 253)",115.89834,118.38034
76,70,"(232, 232, 232, 231)",231,205.77286,0,6,6,solid-achromatic-core,edge,False,26.07681,True,light,"(202, 210, 217, 253)",199.94502,201.504
77,70,"(255, 255, 255, 255)",255,255.0,0,6,6,solid-achromatic-core,interior,False,27.07397,True,light,"(202, 209, 217, 253)",255.0,255.0
78,70,"(219, 219, 219, 217)",217,180.63586,0,6,6,solid-achromatic-core,edge,False,28.07134,True,mid,"(201, 208, 216, 253)",176.68083,176.81476
79,70,"(99, 94, 94, 46)",46,29.23883,5,6,6,solid-achromatic-core,edge,False,29.06888,True,dark,"(201, 208, 216, 253)",124.30573,125.92098
83,70,"(225, 225, 225, 222)",222,192.00031,0,7,7,solid-achromatic-core,edge,False,33.06055,True,light,"(201, 208, 216, 253)",186.0032,187.90129
84,70,"(250, 250, 250, 245)",245,243.77324,0,7,7,solid-achromatic-core,interior,False,34.05877,True,light,"(201, 208, 216, 253)",239.3649,239.52362
85,70,"(166, 166, 166, 138)",138,97.23817,0,7,7,solid-achromatic-core,edge,False,35.05709,True,mid,"(200, 209, 216, 253)",121.41856,124.27941
86,70,"(162, 162, 162, 107)",107,92.13326,0,7,7,solid-achromatic-core,edge,False,36.05551,True,mid,"(201, 209, 216, 253)",127.09073,128.92735
87,70,"(159, 159, 159, 110)",110,88.40955,0,7,7,solid-achromatic-core,edge,False,37.05402,True,mid,"(201, 208, 216, 253)",123.01044,125.89227
88,70,"(159, 159, 159, 109)",109,88.40955,0,7,7,solid-achromatic-core,edge,False,38.0526,True,mid,"(201, 209, 217, 253)",124.50245,127.09073
89,70,"(159, 159, 159, 109)",109,88.40955,0,7,7,solid-achromatic-core,edge,False,39.05125,True,mid,"(201, 208, 216, 253)",124.39054,126.00494
90,70,"(159, 159, 159, 109)",109,88.40955,0,7,7,solid-achromatic-core,edge,False,40.04997,True,mid,"(200, 208, 215, 253)",124.08115,125.58068
91,70,"(159, 159, 159, 109)",109,88.40955,0,7,7,solid-achromatic-core,edge,False,41.04875,True,mid,"(200, 208, 216, 253)",124.08115,125.69334
92,70,"(159, 159, 159, 109)",109,88.40955,0,7,7,solid-achromatic-core,edge,False,42.04759,True,mid,"(200, 208, 216, 253)",124.08115,125.69334
93,70,"(159, 159, 159, 109)",109,88.40955,0,7,7,solid-achromatic-core,edge,False,43.04649,True,mid,"(200, 208, 216, 253)",124.08115,125.69334
94,70,"(158, 158, 158, 111)",111,87.18819,0,7,7,solid-achromatic-core,edge,False,44.04543,True,mid,"(199, 207, 215, 253)",121.52894,124.08115
95,70,"(163, 163, 163, 106)",106,93.39444,0,7,7,solid-achromatic-core,edge,False,45.04442,True,mid,"(199, 207, 215, 253)",126.00494,128.6113
96,70,"(161, 161, 161, 136)",136,90.88206,0,7,7,solid-achromatic-core,edge,False,46.04346,True,mid,"(199, 207, 215, 253)",117.33956,118.79118
97,70,"(248, 248, 248, 241)",241,239.3649,0,7,7,solid-achromatic-core,interior,False,47.04253,True,light,"(199, 207, 215, 253)",232.99635,234.5435
98,70,"(233, 233, 233, 236)",236,207.78589,0,7,7,solid-achromatic-core,interior,False,48.04165,True,light,"(200, 208, 215, 253)",203.3481,203.91576
99,70,"(90, 90, 90, 34)",34,26.07165,0,7,7,solid-achromatic-core,edge,False,49.0408,True,dark,"(200, 207, 215, 253)",128.64241,131.71545
101,70,"(106, 106, 106, 74)",74,36.75276,0,8,8,solid-achromatic-core,edge,False,51.0392,True,dark,"(199, 206, 214, 253)",108.4826,111.16048
102,70,"(255, 255, 255, 253)",253,255.0,0,8,8,solid-achromatic-core,interior,False,52.03845,True,light,"(198, 206, 214, 253)",252.73106,255.0
103,70,"(240, 240, 240, 218)",218,222.19864,0,8,8,solid-achromatic-core,edge,False,53.03772,True,light,"(198, 206, 214, 253)",209.52699,211.56133
110,70,"(217, 217, 217, 183)",183,176.93732,0,8,8,solid-achromatic-core,edge,False,60.03333,True,mid,"(198, 205, 213, 253)",169.17641,170.97253
111,70,"(255, 255, 255, 252)",252,255.0,0,8,8,solid-achromatic-core,interior,False,61.03278,True,light,"(197, 205, 213, 253)",252.73106,252.89488
112,70,"(174, 174, 174, 86)",86,107.93327,0,8,8,solid-achromatic-core,edge,False,62.03225,True,mid,"(198, 206, 213, 253)",136.04802,138.07614
118,70,"(128, 128, 128, 107)",107,55.04443,0,9,8,solid-achromatic-core,edge,False,68.0294,True,dark,"(196, 204, 213, 253)",102.9369,104.28191
119,70,"(252, 252, 252, 253)",253,248.22858,0,9,8,solid-achromatic-core,interior,False,69.02898,True,light,"(198, 206, 214, 253)",245.995,248.22858
120,70,"(200, 200, 200, 178)",178,147.28304,0,9,8,solid-achromatic-core,edge,False,70.02856,True,mid,"(197, 205, 213, 253)",148.13171,149.79416
125,70,"(34, 34, 34, 15)",15,4.07905,0,0,9,diagnostic-tonal-attachment,not-core,True,75.02666,False,dark,"(198, 205, 213, 253)",134.51038,137.66394
126,70,"(117, 114, 114, 85)",85,43.43018,3,10,9,solid-achromatic-core,edge,False,76.02631,True,dark,"(198, 205, 214, 253)",106.02093,108.66357
127,70,"(155, 155, 155, 110)",110,83.58343,0,10,9,solid-achromatic-core,edge,False,77.02597,True,mid,"(198, 205, 214, 253)",118.59727,120.05788
128,70,"(156, 156, 156, 106)",106,84.77515,0,10,9,solid-achromatic-core,edge,False,78.02563,True,mid,"(197, 204, 212, 253)",119.94828,121.52894
129,70,"(159, 159, 159, 109)",109,88.40955,0,10,9,solid-achromatic-core,edge,False,79.02531,True,mid,"(196, 203, 211, 253)",119.94828,121.52894
130,70,"(157, 157, 157, 110)",110,85.97673,0,10,9,solid-achromatic-core,edge,False,80.02499,True,mid,"(196, 204, 212, 253)",118.59727,121.1136
131,70,"(159, 159, 159, 109)",109,88.40955,0,10,9,solid-achromatic-core,edge,False,81.02469,True,mid,"(198, 205, 213, 253)",121.41856,123.01044
132,70,"(161, 161, 161, 120)",120,90.88206,0,10,9,solid-achromatic-core,edge,False,82.02438,True,mid,"(197, 205, 213, 253)",119.94828,121.41856
133,70,"(185, 185, 185, 176)",176,123.71324,0,10,9,solid-achromatic-core,edge,False,83.02409,True,mid,"(197, 204, 212, 253)",130.87636,132.42325
134,70,"(253, 253, 253, 255)",255,250.47389,0,10,9,solid-achromatic-core,edge,False,84.0238,True,light,"(197, 204, 212, 253)",250.47389,250.47389
135,70,"(249, 249, 249, 255)",255,241.56317,0,10,9,solid-achromatic-core,edge,False,85.02353,True,light,"(197, 204, 212, 253)",241.56317,241.56317
136,70,"(175, 175, 175, 151)",151,109.3161,0,10,9,solid-achromatic-core,edge,False,86.02325,True,mid,"(197, 205, 212, 253)",124.59101,126.09419
138,70,"(0, 0, 0, 1)",1,0.0,0,0,9,diagnostic-tonal-attachment,not-core,True,88.02273,False,dark,"(196, 204, 212, 253)",147.17122,150.4937
140,70,"(127, 127, 127, 46)",46,54.11884,0,11,10,solid-achromatic-core,edge,False,90.02222,True,dark,"(196, 203, 211, 253)",125.92098,128.64241
141,70,"(238, 238, 238, 249)",249,218.02313,0,11,10,solid-achromatic-core,interior,False,91.02197,True,light,"(196, 203, 211, 253)",215.51497,215.95268
142,70,"(238, 238, 238, 221)",221,218.02313,0,11,10,solid-achromatic-core,interior,False,92.02174,True,light,"(196, 203, 211, 253)",207.5041,207.5041
143,70,"(15, 15, 15, 48)",48,1.21812,0,11,10,solid-achromatic-core,edge,False,93.0215,True,dark,"(197, 204, 212, 253)",97.49068,99.16172
165,70,"(209, 209, 209, 179)",179,162.5872,0,12,10,solid-achromatic-core,edge,False,115.01739,True,mid,"(194, 202, 210, 253)",156.91185,158.63101
166,70,"(255, 255, 255, 253)",253,255.0,0,12,10,solid-achromatic-core,interior,False,116.01724,True,light,"(195, 203, 210, 253)",252.73106,255.0
167,70,"(181, 181, 181, 94)",94,117.82965,0,12,10,solid-achromatic-core,edge,False,117.01709,True,mid,"(195, 203, 210, 253)",134.91673,137.95728
177,70,"(131, 131, 131, 101)",101,57.8763,0,13,10,solid-achromatic-core,edge,False,127.01575,True,dark,"(194, 201, 210, 253)",104.56074,106.02093
178,70,"(241, 241, 241, 245)",245,224.30371,0,13,10,solid-achromatic-core,edge,False,128.01562,True,light,"(195, 202, 210, 253)",220.10509,220.25624
179,70,"(255, 255, 255, 255)",255,255.0,0,13,10,solid-achromatic-core,edge,False,129.0155,True,light,"(193, 201, 209, 253)",255.0,255.0
180,70,"(200, 200, 200, 192)",192,147.28304,0,13,10,solid-achromatic-core,edge,False,130.01538,True,mid,"(194, 201, 209, 253)",145.52766,147.17311
181,70,"(156, 156, 156, 114)",114,84.77515,0,13,10,solid-achromatic-core,edge,False,131.01526,True,mid,"(193, 201, 208, 253)",115.19723,116.74063
182,70,"(163, 163, 163, 109)",109,93.39444,0,13,10,solid-achromatic-core,edge,False,132.01515,True,mid,"(193, 201, 209, 253)",120.05788,122.59214
183,70,"(157, 157, 157, 110)",110,85.97673,0,13,10,solid-achromatic-core,edge,False,133.01503,True,mid,"(194, 201, 210, 253)",117.14709,118.59727
184,70,"(159, 159, 159, 109)",109,88.40955,0,13,10,solid-achromatic-core,edge,False,134.01492,True,mid,"(193, 201, 210, 253)",118.29672,119.75513
185,70,"(159, 159, 159, 109)",109,88.40955,0,13,10,solid-achromatic-core,edge,False,135.01482,True,mid,"(193, 201, 209, 253)",118.18787,119.75513
186,70,"(157, 157, 157, 110)",110,85.97673,0,13,10,solid-achromatic-core,edge,False,136.01471,True,mid,"(193, 200, 208, 253)",115.70731,117.14709
187,70,"(166, 166, 166, 109)",109,97.23817,0,13,10,solid-achromatic-core,edge,False,137.0146,True,mid,"(193, 200, 208, 253)",121.52894,123.01044
188,70,"(149, 149, 149, 114)",114,76.63869,0,13,10,solid-achromatic-core,edge,False,138.0145,True,mid,"(192, 200, 209, 253)",109.76424,111.45011
189,70,"(221, 221, 221, 206)",206,184.37909,0,13,10,solid-achromatic-core,edge,False,139.01439,True,mid,"(192, 200, 208, 253)",174.98299,176.42752
190,70,"(255, 253, 253, 253)",253,251.43614,2,13,10,solid-achromatic-core,interior,False,140.01428,True,light,"(191, 198, 207, 253)",249.18581,250.95377
191,70,"(150, 150, 150, 127)",127,77.77178,0,13,10,solid-achromatic-core,edge,False,141.01419,True,mid,"(191, 198, 206, 253)",105.81605,107.18291
194,70,"(234, 234, 234, 233)",233,209.81039,0,14,10,solid-achromatic-core,edge,False,144.01389,True,light,"(191, 197, 206, 253)",201.9247,203.49261
195,70,"(247, 247, 247, 241)",241,237.17828,0,14,10,solid-achromatic-core,interior,False,145.01379,True,light,"(190, 197, 205, 253)",230.23369,230.84398
196,70,"(66, 66, 66, 65)",65,13.89247,0,14,10,solid-achromatic-core,edge,False,146.0137,True,dark,"(189, 196, 205, 253)",90.23129,92.37901
207,70,"(238, 238, 238, 215)",215,218.02313,0,14,10,solid-achromatic-core,edge,False,157.01274,True,light,"(171, 177, 185, 253)",197.56088,198.11961
208,70,"(255, 255, 255, 253)",253,255.0,0,14,10,solid-achromatic-core,interior,False,158.01266,True,light,"(168, 174, 182, 253)",252.73106,252.73106
209,70,"(127, 123, 123, 66)",66,51.27541,4,14,10,solid-achromatic-core,edge,False,159.01257,True,dark,"(165, 171, 178, 253)",85.66115,87.83521
67,71,"(0, 0, 0, 1)",1,0.0,0,0,6,diagnostic-tonal-attachment,not-core,True,17.02939,False,dark,"(202, 210, 218, 253)",157.26886,160.72189
68,71,"(166, 166, 166, 129)",129,97.23817,0,6,6,solid-achromatic-core,edge,False,18.02776,True,mid,"(202, 210, 217, 253)",124.70214,127.29189
69,71,"(255, 255, 255, 255)",255,255.0,0,6,6,solid-achromatic-core,interior,False,19.0263,True,light,"(201, 209, 216, 253)",255.0,255.0
70,71,"(255, 255, 255, 255)",255,255.0,0,6,6,solid-achromatic-core,interior,False,20.02498,True,light,"(201, 209, 216, 253)",255.0,255.0
71,71,"(255, 255, 255, 255)",255,255.0,0,6,6,solid-achromatic-core,interior,False,21.0238,True,light,"(201, 208, 216, 253)",255.0,255.0
72,71,"(255, 255, 255, 255)",255,255.0,0,6,6,solid-achromatic-core,interior,False,22.02271,True,light,"(200, 208, 216, 253)",255.0,255.0
73,71,"(255, 255, 255, 255)",255,255.0,0,6,6,solid-achromatic-core,interior,False,23.02173,True,light,"(200, 208, 215, 253)",255.0,255.0
74,71,"(255, 255, 255, 255)",255,255.0,0,6,6,solid-achromatic-core,interior,False,24.02082,True,light,"(201, 208, 217, 253)",255.0,255.0
75,71,"(255, 255, 255, 255)",255,255.0,0,6,6,solid-achromatic-core,interior,False,25.01999,True,light,"(201, 210, 217, 253)",255.0,255.0
76,71,"(241, 241, 241, 248)",248,224.30371,0,6,6,solid-achromatic-core,edge,False,26.01922,True,light,"(202, 210, 217, 253)",221.75354,222.19864
77,71,"(218, 218, 218, 201)",201,178.78102,0,6,6,solid-achromatic-core,edge,False,27.01851,True,mid,"(202, 210, 217, 253)",173.16229,174.98299
78,71,"(91, 91, 91, 61)",61,26.67721,0,6,6,solid-achromatic-core,edge,False,28.01785,True,dark,"(201, 209, 217, 253)",113.79942,116.6614
80,71,"(0, 0, 0, 1)",1,0.0,0,0,6,diagnostic-tonal-attachment,not-core,True,30.01666,False,dark,"(200, 208, 215, 253)",153.73041,157.13817
83,71,"(226, 226, 226, 232)",232,193.93378,0,7,7,solid-achromatic-core,edge,False,33.01515,True,light,"(200, 208, 216, 253)",189.67184,190.21689
84,71,"(255, 255, 255, 255)",255,255.0,0,7,7,solid-achromatic-core,interior,False,34.0147,True,light,"(200, 208, 216, 253)",255.0,255.0
85,71,"(255, 255, 255, 255)",255,255.0,0,7,7,solid-achromatic-core,interior,False,35.01428,True,light,"(200, 208, 216, 253)",255.0,255.0
86,71,"(255, 255, 255, 255)",255,255.0,0,7,7,solid-achromatic-core,interior,False,36.01389,True,light,"(200, 208, 215, 253)",255.0,255.0
87,71,"(255, 255, 255, 255)",255,255.0,0,7,7,solid-achromatic-core,interior,False,37.01351,True,light,"(200, 208, 216, 253)",255.0,255.0
88,71,"(255, 255, 255, 255)",255,255.0,0,7,7,solid-achromatic-core,interior,False,38.01316,True,light,"(201, 209, 217, 253)",255.0,255.0
89,71,"(255, 255, 255, 255)",255,255.0,0,7,7,solid-achromatic-core,interior,False,39.01282,True,light,"(202, 209, 216, 253)",255.0,255.0
90,71,"(255, 255, 255, 255)",255,255.0,0,7,7,solid-achromatic-core,interior,False,40.0125,True,light,"(201, 208, 216, 253)",255.0,255.0
91,71,"(255, 255, 255, 255)",255,255.0,0,7,7,solid-achromatic-core,interior,False,41.01219,True,light,"(200, 208, 215, 253)",255.0,255.0
92,71,"(255, 255, 255, 255)",255,255.0,0,7,7,solid-achromatic-core,interior,False,42.0119,True,light,"(200, 208, 216, 253)",255.0,255.0
93,71,"(255, 255, 255, 255)",255,255.0,0,7,7,solid-achromatic-core,interior,False,43.01163,True,light,"(200, 207, 216, 253)",255.0,255.0
94,71,"(255, 255, 255, 255)",255,255.0,0,7,7,solid-achromatic-core,interior,False,44.01136,True,light,"(199, 207, 215, 253)",255.0,255.0
95,71,"(255, 255, 255, 255)",255,255.0,0,7,7,solid-achromatic-core,interior,False,45.01111,True,light,"(199, 207, 215, 253)",255.0,255.0
96,71,"(255, 255, 255, 255)",255,255.0,0,7,7,solid-achromatic-core,interior,False,46.01087,True,light,"(198, 206, 214, 253)",255.0,255.0
97,71,"(255, 255, 255, 255)",255,255.0,0,7,7,solid-achromatic-core,interior,False,47.01064,True,light,"(198, 206, 214, 253)",255.0,255.0
98,71,"(230, 230, 230, 242)",242,201.78099,0,7,7,solid-achromatic-core,edge,False,48.01041,True,light,"(199, 207, 216, 253)",197.97675,199.38388
99,71,"(96, 96, 96, 37)",37,29.82752,0,7,7,solid-achromatic-core,edge,False,49.0102,True,dark,"(200, 208, 215, 253)",129.74329,132.83151
101,71,"(107, 107, 107, 81)",81,37.49195,0,8,8,solid-achromatic-core,edge,False,51.0098,True,dark,"(199, 206, 214, 253)",105.63715,107.38929
102,71,"(255, 255, 255, 255)",255,255.0,0,8,8,solid-achromatic-core,interior,False,52.00961,True,light,"(198, 205, 214, 253)",255.0,255.0
103,71,"(239, 239, 239, 229)",229,220.10509,0,8,8,solid-achromatic-core,edge,False,53.00943,True,light,"(197, 205, 213, 253)",211.56133,213.45848
110,71,"(217, 217, 217, 195)",195,176.93732,0,8,8,solid-achromatic-core,edge,False,60.00833,True,mid,"(198, 206, 213, 253)",170.84103,171.35272
111,71,"(255, 255, 255, 255)",255,255.0,0,8,8,solid-achromatic-core,interior,False,61.0082,True,light,"(198, 206, 214, 253)",255.0,255.0
112,71,"(173, 173, 173, 91)",91,106.56071,0,8,8,solid-achromatic-core,edge,False,62.00806,True,mid,"(198, 205, 213, 253)",133.67577,136.49109
118,71,"(135, 135, 135, 124)",124,61.7817,0,9,8,solid-achromatic-core,edge,False,68.00735,True,dark,"(196, 204, 212, 253)",100.45063,101.77673
119,71,"(255, 255, 255, 255)",255,255.0,0,9,8,solid-achromatic-core,interior,False,69.00725,True,light,"(197, 205, 212, 253)",255.0,255.0
120,71,"(196, 196, 196, 187)",187,140.76292,0,9,8,solid-achromatic-core,edge,False,70.00714,True,mid,"(198, 205, 213, 253)",142.38794,144.01262
125,71,"(41, 41, 41, 31)",31,5.65434,0,0,9,diagnostic-tonal-attachment,not-core,True,75.00667,False,dark,"(198, 205, 213, 253)",119.67608,122.62288
126,71,"(203, 204, 204, 211)",211,153.61681,1,10,9,solid-achromatic-core,edge,False,76.00658,True,mid,"(199, 205, 214, 253)",152.17436,153.50624
127,71,"(255, 255, 255, 255)",255,255.0,0,10,9,solid-achromatic-core,interior,False,77.00649,True,light,"(197, 205, 213, 253)",255.0,255.0
128,71,"(255, 255, 255, 255)",255,255.0,0,10,9,solid-achromatic-core,interior,False,78.00641,True,light,"(196, 204, 212, 253)",255.0,255.0
129,71,"(255, 255, 255, 255)",255,255.0,0,10,9,solid-achromatic-core,interior,False,79.00633,True,light,"(195, 203, 212, 253)",255.0,255.0
130,71,"(255, 255, 255, 255)",255,255.0,0,10,9,solid-achromatic-core,interior,False,80.00625,True,light,"(197, 205, 213, 253)",255.0,255.0
131,71,"(255, 255, 255, 255)",255,255.0,0,10,9,solid-achromatic-core,interior,False,81.00617,True,light,"(198, 205, 213, 253)",255.0,255.0
132,71,"(255, 255, 255, 255)",255,255.0,0,10,9,solid-achromatic-core,interior,False,82.0061,True,light,"(196, 204, 212, 253)",255.0,255.0
133,71,"(255, 255, 255, 255)",255,255.0,0,10,9,solid-achromatic-core,interior,False,83.00603,True,light,"(196, 204, 212, 253)",255.0,255.0
134,71,"(235, 235, 235, 232)",232,211.84634,0,10,9,solid-achromatic-core,edge,False,84.00595,True,light,"(197, 204, 212, 253)",205.34731,205.9182
135,71,"(197, 197, 197, 156)",156,142.37683,0,10,9,solid-achromatic-core,edge,False,85.00588,True,mid,"(197, 205, 213, 253)",144.95958,146.60123
137,71,"(85, 85, 85, 3)",3,23.16464,0,0,9,diagnostic-tonal-attachment,not-core,True,87.00574,False,dark,"(196, 204, 212, 253)",147.0453,150.36617
140,71,"(127, 127, 127, 48)",48,54.11884,0,11,10,solid-achromatic-core,edge,False,90.00555,True,dark,"(196, 203, 211, 253)",125.49739,128.52666
141,71,"(246, 246, 246, 255)",255,235.00342,0,11,10,solid-achromatic-core,interior,False,91.00549,True,light,"(196, 203, 210, 253)",235.00342,235.00342
142,71,"(240, 240, 240, 231)",231,222.19864,0,11,10,solid-achromatic-core,edge,False,92.00543,True,light,"(195, 203, 211, 253)",213.60713,215.51497
143,71,"(11, 11, 11, 44)",44,0.85337,0,11,10,solid-achromatic-core,edge,False,93.00538,True,dark,"(196, 204, 212, 253)",99.8388,101.53156
165,71,"(209, 209, 209, 195)",195,162.5872,0,12,10,solid-achromatic-core,edge,False,115.00435,True,mid,"(195, 203, 211, 253)",158.63101,160.23439
166,71,"(255, 255, 255, 255)",255,255.0,0,12,10,solid-achromatic-core,interior,False,116.00431,True,light,"(195, 203, 210, 253)",255.0,255.0
167,71,"(171, 171, 171, 95)",95,103.84628,0,12,10,solid-achromatic-core,edge,False,117.00427,True,mid,"(195, 202, 210, 253)",129.04156,130.5757
178,71,"(146, 146, 146, 113)",113,73.29743,0,13,10,solid-achromatic-core,edge,False,128.00391,True,mid,"(194, 201, 210, 253)",108.66357,111.45011
179,71,"(235, 235, 235, 221)",221,211.84634,0,13,10,solid-achromatic-core,edge,False,129.00388,True,light,"(193, 201, 209, 253)",201.504,201.64853
180,71,"(249, 249, 249, 255)",255,241.56317,0,13,10,solid-achromatic-core,interior,False,130.00385,True,light,"(193, 200, 208, 253)",241.56317,241.56317
181,71,"(255, 255, 255, 255)",255,255.0,0,13,10,solid-achromatic-core,interior,False,131.00381,True,light,"(192, 200, 208, 253)",255.0,255.0
182,71,"(255, 255, 255, 255)",255,255.0,0,13,10,solid-achromatic-core,interior,False,132.00378,True,light,"(194, 201, 209, 253)",255.0,255.0
183,71,"(255, 255, 255, 255)",255,255.0,0,13,10,solid-achromatic-core,interior,False,133.00375,True,light,"(194, 201, 209, 253)",255.0,255.0
184,71,"(255, 255, 255, 255)",255,255.0,0,13,10,solid-achromatic-core,interior,False,134.00374,True,light,"(193, 201, 209, 253)",255.0,255.0
185,71,"(255, 255, 255, 255)",255,255.0,0,13,10,solid-achromatic-core,interior,False,135.00371,True,light,"(193, 201, 209, 253)",255.0,255.0
186,71,"(255, 255, 255, 255)",255,255.0,0,13,10,solid-achromatic-core,interior,False,136.00368,True,light,"(193, 200, 208, 253)",255.0,255.0
187,71,"(255, 255, 255, 255)",255,255.0,0,13,10,solid-achromatic-core,interior,False,137.00365,True,light,"(193, 200, 209, 253)",255.0,255.0
188,71,"(255, 255, 255, 255)",255,255.0,0,13,10,solid-achromatic-core,interior,False,138.00362,True,light,"(192, 200, 208, 253)",255.0,255.0
189,71,"(255, 255, 255, 255)",255,255.0,0,13,10,solid-achromatic-core,interior,False,139.0036,True,light,"(192, 200, 207, 253)",255.0,255.0
190,71,"(255, 255, 255, 255)",255,255.0,0,13,10,solid-achromatic-core,interior,False,140.00357,True,light,"(191, 198, 207, 253)",255.0,255.0
191,71,"(151, 151, 151, 135)",135,78.91458,0,13,10,solid-achromatic-core,edge,False,141.00354,True,mid,"(191, 198, 206, 253)",104.74039,106.09917
194,71,"(239, 239, 239, 250)",250,220.10509,0,14,10,solid-achromatic-core,edge,False,144.00348,True,light,"(191, 197, 206, 253)",218.02313,218.02313
195,71,"(248, 248, 248, 255)",255,239.3649,0,14,10,solid-achromatic-core,interior,False,145.00345,True,light,"(190, 197, 205, 253)",239.3649,239.3649
196,71,"(69, 69, 69, 70)",70,15.17537,0,14,10,solid-achromatic-core,edge,False,146.00342,True,dark,"(190, 196, 204, 253)",88.80833,90.39207
207,71,"(237, 236, 236, 221)",221,214.3315,1,14,10,solid-achromatic-core,edge,False,157.00319,True,light,"(172, 179, 186, 253)",197.97675,197.97675
208,71,"(255, 255, 255, 255)",255,255.0,0,14,10,solid-achromatic-core,interior,False,158.00316,True,light,"(169, 175, 183, 253)",255.0,255.0
209,71,"(123, 120, 120, 70)",70,48.4499,3,14,10,solid-achromatic-core,edge,False,159.00314,True,dark,"(164, 171, 178, 253)",83.97012,85.41196
67,72,"(0, 0, 0, 1)",1,0.0,0,0,6,diagnostic-tonal-attachment,not-core,True,17.0,False,dark,"(202, 210, 218, 253)",157.26886,160.72189
68,72,"(147, 147, 147, 83)",83,74.40153,0,6,6,solid-achromatic-core,edge,False,18.0,True,mid,"(202, 210, 217, 253)",127.20417,128.72551
69,72,"(219, 219, 219, 188)",188,180.63586,0,6,6,solid-achromatic-core,edge,False,19.0,True,mid,"(201, 209, 217, 253)",172.91289,174.59811
70,72,"(213, 213, 213, 170)",170,169.67378,0,6,6,solid-achromatic-core,edge,False,20.0,True,mid,"(201, 209, 217, 253)",165.24644,167.01819
71,72,"(215, 213, 213, 174)",174,170.44118,2,6,6,solid-achromatic-core,edge,False,21.0,True,mid,"(201, 208, 216, 253)",164.72726,166.49577
72,72,"(215, 213, 213, 174)",174,170.44118,2,6,6,solid-achromatic-core,edge,False,22.0,True,mid,"(200, 208, 216, 253)",164.35413,166.12029
73,72,"(215, 213, 213, 173)",173,170.44118,2,6,6,solid-achromatic-core,edge,False,23.0,True,mid,"(200, 208, 215, 253)",164.35413,166.12029
74,72,"(215, 215, 215, 175)",175,173.28336,0,6,6,solid-achromatic-core,edge,False,24.0,True,mid,"(201, 209, 217, 253)",167.52202,169.30791
75,72,"(206, 206, 206, 162)",162,157.3877,0,6,6,solid-achromatic-core,edge,False,25.0,True,mid,"(202, 211, 218, 253)",157.91031,159.99728
76,72,"(152, 152, 152, 117)",117,80.06713,0,6,6,solid-achromatic-core,edge,False,26.0,True,mid,"(203, 211, 218, 253)",119.53667,121.41856
77,72,"(0, 0, 0, 30)",30,0.0,0,0,6,diagnostic-tonal-attachment,not-core,True,27.0,False,dark,"(202, 210, 217, 253)",119.26659,122.20746
79,72,"(63, 63, 63, 4)",4,12.67517,0,0,6,diagnostic-tonal-attachment,not-core,True,29.0,False,dark,"(200, 207, 216, 253)",150.83452,154.33481
83,72,"(183, 182, 182, 154)",154,119.59647,1,7,7,solid-achromatic-core,edge,False,33.0,True,mid,"(200, 208, 216, 253)",132.53745,134.09575
84,72,"(218, 218, 218, 180)",180,178.78102,0,7,7,solid-achromatic-core,edge,False,34.0,True,mid,"(200, 208, 216, 253)",170.97253,172.77977
85,72,"(214, 212, 212, 175)",175,168.64828,2,7,7,solid-achromatic-core,edge,False,35.0,True,mid,"(200, 207, 216, 253)",162.96974,164.72726
86,72,"(215, 213, 213, 174)",174,170.44118,2,7,7,solid-achromatic-core,edge,False,36.0,True,mid,"(200, 208, 216, 253)",164.35413,166.12029
87,72,"(215, 213, 213, 174)",174,170.44118,2,7,7,solid-achromatic-core,edge,False,37.0,True,mid,"(200, 208, 216, 253)",164.35413,166.12029
88,72,"(215, 213, 213, 174)",174,170.44118,2,7,7,solid-achromatic-core,edge,False,38.0,True,mid,"(201, 208, 216, 253)",164.72726,166.49577
89,72,"(215, 213, 213, 174)",174,170.44118,2,7,7,solid-achromatic-core,edge,False,39.0,True,mid,"(201, 209, 216, 253)",165.99039,167.7668
90,72,"(215, 213, 213, 174)",174,170.44118,2,7,7,solid-achromatic-core,edge,False,40.0,True,mid,"(200, 207, 215, 253)",164.35413,166.12029
91,72,"(215, 213, 213, 174)",174,170.44118,2,7,7,solid-achromatic-core,edge,False,41.0,True,mid,"(200, 207, 214, 253)",164.22502,165.99039
92,72,"(215, 213, 213, 174)",174,170.44118,2,7,7,solid-achromatic-core,edge,False,42.0,True,mid,"(199, 207, 215, 253)",164.35413,166.12029
93,72,"(215, 213, 213, 174)",174,170.44118,2,7,7,solid-achromatic-core,edge,False,43.0,True,mid,"(200, 208, 216, 253)",164.35413,166.12029
94,72,"(215, 213, 213, 174)",174,170.44118,2,7,7,solid-achromatic-core,edge,False,44.0,True,mid,"(199, 207, 215, 253)",164.35413,166.12029
95,72,"(215, 213, 213, 174)",174,170.44118,2,7,7,solid-achromatic-core,edge,False,45.0,True,mid,"(199, 206, 214, 253)",164.22502,165.99039
96,72,"(212, 212, 212, 175)",175,167.8856,0,7,7,solid-achromatic-core,edge,False,46.0,True,mid,"(198, 206, 214, 253)",162.23047,163.98334
97,72,"(217, 217, 217, 178)",178,176.93732,0,7,7,solid-achromatic-core,edge,False,47.0,True,mid,"(198, 206, 214, 253)",168.80093,170.59471
98,72,"(201, 201, 201, 172)",172,148.94002,0,7,7,solid-achromatic-core,edge,False,48.0,True,mid,"(199, 206, 215, 253)",149.91695,151.59106
99,72,"(91, 91, 91, 25)",25,26.67721,0,0,7,diagnostic-tonal-attachment,not-core,True,49.0,False,dark,"(199, 207, 215, 253)",136.08182,138.93173
101,72,"(92, 92, 92, 55)",55,27.29089,0,8,8,solid-achromatic-core,edge,False,51.0,True,dark,"(198, 206, 214, 253)",114.93343,116.77101
102,72,"(220, 220, 220, 191)",191,182.50188,0,8,8,solid-achromatic-core,edge,False,52.0,True,mid,"(197, 205, 213, 253)",172.77977,174.59811
103,72,"(210, 210, 210, 161)",161,164.34233,0,8,8,solid-achromatic-core,edge,False,53.0,True,mid,"(198, 206, 214, 253)",158.75774,161.73601
110,72,"(195, 193, 193, 141)",141,136.66035,2,8,8,solid-achromatic-core,edge,False,60.0,True,mid,"(198, 205, 213, 253)",142.16675,143.78993
111,72,"(222, 222, 222, 199)",199,186.26753,0,8,8,solid-achromatic-core,edge,False,61.0,True,mid,"(198, 206, 214, 253)",178.13338,179.98427
112,72,"(150, 150, 150, 66)",66,77.77178,0,8,8,solid-achromatic-core,edge,False,62.0,True,mid,"(198, 206, 214, 253)",130.05711,131.91643
118,72,"(111, 111, 111, 80)",80,40.53502,0,9,8,solid-achromatic-core,edge,False,68.0,True,dark,"(198, 205, 213, 253)",107.00259,108.76789
119,72,"(228, 228, 228, 190)",190,197.8347,0,9,8,solid-achromatic-core,edge,False,69.0,True,light,"(197, 205, 213, 253)",183.85678,185.7421
120,72,"(170, 170, 170, 124)",124,102.50436,0,9,8,solid-achromatic-core,edge,False,70.0,True,mid,"(196, 204, 212, 253)",124.39054,125.89227
126,72,"(178, 178, 178, 140)",140,113.52632,0,10,9,solid-achromatic-core,edge,False,76.0,True,mid,"(198, 205, 213, 253)",129.24562,130.78123
127,72,"(230, 230, 230, 189)",189,201.78099,0,10,9,solid-achromatic-core,edge,False,77.0,True,light,"(197, 205, 213, 253)",187.63858,189.54636
128,72,"(211, 211, 211, 171)",171,166.10844,0,10,9,solid-achromatic-core,edge,False,78.0,True,mid,"(196, 204, 211, 253)",159.99728,161.73601
129,72,"(215, 215, 215, 174)",174,173.28336,0,10,9,solid-achromatic-core,edge,False,79.0,True,mid,"(196, 204, 212, 253)",163.98334,167.01819
130,72,"(213, 212, 212, 174)",174,168.26576,1,10,9,solid-achromatic-core,edge,False,80.0,True,mid,"(197, 204, 213, 253)",160.85477,162.59894
131,72,"(215, 215, 215, 174)",174,173.28336,0,10,9,solid-achromatic-core,edge,False,81.0,True,mid,"(197, 205, 213, 253)",165.24644,167.01819
132,72,"(206, 205, 205, 169)",169,156.04021,1,10,9,solid-achromatic-core,edge,False,82.0,True,mid,"(196, 204, 212, 253)",153.50624,155.2036
133,72,"(191, 191, 191, 140)",140,132.8539,0,10,9,solid-achromatic-core,edge,False,83.0,True,mid,"(196, 203, 212, 253)",138.61853,140.21799
134,72,"(98, 98, 98, 78)",78,31.14539,0,10,9,solid-achromatic-core,edge,False,84.0,True,dark,"(197, 204, 212, 253)",101.60204,103.3149
140,72,"(105, 105, 105, 34)",34,36.02214,0,11,10,solid-achromatic-core,edge,False,90.0,True,dark,"(195, 203, 211, 253)",126.81236,129.85983
141,72,"(211, 211, 211, 187)",187,166.10844,0,11,10,solid-achromatic-core,edge,False,91.0,True,mid,"(196, 203, 212, 253)",160.36111,162.10216
142,72,"(216, 216, 216, 161)",161,175.10478,0,11,10,solid-achromatic-core,edge,False,92.0,True,mid,"(196, 204, 211, 253)",163.98334,167.01819
143,72,"(0, 0, 0, 24)",24,0.0,0,0,10,diagnostic-tonal-attachment,not-core,True,93.0,False,dark,"(195, 203, 211, 253)",117.92216,120.8437
165,72,"(194, 194, 194, 138)",138,137.56729,0,12,10,solid-achromatic-core,edge,False,115.0,True,mid,"(195, 203, 211, 253)",141.4919,143.11055
166,72,"(212, 212, 212, 194)",194,167.8856,0,12,10,solid-achromatic-core,edge,False,116.0,True,mid,"(195, 202, 211, 253)",162.10216,163.85422
167,72,"(129, 125, 125, 63)",63,53.07832,4,12,10,solid-achromatic-core,edge,False,117.0,True,dark,"(195, 202, 211, 253)",117.36555,120.27939
179,72,"(40, 40, 40, 50)",50,5.41085,0,13,10,solid-achromatic-core,edge,False,129.0,True,dark,"(193, 200, 208, 253)",97.49068,99.16172
180,72,"(184, 184, 184, 134)",134,122.22666,0,13,10,solid-achromatic-core,edge,False,130.0,True,mid,"(193, 200, 208, 253)",130.78123,133.44348
181,72,"(211, 211, 211, 165)",165,166.10844,0,13,10,solid-achromatic-core,edge,False,131.0,True,mid,"(193, 200, 209, 253)",157.03778,158.75774
182,72,"(214, 212, 212, 175)",175,168.64828,2,13,10,solid-achromatic-core,edge,False,132.0,True,mid,"(193, 202, 210, 253)",160.36111,162.10216
183,72,"(213, 212, 212, 174)",174,168.26576,1,13,10,solid-achromatic-core,edge,False,133.0,True,mid,"(194, 201, 209, 253)",160.36111,162.10216
184,72,"(215, 213, 213, 174)",174,170.44118,2,13,10,solid-achromatic-core,edge,False,134.0,True,mid,"(194, 201, 209, 253)",160.85477,162.59894
185,72,"(215, 213, 213, 174)",174,170.44118,2,13,10,solid-achromatic-core,edge,False,135.0,True,mid,"(193, 202, 209, 253)",162.10216,163.85422
186,72,"(215, 213, 213, 174)",174,170.44118,2,13,10,solid-achromatic-core,edge,False,136.0,True,mid,"(193, 201, 209, 253)",160.85477,162.59894
187,72,"(215, 213, 213, 174)",174,170.44118,2,13,10,solid-achromatic-core,edge,False,137.0,True,mid,"(193, 201, 209, 253)",160.85477,162.59894
188,72,"(215, 215, 215, 174)",174,173.28336,0,13,10,solid-achromatic-core,edge,False,138.0,True,mid,"(192, 200, 208, 253)",162.23047,163.98334
189,72,"(214, 212, 212, 175)",175,168.64828,2,13,10,solid-achromatic-core,edge,False,139.0,True,mid,"(191, 199, 208, 253)",159.12155,160.85477
190,72,"(232, 232, 232, 194)",194,205.77286,0,13,10,solid-achromatic-core,edge,False,140.0,True,light,"(191, 198, 206, 253)",187.63858,189.54636
191,72,"(137, 137, 137, 100)",100,63.79038,0,13,10,solid-achromatic-core,edge,False,141.0,True,dark,"(191, 198, 206, 253)",105.53507,107.28572
194,72,"(201, 201, 201, 170)",170,148.94002,0,14,10,solid-achromatic-core,edge,False,144.0,True,mid,"(191, 198, 206, 253)",145.30269,146.94662
195,72,"(224, 222, 222, 182)",182,187.07765,2,14,10,solid-achromatic-core,edge,False,145.0,True,mid,"(191, 197, 205, 253)",171.73523,173.54716
196,72,"(61, 61, 61, 54)",54,11.8996,0,14,10,solid-achromatic-core,edge,False,146.0,True,dark,"(190, 196, 204, 253)",96.46158,98.12391
207,72,"(207, 206, 206, 146)",146,157.75385,1,14,10,solid-achromatic-core,edge,False,157.0,True,mid,"(172, 179, 186, 253)",135.66466,138.38316
208,72,"(213, 213, 213, 191)",191,169.67378,0,14,10,solid-achromatic-core,edge,False,158.0,True,mid,"(169, 176, 183, 253)",151.81976,153.50624
209,72,"(106, 100, 100, 48)",48,33.40147,6,14,10,solid-achromatic-core,edge,False,159.0,True,dark,"(166, 172, 179, 253)",85.41196,86.96169
69,73,"(0, 0, 0, 9)",9,0.0,0,0,6,diagnostic-tonal-attachment,not-core,True,19.0,False,dark,"(201, 208, 217, 253)",144.22372,147.50751
75,73,"(0, 0, 0, 1)",1,0.0,0,0,6,diagnostic-tonal-attachment,not-core,True,25.0,False,dark,"(201, 209, 217, 253)",155.55875,158.9899
102,73,"(0, 0, 0, 8)",8,0.0,0,0,8,diagnostic-tonal-attachment,not-core,True,52.0,False,dark,"(198, 205, 213, 253)",140.8602,144.09938
118,73,"(0, 0, 0, 5)",5,0.0,0,0,8,diagnostic-tonal-attachment,not-core,True,68.0,False,dark,"(197, 205, 214, 253)",144.01709,147.29794
119,73,"(0, 0, 0, 6)",6,0.0,0,0,8,diagnostic-tonal-attachment,not-core,True,69.0,False,dark,"(197, 205, 212, 253)",142.14493,145.40106
140,73,"(0, 0, 0, 1)",1,0.0,0,0,10,diagnostic-tonal-attachment,not-core,True,90.0,False,dark,"(196, 203, 211, 253)",145.86021,149.16559
141,73,"(0, 0, 0, 10)",10,0.0,0,0,10,diagnostic-tonal-attachment,not-core,True,91.0,False,dark,"(195, 203, 211, 253)",134.31174,137.46239
166,73,"(0, 0, 0, 10)",10,0.0,0,0,10,diagnostic-tonal-attachment,not-core,True,116.0,False,dark,"(194, 201, 210, 253)",131.63632,134.75044
167,73,"(0, 0, 0, 5)",5,0.0,0,0,10,diagnostic-tonal-attachment,not-core,True,117.0,False,dark,"(194, 201, 209, 253)",137.78514,140.98299
178,73,"(191, 191, 191, 4)",4,132.8539,0,0,10,diagnostic-tonal-attachment,not-core,True,128.0,False,mid,"(194, 202, 210, 253)",145.5262,148.82704
190,73,"(0, 0, 0, 6)",6,0.0,0,0,10,diagnostic-tonal-attachment,not-core,True,140.0,False,dark,"(191, 199, 207, 253)",133.06844,135.88173
191,73,"(0, 0, 0, 6)",6,0.0,0,0,10,diagnostic-tonal-attachment,not-core,True,141.0,False,dark,"(191, 198, 207, 253)",131.95238,134.75044
195,73,"(0, 0, 0, 6)",6,0.0,0,0,10,diagnostic-tonal-attachment,not-core,True,145.0,False,dark,"(190, 197, 205, 253)",130.29094,133.06844
196,73,"(0, 0, 0, 7)",7,0.0,0,0,10,diagnostic-tonal-attachment,not-core,True,146.0,False,dark,"(189, 196, 204, 253)",128.33081,131.3994
208,73,"(0, 0, 0, 10)",10,0.0,0,0,10,diagnostic-tonal-attachment,not-core,True,158.0,False,dark,"(169, 175, 182, 253)",96.55994,98.89359
