case,x_fitted_220x132,y_fitted_220x132,raw_source_xy_float,raw_source_xy_nearest,source_RGBA_fitted,alpha,channel_spread,ownership_diagnostic_category,candidate_glyph_owner_ids,protected_neighborhood,local_support_pixels,fixed_spatial_nearest_support,white_master_RGBA_at_pixel,raw_RGB_luminance_0_255,composited_RGB_on_white_master,composited_luminance_0_255,premultiplied_RGB,premultiplied_RGB_magnitude_l2,raw_distance_to_local_support_min_Linf,raw_distance_to_fixed_nearest_support_Linf,composited_distance_to_fixed_nearest_support_Linf,composited_distance_to_fixed_nearest_support_L2,composited_distance_min_over_direct_support_Linf,composited_distance_min_over_direct_support_L2,composited_luminance_difference_to_fixed_support,distance_reduction_fixed_support_Linf,premultiplied_distance_to_fixed_support_L2,hypothetical_dark_target_RGB,hypothetical_dark_target_composite,hypothetical_dark_target_visible_RGB_delta_Linf,hypothetical_dark_target_visible_RGB_delta_L2,hypothetical_dark_target_visible_luminance_delta,aa_gradient_path
#14700,85,56,"[84.1789,56.6]","[84,57]","[85,85,85,6]",6,0,AMBIGUOUS,[7],False,"[{""xy"":[84,57],""glyph_id"":7,""class"":""proven_tonal_attachment"",""rgba"":[170,170,170,3],""master_rgba"":[203,211,219,253]},{""xy"":[86,57],""glyph_id"":7,""class"":""proven_tonal_attachment"",""rgba"":[0,0,0,3],""master_rgba"":[202,209,217,253]}]","{""xy"":[84,57],""glyph_id"":7,""class"":""proven_tonal_attachment""}","[202,210,218,253]",23.16463635176896,"[199.24705882352941,207.05882352941177,214.87058823529412]",157.41083769032184,"[2.0,2.0,2.0]",3.4641016151377544,85.0,85.0,3.552941176470597,5.992336513065111,0.5176470588235134,0.7675061849552782,5.981539967671466,81.4470588235294,0.0,"[16,16,16]","[197.6235294117647,205.43529411764706,213.24705882352941]",1.6235294117647072,2.8120354287588856,2.772419853266115,"{""nodes"":[{""x"":85,""y"":58,""kind"":""solid_core"",""rgba"":[88,88,88,75],""alpha"":75,""raw_luminance_0_255"":24.884773521174928,""master_rgb"":[202.0,210.0,218.0],""composited_rgb"":[168.4705882352941,174.1176470588235,179.76470588235293],""composited_luminance_0_255"":107.04865572897991},{""x"":84,""y"":57,""kind"":""confirmed_tonal_attachment"",""rgba"":[170,170,170,3],""alpha"":3,""raw_luminance_0_255"":102.50433385720991,""master_rgb"":[203.0,211.0,219.0],""composited_rgb"":[202.61176470588236,210.51764705882354,218.42352941176472],""composited_luminance_0_255"":163.3923776579933},{""x"":85,""y"":56,""kind"":""low_alpha_perimeter"",""rgba"":[85,85,85,6],""alpha"":6,""raw_luminance_0_255"":23.16463635176896,""master_rgb"":[202.0,210.0,218.0],""composited_rgb"":[199.24705882352941,207.05882352941177,214.87058823529412],""composited_luminance_0_255"":157.41083769032184}],""raw_RGB_step_L2"":[142.02816622064793,147.22431864335456],""composited_RGB_step_L2"":[63.12752622647315,5.992336513065111],""composited_luminance_steps"":[56.3437219290134,-5.981539967671466],""composited_luminance_monotonic"":false}"
#14700,86,56,"[85.2328,56.6]","[85,57]","[255,255,255,3]",3,0,AMBIGUOUS,[7],False,"[{""xy"":[86,57],""glyph_id"":7,""class"":""proven_tonal_attachment"",""rgba"":[0,0,0,3],""master_rgba"":[202,209,217,253]},{""xy"":[87,57],""glyph_id"":7,""class"":""solid_achromatic_core"",""rgba"":[51,51,51,64],""master_rgba"":[201,209,217,253]}]","{""xy"":[86,57],""glyph_id"":7,""class"":""proven_tonal_attachment""}","[201,208,216,253]",255.0,"[201.63529411764708,208.5529411764706,216.45882352941177]",160.3165412804591,"[3.0,3.0,3.0]",5.196152422706632,204.0,255.0,2.0117647058823707,3.484478683462092,2.0117647058823707,3.484478683462092,3.4682337144421354,252.98823529411763,5.196152422706632,"[16,16,16]","[198.82352941176472,205.74117647058824,213.64705882352942]",2.8117647058823536,4.870119329517197,4.835127954809565,"{""nodes"":[{""x"":87,""y"":57,""kind"":""solid_core"",""rgba"":[51,51,51,64],""alpha"":64,""raw_luminance_0_255"":8.44171547557569,""master_rgb"":[201.0,209.0,217.0],""composited_rgb"":[163.3529411764706,169.34509803921569,175.3372549019608],""composited_luminance_0_255"":100.56375837920088},{""x"":86,""y"":57,""kind"":""confirmed_tonal_attachment"",""rgba"":[0,0,0,3],""alpha"":3,""raw_luminance_0_255"":0.0,""master_rgb"":[202.0,209.0,217.0],""composited_rgb"":[199.6235294117647,206.54117647058825,214.44705882352943],""composited_luminance_0_255"":156.84830756601696},{""x"":86,""y"":56,""kind"":""low_alpha_perimeter"",""rgba"":[255,255,255,3],""alpha"":3,""raw_luminance_0_255"":255.0,""master_rgb"":[201.0,208.0,216.0],""composited_rgb"":[201.63529411764708,208.5529411764706,216.45882352941177],""composited_luminance_0_255"":160.3165412804591}],""raw_RGB_step_L2"":[88.33459118601274,441.6729559300637],""composited_RGB_step_L2"":[65.02830602430468,3.484478683462092],""composited_luminance_steps"":[56.28454918681608,3.4682337144421354],""composited_luminance_monotonic"":true}"
#14700,95,56,"[94.7181,56.6]","[95,57]","[255,255,255,3]",3,0,AMBIGUOUS,[7],False,"[{""xy"":[95,57],""glyph_id"":7,""class"":""proven_tonal_attachment"",""rgba"":[0,0,0,6],""master_rgba"":[201,209,216,253]},{""xy"":[94,57],""glyph_id"":7,""class"":""solid_achromatic_core"",""rgba"":[57,57,57,66],""master_rgba"":[201,209,217,253]}]","{""xy"":[95,57],""glyph_id"":7,""class"":""proven_tonal_attachment""}","[201,208,216,253]",255.0,"[201.63529411764708,208.5529411764706,216.45882352941177]",160.3165412804591,"[3.0,3.0,3.0]",5.196152422706632,198.0,255.0,5.541176470588255,8.914643293587465,5.541176470588255,8.914643293587465,8.091759903546517,249.45882352941175,5.196152422706632,"[16,16,16]","[198.82352941176472,205.74117647058824,213.64705882352942]",2.8117647058823536,4.870119329517197,4.835127954809565,"{""nodes"":[{""x"":94,""y"":57,""kind"":""solid_core"",""rgba"":[57,57,57,66],""alpha"":66,""raw_luminance_0_255"":10.433375211247563,""master_rgb"":[201.0,209.0,217.0],""composited_rgb"":[163.72941176470587,169.65882352941176,175.58823529411765],""composited_luminance_0_255"":100.9895897088314},{""x"":95,""y"":57,""kind"":""confirmed_tonal_attachment"",""rgba"":[0,0,0,6],""alpha"":6,""raw_luminance_0_255"":0.0,""master_rgb"":[201.0,209.0,216.0],""composited_rgb"":[196.2705882352941,204.08235294117645,210.91764705882352],""composited_luminance_0_255"":152.22478137691257},{""x"":95,""y"":56,""kind"":""low_alpha_perimeter"",""rgba"":[255,255,255,3],""alpha"":3,""raw_luminance_0_255"":255.0,""master_rgb"":[201.0,208.0,216.0],""composited_rgb"":[201.63529411764708,208.5529411764706,216.45882352941177],""composited_luminance_0_255"":160.3165412804591}],""raw_RGB_step_L2"":[98.72689603142601,441.6729559300637],""composited_RGB_step_L2"":[59.09378037401847,8.914643293587465],""composited_luminance_steps"":[51.23519166808117,8.091759903546517],""composited_luminance_monotonic"":true}"
#14700,96,56,"[95.7721,56.6]","[96,57]","[72,72,72,7]",7,0,AMBIGUOUS,[7],False,"[{""xy"":[95,57],""glyph_id"":7,""class"":""proven_tonal_attachment"",""rgba"":[0,0,0,6],""master_rgba"":[201,209,216,253]}]","{""xy"":[95,57],""glyph_id"":7,""class"":""proven_tonal_attachment""}","[200,208,216,253]",16.524833006690972,"[196.4862745098039,204.26666666666665,212.0470588235294]",152.6673060951408,"[1.9764705882352942,1.9764705882352942,1.9764705882352942]",3.423347478489075,72.0,72.0,1.1294117647058783,1.1645012033793878,1.1294117647058783,1.1645012033793878,0.4425247182282135,70.87058823529412,3.423347478489075,"[16,16,16]","[194.94901960784313,202.72941176470587,210.50980392156862]",1.5372549019607789,2.662603594380382,2.57919099871998,"{""nodes"":[{""x"":94,""y"":57,""kind"":""solid_core"",""rgba"":[57,57,57,66],""alpha"":66,""raw_luminance_0_255"":10.433375211247563,""master_rgb"":[201.0,209.0,217.0],""composited_rgb"":[163.72941176470587,169.65882352941176,175.58823529411765],""composited_luminance_0_255"":100.9895897088314},{""x"":95,""y"":57,""kind"":""confirmed_tonal_attachment"",""rgba"":[0,0,0,6],""alpha"":6,""raw_luminance_0_255"":0.0,""master_rgb"":[201.0,209.0,216.0],""composited_rgb"":[196.2705882352941,204.08235294117645,210.91764705882352],""composited_luminance_0_255"":152.22478137691257},{""x"":96,""y"":56,""kind"":""low_alpha_perimeter"",""rgba"":[72,72,72,7],""alpha"":7,""raw_luminance_0_255"":16.524833006690972,""master_rgb"":[200.0,208.0,216.0],""composited_rgb"":[196.4862745098039,204.26666666666665,212.0470588235294],""composited_luminance_0_255"":152.6673060951408}],""raw_RGB_step_L2"":[98.72689603142601,124.70765814495917],""composited_RGB_step_L2"":[59.09378037401847,1.1645012033793878],""composited_luminance_steps"":[51.23519166808117,0.4425247182282135],""composited_luminance_monotonic"":true}"
#14700,104,56,"[104.2034,56.6]","[104,57]","[153,153,153,5]",5,0,AMBIGUOUS,[8],False,"[{""xy"":[105,57],""glyph_id"":8,""class"":""proven_tonal_attachment"",""rgba"":[0,0,0,18],""master_rgba"":[201,208,216,253]}]","{""xy"":[105,57],""glyph_id"":8,""class"":""proven_tonal_attachment""}","[200,207,216,253]",81.22942842189842,"[199.078431372549,205.94117647058823,214.76470588235293]",155.9614392507991,"[3.0,3.0,3.0]",5.196152422706632,153.0,153.0,14.011764705882342,22.497870034601263,14.011764705882342,22.497870034601263,20.742533011638187,138.98823529411766,5.196152422706632,"[16,16,16]","[196.39215686274508,203.2549019607843,212.078431372549]",2.6862745098039227,4.652763934057574,4.546983294644264,"{""nodes"":[{""x"":106,""y"":57,""kind"":""solid_core"",""rgba"":[73,77,77,66],""alpha"":66,""raw_luminance_0_255"":18.513111766039962,""master_rgb"":[200.0,207.0,216.0],""composited_rgb"":[167.1294117647059,173.3529411764706,180.0235294117647],""composited_luminance_0_255"":105.94872765225509},{""x"":105,""y"":57,""kind"":""confirmed_tonal_attachment"",""rgba"":[0,0,0,18],""alpha"":18,""raw_luminance_0_255"":0.0,""master_rgb"":[201.0,208.0,216.0],""composited_rgb"":[186.81176470588235,193.31764705882352,200.75294117647059],""composited_luminance_0_255"":135.2189062391609},{""x"":104,""y"":56,""kind"":""low_alpha_perimeter"",""rgba"":[153,153,153,5],""alpha"":5,""raw_luminance_0_255"":81.22942842189842,""master_rgb"":[200.0,207.0,216.0],""composited_rgb"":[199.078431372549,205.94117647058823,214.76470588235293],""composited_luminance_0_255"":155.9614392507991}],""raw_RGB_step_L2"":[131.0991990822217,265.00377355803823],""composited_RGB_step_L2"":[34.86678950492317,22.497870034601263],""composited_luminance_steps"":[29.270178586905814,20.742533011638187],""composited_luminance_monotonic"":true}"
#14700,105,56,"[105.2574,56.6]","[105,57]","[255,255,255,1]",1,0,AMBIGUOUS,[8],False,"[{""xy"":[105,57],""glyph_id"":8,""class"":""proven_tonal_attachment"",""rgba"":[0,0,0,18],""master_rgba"":[201,208,216,253]},{""xy"":[106,57],""glyph_id"":8,""class"":""solid_achromatic_core"",""rgba"":[73,77,77,66],""master_rgba"":[200,207,216,253]}]","{""xy"":[105,57],""glyph_id"":8,""class"":""proven_tonal_attachment""}","[200,208,216,253]",255.0,"[200.2156862745098,208.1843137254902,216.1529411764706]",159.31518904923223,"[1.0,1.0,1.0]",1.7320508075688772,182.0,255.0,15.400000000000006,25.255551690582696,15.400000000000006,25.255551690582696,24.09628281007133,239.6,1.7320508075688772,"[16,16,16]","[199.27843137254902,207.24705882352941,215.2156862745098]",0.9372549019607845,1.6233731098390658,1.615314599349773,"{""nodes"":[{""x"":106,""y"":57,""kind"":""solid_core"",""rgba"":[73,77,77,66],""alpha"":66,""raw_luminance_0_255"":18.513111766039962,""master_rgb"":[200.0,207.0,216.0],""composited_rgb"":[167.1294117647059,173.3529411764706,180.0235294117647],""composited_luminance_0_255"":105.94872765225509},{""x"":105,""y"":57,""kind"":""confirmed_tonal_attachment"",""rgba"":[0,0,0,18],""alpha"":18,""raw_luminance_0_255"":0.0,""master_rgb"":[201.0,208.0,216.0],""composited_rgb"":[186.81176470588235,193.31764705882352,200.75294117647059],""composited_luminance_0_255"":135.2189062391609},{""x"":105,""y"":56,""kind"":""low_alpha_perimeter"",""rgba"":[255,255,255,1],""alpha"":1,""raw_luminance_0_255"":255.0,""master_rgb"":[200.0,208.0,216.0],""composited_rgb"":[200.2156862745098,208.1843137254902,216.1529411764706],""composited_luminance_0_255"":159.31518904923223}],""raw_RGB_step_L2"":[131.0991990822217,441.6729559300637],""composited_RGB_step_L2"":[34.86678950492317,25.255551690582696],""composited_luminance_steps"":[29.270178586905814,24.09628281007133],""composited_luminance_monotonic"":true}"
#14700,117,56,"[117.9044,56.6]","[118,57]","[255,255,255,3]",3,0,AMBIGUOUS,[8],False,"[{""xy"":[116,57],""glyph_id"":8,""class"":""solid_achromatic_core"",""rgba"":[30,30,30,50],""master_rgba"":[200,208,216,253]}]","{""xy"":[116,57],""glyph_id"":8,""class"":""solid_achromatic_core""}","[200,208,216,253]",255.0,"[200.64705882352942,208.5529411764706,216.45882352941177]",159.96695327469592,"[3.0,3.0,3.0]",5.196152422706632,225.0,225.0,36.92941176470589,61.44508586917433,36.92941176470589,61.44508586917433,54.44763920805323,188.0705882352941,4.992381739463234,"[16,16,16]","[197.83529411764707,205.74117647058824,213.64705882352942]",2.8117647058823536,4.870119329517197,4.828748997605516,"{""nodes"":[{""x"":116,""y"":57,""kind"":""confirmed_support"",""rgba"":[30,30,30,50],""alpha"":50,""raw_luminance_0_255"":3.3106732472541176,""master_rgb"":[200.0,208.0,216.0],""composited_rgb"":[166.66666666666666,173.09803921568627,179.52941176470588],""composited_luminance_0_255"":105.51931406664269},{""x"":117,""y"":56,""kind"":""low_alpha_perimeter"",""rgba"":[255,255,255,3],""alpha"":3,""raw_luminance_0_255"":255.0,""master_rgb"":[200.0,208.0,216.0],""composited_rgb"":[200.64705882352942,208.5529411764706,216.45882352941177],""composited_luminance_0_255"":159.96695327469592}],""raw_RGB_step_L2"":[389.7114317029974],""composited_RGB_step_L2"":[61.44508586917433],""composited_luminance_steps"":[54.44763920805323],""composited_luminance_monotonic"":true}"
#14700,118,56,"[118.9583,56.6]","[119,57]","[51,51,51,5]",5,0,AMBIGUOUS,[8],False,"[{""xy"":[119,57],""glyph_id"":8,""class"":""proven_tonal_attachment"",""rgba"":[85,85,85,3],""master_rgba"":[200,208,216,253]}]","{""xy"":[119,57],""glyph_id"":8,""class"":""proven_tonal_attachment""}","[200,208,216,253]",8.44171547557569,"[197.078431372549,204.92156862745097,212.76470588235293]",153.76038680292666,"[1.0,1.0,1.0]",1.7320508075688772,34.0,34.0,1.694117647058846,2.82701310144476,1.694117647058846,2.82701310144476,2.763027025242053,32.305882352941154,0.0,"[16,16,16]","[196.39215686274508,204.23529411764704,212.078431372549]",0.6862745098039227,1.1886623189198195,1.1594132848650247,"{""nodes"":[{""x"":118,""y"":58,""kind"":""solid_core"",""rgba"":[44,44,44,52],""alpha"":52,""raw_luminance_0_255"":6.4226492049772155,""master_rgb"":[200.0,207.0,216.0],""composited_rgb"":[168.18823529411765,173.7607843137255,180.92549019607844],""composited_luminance_0_255"":106.73891408483401},{""x"":119,""y"":57,""kind"":""confirmed_tonal_attachment"",""rgba"":[85,85,85,3],""alpha"":3,""raw_luminance_0_255"":23.16463635176896,""master_rgb"":[200.0,208.0,216.0],""composited_rgb"":[198.64705882352942,206.5529411764706,214.45882352941177],""composited_luminance_0_255"":156.5234138281687},{""x"":118,""y"":56,""kind"":""low_alpha_perimeter"",""rgba"":[51,51,51,5],""alpha"":5,""raw_luminance_0_255"":8.44171547557569,""master_rgb"":[200.0,208.0,216.0],""composited_rgb"":[197.078431372549,204.92156862745097,212.76470588235293],""composited_luminance_0_255"":153.76038680292666}],""raw_RGB_step_L2"":[71.01408311032397,58.88972745734183],""composited_RGB_step_L2"":[55.924502026850206,2.82701310144476],""composited_luminance_steps"":[49.784499743334706,-2.763027025242053],""composited_luminance_monotonic"":false}"
#14700,76,57,"[74.6936,57.6444]","[75,58]","[255,255,255,1]",1,0,AMBIGUOUS,[6],False,"[{""xy"":[77,57],""glyph_id"":6,""class"":""proven_tonal_attachment"",""rgba"":[0,0,0,2],""master_rgba"":[203,210,218,253]}]","{""xy"":[77,57],""glyph_id"":6,""class"":""proven_tonal_attachment""}","[202,210,218,253]",255.0,"[202.2078431372549,210.1764705882353,218.1450980392157]",162.78053225900555,"[1.0,1.0,1.0]",1.7320508075688772,255.0,255.0,1.8549019607843036,2.7213821487788827,1.8549019607843036,2.7213821487788827,2.8163517516669856,253.1450980392157,1.7320508075688772,"[16,16,16]","[201.27058823529413,209.23921568627452,217.2078431372549]",0.9372549019607845,1.6233731098390658,1.6357687773594307,"{""nodes"":[{""x"":78,""y"":57,""kind"":""solid_core"",""rgba"":[146,146,146,80],""alpha"":80,""raw_luminance_0_255"":73.29741362036395,""master_rgb"":[202.0,210.0,218.0],""composited_rgb"":[184.4313725490196,189.921568627451,195.41176470588235],""composited_luminance_0_255"":130.03835365367158},{""x"":77,""y"":57,""kind"":""confirmed_tonal_attachment"",""rgba"":[0,0,0,2],""alpha"":2,""raw_luminance_0_255"":0.0,""master_rgb"":[203.0,210.0,218.0],""composited_rgb"":[201.4078431372549,208.3529411764706,216.2901960784314],""composited_luminance_0_255"":159.96418050733857},{""x"":76,""y"":57,""kind"":""low_alpha_perimeter"",""rgba"":[255,255,255,1],""alpha"":1,""raw_luminance_0_255"":255.0,""master_rgb"":[202.0,210.0,218.0],""composited_rgb"":[202.2078431372549,210.1764705882353,218.1450980392157],""composited_luminance_0_255"":162.78053225900555}],""raw_RGB_step_L2"":[252.87941790505607,441.6729559300637],""composited_RGB_step_L2"":[32.616329411081985,2.7213821487788827],""composited_luminance_steps"":[29.92582685366699,2.8163517516669856],""composited_luminance_monotonic"":true}"
#14700,97,57,"[96.826,57.6444]","[97,58]","[255,255,255,3]",3,0,AMBIGUOUS,[7],False,"[{""xy"":[96,58],""glyph_id"":7,""class"":""solid_achromatic_core"",""rgba"":[97,97,97,81],""master_rgba"":[201,208,216,253]},{""xy"":[98,58],""glyph_id"":7,""class"":""proven_tonal_attachment"",""rgba"":[127,127,127,2],""master_rgba"":[200,208,215,253]}]","{""xy"":[96,58],""glyph_id"":7,""class"":""solid_achromatic_core""}","[201,208,216,253]",255.0,"[201.63529411764708,208.5529411764706,216.45882352941177]",160.3165412804591,"[3.0,3.0,3.0]",5.196152422706632,128.0,158.0,38.25882352941176,62.289072728006474,2.207843137254912,3.302235562131321,54.9216718734463,119.74117647058824,48.171389518739126,"[16,16,16]","[198.82352941176472,205.74117647058824,213.64705882352942]",2.8117647058823536,4.870119329517197,4.835127954809565,"{""nodes"":[{""x"":96,""y"":58,""kind"":""confirmed_support"",""rgba"":[97,97,97,81],""alpha"":81,""raw_luminance_0_255"":30.48229913702813,""master_rgb"":[201.0,208.0,216.0],""composited_rgb"":[167.96470588235294,172.74117647058824,178.20000000000002],""composited_luminance_0_255"":105.39486940701279},{""x"":97,""y"":57,""kind"":""low_alpha_perimeter"",""rgba"":[255,255,255,3],""alpha"":3,""raw_luminance_0_255"":255.0,""master_rgb"":[201.0,208.0,216.0],""composited_rgb"":[201.63529411764708,208.5529411764706,216.45882352941177],""composited_luminance_0_255"":160.3165412804591}],""raw_RGB_step_L2"":[273.6640275958826],""composited_RGB_step_L2"":[62.289072728006474],""composited_luminance_steps"":[54.9216718734463],""composited_luminance_monotonic"":true}"
#14700,103,57,"[103.1495,57.6444]","[103,58]","[255,255,255,3]",3,0,AMBIGUOUS,[8],False,"[{""xy"":[102,58],""glyph_id"":8,""class"":""proven_tonal_attachment"",""rgba"":[127,127,127,2],""master_rgba"":[201,209,216,253]},{""xy"":[104,58],""glyph_id"":8,""class"":""solid_achromatic_core"",""rgba"":[141,141,141,103],""master_rgba"":[202,209,216,253]}]","{""xy"":[102,58],""glyph_id"":8,""class"":""proven_tonal_attachment""}","[201,208,216,253]",255.0,"[201.63529411764708,208.5529411764706,216.45882352941177]",160.3165412804591,"[3.0,3.0,3.0]",5.196152422706632,114.0,128.0,1.2156862745098067,1.6895772489817737,1.2156862745098067,1.6895772489817737,0.8267387074268981,126.7843137254902,3.470893971245868,"[16,16,16]","[198.82352941176472,205.74117647058824,213.64705882352942]",2.8117647058823536,4.870119329517197,4.835127954809565,"{""nodes"":[{""x"":103,""y"":59,""kind"":""solid_core"",""rgba"":[152,152,152,127],""alpha"":127,""raw_luminance_0_255"":80.06712191080797,""master_rgb"":[202.0,210.0,217.0],""composited_rgb"":[177.09803921568627,181.1137254901961,184.62745098039215],""composited_luminance_0_255"":117.1462674451579},{""x"":102,""y"":58,""kind"":""confirmed_tonal_attachment"",""rgba"":[127,127,127,2],""alpha"":2,""raw_luminance_0_255"":54.118843140584076,""master_rgb"":[201.0,209.0,216.0],""composited_rgb"":[200.41960784313727,208.35686274509806,215.30196078431374],""composited_luminance_0_255"":159.4898025730322},{""x"":103,""y"":57,""kind"":""low_alpha_perimeter"",""rgba"":[255,255,255,3],""alpha"":3,""raw_luminance_0_255"":255.0,""master_rgb"":[201.0,208.0,216.0],""composited_rgb"":[201.63529411764708,208.5529411764706,216.45882352941177],""composited_luminance_0_255"":160.3165412804591}],""raw_RGB_step_L2"":[43.30127018922193,221.70250336881628],""composited_RGB_step_L2"":[47.19120301968594,1.6895772489817737],""composited_luminance_steps"":[42.34353512787429,0.8267387074268981],""composited_luminance_monotonic"":true}"
#14700,111,57,"[111.5809,57.6444]","[112,58]","[63,63,63,4]",4,0,AMBIGUOUS,[8],False,"[{""xy"":[110,58],""glyph_id"":8,""class"":""proven_tonal_attachment"",""rgba"":[127,127,127,2],""master_rgba"":[200,208,215,253]},{""xy"":[112,58],""glyph_id"":8,""class"":""proven_tonal_attachment"",""rgba"":[0,0,0,1],""master_rgba"":[200,208,216,253]}]","{""xy"":[110,58],""glyph_id"":8,""class"":""proven_tonal_attachment""}","[200,207,215,253]",12.675174325952444,"[197.85098039215688,204.74117647058824,212.6156862745098]",153.7880534509075,"[0.9882352941176471,0.9882352941176471,0.9882352941176471]",1.7116737392445376,63.0,64.0,2.623529411764707,3.4983139784818444,2.537254901960779,3.4983139784818444,3.9909819171840013,61.37647058823529,0.01358471221622644,"[16,16,16]","[197.1137254901961,204.00392156862745,211.87843137254902]",0.7372549019607959,1.27696294832531,1.245514146534532,"{""nodes"":[{""x"":109,""y"":58,""kind"":""solid_core"",""rgba"":[103,103,103,64],""alpha"":64,""raw_luminance_0_255"":34.586499062077436,""master_rgb"":[200.0,208.0,215.0],""composited_rgb"":[175.65490196078431,181.64705882352942,186.89019607843136],""composited_luminance_0_255"":117.5157107620732},{""x"":110,""y"":58,""kind"":""confirmed_tonal_attachment"",""rgba"":[127,127,127,2],""alpha"":2,""raw_luminance_0_255"":54.118843140584076,""master_rgb"":[200.0,208.0,215.0],""composited_rgb"":[199.42745098039217,207.36470588235295,214.30980392156863],""composited_luminance_0_255"":157.7790353680915},{""x"":111,""y"":57,""kind"":""low_alpha_perimeter"",""rgba"":[63,63,63,4],""alpha"":4,""raw_luminance_0_255"":12.675174325952444,""master_rgb"":[200.0,207.0,215.0],""composited_rgb"":[197.85098039215688,204.74117647058824,212.6156862745098],""composited_luminance_0_255"":153.7880534509075}],""raw_RGB_step_L2"":[41.569219381653056,110.85125168440814],""composited_RGB_step_L2"":[44.47883037359804,3.4983139784818444],""composited_luminance_steps"":[40.263324606018315,-3.9909819171840013],""composited_luminance_monotonic"":false}"
#14700,120,57,"[121.0662,57.6444]","[121,58]","[0,0,0,2]",2,0,AMBIGUOUS,[8],False,"[{""xy"":[119,57],""glyph_id"":8,""class"":""proven_tonal_attachment"",""rgba"":[85,85,85,3],""master_rgba"":[200,208,216,253]},{""xy"":[120,58],""glyph_id"":8,""class"":""proven_tonal_attachment"",""rgba"":[85,85,85,3],""master_rgba"":[200,208,215,253]}]","{""xy"":[119,57],""glyph_id"":8,""class"":""proven_tonal_attachment""}","[200,208,216,253]",0.0,"[198.4313725490196,206.3686274509804,214.30588235294118]",156.20145837287973,"[0.0,0.0,0.0]",0.0,85.0,85.0,0.2156862745098067,0.32230904715227066,0.2156862745098067,0.32230904715227066,0.32195545528898606,84.7843137254902,1.7320508075688772,"[16,16,16]","[198.55686274509804,206.49411764705883,214.4313725490196]",0.12549019607843093,0.21735539545962304,0.21452188239101133,"{""nodes"":[{""x"":118,""y"":58,""kind"":""solid_core"",""rgba"":[44,44,44,52],""alpha"":52,""raw_luminance_0_255"":6.4226492049772155,""master_rgb"":[200.0,207.0,216.0],""composited_rgb"":[168.18823529411765,173.7607843137255,180.92549019607844],""composited_luminance_0_255"":106.73891408483401},{""x"":119,""y"":57,""kind"":""confirmed_tonal_attachment"",""rgba"":[85,85,85,3],""alpha"":3,""raw_luminance_0_255"":23.16463635176896,""master_rgb"":[200.0,208.0,216.0],""composited_rgb"":[198.64705882352942,206.5529411764706,214.45882352941177],""composited_luminance_0_255"":156.5234138281687},{""x"":120,""y"":57,""kind"":""low_alpha_perimeter"",""rgba"":[0,0,0,2],""alpha"":2,""raw_luminance_0_255"":0.0,""master_rgb"":[200.0,208.0,216.0],""composited_rgb"":[198.4313725490196,206.3686274509804,214.30588235294118],""composited_luminance_0_255"":156.20145837287973}],""raw_RGB_step_L2"":[71.01408311032397,147.22431864335456],""composited_RGB_step_L2"":[55.924502026850206,0.32230904715227066],""composited_luminance_steps"":[49.784499743334706,-0.32195545528898606],""composited_luminance_monotonic"":false}"
#14700,125,57,"[126.3358,57.6444]","[126,58]","[0,0,0,8]",8,0,AMBIGUOUS,[9],False,"[{""xy"":[124,57],""glyph_id"":9,""class"":""solid_achromatic_core"",""rgba"":[155,155,155,87],""master_rgba"":[200,207,216,253]},{""xy"":[124,58],""glyph_id"":9,""class"":""solid_achromatic_core"",""rgba"":[219,219,219,201],""master_rgba"":[199,207,215,253]}]","{""xy"":[124,57],""glyph_id"":9,""class"":""solid_achromatic_core""}","[199,207,215,253]",0.0,"[192.75686274509803,200.50588235294117,208.2549019607843]",146.4093379801839,"[0.0,0.0,0.0]",0.0,155.0,155.0,13.066666666666663,19.052638389577403,13.066666666666663,19.052638389577403,17.058695058344767,141.93333333333334,91.5949221179071,"[16,16,16]","[193.25882352941176,201.0078431372549,208.75686274509803]",0.5019607843137237,0.8694215818384922,0.8273139119450548,"{""nodes"":[{""x"":124,""y"":57,""kind"":""confirmed_support"",""rgba"":[155,155,155,87],""alpha"":87,""raw_luminance_0_255"":83.58341500441824,""master_rgb"":[200.0,207.0,216.0],""composited_rgb"":[184.6470588235294,189.25882352941176,195.18823529411765],""composited_luminance_0_255"":129.35064292183912},{""x"":125,""y"":57,""kind"":""low_alpha_perimeter"",""rgba"":[0,0,0,8],""alpha"":8,""raw_luminance_0_255"":0.0,""master_rgb"":[199.0,207.0,215.0],""composited_rgb"":[192.75686274509803,200.50588235294117,208.2549019607843],""composited_luminance_0_255"":146.4093379801839}],""raw_RGB_step_L2"":[268.46787517317597],""composited_RGB_step_L2"":[19.052638389577403],""composited_luminance_steps"":[17.058695058344767],""composited_luminance_monotonic"":true}"
#14700,64,58,"[62.0466,58.6889]","[62,59]","[72,72,72,28]",28,0,SAFE WORDMARK OWNERSHIP,[6],False,"[{""xy"":[64,57],""glyph_id"":6,""class"":""proven_tonal_attachment"",""rgba"":[63,63,63,4],""master_rgba"":[204,212,220,253]},{""xy"":[65,58],""glyph_id"":6,""class"":""solid_achromatic_core"",""rgba"":[214,214,214,229],""master_rgba"":[204,211,219,253]},{""xy"":[65,57],""glyph_id"":6,""class"":""solid_achromatic_core"",""rgba"":[141,141,141,99],""master_rgba"":[204,212,220,253]},{""xy"":[65,59],""glyph_id"":6,""class"":""solid_achromatic_core"",""rgba"":[232,232,232,234],""master_rgba"":[204,211,218,253]}]","{""xy"":[64,57],""glyph_id"":6,""class"":""proven_tonal_attachment""}","[204,211,219,253]",16.524833006690972,"[189.50588235294117,195.73725490196077,202.85882352941175]",139.10280418524897,"[7.905882352941177,7.905882352941177,7.905882352941177]",13.6933899139563,9.0,9.0,14.678431372549056,23.66921668605315,13.529411764705856,20.250300333351213,22.800830663695166,-5.678431372549056,11.981716174711764,"[16,16,16]","[183.35686274509803,189.58823529411762,196.7098039215686]",6.149019607843144,10.650414377521578,9.619392770166144,"{""nodes"":[{""x"":65,""y"":57,""kind"":""solid_core"",""rgba"":[141,141,141,99],""alpha"":99,""raw_luminance_0_255"":67.92067922472992,""master_rgb"":[204.0,212.0,220.0],""composited_rgb"":[179.54117647058825,184.4352941176471,189.3294117647059],""composited_luminance_0_255"":121.8871366466987},{""x"":64,""y"":57,""kind"":""confirmed_tonal_attachment"",""rgba"":[63,63,63,4],""alpha"":4,""raw_luminance_0_255"":12.675174325952444,""master_rgb"":[204.0,212.0,220.0],""composited_rgb"":[201.78823529411767,209.66274509803924,217.5372549019608],""composited_luminance_0_255"":161.90363484894414},{""x"":64,""y"":58,""kind"":""low_alpha_perimeter"",""rgba"":[72,72,72,28],""alpha"":28,""raw_luminance_0_255"":16.524833006690972,""master_rgb"":[204.0,211.0,219.0],""composited_rgb"":[189.50588235294117,195.73725490196077,202.85882352941175],""composited_luminance_0_255"":139.10280418524897}],""raw_RGB_step_L2"":[135.09996299037243,15.588457268119896],""composited_RGB_step_L2"":[43.89804464576578,23.66921668605315],""composited_luminance_steps"":[40.01649820224543,-22.800830663695166],""composited_luminance_monotonic"":false}"
#14700,76,58,"[74.6936,58.6889]","[75,59]","[255,255,255,2]",2,0,AMBIGUOUS,[6],False,"[{""xy"":[77,57],""glyph_id"":6,""class"":""proven_tonal_attachment"",""rgba"":[0,0,0,2],""master_rgba"":[203,210,218,253]}]","{""xy"":[77,57],""glyph_id"":6,""class"":""proven_tonal_attachment""}","[203,211,218,253]",255.0,"[203.4078431372549,211.34509803921569,218.2901960784314]",164.7075682776414,"[2.0,2.0,2.0]",3.4641016151377544,255.0,255.0,2.9921568627450768,4.1174024203704525,2.9921568627450768,4.1174024203704525,4.7433877703028315,252.00784313725492,3.4641016151377544,"[16,16,16]","[201.53333333333333,209.47058823529412,216.41568627450982]",1.874509803921569,3.2467462196781316,3.2845411608181507,"{""nodes"":[{""x"":78,""y"":57,""kind"":""solid_core"",""rgba"":[146,146,146,80],""alpha"":80,""raw_luminance_0_255"":73.29741362036395,""master_rgb"":[202.0,210.0,218.0],""composited_rgb"":[184.4313725490196,189.921568627451,195.41176470588235],""composited_luminance_0_255"":130.03835365367158},{""x"":77,""y"":57,""kind"":""confirmed_tonal_attachment"",""rgba"":[0,0,0,2],""alpha"":2,""raw_luminance_0_255"":0.0,""master_rgb"":[203.0,210.0,218.0],""composited_rgb"":[201.4078431372549,208.3529411764706,216.2901960784314],""composited_luminance_0_255"":159.96418050733857},{""x"":76,""y"":58,""kind"":""low_alpha_perimeter"",""rgba"":[255,255,255,2],""alpha"":2,""raw_luminance_0_255"":255.0,""master_rgb"":[203.0,211.0,218.0],""composited_rgb"":[203.4078431372549,211.34509803921569,218.2901960784314],""composited_luminance_0_255"":164.7075682776414}],""raw_RGB_step_L2"":[252.87941790505607,441.6729559300637],""composited_RGB_step_L2"":[32.616329411081985,4.1174024203704525],""composited_luminance_steps"":[29.92582685366699,4.7433877703028315],""composited_luminance_monotonic"":true}"
#14700,77,58,"[75.7475,58.6889]","[76,59]","[0,0,0,12]",12,0,SAFE WORDMARK OWNERSHIP,[6],False,"[{""xy"":[77,57],""glyph_id"":6,""class"":""proven_tonal_attachment"",""rgba"":[0,0,0,2],""master_rgba"":[203,210,218,253]},{""xy"":[78,58],""glyph_id"":6,""class"":""solid_achromatic_core"",""rgba"":[220,220,220,200],""master_rgba"":[203,210,218,253]},{""xy"":[78,57],""glyph_id"":6,""class"":""solid_achromatic_core"",""rgba"":[146,146,146,80],""master_rgba"":[202,210,218,253]},{""xy"":[78,59],""glyph_id"":6,""class"":""solid_achromatic_core"",""rgba"":[231,231,231,204],""master_rgba"":[201,209,217,253]}]","{""xy"":[77,57],""glyph_id"":6,""class"":""proven_tonal_attachment""}","[203,210,218,253]",0.0,"[193.4470588235294,200.1176470588235,207.74117647058821]",146.11680936408288,"[0.0,0.0,0.0]",0.0,0.0,0.0,8.549019607843178,14.292651690610038,8.549019607843178,14.292651690610038,13.847371143255685,-8.549019607843178,0.0,"[16,16,16]","[194.2,200.8705882352941,208.4941176470588]",0.7529411764705856,1.3041323727577383,1.240602296280116,"{""nodes"":[{""x"":78,""y"":57,""kind"":""solid_core"",""rgba"":[146,146,146,80],""alpha"":80,""raw_luminance_0_255"":73.29741362036395,""master_rgb"":[202.0,210.0,218.0],""composited_rgb"":[184.4313725490196,189.921568627451,195.41176470588235],""composited_luminance_0_255"":130.03835365367158},{""x"":77,""y"":57,""kind"":""confirmed_tonal_attachment"",""rgba"":[0,0,0,2],""alpha"":2,""raw_luminance_0_255"":0.0,""master_rgb"":[203.0,210.0,218.0],""composited_rgb"":[201.4078431372549,208.3529411764706,216.2901960784314],""composited_luminance_0_255"":159.96418050733857},{""x"":77,""y"":58,""kind"":""low_alpha_perimeter"",""rgba"":[0,0,0,12],""alpha"":12,""raw_luminance_0_255"":0.0,""master_rgb"":[203.0,210.0,218.0],""composited_rgb"":[193.4470588235294,200.1176470588235,207.74117647058821],""composited_luminance_0_255"":146.11680936408288}],""raw_RGB_step_L2"":[252.87941790505607,0.0],""composited_RGB_step_L2"":[32.616329411081985,14.292651690610038],""composited_luminance_steps"":[29.92582685366699,-13.847371143255685],""composited_luminance_monotonic"":false}"
#14700,82,58,"[81.0172,58.6889]","[81,59]","[0,0,0,2]",2,0,AMBIGUOUS,[7],False,"[{""xy"":[82,59],""glyph_id"":7,""class"":""proven_tonal_attachment"",""rgba"":[0,0,0,1],""master_rgba"":[202,210,218,253]}]","{""xy"":[82,59],""glyph_id"":7,""class"":""proven_tonal_attachment""}","[203,211,218,253]",0.0,"[201.4078431372549,209.34509803921569,216.2901960784314]",161.20451938735354,"[0.0,0.0,0.0]",0.0,0.0,0.0,0.8549019607843036,0.894031643610551,0.8549019607843036,0.894031643610551,0.16891925398698504,-0.8549019607843036,0.0,"[16,16,16]","[201.53333333333333,209.47058823529412,216.41568627450982]",0.12549019607843093,0.21735539545962304,0.21850772946970665,"{""nodes"":[{""x"":83,""y"":60,""kind"":""solid_core"",""rgba"":[87,80,80,38],""alpha"":38,""raw_luminance_0_255"":21.27400074994564,""master_rgb"":[202.0,209.0,217.0],""composited_rgb"":[184.86274509803923,189.77647058823527,196.58431372549018],""composited_luminance_0_255"":130.15088308673782},{""x"":82,""y"":59,""kind"":""confirmed_tonal_attachment"",""rgba"":[0,0,0,1],""alpha"":1,""raw_luminance_0_255"":0.0,""master_rgb"":[202.0,210.0,218.0],""composited_rgb"":[201.2078431372549,209.1764705882353,217.1450980392157],""composited_luminance_0_255"":161.03560013336656},{""x"":82,""y"":58,""kind"":""low_alpha_perimeter"",""rgba"":[0,0,0,2],""alpha"":2,""raw_luminance_0_255"":0.0,""master_rgb"":[203.0,211.0,218.0],""composited_rgb"":[201.4078431372549,209.34509803921569,216.2901960784314],""composited_luminance_0_255"":161.20451938735354}],""raw_RGB_step_L2"":[142.72000560538106,0.0],""composited_RGB_step_L2"":[32.65376060283279,0.894031643610551],""composited_luminance_steps"":[30.884717046628737,0.16891925398698504],""composited_luminance_monotonic"":true}"
#14700,83,58,"[82.0711,58.6889]","[82,59]","[255,255,255,1]",1,0,AMBIGUOUS,[7],False,"[{""xy"":[84,57],""glyph_id"":7,""class"":""proven_tonal_attachment"",""rgba"":[170,170,170,3],""master_rgba"":[203,211,219,253]},{""xy"":[82,59],""glyph_id"":7,""class"":""proven_tonal_attachment"",""rgba"":[0,0,0,1],""master_rgba"":[202,210,218,253]},{""xy"":[84,59],""glyph_id"":7,""class"":""solid_achromatic_core"",""rgba"":[95,95,95,83],""master_rgba"":[203,210,217,253]}]","{""xy"":[84,57],""glyph_id"":7,""class"":""proven_tonal_attachment""}","[202,210,218,253]",255.0,"[202.2078431372549,210.1764705882353,218.1450980392157]",162.78053225900555,"[1.0,1.0,1.0]",1.7320508075688772,85.0,85.0,0.4039215686274531,0.5975600780716875,0.4039215686274531,0.5975600780716875,0.6118453989877537,84.59607843137255,1.7320508075688772,"[16,16,16]","[201.27058823529413,209.23921568627452,217.2078431372549]",0.9372549019607845,1.6233731098390658,1.6357687773594307,"{""nodes"":[{""x"":85,""y"":58,""kind"":""solid_core"",""rgba"":[88,88,88,75],""alpha"":75,""raw_luminance_0_255"":24.884773521174928,""master_rgb"":[202.0,210.0,218.0],""composited_rgb"":[168.4705882352941,174.1176470588235,179.76470588235293],""composited_luminance_0_255"":107.04865572897991},{""x"":84,""y"":57,""kind"":""confirmed_tonal_attachment"",""rgba"":[170,170,170,3],""alpha"":3,""raw_luminance_0_255"":102.50433385720991,""master_rgb"":[203.0,211.0,219.0],""composited_rgb"":[202.61176470588236,210.51764705882354,218.42352941176472],""composited_luminance_0_255"":163.3923776579933},{""x"":83,""y"":58,""kind"":""low_alpha_perimeter"",""rgba"":[255,255,255,1],""alpha"":1,""raw_luminance_0_255"":255.0,""master_rgb"":[202.0,210.0,218.0],""composited_rgb"":[202.2078431372549,210.1764705882353,218.1450980392157],""composited_luminance_0_255"":162.78053225900555}],""raw_RGB_step_L2"":[142.02816622064793,147.22431864335456],""composited_RGB_step_L2"":[63.12752622647315,0.5975600780716875],""composited_luminance_steps"":[56.3437219290134,-0.6118453989877537],""composited_luminance_monotonic"":false}"
#14700,99,58,"[98.9338,58.6889]","[99,59]","[0,0,0,1]",1,0,AMBIGUOUS,[7],False,"[{""xy"":[98,58],""glyph_id"":7,""class"":""proven_tonal_attachment"",""rgba"":[127,127,127,2],""master_rgba"":[200,208,215,253]}]","{""xy"":[98,58],""glyph_id"":7,""class"":""proven_tonal_attachment""}","[200,208,216,253]",0.0,"[199.2156862745098,207.1843137254902,215.1529411764706]",157.592079182359,"[0.0,0.0,0.0]",0.0,127.0,127.0,0.8431372549019613,0.8878434836831617,0.8431372549019613,0.8878434836831617,0.1869561857325266,126.15686274509804,1.725258451460764,"[16,16,16]","[199.27843137254902,207.24705882352941,215.2156862745098]",0.06274509803921546,0.10867769772981152,0.10779526752347124,"{""nodes"":[{""x"":97,""y"":59,""kind"":""solid_core"",""rgba"":[132,132,132,98],""alpha"":98,""raw_luminance_0_255"":58.83871237370903,""master_rgb"":[200.0,208.0,216.0],""composited_rgb"":[173.86666666666667,178.79215686274512,183.71764705882356],""composited_luminance_0_255"":113.7023830848671},{""x"":98,""y"":58,""kind"":""confirmed_tonal_attachment"",""rgba"":[127,127,127,2],""alpha"":2,""raw_luminance_0_255"":54.118843140584076,""master_rgb"":[200.0,208.0,215.0],""composited_rgb"":[199.42745098039217,207.36470588235295,214.30980392156863],""composited_luminance_0_255"":157.7790353680915},{""x"":99,""y"":58,""kind"":""low_alpha_perimeter"",""rgba"":[0,0,0,1],""alpha"":1,""raw_luminance_0_255"":0.0,""master_rgb"":[200.0,208.0,216.0],""composited_rgb"":[199.2156862745098,207.1843137254902,215.1529411764706],""composited_luminance_0_255"":157.592079182359}],""raw_RGB_step_L2"":[8.660254037844387,219.9704525612474],""composited_RGB_step_L2"":[49.0471641761834,0.8878434836831617],""composited_luminance_steps"":[44.07665228322442,-0.1869561857325266],""composited_luminance_monotonic"":false}"
#14700,111,58,"[111.5809,58.6889]","[112,59]","[170,170,170,12]",12,0,AMBIGUOUS,[8],False,"[{""xy"":[110,58],""glyph_id"":8,""class"":""proven_tonal_attachment"",""rgba"":[127,127,127,2],""master_rgba"":[200,208,215,253]},{""xy"":[112,58],""glyph_id"":8,""class"":""proven_tonal_attachment"",""rgba"":[0,0,0,1],""master_rgba"":[200,208,216,253]}]","{""xy"":[110,58],""glyph_id"":8,""class"":""proven_tonal_attachment""}","[200,208,215,253]",102.50433385720991,"[198.58823529411762,206.21176470588233,212.88235294117646]",155.87801324965224,"[8.0,8.0,8.0]",13.856406460551018,43.0,43.0,1.427450980392166,2.0177147037956735,1.427450980392166,2.0177147037956735,1.901022118439272,41.572549019607834,12.131148009090253,"[16,16,16]","[191.3411764705882,198.96470588235292,205.63529411764705]",7.247058823529414,12.55227408779328,12.084059216975902,"{""nodes"":[{""x"":109,""y"":58,""kind"":""solid_core"",""rgba"":[103,103,103,64],""alpha"":64,""raw_luminance_0_255"":34.586499062077436,""master_rgb"":[200.0,208.0,215.0],""composited_rgb"":[175.65490196078431,181.64705882352942,186.89019607843136],""composited_luminance_0_255"":117.5157107620732},{""x"":110,""y"":58,""kind"":""confirmed_tonal_attachment"",""rgba"":[127,127,127,2],""alpha"":2,""raw_luminance_0_255"":54.118843140584076,""master_rgb"":[200.0,208.0,215.0],""composited_rgb"":[199.42745098039217,207.36470588235295,214.30980392156863],""composited_luminance_0_255"":157.7790353680915},{""x"":111,""y"":58,""kind"":""low_alpha_perimeter"",""rgba"":[170,170,170,12],""alpha"":12,""raw_luminance_0_255"":102.50433385720991,""master_rgb"":[200.0,208.0,215.0],""composited_rgb"":[198.58823529411762,206.21176470588233,212.88235294117646],""composited_luminance_0_255"":155.87801324965224}],""raw_RGB_step_L2"":[41.569219381653056,74.47818472546173],""composited_RGB_step_L2"":[44.47883037359804,2.0177147037956735],""composited_luminance_steps"":[40.263324606018315,-1.901022118439272],""composited_luminance_monotonic"":false}"
#14700,125,58,"[126.3358,58.6889]","[126,59]","[0,0,0,24]",24,0,AMBIGUOUS,[9],False,"[{""xy"":[124,58],""glyph_id"":9,""class"":""solid_achromatic_core"",""rgba"":[219,219,219,201],""master_rgba"":[199,207,215,253]},{""xy"":[124,57],""glyph_id"":9,""class"":""solid_achromatic_core"",""rgba"":[155,155,155,87],""master_rgba"":[200,207,216,253]},{""xy"":[124,59],""glyph_id"":9,""class"":""solid_achromatic_core"",""rgba"":[233,233,233,205],""master_rgba"":[199,207,215,253]}]","{""xy"":[124,58],""glyph_id"":9,""class"":""solid_achromatic_core""}","[199,207,215,253]",0.0,"[180.27058823529413,187.51764705882354,194.76470588235293]",126.03627474478878,"[0.0,0.0,0.0]",0.0,155.0,219.0,34.49411764705883,50.73899287455237,4.376470588235264,4.72911910127543,49.476689602837325,184.50588235294117,298.9927235230369,"[16,16,16]","[181.7764705882353,189.0235294117647,196.2705882352941]",1.5058823529411711,2.6082647455154766,2.282430988106853,"{""nodes"":[{""x"":124,""y"":58,""kind"":""confirmed_support"",""rgba"":[219,219,219,201],""alpha"":201,""raw_luminance_0_255"":180.63582387238012,""master_rgb"":[199.0,207.0,215.0],""composited_rgb"":[214.76470588235296,216.45882352941177,218.1529411764706],""composited_luminance_0_255"":175.5129643476261},{""x"":125,""y"":58,""kind"":""low_alpha_perimeter"",""rgba"":[0,0,0,24],""alpha"":24,""raw_luminance_0_255"":0.0,""master_rgb"":[199.0,207.0,215.0],""composited_rgb"":[180.27058823529413,187.51764705882354,194.76470588235293],""composited_luminance_0_255"":126.03627474478878}],""raw_RGB_step_L2"":[379.31912685758414],""composited_RGB_step_L2"":[50.73899287455237],""composited_luminance_steps"":[-49.476689602837325],""composited_luminance_monotonic"":true}"
#14700,138,58,"[140.0368,58.6889]","[140,59]","[31,31,31,16]",16,0,AMBIGUOUS,[9],False,"[{""xy"":[137,58],""glyph_id"":9,""class"":""solid_achromatic_core"",""rgba"":[211,211,211,216],""master_rgba"":[198,206,214,253]},{""xy"":[137,57],""glyph_id"":9,""class"":""solid_achromatic_core"",""rgba"":[137,137,137,93],""master_rgba"":[199,207,215,253]},{""xy"":[137,59],""glyph_id"":9,""class"":""solid_achromatic_core"",""rgba"":[227,227,227,219],""master_rgba"":[199,206,214,253]}]","{""xy"":[137,58],""glyph_id"":9,""class"":""solid_achromatic_core""}","[199,206,215,253]",3.49403117705887,"[188.45882352941175,195.01960784313724,203.4549019607843]",138.01175000046518,"[1.9450980392156862,1.9450980392156862,1.9450980392156862]",3.3690086296241692,106.0,180.0,20.552941176470597,26.795582850248028,16.9019607843137,24.7982118515472,26.444591972195127,159.4470588235294,306.19941335374506,"[16,16,16]","[187.5176470588235,194.078431372549,202.51372549019607]",0.941176470588232,1.630165465947173,1.491516713422783,"{""nodes"":[{""x"":137,""y"":58,""kind"":""confirmed_support"",""rgba"":[211,211,211,216],""alpha"":216,""raw_luminance_0_255"":166.10843754205516,""master_rgb"":[198.0,206.0,214.0],""composited_rgb"":[209.01176470588234,210.23529411764704,211.45882352941175],""composited_luminance_0_255"":164.4563419726603},{""x"":138,""y"":58,""kind"":""low_alpha_perimeter"",""rgba"":[31,31,31,16],""alpha"":16,""raw_luminance_0_255"":3.49403117705887,""master_rgb"":[199.0,206.0,215.0],""composited_rgb"":[188.45882352941175,195.01960784313724,203.4549019607843],""composited_luminance_0_255"":138.01175000046518}],""raw_RGB_step_L2"":[311.7691453623979],""composited_RGB_step_L2"":[26.795582850248028],""composited_luminance_steps"":[-26.444591972195127],""composited_luminance_monotonic"":true}"
#14700,64,59,"[62.0466,59.7333]","[62,60]","[113,113,113,18]",18,0,AMBIGUOUS,[6],False,"[{""xy"":[65,59],""glyph_id"":6,""class"":""solid_achromatic_core"",""rgba"":[232,232,232,234],""master_rgba"":[204,211,218,253]},{""xy"":[65,58],""glyph_id"":6,""class"":""solid_achromatic_core"",""rgba"":[214,214,214,229],""master_rgba"":[204,211,219,253]},{""xy"":[65,60],""glyph_id"":6,""class"":""solid_achromatic_core"",""rgba"":[213,213,213,211],""master_rgba"":[204,212,219,253]}]","{""xy"":[65,59],""glyph_id"":6,""class"":""solid_achromatic_core""}","[204,211,218,253]",42.10870959792524,"[197.57647058823528,204.08235294117648,210.58823529411765]",152.6320390178542,"[7.976470588235294,7.976470588235294,7.976470588235294]",13.81565232390234,100.0,119.0,32.117647058823536,46.127940027829894,13.87058823529415,16.75566090136246,49.52601133183376,86.88235294117646,354.92777607334943,"[16,16,16]","[190.72941176470587,197.23529411764707,203.74117647058824]",6.847058823529409,11.85945376476572,11.29067765841532,"{""nodes"":[{""x"":65,""y"":59,""kind"":""confirmed_support"",""rgba"":[232,232,232,234],""alpha"":234,""raw_luminance_0_255"":205.77282570565913,""master_rgb"":[204.0,211.0,218.0],""composited_rgb"":[229.69411764705882,230.2705882352941,230.8470588235294],""composited_luminance_0_255"":202.15805034968795},{""x"":64,""y"":59,""kind"":""low_alpha_perimeter"",""rgba"":[113,113,113,18],""alpha"":18,""raw_luminance_0_255"":42.10870959792524,""master_rgb"":[204.0,211.0,218.0],""composited_rgb"":[197.57647058823528,204.08235294117648,210.58823529411765],""composited_luminance_0_255"":152.6320390178542}],""raw_RGB_step_L2"":[206.11404610069638],""composited_RGB_step_L2"":[46.127940027829894],""composited_luminance_steps"":[-49.52601133183376],""composited_luminance_monotonic"":true}"
#14700,69,59,"[67.3162,59.7333]","[67,60]","[51,51,51,5]",5,0,AMBIGUOUS,[6],False,"[{""xy"":[68,60],""glyph_id"":6,""class"":""proven_tonal_attachment"",""rgba"":[0,0,0,1],""master_rgba"":[202,210,218,253]}]","{""xy"":[68,60],""glyph_id"":6,""class"":""proven_tonal_attachment""}","[201,209,217,253]",8.44171547557569,"[198.05882352941177,205.90196078431373,213.7450980392157]",155.42558176980015,"[1.0,1.0,1.0]",1.7320508075688772,51.0,51.0,3.4000000000000057,5.674393266822378,3.4000000000000057,5.674393266822378,5.610018363566411,47.599999999999994,1.7320508075688772,"[16,16,16]","[197.37254901960785,205.2156862745098,213.05882352941177]",0.6862745098039227,1.1886623189198195,1.1667353458916523,"{""nodes"":[{""x"":67,""y"":60,""kind"":""solid_core"",""rgba"":[100,100,100,86],""alpha"":86,""raw_luminance_0_255"":32.496608511090095,""master_rgb"":[204.0,211.0,219.0],""composited_rgb"":[168.9254901960784,173.56470588235294,178.86666666666665],""composited_luminance_0_255"":106.53960089015965},{""x"":68,""y"":60,""kind"":""confirmed_tonal_attachment"",""rgba"":[0,0,0,1],""alpha"":1,""raw_luminance_0_255"":0.0,""master_rgb"":[202.0,210.0,218.0],""composited_rgb"":[201.2078431372549,209.1764705882353,217.1450980392157],""composited_luminance_0_255"":161.03560013336656},{""x"":69,""y"":59,""kind"":""low_alpha_perimeter"",""rgba"":[51,51,51,5],""alpha"":5,""raw_luminance_0_255"":8.44171547557569,""master_rgb"":[201.0,209.0,217.0],""composited_rgb"":[198.05882352941177,205.90196078431373,213.7450980392157],""composited_luminance_0_255"":155.42558176980015}],""raw_RGB_step_L2"":[173.20508075688772,88.33459118601274],""composited_RGB_step_L2"":[61.44580054998684,5.674393266822378],""composited_luminance_steps"":[54.49599924320691,-5.610018363566411],""composited_luminance_monotonic"":false}"
#14700,77,59,"[75.7475,59.7333]","[76,60]","[0,0,0,16]",16,0,AMBIGUOUS,[6],False,"[{""xy"":[78,59],""glyph_id"":6,""class"":""solid_achromatic_core"",""rgba"":[231,231,231,204],""master_rgba"":[201,209,217,253]},{""xy"":[78,58],""glyph_id"":6,""class"":""solid_achromatic_core"",""rgba"":[220,220,220,200],""master_rgba"":[203,210,218,253]},{""xy"":[78,60],""glyph_id"":6,""class"":""solid_achromatic_core"",""rgba"":[222,222,222,195],""master_rgba"":[200,209,216,253]}]","{""xy"":[78,59],""glyph_id"":6,""class"":""solid_achromatic_core""}","[202,210,218,253]",0.0,"[189.32549019607842,196.8235294117647,204.32156862745097]",140.47434691950892,"[0.0,0.0,0.0]",0.0,220.0,231.0,35.67450980392158,52.244505311617914,27.007843137254895,37.4662555851797,54.19191246837832,195.32549019607842,320.08298923872854,"[16,16,16]","[190.32941176470587,197.82745098039214,205.32549019607842]",1.0039215686274474,1.7388431636769843,1.617925918739786,"{""nodes"":[{""x"":78,""y"":59,""kind"":""confirmed_support"",""rgba"":[231,231,231,204],""alpha"":204,""raw_luminance_0_255"":203.7711981936743,""master_rgb"":[201.0,209.0,217.0],""composited_rgb"":[225.0,226.6,228.2],""composited_luminance_0_255"":194.66625938788724},{""x"":77,""y"":59,""kind"":""low_alpha_perimeter"",""rgba"":[0,0,0,16],""alpha"":16,""raw_luminance_0_255"":0.0,""master_rgb"":[202.0,210.0,218.0],""composited_rgb"":[189.32549019607842,196.8235294117647,204.32156862745097],""composited_luminance_0_255"":140.47434691950892}],""raw_RGB_step_L2"":[400.10373654841067],""composited_RGB_step_L2"":[52.244505311617914],""composited_luminance_steps"":[-54.19191246837832],""composited_luminance_monotonic"":true}"
#14700,111,59,"[111.5809,59.7333]","[112,60]","[255,255,255,1]",1,0,AMBIGUOUS,[8],False,"[{""xy"":[111,60],""glyph_id"":8,""class"":""solid_achromatic_core"",""rgba"":[61,61,61,71],""master_rgba"":[201,208,216,253]},{""xy"":[110,58],""glyph_id"":8,""class"":""proven_tonal_attachment"",""rgba"":[127,127,127,2],""master_rgba"":[200,208,215,253]},{""xy"":[112,58],""glyph_id"":8,""class"":""proven_tonal_attachment"",""rgba"":[0,0,0,1],""master_rgba"":[200,208,216,253]},{""xy"":[110,60],""glyph_id"":8,""class"":""solid_achromatic_core"",""rgba"":[38,33,33,46],""master_rgba"":[199,208,216,253]},{""xy"":[112,60],""glyph_id"":8,""class"":""proven_tonal_attachment"",""rgba"":[69,69,69,22],""master_rgba"":[202,208,216,253]}]","{""xy"":[111,60],""glyph_id"":8,""class"":""solid_achromatic_core""}","[200,208,216,253]",255.0,"[200.2156862745098,208.1843137254902,216.1529411764706]",159.31518904923223,"[1.0,1.0,1.0]",1.7320508075688772,128.0,194.0,43.30980392156866,70.88736098165518,1.0,1.7320508075688772,61.50279674931171,150.69019607843134,27.685643496669584,"[16,16,16]","[199.27843137254902,207.24705882352941,215.2156862745098]",0.9372549019607845,1.6233731098390658,1.615314599349773,"{""nodes"":[{""x"":111,""y"":60,""kind"":""confirmed_support"",""rgba"":[61,61,61,71],""alpha"":71,""raw_luminance_0_255"":11.899597015904424,""master_rgb"":[201.0,208.0,216.0],""composited_rgb"":[162.01960784313724,167.0705882352941,172.84313725490193],""composited_luminance_0_255"":97.81239229992052},{""x"":111,""y"":59,""kind"":""low_alpha_perimeter"",""rgba"":[255,255,255,1],""alpha"":1,""raw_luminance_0_255"":255.0,""master_rgb"":[200.0,208.0,216.0],""composited_rgb"":[200.2156862745098,208.1843137254902,216.1529411764706],""composited_luminance_0_255"":159.31518904923223}],""raw_RGB_step_L2"":[336.0178566683622],""composited_RGB_step_L2"":[70.88736098165518],""composited_luminance_steps"":[61.50279674931171],""composited_luminance_monotonic"":true}"
#14700,125,59,"[126.3358,59.7333]","[126,60]","[0,0,0,28]",28,0,SAFE WORDMARK OWNERSHIP,[9],False,"[{""xy"":[124,59],""glyph_id"":9,""class"":""solid_achromatic_core"",""rgba"":[233,233,233,205],""master_rgba"":[199,207,215,253]},{""xy"":[125,60],""glyph_id"":9,""class"":""proven_tonal_attachment"",""rgba"":[10,10,10,25],""master_rgba"":[200,207,214,253]},{""xy"":[124,58],""glyph_id"":9,""class"":""solid_achromatic_core"",""rgba"":[219,219,219,201],""master_rgba"":[199,207,215,253]},{""xy"":[124,60],""glyph_id"":9,""class"":""solid_achromatic_core"",""rgba"":[235,235,235,205],""master_rgba"":[200,207,214,253]}]","{""xy"":[124,59],""glyph_id"":9,""class"":""solid_achromatic_core""}","[200,207,215,253]",0.0,"[178.0392156862745,184.2705882352941,191.39215686274508]",121.48711435542806,"[0.0,0.0,0.0]",0.0,10.0,233.0,48.29411764705881,75.40547331336914,3.4156862745098238,5.43864594044451,75.72743570514008,184.7058823529412,324.4368895040291,"[16,16,16]","[179.79607843137254,186.02745098039213,193.14901960784312]",1.756862745098033,3.0429755364347226,2.6089676180812376,"{""nodes"":[{""x"":124,""y"":59,""kind"":""confirmed_support"",""rgba"":[233,233,233,205],""alpha"":205,""raw_luminance_0_255"":207.78587591510578,""master_rgb"":[199.0,207.0,215.0],""composited_rgb"":[226.33333333333331,227.9019607843137,229.47058823529412],""composited_luminance_0_255"":197.21455006056814},{""x"":125,""y"":59,""kind"":""low_alpha_perimeter"",""rgba"":[0,0,0,28],""alpha"":28,""raw_luminance_0_255"":0.0,""master_rgb"":[200.0,207.0,215.0],""composited_rgb"":[178.0392156862745,184.2705882352941,191.39215686274508],""composited_luminance_0_255"":121.48711435542806}],""raw_RGB_step_L2"":[403.5678381635484],""composited_RGB_step_L2"":[75.40547331336914],""composited_luminance_steps"":[-75.72743570514008],""composited_luminance_monotonic"":true}"
#14700,138,59,"[140.0368,59.7333]","[140,60]","[11,11,11,22]",22,0,AMBIGUOUS,[9],False,"[{""xy"":[137,59],""glyph_id"":9,""class"":""solid_achromatic_core"",""rgba"":[227,227,227,219],""master_rgba"":[199,206,214,253]},{""xy"":[137,58],""glyph_id"":9,""class"":""solid_achromatic_core"",""rgba"":[211,211,211,216],""master_rgba"":[198,206,214,253]},{""xy"":[137,60],""glyph_id"":9,""class"":""solid_achromatic_core"",""rgba"":[219,219,219,213],""master_rgba"":[199,206,214,253]}]","{""xy"":[137,59],""glyph_id"":9,""class"":""solid_achromatic_core""}","[199,206,214,253]",0.8533666197942859,"[182.78039215686272,189.17647058823528,196.4862745098039]",128.82405356087187,"[0.9490196078431372,0.9490196078431372,0.9490196078431372]",1.643750178163405,200.0,216.0,40.26666666666668,60.48962264958447,26.231372549019625,36.82032289908559,61.07692493518394,175.73333333333332,336.0246490244703,"[16,16,16]","[183.21176470588233,189.6078431372549,196.91764705882352]",0.4313725490196134,0.7471591718924665,0.6597620567360707,"{""nodes"":[{""x"":137,""y"":59,""kind"":""confirmed_support"",""rgba"":[227,227,227,219],""alpha"":219,""raw_luminance_0_255"":195.87854254811427,""master_rgb"":[199.0,206.0,214.0],""composited_rgb"":[223.0470588235294,224.03529411764706,225.16470588235293],""composited_luminance_0_255"":189.9009784960558},{""x"":138,""y"":59,""kind"":""low_alpha_perimeter"",""rgba"":[11,11,11,22],""alpha"":22,""raw_luminance_0_255"":0.8533666197942859,""master_rgb"":[199.0,206.0,214.0],""composited_rgb"":[182.78039215686272,189.17647058823528,196.4862745098039],""composited_luminance_0_255"":128.82405356087187}],""raw_RGB_step_L2"":[374.1229744348775],""composited_RGB_step_L2"":[60.48962264958447],""composited_luminance_steps"":[-61.07692493518394],""composited_luminance_monotonic"":true}"
#14700,64,60,"[62.0466,60.7778]","[62,61]","[102,102,102,10]",10,0,AMBIGUOUS,[6],False,"[{""xy"":[65,60],""glyph_id"":6,""class"":""solid_achromatic_core"",""rgba"":[213,213,213,211],""master_rgba"":[204,212,219,253]},{""xy"":[64,61],""glyph_id"":6,""class"":""proven_tonal_attachment"",""rgba"":[63,63,63,8],""master_rgba"":[203,211,219,253]},{""xy"":[65,59],""glyph_id"":6,""class"":""solid_achromatic_core"",""rgba"":[232,232,232,234],""master_rgba"":[204,211,218,253]},{""xy"":[65,61],""glyph_id"":6,""class"":""solid_achromatic_core"",""rgba"":[203,203,203,198],""master_rgba"":[204,211,219,253]}]","{""xy"":[65,60],""glyph_id"":6,""class"":""solid_achromatic_core""}","[204,211,218,253]",33.88142199622358,"[200.0,206.72549019607843,213.45098039215688]",157.0777977267401,"[4.0,4.0,4.0]",6.928203230275509,39.0,111.0,11.447058823529431,12.985010729777702,1.3921568627451109,1.5820504120740648,11.91985969852692,99.55294117647057,298.340657336658,"[16,16,16]","[196.62745098039215,203.35294117647058,210.07843137254903]",3.3725490196078454,5.841426252977394,5.72023683863614,"{""nodes"":[{""x"":65,""y"":60,""kind"":""confirmed_support"",""rgba"":[213,213,213,211],""alpha"":211,""raw_luminance_0_255"":169.67376106197938,""master_rgb"":[204.0,212.0,219.0],""composited_rgb"":[211.44705882352943,212.82745098039217,214.03529411764708],""composited_luminance_0_255"":168.99765742526702},{""x"":64,""y"":60,""kind"":""low_alpha_perimeter"",""rgba"":[102,102,102,10],""alpha"":10,""raw_luminance_0_255"":33.88142199622358,""master_rgb"":[204.0,211.0,218.0],""composited_rgb"":[200.0,206.72549019607843,213.45098039215688],""composited_luminance_0_255"":157.0777977267401}],""raw_RGB_step_L2"":[192.25763964014538],""composited_RGB_step_L2"":[12.985010729777702],""composited_luminance_steps"":[-11.91985969852692],""composited_luminance_monotonic"":true}"
#14700,69,60,"[67.3162,60.7778]","[67,61]","[102,102,102,5]",5,0,SAFE WORDMARK OWNERSHIP,[6],False,"[{""xy"":[68,60],""glyph_id"":6,""class"":""proven_tonal_attachment"",""rgba"":[0,0,0,1],""master_rgba"":[202,210,218,253]},{""xy"":[69,61],""glyph_id"":6,""class"":""proven_tonal_attachment"",""rgba"":[85,85,85,9],""master_rgba"":[202,210,218,253]}]","{""xy"":[68,60],""glyph_id"":6,""class"":""proven_tonal_attachment""}","[202,210,218,253]",33.88142199622358,"[200.0392156862745,207.88235294117646,215.72549019607843]",158.8212491461283,"[2.0,2.0,2.0]",3.4641016151377544,17.0,102.0,1.4196078431372712,2.2484921685233714,1.4196078431372712,2.2484921685233714,2.214350987238248,100.58039215686273,3.4641016151377544,"[16,16,16]","[198.35294117647058,206.19607843137254,214.0392156862745]",1.6862745098039227,2.920713126488697,2.8940669076833956,"{""nodes"":[{""x"":67,""y"":60,""kind"":""solid_core"",""rgba"":[100,100,100,86],""alpha"":86,""raw_luminance_0_255"":32.496608511090095,""master_rgb"":[204.0,211.0,219.0],""composited_rgb"":[168.9254901960784,173.56470588235294,178.86666666666665],""composited_luminance_0_255"":106.53960089015965},{""x"":68,""y"":60,""kind"":""confirmed_tonal_attachment"",""rgba"":[0,0,0,1],""alpha"":1,""raw_luminance_0_255"":0.0,""master_rgb"":[202.0,210.0,218.0],""composited_rgb"":[201.2078431372549,209.1764705882353,217.1450980392157],""composited_luminance_0_255"":161.03560013336656},{""x"":69,""y"":60,""kind"":""low_alpha_perimeter"",""rgba"":[102,102,102,5],""alpha"":5,""raw_luminance_0_255"":33.88142199622358,""master_rgb"":[202.0,210.0,218.0],""composited_rgb"":[200.0392156862745,207.88235294117646,215.72549019607843],""composited_luminance_0_255"":158.8212491461283}],""raw_RGB_step_L2"":[173.20508075688772,176.6691823720255],""composited_RGB_step_L2"":[61.44580054998684,2.2484921685233714],""composited_luminance_steps"":[54.49599924320691,-2.214350987238248],""composited_luminance_monotonic"":false}"
#14700,77,60,"[75.7475,60.7778]","[76,61]","[0,0,0,16]",16,0,AMBIGUOUS,[6],False,"[{""xy"":[78,60],""glyph_id"":6,""class"":""solid_achromatic_core"",""rgba"":[222,222,222,195],""master_rgba"":[200,209,216,253]},{""xy"":[78,59],""glyph_id"":6,""class"":""solid_achromatic_core"",""rgba"":[231,231,231,204],""master_rgba"":[201,209,217,253]},{""xy"":[78,61],""glyph_id"":6,""class"":""solid_achromatic_core"",""rgba"":[223,223,223,197],""master_rgba"":[201,208,216,253]}]","{""xy"":[78,60],""glyph_id"":6,""class"":""solid_achromatic_core""}","[202,209,217,253]",0.0,"[189.32549019607842,195.8862745098039,203.3843137254902]",139.27897009601966,"[0.0,0.0,0.0]",0.0,222.0,222.0,27.498039215686276,39.795044697402744,27.498039215686276,39.795044697402744,40.63772227480595,194.50196078431372,294.0410959202223,"[16,16,16]","[190.32941176470587,196.89019607843136,204.38823529411764]",1.0039215686274474,1.7388431636769843,1.6099587205962678,"{""nodes"":[{""x"":78,""y"":60,""kind"":""confirmed_support"",""rgba"":[222,222,222,195],""alpha"":195,""raw_luminance_0_255"":186.26748872304017,""master_rgb"":[200.0,209.0,216.0],""composited_rgb"":[216.8235294117647,218.94117647058823,220.58823529411765],""composited_luminance_0_255"":179.91669237082561},{""x"":77,""y"":60,""kind"":""low_alpha_perimeter"",""rgba"":[0,0,0,16],""alpha"":16,""raw_luminance_0_255"":0.0,""master_rgb"":[202.0,209.0,217.0],""composited_rgb"":[189.32549019607842,195.8862745098039,203.3843137254902],""composited_luminance_0_255"":139.27897009601966}],""raw_RGB_step_L2"":[384.51527928029077],""composited_RGB_step_L2"":[39.795044697402744],""composited_luminance_steps"":[-40.63772227480595],""composited_luminance_monotonic"":true}"
#14700,89,60,"[88.3946,60.7778]","[88,61]","[57,57,57,22]",22,0,AMBIGUOUS,[7],False,"[{""xy"":[89,59],""glyph_id"":7,""class"":""solid_achromatic_core"",""rgba"":[195,195,195,193],""master_rgba"":[202,210,217,253]},{""xy"":[88,60],""glyph_id"":7,""class"":""proven_tonal_attachment"",""rgba"":[132,132,132,25],""master_rgba"":[202,209,217,253]},{""xy"":[88,59],""glyph_id"":7,""class"":""solid_achromatic_core"",""rgba"":[202,202,202,205],""master_rgba"":[201,208,216,253]},{""xy"":[90,59],""glyph_id"":7,""class"":""solid_achromatic_core"",""rgba"":[196,196,196,195],""master_rgba"":[202,210,218,253]}]","{""xy"":[89,59],""glyph_id"":7,""class"":""solid_achromatic_core""}","[202,209,217,253]",10.433375211247563,"[189.49019607843135,195.8862745098039,203.19607843137254]",139.3099051309281,"[4.91764705882353,4.91764705882353,4.91764705882353]",8.517614559574008,75.0,138.0,7.211764705882388,8.230262702038143,5.64705882352942,8.230262702038143,5.278171141113518,130.7882352941176,247.11270756926797,"[16,16,16]","[185.95294117647057,192.34901960784313,199.65882352941176]",3.537254901960779,6.126705209518137,5.587558592340514,"{""nodes"":[{""x"":89,""y"":59,""kind"":""confirmed_support"",""rgba"":[195,195,195,193],""alpha"":193,""raw_luminance_0_255"":139.15973764939758,""master_rgb"":[202.0,210.0,217.0],""composited_rgb"":[196.70196078431374,198.64705882352942,200.34901960784316],""composited_luminance_0_255"":144.5880762720416},{""x"":89,""y"":60,""kind"":""low_alpha_perimeter"",""rgba"":[57,57,57,22],""alpha"":22,""raw_luminance_0_255"":10.433375211247563,""master_rgb"":[202.0,209.0,217.0],""composited_rgb"":[189.49019607843135,195.8862745098039,203.19607843137254],""composited_luminance_0_255"":139.3099051309281}],""raw_RGB_step_L2"":[239.02301144450507],""composited_RGB_step_L2"":[8.230262702038143],""composited_luminance_steps"":[-5.278171141113518],""composited_luminance_monotonic"":true}"
#14700,90,60,"[89.4485,60.7778]","[89,61]","[69,69,69,22]",22,0,AMBIGUOUS,[7],False,"[{""xy"":[90,59],""glyph_id"":7,""class"":""solid_achromatic_core"",""rgba"":[196,196,196,195],""master_rgba"":[202,210,218,253]},{""xy"":[89,59],""glyph_id"":7,""class"":""solid_achromatic_core"",""rgba"":[195,195,195,193],""master_rgba"":[202,210,217,253]},{""xy"":[91,59],""glyph_id"":7,""class"":""solid_achromatic_core"",""rgba"":[197,197,197,194],""master_rgba"":[201,208,216,253]}]","{""xy"":[90,59],""glyph_id"":7,""class"":""solid_achromatic_core""}","[202,210,217,253]",15.175365731560206,"[190.5254901960784,197.83529411764704,204.23137254901962]",142.03141890419258,"[5.952941176470588,5.952941176470588,5.952941176470588]",10.310796572115905,126.0,127.0,6.88627450980394,7.673419622589715,6.176470588235333,7.340328005267474,3.659434632695479,120.11372549019606,249.29305387997232,"[16,16,16]","[185.95294117647057,193.2627450980392,199.65882352941176]",4.572549019607862,7.919887222060043,7.280217611510636,"{""nodes"":[{""x"":90,""y"":59,""kind"":""confirmed_support"",""rgba"":[196,196,196,195],""alpha"":195,""raw_luminance_0_255"":140.76290738556003,""master_rgb"":[202.0,210.0,218.0],""composited_rgb"":[197.41176470588235,199.29411764705884,201.1764705882353],""composited_luminance_0_255"":145.69085353688806},{""x"":90,""y"":60,""kind"":""low_alpha_perimeter"",""rgba"":[69,69,69,22],""alpha"":22,""raw_luminance_0_255"":15.175365731560206,""master_rgb"":[202.0,210.0,217.0],""composited_rgb"":[190.5254901960784,197.83529411764704,204.23137254901962],""composited_luminance_0_255"":142.03141890419258}],""raw_RGB_step_L2"":[219.9704525612474],""composited_RGB_step_L2"":[7.673419622589715],""composited_luminance_steps"":[-3.659434632695479],""composited_luminance_monotonic"":true}"
#14700,91,60,"[90.5025,60.7778]","[91,61]","[69,69,69,22]",22,0,AMBIGUOUS,[7],False,"[{""xy"":[91,59],""glyph_id"":7,""class"":""solid_achromatic_core"",""rgba"":[197,197,197,194],""master_rgba"":[201,208,216,253]},{""xy"":[90,59],""glyph_id"":7,""class"":""solid_achromatic_core"",""rgba"":[196,196,196,195],""master_rgba"":[202,210,218,253]},{""xy"":[92,59],""glyph_id"":7,""class"":""solid_achromatic_core"",""rgba"":[196,196,196,195],""master_rgba"":[201,209,216,253]}]","{""xy"":[91,59],""glyph_id"":7,""class"":""solid_achromatic_core""}","[201,208,216,253]",15.175365731560206,"[189.61176470588236,196.0078431372549,203.31764705882352]",139.50431377993326,"[5.952941176470588,5.952941176470588,5.952941176470588]",10.310796572115905,127.0,128.0,8.345098039215685,9.268902670163174,7.564705882352939,8.564728327198914,6.816362580431814,119.65490196078431,249.27946916775608,"[16,16,16]","[185.0392156862745,191.43529411764706,198.74509803921566]",4.572549019607862,7.919887222060059,7.203664501565612,"{""nodes"":[{""x"":91,""y"":59,""kind"":""confirmed_support"",""rgba"":[197,197,197,194],""alpha"":194,""raw_luminance_0_255"":142.37679935673827,""master_rgb"":[201.0,208.0,216.0],""composited_rgb"":[197.95686274509805,199.6313725490196,201.5450980392157],""composited_luminance_0_255"":146.32067636036507},{""x"":91,""y"":60,""kind"":""low_alpha_perimeter"",""rgba"":[69,69,69,22],""alpha"":22,""raw_luminance_0_255"":15.175365731560206,""master_rgb"":[201.0,208.0,216.0],""composited_rgb"":[189.61176470588236,196.0078431372549,203.31764705882352],""composited_luminance_0_255"":139.50431377993326}],""raw_RGB_step_L2"":[221.70250336881628],""composited_RGB_step_L2"":[9.268902670163174],""composited_luminance_steps"":[-6.816362580431814],""composited_luminance_monotonic"":true}"
#14700,92,60,"[91.5564,60.7778]","[92,61]","[61,61,61,25]",25,0,AMBIGUOUS,[7],False,"[{""xy"":[92,59],""glyph_id"":7,""class"":""solid_achromatic_core"",""rgba"":[196,196,196,195],""master_rgba"":[201,209,216,253]},{""xy"":[93,60],""glyph_id"":7,""class"":""proven_tonal_attachment"",""rgba"":[88,88,88,23],""master_rgba"":[200,208,216,253]},{""xy"":[91,59],""glyph_id"":7,""class"":""solid_achromatic_core"",""rgba"":[197,197,197,194],""master_rgba"":[201,208,216,253]},{""xy"":[93,59],""glyph_id"":7,""class"":""solid_achromatic_core"",""rgba"":[195,195,195,194],""master_rgba"":[201,208,216,253]}]","{""xy"":[92,59],""glyph_id"":7,""class"":""solid_achromatic_core""}","[201,208,215,253]",11.899597015904424,"[187.27450980392157,193.58823529411765,199.90196078431373]",135.57211139309567,"[5.980392156862745,5.980392156862745,5.980392156862745]",10.358343064872697,27.0,135.0,9.90196078431373,11.34118392861741,4.5529411764705685,6.362987698931003,9.704686751102344,125.09803921568627,249.2455073872155,"[16,16,16]","[182.86274509803923,189.1764705882353,195.49019607843138]",4.411764705882348,7.641400621627391,6.838009099446936,"{""nodes"":[{""x"":92,""y"":59,""kind"":""confirmed_support"",""rgba"":[196,196,196,195],""alpha"":195,""raw_luminance_0_255"":140.76290738556003,""master_rgb"":[201.0,209.0,216.0],""composited_rgb"":[197.1764705882353,199.05882352941177,200.7058823529412],""composited_luminance_0_255"":145.276798144198},{""x"":92,""y"":60,""kind"":""low_alpha_perimeter"",""rgba"":[61,61,61,25],""alpha"":25,""raw_luminance_0_255"":11.899597015904424,""master_rgb"":[201.0,208.0,215.0],""composited_rgb"":[187.27450980392157,193.58823529411765,199.90196078431373],""composited_luminance_0_255"":135.57211139309567}],""raw_RGB_step_L2"":[233.82685902179844],""composited_RGB_step_L2"":[11.34118392861741],""composited_luminance_steps"":[-9.704686751102344],""composited_luminance_monotonic"":true}"
#14700,100,60,"[99.9877,60.7778]","[100,61]","[0,0,0,1]",1,0,AMBIGUOUS,"[7,8]",False,"[{""xy"":[99,61],""glyph_id"":7,""class"":""proven_tonal_attachment"",""rgba"":[0,0,0,4],""master_rgba"":[200,208,215,253]},{""xy"":[101,61],""glyph_id"":8,""class"":""proven_tonal_attachment"",""rgba"":[109,109,109,7],""master_rgba"":[200,208,215,253]}]","{""xy"":[99,61],""glyph_id"":7,""class"":""proven_tonal_attachment""}","[200,208,216,253]",0.0,"[199.2156862745098,207.1843137254902,215.1529411764706]",157.592079182359,"[0.0,0.0,0.0]",0.0,0.0,0.0,3.5254901960784366,4.894232339028158,3.0627450980392155,3.9918313361636844,4.277102224049003,-3.5254901960784366,0.0,"[16,16,16]","[199.27843137254902,207.24705882352941,215.2156862745098]",0.06274509803921546,0.10867769772981152,0.10779526752347124,
#14700,113,60,"[113.6887,60.7778]","[114,61]","[42,42,42,12]",12,0,AMBIGUOUS,[8],False,"[{""xy"":[113,59],""glyph_id"":8,""class"":""solid_achromatic_core"",""rgba"":[167,167,167,119],""master_rgba"":[200,208,215,253]},{""xy"":[112,60],""glyph_id"":8,""class"":""proven_tonal_attachment"",""rgba"":[69,69,69,22],""master_rgba"":[202,208,216,253]},{""xy"":[114,59],""glyph_id"":8,""class"":""solid_achromatic_core"",""rgba"":[191,191,191,197],""master_rgba"":[200,208,216,253]},{""xy"":[112,61],""glyph_id"":8,""class"":""solid_achromatic_core"",""rgba"":[165,165,165,80],""master_rgba"":[201,208,216,253]}]","{""xy"":[113,59],""glyph_id"":8,""class"":""solid_achromatic_core""}","[200,207,215,253]",5.904108375418154,"[192.5647058823529,199.23529411764704,206.85882352941175]",144.67076090571143,"[1.9764705882352942,1.9764705882352942,1.9764705882352942]",3.423347478489075,27.0,125.0,14.258823529411728,19.345775338624087,3.5411764705882263,5.207184579197277,16.061801533776446,110.74117647058827,131.56114545804544,"[16,16,16]","[191.3411764705882,198.01176470588234,205.63529411764705]",1.2235294117647015,2.1192151057313247,1.991315064778746,"{""nodes"":[{""x"":113,""y"":59,""kind"":""confirmed_support"",""rgba"":[167,167,167,119],""alpha"":119,""raw_luminance_0_255"":98.5395056156975,""master_rgb"":[200.0,208.0,215.0],""composited_rgb"":[184.60000000000002,188.86666666666667,192.60000000000002],""composited_luminance_0_255"":128.608959371935},{""x"":113,""y"":60,""kind"":""low_alpha_perimeter"",""rgba"":[42,42,42,12],""alpha"":12,""raw_luminance_0_255"":5.904108375418154,""master_rgb"":[200.0,207.0,215.0],""composited_rgb"":[192.5647058823529,199.23529411764704,206.85882352941175],""composited_luminance_0_255"":144.67076090571143}],""raw_RGB_step_L2"":[216.50635094610965],""composited_RGB_step_L2"":[19.345775338624087],""composited_luminance_steps"":[16.061801533776446],""composited_luminance_monotonic"":true}"
#14700,114,60,"[114.7426,60.7778]","[115,61]","[63,63,63,24]",24,0,AMBIGUOUS,[8],False,"[{""xy"":[114,59],""glyph_id"":8,""class"":""solid_achromatic_core"",""rgba"":[191,191,191,197],""master_rgba"":[200,208,216,253]},{""xy"":[115,60],""glyph_id"":8,""class"":""proven_tonal_attachment"",""rgba"":[127,127,127,26],""master_rgba"":[199,207,214,253]},{""xy"":[113,59],""glyph_id"":8,""class"":""solid_achromatic_core"",""rgba"":[167,167,167,119],""master_rgba"":[200,208,215,253]},{""xy"":[115,59],""glyph_id"":8,""class"":""solid_achromatic_core"",""rgba"":[207,207,207,208],""master_rgba"":[200,208,216,253]}]","{""xy"":[114,59],""glyph_id"":8,""class"":""solid_achromatic_core""}","[199,207,215,253]",12.675174325952444,"[186.20000000000002,193.44705882352943,200.69411764705882]",135.1620573114726,"[5.929411764705883,5.929411764705883,5.929411764705883]",10.270042435467227,64.0,128.0,6.847058823529409,8.059795752623629,5.458823529411745,8.059795752623629,3.381940804293862,121.15294117647059,245.30594084450982,"[16,16,16]","[181.7764705882353,189.0235294117647,196.2705882352941]",4.423529411764719,7.661777689951762,6.843351578576971,"{""nodes"":[{""x"":114,""y"":59,""kind"":""confirmed_support"",""rgba"":[191,191,191,197],""alpha"":197,""raw_luminance_0_255"":132.85387116711036,""master_rgb"":[200.0,208.0,216.0],""composited_rgb"":[193.04705882352943,194.86666666666667,196.68627450980392],""composited_luminance_0_255"":138.54399811576647},{""x"":114,""y"":60,""kind"":""low_alpha_perimeter"",""rgba"":[63,63,63,24],""alpha"":24,""raw_luminance_0_255"":12.675174325952444,""master_rgb"":[199.0,207.0,215.0],""composited_rgb"":[186.20000000000002,193.44705882352943,200.69411764705882],""composited_luminance_0_255"":135.1620573114726}],""raw_RGB_step_L2"":[221.70250336881628],""composited_RGB_step_L2"":[8.059795752623629],""composited_luminance_steps"":[-3.381940804293862],""composited_luminance_monotonic"":true}"
#14700,138,60,"[140.0368,60.7778]","[140,61]","[12,12,12,20]",20,0,AMBIGUOUS,[9],False,"[{""xy"":[137,60],""glyph_id"":9,""class"":""solid_achromatic_core"",""rgba"":[219,219,219,213],""master_rgba"":[199,206,214,253]},{""xy"":[137,59],""glyph_id"":9,""class"":""solid_achromatic_core"",""rgba"":[227,227,227,219],""master_rgba"":[199,206,214,253]},{""xy"":[137,61],""glyph_id"":9,""class"":""solid_achromatic_core"",""rgba"":[220,220,220,214],""master_rgba"":[198,205,213,253]}]","{""xy"":[137,60],""glyph_id"":9,""class"":""solid_achromatic_core""}","[198,205,214,253]",0.937509367632096,"[183.41176470588235,189.86274509803923,198.15686274509804]",129.97296217777165,"[0.9411764705882353,0.9411764705882353,0.9411764705882353]",1.6301654659471785,207.0,207.0,32.29411764705884,46.609902204015604,32.29411764705884,46.609902204015604,46.43177480376082,174.70588235294116,315.21286990921135,"[16,16,16]","[183.72549019607843,190.1764705882353,198.47058823529412]",0.3137254901960773,0.5433884886490576,0.4821101241546444,"{""nodes"":[{""x"":137,""y"":60,""kind"":""confirmed_support"",""rgba"":[219,219,219,213],""alpha"":213,""raw_luminance_0_255"":180.63582387238012,""master_rgb"":[199.0,206.0,214.0],""composited_rgb"":[215.7058823529412,216.85882352941178,218.1764705882353],""composited_luminance_0_255"":176.40473698153247},{""x"":138,""y"":60,""kind"":""low_alpha_perimeter"",""rgba"":[12,12,12,20],""alpha"":20,""raw_luminance_0_255"":0.937509367632096,""master_rgb"":[198.0,205.0,214.0],""composited_rgb"":[183.41176470588235,189.86274509803923,198.15686274509804],""composited_luminance_0_255"":129.97296217777165}],""raw_RGB_step_L2"":[358.5345171667576],""composited_RGB_step_L2"":[46.609902204015604],""composited_luminance_steps"":[-46.43177480376082],""composited_luminance_monotonic"":true}"
#14700,145,60,"[147.4142,60.7778]","[147,61]","[63,63,63,24]",24,0,AMBIGUOUS,[10],False,"[{""xy"":[145,59],""glyph_id"":10,""class"":""solid_achromatic_core"",""rgba"":[196,196,196,195],""master_rgba"":[198,206,213,253]},{""xy"":[144,60],""glyph_id"":10,""class"":""proven_tonal_attachment"",""rgba"":[85,85,85,21],""master_rgba"":[196,204,212,253]},{""xy"":[144,59],""glyph_id"":10,""class"":""solid_achromatic_core"",""rgba"":[196,196,196,193],""master_rgba"":[197,204,212,253]},{""xy"":[146,59],""glyph_id"":10,""class"":""solid_achromatic_core"",""rgba"":[195,195,195,194],""master_rgba"":[198,205,213,253]}]","{""xy"":[145,59],""glyph_id"":10,""class"":""solid_achromatic_core""}","[197,205,213,253]",12.675174325952444,"[184.38823529411766,191.63529411764708,198.8823529411765]",132.33410315199052,"[5.929411764705883,5.929411764705883,5.929411764705883]",10.270042435467227,22.0,133.0,12.082352941176453,13.869360819813311,2.658823529411734,4.444194533535031,11.78886403738602,120.91764705882355,249.33380801662094,"[16,16,16]","[179.96470588235294,187.21176470588236,194.45882352941177]",4.423529411764719,7.661777689951762,6.758528438501287,"{""nodes"":[{""x"":145,""y"":59,""kind"":""confirmed_support"",""rgba"":[196,196,196,195],""alpha"":195,""raw_luminance_0_255"":140.76290738556003,""master_rgb"":[198.0,206.0,213.0],""composited_rgb"":[196.47058823529412,198.3529411764706,200.0],""composited_luminance_0_255"":144.12296718937654},{""x"":145,""y"":60,""kind"":""low_alpha_perimeter"",""rgba"":[63,63,63,24],""alpha"":24,""raw_luminance_0_255"":12.675174325952444,""master_rgb"":[197.0,205.0,213.0],""composited_rgb"":[184.38823529411766,191.63529411764708,198.8823529411765],""composited_luminance_0_255"":132.33410315199052}],""raw_RGB_step_L2"":[230.36275740666068],""composited_RGB_step_L2"":[13.869360819813311],""composited_luminance_steps"":[-11.78886403738602],""composited_luminance_monotonic"":true}"
#14700,146,60,"[148.4681,60.7778]","[148,61]","[60,60,60,21]",21,0,AMBIGUOUS,[10],False,"[{""xy"":[146,59],""glyph_id"":10,""class"":""solid_achromatic_core"",""rgba"":[195,195,195,194],""master_rgba"":[198,205,213,253]},{""xy"":[145,59],""glyph_id"":10,""class"":""solid_achromatic_core"",""rgba"":[196,196,196,195],""master_rgba"":[198,206,213,253]},{""xy"":[147,59],""glyph_id"":10,""class"":""solid_achromatic_core"",""rgba"":[195,195,195,194],""master_rgba"":[197,205,213,253]}]","{""xy"":[146,59],""glyph_id"":10,""class"":""solid_achromatic_core""}","[198,206,214,253]",11.522482118347261,"[186.63529411764705,193.9764705882353,201.31764705882352]",135.976113051895,"[4.9411764705882355,4.9411764705882355,4.9411764705882355]",8.558368696222688,135.0,135.0,9.082352941176481,9.909755037628607,8.843137254901961,9.690984803761868,6.687499383550062,125.91764705882352,248.39646287370135,"[16,16,16]","[183.01176470588234,190.35294117647058,197.69411764705882]",3.623529411764707,6.27613704389664,5.6409488319661705,"{""nodes"":[{""x"":146,""y"":59,""kind"":""confirmed_support"",""rgba"":[195,195,195,194],""alpha"":194,""raw_luminance_0_255"":139.15973764939758,""master_rgb"":[198.0,205.0,213.0],""composited_rgb"":[195.71764705882353,197.39215686274508,199.30588235294118],""composited_luminance_0_255"":142.66361243544506},{""x"":146,""y"":60,""kind"":""low_alpha_perimeter"",""rgba"":[60,60,60,21],""alpha"":21,""raw_luminance_0_255"":11.522482118347261,""master_rgb"":[198.0,206.0,214.0],""composited_rgb"":[186.63529411764705,193.9764705882353,201.31764705882352],""composited_luminance_0_255"":135.976113051895}],""raw_RGB_step_L2"":[233.82685902179844],""composited_RGB_step_L2"":[9.909755037628607],""composited_luminance_steps"":[-6.687499383550062],""composited_luminance_monotonic"":true}"
#14700,147,60,"[149.5221,60.7778]","[150,61]","[60,60,60,21]",21,0,AMBIGUOUS,[10],False,"[{""xy"":[147,59],""glyph_id"":10,""class"":""solid_achromatic_core"",""rgba"":[195,195,195,194],""master_rgba"":[197,205,213,253]},{""xy"":[146,59],""glyph_id"":10,""class"":""solid_achromatic_core"",""rgba"":[195,195,195,194],""master_rgba"":[198,205,213,253]},{""xy"":[148,59],""glyph_id"":10,""class"":""solid_achromatic_core"",""rgba"":[195,195,195,194],""master_rgba"":[197,204,213,253]}]","{""xy"":[147,59],""glyph_id"":10,""class"":""solid_achromatic_core""}","[198,205,213,253]",11.522482118347261,"[186.63529411764705,193.05882352941174,200.39999999999998]",134.82782191029483,"[4.9411764705882355,4.9411764705882355,4.9411764705882355]",8.558368696222688,135.0,135.0,8.843137254901961,9.908377652896478,8.843137254901961,9.8061189694292,7.754204338885074,126.15686274509804,248.39646287370135,"[16,16,16]","[183.01176470588234,189.43529411764703,196.77647058823527]",3.623529411764707,6.27613704389664,5.61307090776404,"{""nodes"":[{""x"":147,""y"":59,""kind"":""confirmed_support"",""rgba"":[195,195,195,194],""alpha"":194,""raw_luminance_0_255"":139.15973764939758,""master_rgb"":[197.0,205.0,213.0],""composited_rgb"":[195.478431372549,197.39215686274508,199.30588235294118],""composited_luminance_0_255"":142.5820262491799},{""x"":147,""y"":60,""kind"":""low_alpha_perimeter"",""rgba"":[60,60,60,21],""alpha"":21,""raw_luminance_0_255"":11.522482118347261,""master_rgb"":[198.0,205.0,213.0],""composited_rgb"":[186.63529411764705,193.05882352941174,200.39999999999998],""composited_luminance_0_255"":134.82782191029483}],""raw_RGB_step_L2"":[233.82685902179844],""composited_RGB_step_L2"":[9.908377652896478],""composited_luminance_steps"":[-7.754204338885074],""composited_luminance_monotonic"":true}"
#14700,148,60,"[150.576,60.7778]","[151,61]","[60,60,60,21]",21,0,AMBIGUOUS,[10],False,"[{""xy"":[148,59],""glyph_id"":10,""class"":""solid_achromatic_core"",""rgba"":[195,195,195,194],""master_rgba"":[197,204,213,253]},{""xy"":[147,59],""glyph_id"":10,""class"":""solid_achromatic_core"",""rgba"":[195,195,195,194],""master_rgba"":[197,205,213,253]},{""xy"":[149,59],""glyph_id"":10,""class"":""solid_achromatic_core"",""rgba"":[195,195,195,194],""master_rgba"":[197,205,213,253]}]","{""xy"":[148,59],""glyph_id"":10,""class"":""solid_achromatic_core""}","[197,205,213,253]",11.522482118347261,"[185.71764705882353,193.05882352941174,200.39999999999998]",134.5343663082045,"[4.9411764705882355,4.9411764705882355,4.9411764705882355]",8.558368696222688,135.0,135.0,9.76078431372548,10.641043330079695,9.76078431372548,10.641043330079695,7.7701244664004605,125.23921568627452,248.39646287370135,"[16,16,16]","[182.09411764705882,189.43529411764703,196.77647058823527]",3.623529411764707,6.27613704389664,5.605662003870037,"{""nodes"":[{""x"":148,""y"":59,""kind"":""confirmed_support"",""rgba"":[195,195,195,194],""alpha"":194,""raw_luminance_0_255"":139.15973764939758,""master_rgb"":[197.0,204.0,213.0],""composited_rgb"":[195.478431372549,197.1529411764706,199.30588235294118],""composited_luminance_0_255"":142.30449077460497},{""x"":148,""y"":60,""kind"":""low_alpha_perimeter"",""rgba"":[60,60,60,21],""alpha"":21,""raw_luminance_0_255"":11.522482118347261,""master_rgb"":[197.0,205.0,213.0],""composited_rgb"":[185.71764705882353,193.05882352941174,200.39999999999998],""composited_luminance_0_255"":134.5343663082045}],""raw_RGB_step_L2"":[233.82685902179844],""composited_RGB_step_L2"":[10.641043330079695],""composited_luminance_steps"":[-7.7701244664004605],""composited_luminance_monotonic"":true}"
#14700,149,60,"[151.6299,60.7778]","[152,61]","[60,60,60,21]",21,0,AMBIGUOUS,[10],False,"[{""xy"":[149,59],""glyph_id"":10,""class"":""solid_achromatic_core"",""rgba"":[195,195,195,194],""master_rgba"":[197,205,213,253]},{""xy"":[148,59],""glyph_id"":10,""class"":""solid_achromatic_core"",""rgba"":[195,195,195,194],""master_rgba"":[197,204,213,253]},{""xy"":[150,59],""glyph_id"":10,""class"":""solid_achromatic_core"",""rgba"":[195,195,195,194],""master_rgba"":[198,205,213,253]}]","{""xy"":[149,59],""glyph_id"":10,""class"":""solid_achromatic_core""}","[197,205,213,253]",11.522482118347261,"[185.71764705882353,193.05882352941174,200.39999999999998]",134.5343663082045,"[4.9411764705882355,4.9411764705882355,4.9411764705882355]",8.558368696222688,135.0,135.0,9.76078431372548,10.73535195615182,9.76078431372548,10.641043330079695,8.047659940975393,125.23921568627452,248.39646287370135,"[16,16,16]","[182.09411764705882,189.43529411764703,196.77647058823527]",3.623529411764707,6.27613704389664,5.605662003870037,"{""nodes"":[{""x"":149,""y"":59,""kind"":""confirmed_support"",""rgba"":[195,195,195,194],""alpha"":194,""raw_luminance_0_255"":139.15973764939758,""master_rgb"":[197.0,205.0,213.0],""composited_rgb"":[195.478431372549,197.39215686274508,199.30588235294118],""composited_luminance_0_255"":142.5820262491799},{""x"":149,""y"":60,""kind"":""low_alpha_perimeter"",""rgba"":[60,60,60,21],""alpha"":21,""raw_luminance_0_255"":11.522482118347261,""master_rgb"":[197.0,205.0,213.0],""composited_rgb"":[185.71764705882353,193.05882352941174,200.39999999999998],""composited_luminance_0_255"":134.5343663082045}],""raw_RGB_step_L2"":[233.82685902179844],""composited_RGB_step_L2"":[10.73535195615182],""composited_luminance_steps"":[-8.047659940975393],""composited_luminance_monotonic"":true}"
#14700,150,60,"[152.6838,60.7778]","[153,61]","[60,60,60,21]",21,0,AMBIGUOUS,[10],False,"[{""xy"":[150,59],""glyph_id"":10,""class"":""solid_achromatic_core"",""rgba"":[195,195,195,194],""master_rgba"":[198,205,213,253]},{""xy"":[149,59],""glyph_id"":10,""class"":""solid_achromatic_core"",""rgba"":[195,195,195,194],""master_rgba"":[197,205,213,253]},{""xy"":[151,59],""glyph_id"":10,""class"":""solid_achromatic_core"",""rgba"":[195,195,195,194],""master_rgba"":[197,205,213,253]}]","{""xy"":[150,59],""glyph_id"":10,""class"":""solid_achromatic_core""}","[198,205,213,253]",11.522482118347261,"[186.63529411764705,193.05882352941174,200.39999999999998]",134.82782191029483,"[4.9411764705882355,4.9411764705882355,4.9411764705882355]",8.558368696222688,135.0,135.0,9.082352941176481,10.122450600100768,8.843137254901961,9.908377652896478,7.83579052515023,125.91764705882352,248.39646287370135,"[16,16,16]","[183.01176470588234,189.43529411764703,196.77647058823527]",3.623529411764707,6.27613704389664,5.61307090776404,"{""nodes"":[{""x"":150,""y"":59,""kind"":""confirmed_support"",""rgba"":[195,195,195,194],""alpha"":194,""raw_luminance_0_255"":139.15973764939758,""master_rgb"":[198.0,205.0,213.0],""composited_rgb"":[195.71764705882353,197.39215686274508,199.30588235294118],""composited_luminance_0_255"":142.66361243544506},{""x"":150,""y"":60,""kind"":""low_alpha_perimeter"",""rgba"":[60,60,60,21],""alpha"":21,""raw_luminance_0_255"":11.522482118347261,""master_rgb"":[198.0,205.0,213.0],""composited_rgb"":[186.63529411764705,193.05882352941174,200.39999999999998],""composited_luminance_0_255"":134.82782191029483}],""raw_RGB_step_L2"":[233.82685902179844],""composited_RGB_step_L2"":[10.122450600100768],""composited_luminance_steps"":[-7.83579052515023],""composited_luminance_monotonic"":true}"
#14700,151,60,"[153.7377,60.7778]","[154,61]","[57,57,57,22]",22,0,AMBIGUOUS,[10],False,"[{""xy"":[151,59],""glyph_id"":10,""class"":""solid_achromatic_core"",""rgba"":[195,195,195,194],""master_rgba"":[197,205,213,253]},{""xy"":[152,60],""glyph_id"":10,""class"":""proven_tonal_attachment"",""rgba"":[81,81,81,22],""master_rgba"":[197,204,213,253]},{""xy"":[150,59],""glyph_id"":10,""class"":""solid_achromatic_core"",""rgba"":[195,195,195,194],""master_rgba"":[198,205,213,253]},{""xy"":[152,59],""glyph_id"":10,""class"":""solid_achromatic_core"",""rgba"":[194,194,194,195],""master_rgba"":[198,205,213,253]}]","{""xy"":[151,59],""glyph_id"":10,""class"":""solid_achromatic_core""}","[197,205,213,253]",10.433375211247563,"[184.92156862745097,192.2313725490196,199.54117647058823]",133.24822580737427,"[4.91764705882353,4.91764705882353,4.91764705882353]",8.517614559574008,24.0,138.0,10.556862745098044,11.753144646154635,2.0705882352941387,3.1484921297778126,9.333800441805636,127.44313725490196,248.43721701035003,"[16,16,16]","[181.3843137254902,188.69411764705882,196.00392156862745]",3.537254901960779,6.126705209518137,5.442959850699793,"{""nodes"":[{""x"":151,""y"":59,""kind"":""confirmed_support"",""rgba"":[195,195,195,194],""alpha"":194,""raw_luminance_0_255"":139.15973764939758,""master_rgb"":[197.0,205.0,213.0],""composited_rgb"":[195.478431372549,197.39215686274508,199.30588235294118],""composited_luminance_0_255"":142.5820262491799},{""x"":151,""y"":60,""kind"":""low_alpha_perimeter"",""rgba"":[57,57,57,22],""alpha"":22,""raw_luminance_0_255"":10.433375211247563,""master_rgb"":[197.0,205.0,213.0],""composited_rgb"":[184.92156862745097,192.2313725490196,199.54117647058823],""composited_luminance_0_255"":133.24822580737427}],""raw_RGB_step_L2"":[239.02301144450507],""composited_RGB_step_L2"":[11.753144646154635],""composited_luminance_steps"":[-9.333800441805636],""composited_luminance_monotonic"":true}"
#14700,158,60,"[161.1152,60.7778]","[161,61]","[0,0,0,14]",14,0,AMBIGUOUS,[10],False,"[{""xy"":[158,59],""glyph_id"":10,""class"":""solid_achromatic_core"",""rgba"":[153,153,153,140],""master_rgba"":[198,206,214,253]},{""xy"":[157,59],""glyph_id"":10,""class"":""proven_tonal_attachment"",""rgba"":[63,63,63,4],""master_rgba"":[197,205,213,253]},{""xy"":[159,59],""glyph_id"":10,""class"":""solid_achromatic_core"",""rgba"":[196,196,196,195],""master_rgba"":[198,205,213,253]}]","{""xy"":[158,59],""glyph_id"":10,""class"":""solid_achromatic_core""}","[198,205,213,253]",0.0,"[187.12941176470588,193.7450980392157,201.30588235294118]",135.87110566820846,"[0.0,0.0,0.0]",0.0,63.0,153.0,20.796078431372564,30.12612676785823,9.341176470588238,10.396253724456134,24.59044520126122,132.20392156862744,145.49226783578573,"[16,16,16]","[188.0078431372549,194.6235294117647,202.1843137254902]",0.8784313725490165,1.5214877682173613,1.3879533243503204,"{""nodes"":[{""x"":158,""y"":59,""kind"":""confirmed_support"",""rgba"":[153,153,153,140],""alpha"":140,""raw_luminance_0_255"":81.22942842189842,""master_rgb"":[198.0,206.0,214.0],""composited_rgb"":[173.29411764705884,176.90196078431373,180.50980392156862],""composited_luminance_0_255"":111.28066046694724},{""x"":158,""y"":60,""kind"":""low_alpha_perimeter"",""rgba"":[0,0,0,14],""alpha"":14,""raw_luminance_0_255"":0.0,""master_rgb"":[198.0,205.0,213.0],""composited_rgb"":[187.12941176470588,193.7450980392157,201.30588235294118],""composited_luminance_0_255"":135.87110566820846}],""raw_RGB_step_L2"":[265.00377355803823],""composited_RGB_step_L2"":[30.12612676785823],""composited_luminance_steps"":[24.59044520126122],""composited_luminance_monotonic"":true}"
#14700,159,60,"[162.1691,60.7778]","[162,61]","[66,66,66,23]",23,0,AMBIGUOUS,[10],False,"[{""xy"":[159,59],""glyph_id"":10,""class"":""solid_achromatic_core"",""rgba"":[196,196,196,195],""master_rgba"":[198,205,213,253]},{""xy"":[158,59],""glyph_id"":10,""class"":""solid_achromatic_core"",""rgba"":[153,153,153,140],""master_rgba"":[198,206,214,253]},{""xy"":[160,59],""glyph_id"":10,""class"":""solid_achromatic_core"",""rgba"":[195,195,195,193],""master_rgba"":[197,204,212,253]}]","{""xy"":[159,59],""glyph_id"":10,""class"":""solid_achromatic_core""}","[197,205,213,253]",13.892470492822802,"[185.1843137254902,192.4627450980392,199.74117647058824]",133.61509940291967,"[5.952941176470588,5.952941176470588,5.952941176470588]",10.310796572115905,87.0,130.0,11.286274509803917,12.626357278174469,10.301960784313735,11.350335980678262,10.233139143760553,118.71372549019608,249.29305387997232,"[16,16,16]","[180.67450980392155,187.95294117647057,195.2313725490196]",4.509803921568647,7.811209524330248,6.92754051502483,"{""nodes"":[{""x"":159,""y"":59,""kind"":""confirmed_support"",""rgba"":[196,196,196,195],""alpha"":195,""raw_luminance_0_255"":140.76290738556003,""master_rgb"":[198.0,205.0,213.0],""composited_rgb"":[196.47058823529412,198.11764705882354,200.0],""composited_luminance_0_255"":143.84823854668022},{""x"":159,""y"":60,""kind"":""low_alpha_perimeter"",""rgba"":[66,66,66,23],""alpha"":23,""raw_luminance_0_255"":13.892470492822802,""master_rgb"":[197.0,205.0,213.0],""composited_rgb"":[185.1843137254902,192.4627450980392,199.74117647058824],""composited_luminance_0_255"":133.61509940291967}],""raw_RGB_step_L2"":[225.16660498395404],""composited_RGB_step_L2"":[12.626357278174469],""composited_luminance_steps"":[-10.233139143760553],""composited_luminance_monotonic"":true}"
#14700,160,60,"[163.223,60.7778]","[163,61]","[57,57,57,22]",22,0,AMBIGUOUS,[10],False,"[{""xy"":[160,59],""glyph_id"":10,""class"":""solid_achromatic_core"",""rgba"":[195,195,195,193],""master_rgba"":[197,204,212,253]},{""xy"":[159,59],""glyph_id"":10,""class"":""solid_achromatic_core"",""rgba"":[196,196,196,195],""master_rgba"":[198,205,213,253]},{""xy"":[161,59],""glyph_id"":10,""class"":""solid_achromatic_core"",""rgba"":[195,195,195,194],""master_rgba"":[197,204,212,253]}]","{""xy"":[160,59],""glyph_id"":10,""class"":""solid_achromatic_core""}","[196,204,212,253]",10.433375211247563,"[184.0078431372549,191.31764705882352,198.62745098039215]",131.8295324369555,"[4.91764705882353,4.91764705882353,4.91764705882353]",8.517614559574008,138.0,138.0,11.47843137254904,12.902484642800745,11.470588235294116,12.877032356959573,10.498080941479174,126.52156862745096,247.11270756926797,"[16,16,16]","[180.47058823529412,187.78039215686275,195.09019607843138]",3.537254901960779,6.126705209518137,5.408774330144084,"{""nodes"":[{""x"":160,""y"":59,""kind"":""confirmed_support"",""rgba"":[195,195,195,193],""alpha"":193,""raw_luminance_0_255"":139.15973764939758,""master_rgb"":[197.0,204.0,212.0],""composited_rgb"":[195.48627450980393,197.18823529411765,199.13333333333333],""composited_luminance_0_255"":142.32761337843468},{""x"":160,""y"":60,""kind"":""low_alpha_perimeter"",""rgba"":[57,57,57,22],""alpha"":22,""raw_luminance_0_255"":10.433375211247563,""master_rgb"":[196.0,204.0,212.0],""composited_rgb"":[184.0078431372549,191.31764705882352,198.62745098039215],""composited_luminance_0_255"":131.8295324369555}],""raw_RGB_step_L2"":[239.02301144450507],""composited_RGB_step_L2"":[12.902484642800745],""composited_luminance_steps"":[-10.498080941479174],""composited_luminance_monotonic"":true}"
#14700,161,60,"[164.277,60.7778]","[164,61]","[57,57,57,22]",22,0,AMBIGUOUS,[10],False,"[{""xy"":[161,59],""glyph_id"":10,""class"":""solid_achromatic_core"",""rgba"":[195,195,195,194],""master_rgba"":[197,204,212,253]},{""xy"":[160,59],""glyph_id"":10,""class"":""solid_achromatic_core"",""rgba"":[195,195,195,193],""master_rgba"":[197,204,212,253]},{""xy"":[162,59],""glyph_id"":10,""class"":""solid_achromatic_core"",""rgba"":[196,196,196,195],""master_rgba"":[196,203,211,253]}]","{""xy"":[161,59],""glyph_id"":10,""class"":""solid_achromatic_core""}","[197,204,212,253]",10.433375211247563,"[184.92156862745097,191.31764705882352,198.62745098039215]",132.11824220977735,"[4.91764705882353,4.91764705882353,4.91764705882353]",8.517614559574008,138.0,138.0,10.556862745098044,12.070249329543904,10.556862745098044,12.070249329543904,10.157875243032038,127.44313725490196,248.43721701035003,"[16,16,16]","[181.3843137254902,187.78039215686275,195.09019607843138]",3.537254901960779,6.126705209518137,5.415951634124326,"{""nodes"":[{""x"":161,""y"":59,""kind"":""confirmed_support"",""rgba"":[195,195,195,194],""alpha"":194,""raw_luminance_0_255"":139.15973764939758,""master_rgb"":[197.0,204.0,212.0],""composited_rgb"":[195.478431372549,197.1529411764706,199.06666666666666],""composited_luminance_0_255"":142.2761174528094},{""x"":161,""y"":60,""kind"":""low_alpha_perimeter"",""rgba"":[57,57,57,22],""alpha"":22,""raw_luminance_0_255"":10.433375211247563,""master_rgb"":[197.0,204.0,212.0],""composited_rgb"":[184.92156862745097,191.31764705882352,198.62745098039215],""composited_luminance_0_255"":132.11824220977735}],""raw_RGB_step_L2"":[239.02301144450507],""composited_RGB_step_L2"":[12.070249329543904],""composited_luminance_steps"":[-10.157875243032038],""composited_luminance_monotonic"":true}"
#14700,162,60,"[165.3309,60.7778]","[165,61]","[63,63,63,24]",24,0,SAFE WORDMARK OWNERSHIP,[10],False,"[{""xy"":[162,59],""glyph_id"":10,""class"":""solid_achromatic_core"",""rgba"":[196,196,196,195],""master_rgba"":[196,203,211,253]},{""xy"":[163,60],""glyph_id"":10,""class"":""proven_tonal_attachment"",""rgba"":[72,72,72,21],""master_rgba"":[196,203,211,253]},{""xy"":[161,59],""glyph_id"":10,""class"":""solid_achromatic_core"",""rgba"":[195,195,195,194],""master_rgba"":[197,204,212,253]},{""xy"":[163,59],""glyph_id"":10,""class"":""solid_achromatic_core"",""rgba"":[193,193,193,192],""master_rgba"":[196,203,211,253]}]","{""xy"":[162,59],""glyph_id"":10,""class"":""solid_achromatic_core""}","[197,204,211,253]",12.675174325952444,"[184.38823529411766,190.7294117647059,197.07058823529414]",131.11208332039743,"[5.929411764705883,5.929411764705883,5.929411764705883]",10.270042435467227,9.0,133.0,11.611764705882337,13.738003259717665,2.482352941176458,3.2123895104395177,11.970767130930483,121.38823529411766,249.33380801662094,"[16,16,16]","[179.96470588235294,186.30588235294118,192.64705882352942]",4.423529411764719,7.661777689951762,6.722013320346804,"{""nodes"":[{""x"":162,""y"":59,""kind"":""confirmed_support"",""rgba"":[196,196,196,195],""alpha"":195,""raw_luminance_0_255"":140.76290738556003,""master_rgb"":[196.0,203.0,211.0],""composited_rgb"":[196.0,197.64705882352942,199.52941176470588],""composited_luminance_0_255"":143.08285045132791},{""x"":162,""y"":60,""kind"":""low_alpha_perimeter"",""rgba"":[63,63,63,24],""alpha"":24,""raw_luminance_0_255"":12.675174325952444,""master_rgb"":[197.0,204.0,211.0],""composited_rgb"":[184.38823529411766,190.7294117647059,197.07058823529414],""composited_luminance_0_255"":131.11208332039743}],""raw_RGB_step_L2"":[230.36275740666068],""composited_RGB_step_L2"":[13.738003259717665],""composited_luminance_steps"":[-11.970767130930483],""composited_luminance_monotonic"":true}"
#14700,168,60,"[171.6544,60.7778]","[172,61]","[60,60,60,21]",21,0,AMBIGUOUS,[10],False,"[{""xy"":[168,59],""glyph_id"":10,""class"":""solid_achromatic_core"",""rgba"":[193,193,193,192],""master_rgba"":[197,204,212,253]},{""xy"":[167,60],""glyph_id"":10,""class"":""solid_achromatic_core"",""rgba"":[173,173,173,107],""master_rgba"":[196,204,211,253]},{""xy"":[167,59],""glyph_id"":10,""class"":""solid_achromatic_core"",""rgba"":[223,223,223,216],""master_rgba"":[197,204,212,253]},{""xy"":[169,59],""glyph_id"":10,""class"":""solid_achromatic_core"",""rgba"":[195,195,195,194],""master_rgba"":[197,204,213,253]},{""xy"":[167,61],""glyph_id"":10,""class"":""solid_achromatic_core"",""rgba"":[177,177,177,89],""master_rgba"":[196,203,211,253]}]","{""xy"":[168,59],""glyph_id"":10,""class"":""solid_achromatic_core""}","[196,204,212,253]",11.522482118347261,"[184.79999999999998,192.14117647058822,199.48235294117646]",133.1015794489319,"[4.9411764705882355,4.9411764705882355,4.9411764705882355]",8.558368696222688,113.0,133.0,9.188235294117675,10.02060852222608,4.427450980392138,4.829288766315988,6.851306943243031,123.81176470588233,243.13917924602168,"[16,16,16]","[181.17647058823528,188.5176470588235,195.85882352941175]",3.623529411764707,6.27613704389664,5.5704385498868305,"{""nodes"":[{""x"":168,""y"":59,""kind"":""confirmed_support"",""rgba"":[193,193,193,192],""alpha"":192,""raw_luminance_0_255"":135.98548302267884,""master_rgb"":[197.0,204.0,212.0],""composited_rgb"":[193.98823529411766,195.71764705882353,197.69411764705882],""composited_luminance_0_255"":139.95288639217492},{""x"":168,""y"":60,""kind"":""low_alpha_perimeter"",""rgba"":[60,60,60,21],""alpha"":21,""raw_luminance_0_255"":11.522482118347261,""master_rgb"":[196.0,204.0,212.0],""composited_rgb"":[184.79999999999998,192.14117647058822,199.48235294117646],""composited_luminance_0_255"":133.1015794489319}],""raw_RGB_step_L2"":[230.36275740666068],""composited_RGB_step_L2"":[10.02060852222608],""composited_luminance_steps"":[-6.851306943243031],""composited_luminance_monotonic"":true}"
#14700,169,60,"[172.7083,60.7778]","[173,61]","[88,88,88,23]",23,0,AMBIGUOUS,[10],False,"[{""xy"":[169,59],""glyph_id"":10,""class"":""solid_achromatic_core"",""rgba"":[195,195,195,194],""master_rgba"":[197,204,213,253]},{""xy"":[168,59],""glyph_id"":10,""class"":""solid_achromatic_core"",""rgba"":[193,193,193,192],""master_rgba"":[197,204,212,253]},{""xy"":[170,59],""glyph_id"":10,""class"":""solid_achromatic_core"",""rgba"":[195,195,195,194],""master_rgba"":[196,203,212,253]}]","{""xy"":[169,59],""glyph_id"":10,""class"":""solid_achromatic_core""}","[196,203,212,253]",24.884773521174928,"[186.25882352941176,192.62745098039215,200.8156862745098]",134.27111961328578,"[7.9372549019607845,7.9372549019607845,7.9372549019607845]",13.747728762821206,105.0,107.0,9.219607843137254,10.380786972943044,7.729411764705901,8.890292949470949,8.033371161319195,97.78039215686275,243.2071028071028,"[16,16,16]","[179.76470588235293,186.13333333333333,194.32156862745097]",6.494117647058829,11.248141715035542,9.936669352409467,"{""nodes"":[{""x"":169,""y"":59,""kind"":""confirmed_support"",""rgba"":[195,195,195,194],""alpha"":194,""raw_luminance_0_255"":139.15973764939758,""master_rgb"":[197.0,204.0,213.0],""composited_rgb"":[195.478431372549,197.1529411764706,199.30588235294118],""composited_luminance_0_255"":142.30449077460497},{""x"":169,""y"":60,""kind"":""low_alpha_perimeter"",""rgba"":[88,88,88,23],""alpha"":23,""raw_luminance_0_255"":24.884773521174928,""master_rgb"":[196.0,203.0,212.0],""composited_rgb"":[186.25882352941176,192.62745098039215,200.8156862745098],""composited_luminance_0_255"":134.27111961328578}],""raw_RGB_step_L2"":[185.32943640986986],""composited_RGB_step_L2"":[10.380786972943044],""composited_luminance_steps"":[-8.033371161319195],""composited_luminance_monotonic"":true}"
#14700,170,60,"[173.7623,60.7778]","[174,61]","[57,57,57,22]",22,0,AMBIGUOUS,[10],False,"[{""xy"":[170,59],""glyph_id"":10,""class"":""solid_achromatic_core"",""rgba"":[195,195,195,194],""master_rgba"":[196,203,212,253]},{""xy"":[169,59],""glyph_id"":10,""class"":""solid_achromatic_core"",""rgba"":[195,195,195,194],""master_rgba"":[197,204,213,253]},{""xy"":[171,59],""glyph_id"":10,""class"":""solid_achromatic_core"",""rgba"":[195,195,195,194],""master_rgba"":[196,202,210,253]}]","{""xy"":[170,59],""glyph_id"":10,""class"":""solid_achromatic_core""}","[195,203,211,253]",10.433375211247563,"[183.0941176470588,190.40392156862742,197.71372549019605]",130.4196925046217,"[4.91764705882353,4.91764705882353,4.91764705882353]",8.517614559574008,138.0,138.0,12.145098039215725,13.845988708157387,12.145098039215725,13.696293315927711,11.49787339083656,125.85490196078428,248.43721701035003,"[16,16,16]","[179.55686274509802,186.86666666666665,194.17647058823528]",3.537254901960779,6.126705209518137,5.374650454438168,"{""nodes"":[{""x"":170,""y"":59,""kind"":""confirmed_support"",""rgba"":[195,195,195,194],""alpha"":194,""raw_luminance_0_255"":139.15973764939758,""master_rgb"":[196.0,203.0,212.0],""composited_rgb"":[195.23921568627452,196.91372549019607,199.06666666666666],""composited_luminance_0_255"":141.91756589545827},{""x"":170,""y"":60,""kind"":""low_alpha_perimeter"",""rgba"":[57,57,57,22],""alpha"":22,""raw_luminance_0_255"":10.433375211247563,""master_rgb"":[195.0,203.0,211.0],""composited_rgb"":[183.0941176470588,190.40392156862742,197.71372549019605],""composited_luminance_0_255"":130.4196925046217}],""raw_RGB_step_L2"":[239.02301144450507],""composited_RGB_step_L2"":[13.845988708157387],""composited_luminance_steps"":[-11.49787339083656],""composited_luminance_monotonic"":true}"
#14700,171,60,"[174.8162,60.7778]","[175,61]","[57,57,57,22]",22,0,AMBIGUOUS,[10],False,"[{""xy"":[171,59],""glyph_id"":10,""class"":""solid_achromatic_core"",""rgba"":[195,195,195,194],""master_rgba"":[196,202,210,253]},{""xy"":[170,59],""glyph_id"":10,""class"":""solid_achromatic_core"",""rgba"":[195,195,195,194],""master_rgba"":[196,203,212,253]},{""xy"":[172,59],""glyph_id"":10,""class"":""solid_achromatic_core"",""rgba"":[195,195,195,194],""master_rgba"":[196,203,211,253]}]","{""xy"":[171,59],""glyph_id"":10,""class"":""solid_achromatic_core""}","[195,203,211,253]",10.433375211247563,"[183.0941176470588,190.40392156862742,197.71372549019605]",130.4196925046217,"[4.91764705882353,4.91764705882353,4.91764705882353]",8.517614559574008,138.0,138.0,12.145098039215725,13.696293315927711,12.145098039215725,13.696293315927711,11.164604301569739,125.85490196078428,248.43721701035003,"[16,16,16]","[179.55686274509802,186.86666666666665,194.17647058823528]",3.537254901960779,6.126705209518137,5.374650454438168,"{""nodes"":[{""x"":171,""y"":59,""kind"":""confirmed_support"",""rgba"":[195,195,195,194],""alpha"":194,""raw_luminance_0_255"":139.15973764939758,""master_rgb"":[196.0,202.0,210.0],""composited_rgb"":[195.23921568627452,196.67450980392158,198.58823529411765],""composited_luminance_0_255"":141.58429680619145},{""x"":171,""y"":60,""kind"":""low_alpha_perimeter"",""rgba"":[57,57,57,22],""alpha"":22,""raw_luminance_0_255"":10.433375211247563,""master_rgb"":[195.0,203.0,211.0],""composited_rgb"":[183.0941176470588,190.40392156862742,197.71372549019605],""composited_luminance_0_255"":130.4196925046217}],""raw_RGB_step_L2"":[239.02301144450507],""composited_RGB_step_L2"":[13.696293315927711],""composited_luminance_steps"":[-11.164604301569739],""composited_luminance_monotonic"":true}"
#14700,172,60,"[175.8701,60.7778]","[176,61]","[57,57,57,22]",22,0,SAFE WORDMARK OWNERSHIP,[10],False,"[{""xy"":[172,59],""glyph_id"":10,""class"":""solid_achromatic_core"",""rgba"":[195,195,195,194],""master_rgba"":[196,203,211,253]},{""xy"":[173,60],""glyph_id"":10,""class"":""proven_tonal_attachment"",""rgba"":[69,69,69,22],""master_rgba"":[196,203,211,253]},{""xy"":[171,59],""glyph_id"":10,""class"":""solid_achromatic_core"",""rgba"":[195,195,195,194],""master_rgba"":[196,202,210,253]},{""xy"":[173,59],""glyph_id"":10,""class"":""solid_achromatic_core"",""rgba"":[194,194,194,197],""master_rgba"":[196,203,211,253]}]","{""xy"":[172,59],""glyph_id"":10,""class"":""solid_achromatic_core""}","[196,203,211,253]",10.433375211247563,"[184.0078431372549,190.40392156862742,197.71372549019605]",130.70654333232997,"[4.91764705882353,4.91764705882353,4.91764705882353]",8.517614559574008,12.0,138.0,11.231372549019625,13.02926171736736,1.0352941176470836,1.7931820125419393,11.182693798769947,126.76862745098038,248.43721701035003,"[16,16,16]","[180.47058823529412,186.86666666666665,194.17647058823528]",3.537254901960779,6.126705209518137,5.381814404770125,"{""nodes"":[{""x"":172,""y"":59,""kind"":""confirmed_support"",""rgba"":[195,195,195,194],""alpha"":194,""raw_luminance_0_255"":139.15973764939758,""master_rgb"":[196.0,203.0,211.0],""composited_rgb"":[195.23921568627452,196.91372549019607,198.82745098039214],""composited_luminance_0_255"":141.88923713109992},{""x"":172,""y"":60,""kind"":""low_alpha_perimeter"",""rgba"":[57,57,57,22],""alpha"":22,""raw_luminance_0_255"":10.433375211247563,""master_rgb"":[196.0,203.0,211.0],""composited_rgb"":[184.0078431372549,190.40392156862742,197.71372549019605],""composited_luminance_0_255"":130.70654333232997}],""raw_RGB_step_L2"":[239.02301144450507],""composited_RGB_step_L2"":[13.02926171736736],""composited_luminance_steps"":[-11.182693798769947],""composited_luminance_monotonic"":true}"
#14700,193,60,"[198.0025,60.7778]","[198,61]","[44,44,44,23]",23,0,SAFE WORDMARK OWNERSHIP,[10],False,"[{""xy"":[193,59],""glyph_id"":10,""class"":""proven_tonal_attachment"",""rgba"":[61,61,61,29],""master_rgba"":[191,199,207,253]},{""xy"":[194,60],""glyph_id"":10,""class"":""solid_achromatic_core"",""rgba"":[230,230,230,230],""master_rgba"":[190,197,206,253]},{""xy"":[194,59],""glyph_id"":10,""class"":""solid_achromatic_core"",""rgba"":[237,237,237,233],""master_rgba"":[191,199,207,253]},{""xy"":[194,61],""glyph_id"":10,""class"":""solid_achromatic_core"",""rgba"":[214,214,214,209],""master_rgba"":[190,197,205,253]}]","{""xy"":[193,59],""glyph_id"":10,""class"":""proven_tonal_attachment""}","[191,198,206,253]",6.4226492049772155,"[177.74117647058824,184.1098039215686,191.38823529411764]",121.22626556381731,"[3.9686274509803923,3.9686274509803923,3.9686274509803923]",6.873864381410603,17.0,17.0,1.5254901960784366,1.9894183740802298,1.5254901960784366,1.9894183740802298,1.4180368982155898,15.474509803921563,5.141813573841726,"[16,16,16]","[175.2156862745098,181.58431372549018,188.8627450980392]",2.5254901960784366,4.3742773336249385,3.6891589765115214,"{""nodes"":[{""x"":193,""y"":58,""kind"":""solid_core"",""rgba"":[62,55,55,41],""alpha"":41,""raw_luminance_0_255"":10.282480266327193,""master_rgb"":[191.0,198.0,207.0],""composited_rgb"":[170.25882352941176,175.0078431372549,182.5607843137255],""composited_luminance_0_255"":108.72831533310888},{""x"":193,""y"":59,""kind"":""confirmed_tonal_attachment"",""rgba"":[61,61,61,29],""alpha"":29,""raw_luminance_0_255"":11.899597015904424,""master_rgb"":[191.0,199.0,207.0],""composited_rgb"":[176.2156862745098,183.30588235294118,190.39607843137253],""composited_luminance_0_255"":119.80822866560172},{""x"":193,""y"":60,""kind"":""low_alpha_perimeter"",""rgba"":[44,44,44,23],""alpha"":23,""raw_luminance_0_255"":6.4226492049772155,""master_rgb"":[191.0,198.0,206.0],""composited_rgb"":[177.74117647058824,184.1098039215686,191.38823529411764],""composited_luminance_0_255"":121.22626556381731}],""raw_RGB_step_L2"":[8.54400374531753,29.444863728670914],""composited_RGB_step_L2"":[12.873752463793874,1.9894183740802298],""composited_luminance_steps"":[11.079913332492836,1.4180368982155898],""composited_luminance_monotonic"":true}"
#14700,198,60,"[203.2721,60.7778]","[203,61]","[55,55,55,23]",23,0,AMBIGUOUS,[10],False,"[{""xy"":[198,59],""glyph_id"":10,""class"":""solid_achromatic_core"",""rgba"":[196,196,196,195],""master_rgba"":[187,194,202,253]},{""xy"":[197,60],""glyph_id"":10,""class"":""proven_tonal_attachment"",""rgba"":[81,81,81,22],""master_rgba"":[188,195,202,253]},{""xy"":[197,59],""glyph_id"":10,""class"":""solid_achromatic_core"",""rgba"":[195,195,195,193],""master_rgba"":[188,195,203,253]},{""xy"":[199,59],""glyph_id"":10,""class"":""solid_achromatic_core"",""rgba"":[195,195,195,194],""master_rgba"":[186,193,201,253]}]","{""xy"":[198,59],""glyph_id"":10,""class"":""solid_achromatic_core""}","[188,194,203,253]",9.742114756813356,"[176.00392156862745,181.46274509803922,189.65098039215687]",117.73165644422838,"[4.96078431372549,4.96078431372549,4.96078431372549]",8.592330476763255,26.0,141.0,17.878431372549016,24.036205869858566,3.7019607843137123,4.999546307751587,21.93638101861879,123.12156862745098,251.01151997532492,"[16,16,16]","[172.4862745098039,177.94509803921568,186.13333333333333]",3.517647058823542,6.0927434289776015,5.032951091184458,"{""nodes"":[{""x"":198,""y"":59,""kind"":""confirmed_support"",""rgba"":[196,196,196,195],""alpha"":195,""raw_luminance_0_255"":140.76290738556003,""master_rgb"":[187.0,194.0,202.0],""composited_rgb"":[193.88235294117646,195.52941176470588,197.41176470588235],""composited_luminance_0_255"":139.66803746284717},{""x"":198,""y"":60,""kind"":""low_alpha_perimeter"",""rgba"":[55,55,55,23],""alpha"":23,""raw_luminance_0_255"":9.742114756813356,""master_rgb"":[188.0,194.0,203.0],""composited_rgb"":[176.00392156862745,181.46274509803922,189.65098039215687],""composited_luminance_0_255"":117.73165644422838}],""raw_RGB_step_L2"":[244.2191638672117],""composited_RGB_step_L2"":[24.036205869858566],""composited_luminance_steps"":[-21.93638101861879],""composited_luminance_monotonic"":true}"
#14700,199,60,"[204.326,60.7778]","[204,61]","[60,60,60,21]",21,0,AMBIGUOUS,[10],False,"[{""xy"":[199,59],""glyph_id"":10,""class"":""solid_achromatic_core"",""rgba"":[195,195,195,194],""master_rgba"":[186,193,201,253]},{""xy"":[198,59],""glyph_id"":10,""class"":""solid_achromatic_core"",""rgba"":[196,196,196,195],""master_rgba"":[187,194,202,253]},{""xy"":[200,59],""glyph_id"":10,""class"":""solid_achromatic_core"",""rgba"":[195,195,195,194],""master_rgba"":[185,192,200,253]}]","{""xy"":[199,59],""glyph_id"":10,""class"":""solid_achromatic_core""}","[187,194,202,253]",11.522482118347261,"[176.54117647058823,182.96470588235292,190.30588235294115]",119.53591842557927,"[4.9411764705882355,4.9411764705882355,4.9411764705882355]",8.558368696222688,135.0,135.0,16.305882352941182,20.90484547654705,16.06666666666669,20.516367187400515,18.518260388577403,118.69411764705882,248.39646287370135,"[16,16,16]","[172.91764705882352,179.3411764705882,186.68235294117645]",3.623529411764707,6.27613704389664,5.228983705959777,"{""nodes"":[{""x"":199,""y"":59,""kind"":""confirmed_support"",""rgba"":[195,195,195,194],""alpha"":194,""raw_luminance_0_255"":139.15973764939758,""master_rgb"":[186.0,193.0,201.0],""composited_rgb"":[192.8470588235294,194.521568627451,196.43529411764706],""composited_luminance_0_255"":138.05417881415667},{""x"":199,""y"":60,""kind"":""low_alpha_perimeter"",""rgba"":[60,60,60,21],""alpha"":21,""raw_luminance_0_255"":11.522482118347261,""master_rgb"":[187.0,194.0,202.0],""composited_rgb"":[176.54117647058823,182.96470588235292,190.30588235294115],""composited_luminance_0_255"":119.53591842557927}],""raw_RGB_step_L2"":[233.82685902179844],""composited_RGB_step_L2"":[20.90484547654705],""composited_luminance_steps"":[-18.518260388577403],""composited_luminance_monotonic"":true}"
#14700,200,60,"[205.3799,60.7778]","[205,61]","[60,60,60,21]",21,0,AMBIGUOUS,[10],False,"[{""xy"":[200,59],""glyph_id"":10,""class"":""solid_achromatic_core"",""rgba"":[195,195,195,194],""master_rgba"":[185,192,200,253]},{""xy"":[199,59],""glyph_id"":10,""class"":""solid_achromatic_core"",""rgba"":[195,195,195,194],""master_rgba"":[186,193,201,253]},{""xy"":[201,59],""glyph_id"":10,""class"":""solid_achromatic_core"",""rgba"":[195,195,195,194],""master_rgba"":[184,191,198,253]}]","{""xy"":[200,59],""glyph_id"":10,""class"":""solid_achromatic_core""}","[186,193,201,253]",11.522482118347261,"[175.6235294117647,182.0470588235294,189.38823529411764]",118.19878286021243,"[4.9411764705882355,4.9411764705882355,4.9411764705882355]",8.558368696222688,135.0,135.0,16.98431372549021,22.011725580986894,16.74509803921569,21.549145211858967,19.47525845350914,118.01568627450979,248.39646287370135,"[16,16,16]","[172.0,178.4235294117647,185.76470588235293]",3.623529411764707,6.27613704389664,5.194454806422598,"{""nodes"":[{""x"":200,""y"":59,""kind"":""confirmed_support"",""rgba"":[195,195,195,194],""alpha"":194,""raw_luminance_0_255"":139.15973764939758,""master_rgb"":[185.0,192.0,200.0],""composited_rgb"":[192.60784313725492,194.28235294117647,196.19607843137254],""composited_luminance_0_255"":137.67404131372157},{""x"":200,""y"":60,""kind"":""low_alpha_perimeter"",""rgba"":[60,60,60,21],""alpha"":21,""raw_luminance_0_255"":11.522482118347261,""master_rgb"":[186.0,193.0,201.0],""composited_rgb"":[175.6235294117647,182.0470588235294,189.38823529411764],""composited_luminance_0_255"":118.19878286021243}],""raw_RGB_step_L2"":[233.82685902179844],""composited_RGB_step_L2"":[22.011725580986894],""composited_luminance_steps"":[-19.47525845350914],""composited_luminance_monotonic"":true}"
#14700,201,60,"[206.4338,60.7778]","[206,61]","[60,60,60,21]",21,0,AMBIGUOUS,[10],False,"[{""xy"":[201,59],""glyph_id"":10,""class"":""solid_achromatic_core"",""rgba"":[195,195,195,194],""master_rgba"":[184,191,198,253]},{""xy"":[200,59],""glyph_id"":10,""class"":""solid_achromatic_core"",""rgba"":[195,195,195,194],""master_rgba"":[185,192,200,253]},{""xy"":[202,59],""glyph_id"":10,""class"":""solid_achromatic_core"",""rgba"":[195,195,195,194],""master_rgba"":[183,190,197,253]}]","{""xy"":[201,59],""glyph_id"":10,""class"":""solid_achromatic_core""}","[184,191,198,253]",11.522482118347261,"[173.78823529411764,180.21176470588233,186.63529411764705]",115.4505023210783,"[4.9411764705882355,4.9411764705882355,4.9411764705882355]",8.558368696222688,135.0,135.0,18.580392156862757,24.880252696479545,18.341176470588238,24.481555486034054,21.816261449846465,116.41960784313724,248.39646287370135,"[16,16,16]","[170.16470588235293,176.58823529411762,183.01176470588234]",3.623529411764707,6.27613704389664,5.123072875681828,"{""nodes"":[{""x"":201,""y"":59,""kind"":""confirmed_support"",""rgba"":[195,195,195,194],""alpha"":194,""raw_luminance_0_255"":139.15973764939758,""master_rgb"":[184.0,191.0,198.0],""composited_rgb"":[192.3686274509804,194.04313725490195,195.71764705882353],""composited_luminance_0_255"":137.26676377092477},{""x"":201,""y"":60,""kind"":""low_alpha_perimeter"",""rgba"":[60,60,60,21],""alpha"":21,""raw_luminance_0_255"":11.522482118347261,""master_rgb"":[184.0,191.0,198.0],""composited_rgb"":[173.78823529411764,180.21176470588233,186.63529411764705],""composited_luminance_0_255"":115.4505023210783}],""raw_RGB_step_L2"":[233.82685902179844],""composited_RGB_step_L2"":[24.880252696479545],""composited_luminance_steps"":[-21.816261449846465],""composited_luminance_monotonic"":true}"
#14700,202,60,"[207.4877,60.7778]","[207,61]","[60,60,60,21]",21,0,AMBIGUOUS,[10],False,"[{""xy"":[202,59],""glyph_id"":10,""class"":""solid_achromatic_core"",""rgba"":[195,195,195,194],""master_rgba"":[183,190,197,253]},{""xy"":[201,59],""glyph_id"":10,""class"":""solid_achromatic_core"",""rgba"":[195,195,195,194],""master_rgba"":[184,191,198,253]},{""xy"":[203,59],""glyph_id"":10,""class"":""solid_achromatic_core"",""rgba"":[195,195,195,194],""master_rgba"":[181,188,194,253]}]","{""xy"":[202,59],""glyph_id"":10,""class"":""solid_achromatic_core""}","[182,189,196,253]",11.522482118347261,"[171.95294117647057,178.3764705882353,184.79999999999998]",112.83874243112604,"[4.9411764705882355,4.9411764705882355,4.9411764705882355]",8.558368696222688,135.0,135.0,20.176470588235304,27.552225059485973,19.698039215686293,26.659016492041737,24.049150437344906,114.8235294117647,248.39646287370135,"[16,16,16]","[168.32941176470587,174.75294117647059,181.17647058823528]",3.623529411764707,6.27613704389664,5.054484416075908,"{""nodes"":[{""x"":202,""y"":59,""kind"":""confirmed_support"",""rgba"":[195,195,195,194],""alpha"":194,""raw_luminance_0_255"":139.15973764939758,""master_rgb"":[183.0,190.0,197.0],""composited_rgb"":[192.12941176470588,193.80392156862746,195.478431372549],""composited_luminance_0_255"":136.88789286847094},{""x"":202,""y"":60,""kind"":""low_alpha_perimeter"",""rgba"":[60,60,60,21],""alpha"":21,""raw_luminance_0_255"":11.522482118347261,""master_rgb"":[182.0,189.0,196.0],""composited_rgb"":[171.95294117647057,178.3764705882353,184.79999999999998],""composited_luminance_0_255"":112.83874243112604}],""raw_RGB_step_L2"":[233.82685902179844],""composited_RGB_step_L2"":[27.552225059485973],""composited_luminance_steps"":[-24.049150437344906],""composited_luminance_monotonic"":true}"
#14700,203,60,"[208.5417,60.7778]","[209,61]","[60,60,60,21]",21,0,AMBIGUOUS,[10],False,"[{""xy"":[203,59],""glyph_id"":10,""class"":""solid_achromatic_core"",""rgba"":[195,195,195,194],""master_rgba"":[181,188,194,253]},{""xy"":[202,59],""glyph_id"":10,""class"":""solid_achromatic_core"",""rgba"":[195,195,195,194],""master_rgba"":[183,190,197,253]},{""xy"":[204,59],""glyph_id"":10,""class"":""solid_achromatic_core"",""rgba"":[196,196,196,195],""master_rgba"":[178,185,191,253]}]","{""xy"":[203,59],""glyph_id"":10,""class"":""solid_achromatic_core""}","[181,188,194,253]",11.522482118347261,"[171.03529411764706,177.45882352941175,182.96470588235292]",111.44817693968061,"[4.9411764705882355,4.9411764705882355,4.9411764705882355]",8.558368696222688,135.0,135.0,20.615686274509812,28.564052549300783,20.615686274509812,28.564052549300783,24.656231637409277,114.38431372549019,248.39646287370135,"[16,16,16]","[167.41176470588235,173.83529411764704,179.3411764705882]",3.623529411764707,6.27613704389664,5.0177873858146995,"{""nodes"":[{""x"":203,""y"":59,""kind"":""confirmed_support"",""rgba"":[195,195,195,194],""alpha"":194,""raw_luminance_0_255"":139.15973764939758,""master_rgb"":[181.0,188.0,194.0],""composited_rgb"":[191.65098039215687,193.32549019607842,194.76078431372548],""composited_luminance_0_255"":136.10440857708988},{""x"":203,""y"":60,""kind"":""low_alpha_perimeter"",""rgba"":[60,60,60,21],""alpha"":21,""raw_luminance_0_255"":11.522482118347261,""master_rgb"":[181.0,188.0,194.0],""composited_rgb"":[171.03529411764706,177.45882352941175,182.96470588235292],""composited_luminance_0_255"":111.44817693968061}],""raw_RGB_step_L2"":[233.82685902179844],""composited_RGB_step_L2"":[28.564052549300783],""composited_luminance_steps"":[-24.656231637409277],""composited_luminance_monotonic"":true}"
#14700,204,60,"[209.5956,60.7778]","[210,61]","[69,69,69,22]",22,0,AMBIGUOUS,[10],False,"[{""xy"":[204,59],""glyph_id"":10,""class"":""solid_achromatic_core"",""rgba"":[196,196,196,195],""master_rgba"":[178,185,191,253]},{""xy"":[205,60],""glyph_id"":10,""class"":""proven_tonal_attachment"",""rgba"":[102,102,102,25],""master_rgba"":[176,183,191,253]},{""xy"":[203,59],""glyph_id"":10,""class"":""solid_achromatic_core"",""rgba"":[195,195,195,194],""master_rgba"":[181,188,194,253]},{""xy"":[205,59],""glyph_id"":10,""class"":""solid_achromatic_core"",""rgba"":[195,195,195,193],""master_rgba"":[176,183,190,253]}]","{""xy"":[204,59],""glyph_id"":10,""class"":""solid_achromatic_core""}","[178,185,192,253]",15.175365731560206,"[168.59607843137252,174.9921568627451,181.38823529411764]",108.11861493669377,"[5.952941176470588,5.952941176470588,5.952941176470588]",10.310796572115905,33.0,127.0,23.16862745098041,32.5049900643727,0.8862745098039397,0.9011846618170942,28.128320157736596,103.83137254901959,249.29305387997232,"[16,16,16]","[164.02352941176468,170.41960784313724,176.8156862745098]",4.572549019607862,7.919887222060043,6.197597436824438,"{""nodes"":[{""x"":204,""y"":59,""kind"":""confirmed_support"",""rgba"":[196,196,196,195],""alpha"":195,""raw_luminance_0_255"":140.76290738556003,""master_rgb"":[178.0,185.0,191.0],""composited_rgb"":[191.76470588235293,193.41176470588235,194.8235294117647],""composited_luminance_0_255"":136.24693509443037},{""x"":204,""y"":60,""kind"":""low_alpha_perimeter"",""rgba"":[69,69,69,22],""alpha"":22,""raw_luminance_0_255"":15.175365731560206,""master_rgb"":[178.0,185.0,192.0],""composited_rgb"":[168.59607843137252,174.9921568627451,181.38823529411764],""composited_luminance_0_255"":108.11861493669377}],""raw_RGB_step_L2"":[219.9704525612474],""composited_RGB_step_L2"":[32.5049900643727],""composited_luminance_steps"":[-28.128320157736596],""composited_luminance_monotonic"":true}"
#14700,70,61,"[68.3701,61.8222]","[68,62]","[0,0,0,2]",2,0,AMBIGUOUS,[6],False,"[{""xy"":[69,61],""glyph_id"":6,""class"":""proven_tonal_attachment"",""rgba"":[85,85,85,9],""master_rgba"":[202,210,218,253]},{""xy"":[70,62],""glyph_id"":6,""class"":""proven_tonal_attachment"",""rgba"":[170,170,170,3],""master_rgba"":[201,209,217,253]}]","{""xy"":[69,61],""glyph_id"":6,""class"":""proven_tonal_attachment""}","[202,210,218,253]",0.0,"[200.41568627450982,208.3529411764706,216.2901960784314]",159.61372903147642,"[0.0,0.0,0.0]",0.0,85.0,85.0,2.9843137254902103,4.798671801372325,0.21960784313725412,0.329038070014164,4.695004927098665,82.01568627450979,5.196152422706632,"[16,16,16]","[200.54117647058825,208.47843137254904,216.41568627450982]",0.12549019607843093,0.21735539545962304,0.2172434031393209,"{""nodes"":[{""x"":68,""y"":62,""kind"":""solid_core"",""rgba"":[0,0,0,40],""alpha"":40,""raw_luminance_0_255"":0.0,""master_rgb"":[201.0,209.0,218.0],""composited_rgb"":[169.47058823529412,176.2156862745098,183.80392156862746],""composited_luminance_0_255"":109.84113414215342},{""x"":69,""y"":61,""kind"":""confirmed_tonal_attachment"",""rgba"":[85,85,85,9],""alpha"":9,""raw_luminance_0_255"":23.16463635176896,""master_rgb"":[202.0,210.0,218.0],""composited_rgb"":[197.87058823529412,205.58823529411765,213.30588235294118],""composited_luminance_0_255"":154.91872410437776},{""x"":70,""y"":61,""kind"":""low_alpha_perimeter"",""rgba"":[0,0,0,2],""alpha"":2,""raw_luminance_0_255"":0.0,""master_rgb"":[202.0,210.0,218.0],""composited_rgb"":[200.41568627450982,208.3529411764706,216.2901960784314],""composited_luminance_0_255"":159.61372903147642}],""raw_RGB_step_L2"":[147.22431864335456,147.22431864335456],""composited_RGB_step_L2"":[50.39516173233747,4.798671801372325],""composited_luminance_steps"":[45.07758996222434,4.695004927098665],""composited_luminance_monotonic"":true}"
#14700,77,61,"[75.7475,61.8222]","[76,62]","[0,0,0,16]",16,0,AMBIGUOUS,[6],False,"[{""xy"":[78,61],""glyph_id"":6,""class"":""solid_achromatic_core"",""rgba"":[223,223,223,197],""master_rgba"":[201,208,216,253]},{""xy"":[78,60],""glyph_id"":6,""class"":""solid_achromatic_core"",""rgba"":[222,222,222,195],""master_rgba"":[200,209,216,253]},{""xy"":[78,62],""glyph_id"":6,""class"":""solid_achromatic_core"",""rgba"":[223,223,223,197],""master_rgba"":[201,208,216,253]}]","{""xy"":[78,61],""glyph_id"":6,""class"":""solid_achromatic_core""}","[201,208,217,253]",0.0,"[188.38823529411764,194.94901960784313,203.3843137254902]",137.89955812480005,"[0.0,0.0,0.0]",0.0,222.0,223.0,29.607843137254918,42.5272023219468,28.43529411764706,40.98980921916014,43.45023164491877,193.39215686274508,298.3949961855229,"[16,16,16]","[189.39215686274508,195.95294117647057,204.38823529411764]",1.0039215686274474,1.7388431636769843,1.6006267564162613,"{""nodes"":[{""x"":78,""y"":61,""kind"":""confirmed_support"",""rgba"":[223,223,223,197],""alpha"":197,""raw_luminance_0_255"":188.16715423704636,""master_rgb"":[201.0,208.0,216.0],""composited_rgb"":[217.99607843137255,219.58823529411765,221.4078431372549],""composited_luminance_0_255"":181.34978976971883},{""x"":77,""y"":61,""kind"":""low_alpha_perimeter"",""rgba"":[0,0,0,16],""alpha"":16,""raw_luminance_0_255"":0.0,""master_rgb"":[201.0,208.0,217.0],""composited_rgb"":[188.38823529411764,194.94901960784313,203.3843137254902],""composited_luminance_0_255"":137.89955812480005}],""raw_RGB_step_L2"":[386.2473300878596],""composited_RGB_step_L2"":[42.5272023219468],""composited_luminance_steps"":[-43.45023164491877],""composited_luminance_monotonic"":true}"
#14700,126,61,"[127.3897,61.8222]","[127,62]","[255,255,255,2]",2,0,AMBIGUOUS,[9],False,"[{""xy"":[125,61],""glyph_id"":9,""class"":""solid_achromatic_core"",""rgba"":[26,26,26,48],""master_rgba"":[199,206,214,253]},{""xy"":[125,60],""glyph_id"":9,""class"":""proven_tonal_attachment"",""rgba"":[10,10,10,25],""master_rgba"":[200,207,214,253]},{""xy"":[125,62],""glyph_id"":9,""class"":""solid_achromatic_core"",""rgba"":[187,187,187,147],""master_rgba"":[198,206,214,253]}]","{""xy"":[125,61],""glyph_id"":9,""class"":""solid_achromatic_core""}","[199,206,214,253]",255.0,"[199.4392156862745,206.3843137254902,214.32156862745097]",156.57423019052288,"[2.0,2.0,2.0]",3.4641016151377544,68.0,229.0,35.70980392156861,59.48658150767643,15.886274509803911,21.010510908291824,52.169702503044746,193.2901960784314,5.012758807787574,"[16,16,16]","[197.56470588235294,204.50980392156862,212.4470588235294]",1.874509803921569,3.2467462196781316,3.1885705103163957,"{""nodes"":[{""x"":125,""y"":61,""kind"":""confirmed_support"",""rgba"":[26,26,26,48],""alpha"":48,""raw_luminance_0_255"":2.6341048725548686,""master_rgb"":[199.0,206.0,214.0],""composited_rgb"":[166.43529411764706,172.11764705882354,178.61176470588236],""composited_luminance_0_255"":104.40452768747814},{""x"":126,""y"":61,""kind"":""low_alpha_perimeter"",""rgba"":[255,255,255,2],""alpha"":2,""raw_luminance_0_255"":255.0,""master_rgb"":[199.0,206.0,214.0],""composited_rgb"":[199.4392156862745,206.3843137254902,214.32156862745097],""composited_luminance_0_255"":156.57423019052288}],""raw_RGB_step_L2"":[396.6396349332729],""composited_RGB_step_L2"":[59.48658150767643],""composited_luminance_steps"":[52.169702503044746],""composited_luminance_monotonic"":true}"
#14700,127,61,"[128.4436,61.8222]","[128,62]","[63,63,63,8]",8,0,AMBIGUOUS,[9],False,"[{""xy"":[128,62],""glyph_id"":9,""class"":""proven_tonal_attachment"",""rgba"":[127,127,127,2],""master_rgba"":[199,206,214,253]}]","{""xy"":[128,62],""glyph_id"":9,""class"":""proven_tonal_attachment""}","[198,206,214,253]",12.675174325952444,"[193.76470588235293,201.51372549019607,209.2627450980392]",148.07318274552762,"[1.9764705882352942,1.9764705882352942,1.9764705882352942]",3.423347478489075,64.0,64.0,4.670588235294133,7.294363268055112,4.670588235294133,7.294363268055112,6.7886005461446075,59.32941176470587,1.698089027028311,"[16,16,16]","[192.29019607843136,200.0392156862745,207.78823529411764]",1.4745098039215634,2.5539258966505707,2.430549151784078,"{""nodes"":[{""x"":127,""y"":63,""kind"":""solid_core"",""rgba"":[6,6,6,38],""alpha"":38,""raw_luminance_0_255"":0.46439628482972134,""master_rgb"":[199.0,207.0,215.0],""composited_rgb"":[170.23921568627452,177.04705882352943,183.85490196078433],""composited_luminance_0_255"":110.90005603342536},{""x"":128,""y"":62,""kind"":""confirmed_tonal_attachment"",""rgba"":[127,127,127,2],""alpha"":2,""raw_luminance_0_255"":54.118843140584076,""master_rgb"":[199.0,206.0,214.0],""composited_rgb"":[198.43529411764706,205.38039215686274,213.31764705882352],""composited_luminance_0_255"":154.86178329167223},{""x"":127,""y"":61,""kind"":""low_alpha_perimeter"",""rgba"":[63,63,63,8],""alpha"":8,""raw_luminance_0_255"":12.675174325952444,""master_rgb"":[198.0,206.0,214.0],""composited_rgb"":[193.76470588235293,201.51372549019607,209.2627450980392],""composited_luminance_0_255"":148.07318274552762}],""raw_RGB_step_L2"":[209.57814771583415,110.85125168440814],""composited_RGB_step_L2"":[49.65732539513099,7.294363268055112],""composited_luminance_steps"":[43.96172725824687,-6.7886005461446075],""composited_luminance_monotonic"":false}"
#14700,128,61,"[129.4975,61.8222]","[129,62]","[0,0,0,1]",1,0,AMBIGUOUS,[9],False,"[{""xy"":[128,62],""glyph_id"":9,""class"":""proven_tonal_attachment"",""rgba"":[127,127,127,2],""master_rgba"":[199,206,214,253]}]","{""xy"":[128,62],""glyph_id"":9,""class"":""proven_tonal_attachment""}","[198,206,214,253]",0.0,"[197.2235294117647,205.1921568627451,213.1607843137255]",154.19191389660372,"[0.0,0.0,0.0]",0.0,127.0,127.0,1.2117647058823593,1.236289670414426,1.2117647058823593,1.236289670414426,0.6698693950685026,125.78823529411764,1.725258451460764,"[16,16,16]","[197.28627450980392,205.2549019607843,213.2235294117647]",0.06274509803921546,0.10867769772981152,0.10643213148594555,"{""nodes"":[{""x"":127,""y"":63,""kind"":""solid_core"",""rgba"":[6,6,6,38],""alpha"":38,""raw_luminance_0_255"":0.46439628482972134,""master_rgb"":[199.0,207.0,215.0],""composited_rgb"":[170.23921568627452,177.04705882352943,183.85490196078433],""composited_luminance_0_255"":110.90005603342536},{""x"":128,""y"":62,""kind"":""confirmed_tonal_attachment"",""rgba"":[127,127,127,2],""alpha"":2,""raw_luminance_0_255"":54.118843140584076,""master_rgb"":[199.0,206.0,214.0],""composited_rgb"":[198.43529411764706,205.38039215686274,213.31764705882352],""composited_luminance_0_255"":154.86178329167223},{""x"":128,""y"":61,""kind"":""low_alpha_perimeter"",""rgba"":[0,0,0,1],""alpha"":1,""raw_luminance_0_255"":0.0,""master_rgb"":[198.0,206.0,214.0],""composited_rgb"":[197.2235294117647,205.1921568627451,213.1607843137255],""composited_luminance_0_255"":154.19191389660372}],""raw_RGB_step_L2"":[209.57814771583415,219.9704525612474],""composited_RGB_step_L2"":[49.65732539513099,1.236289670414426],""composited_luminance_steps"":[43.96172725824687,-0.6698693950685026],""composited_luminance_monotonic"":false}"
#14700,133,61,"[134.7672,61.8222]","[135,62]","[63,63,63,4]",4,0,AMBIGUOUS,[9],False,"[{""xy"":[134,62],""glyph_id"":9,""class"":""proven_tonal_attachment"",""rgba"":[127,127,127,2],""master_rgba"":[197,204,212,253]}]","{""xy"":[134,62],""glyph_id"":9,""class"":""proven_tonal_attachment""}","[198,206,214,253]",12.675174325952444,"[195.8823529411765,203.75686274509806,211.63137254901963]",151.78903167454143,"[0.9882352941176471,0.9882352941176471,0.9882352941176471]",1.7116737392445376,64.0,64.0,0.5686274509803866,0.7364304944295366,0.5686274509803866,0.7364304944295366,0.2797307868966925,63.43137254901961,0.01358471221622644,"[16,16,16]","[195.1450980392157,203.01960784313727,210.89411764705883]",0.7372549019607959,1.27696294832531,1.2359766543815738,"{""nodes"":[{""x"":135,""y"":62,""kind"":""solid_core"",""rgba"":[77,77,77,72],""alpha"":72,""raw_luminance_0_255"":18.924459936938153,""master_rgb"":[198.0,205.0,213.0],""composited_rgb"":[163.83529411764707,168.85882352941178,174.60000000000002],""composited_luminance_0_255"":100.1585957528449},{""x"":134,""y"":62,""kind"":""confirmed_tonal_attachment"",""rgba"":[127,127,127,2],""alpha"":2,""raw_luminance_0_255"":54.118843140584076,""master_rgb"":[197.0,204.0,212.0],""composited_rgb"":[196.45098039215688,203.39607843137256,211.33333333333334],""composited_luminance_0_255"":151.50930088764474},{""x"":133,""y"":61,""kind"":""low_alpha_perimeter"",""rgba"":[63,63,63,4],""alpha"":4,""raw_luminance_0_255"":12.675174325952444,""master_rgb"":[198.0,206.0,214.0],""composited_rgb"":[195.8823529411765,203.75686274509806,211.63137254901963],""composited_luminance_0_255"":151.78903167454143}],""raw_RGB_step_L2"":[86.60254037844386,110.85125168440814],""composited_RGB_step_L2"":[60.04950245504153,0.7364304944295366],""composited_luminance_steps"":[51.35070513479984,0.2797307868966925],""composited_luminance_monotonic"":true}"
#14700,138,61,"[140.0368,61.8222]","[140,62]","[12,12,12,20]",20,0,AMBIGUOUS,[9],False,"[{""xy"":[137,61],""glyph_id"":9,""class"":""solid_achromatic_core"",""rgba"":[220,220,220,214],""master_rgba"":[198,205,213,253]},{""xy"":[137,60],""glyph_id"":9,""class"":""solid_achromatic_core"",""rgba"":[219,219,219,213],""master_rgba"":[199,206,214,253]},{""xy"":[137,62],""glyph_id"":9,""class"":""solid_achromatic_core"",""rgba"":[220,220,220,214],""master_rgba"":[197,205,213,253]}]","{""xy"":[137,61],""glyph_id"":9,""class"":""solid_achromatic_core""}","[198,205,213,253]",0.937509367632096,"[183.41176470588235,189.86274509803923,197.23529411764707]",129.86472314721752,"[0.9411764705882353,0.9411764705882353,0.9411764705882353]",1.6301654659471785,207.0,208.0,33.05098039215687,48.263089074495504,32.29411764705884,47.01309559311335,47.88783429711415,174.94901960784313,318.15396010402435,"[16,16,16]","[183.72549019607843,190.1764705882353,197.54901960784315]",0.3137254901960773,0.5433884886490576,0.4818855157445512,"{""nodes"":[{""x"":137,""y"":61,""kind"":""confirmed_support"",""rgba"":[220,220,220,214],""alpha"":214,""raw_luminance_0_255"":182.50184262915258,""master_rgb"":[198.0,205.0,213.0],""composited_rgb"":[216.46274509803922,217.58823529411765,218.87450980392157],""composited_luminance_0_255"":177.75255744433167},{""x"":138,""y"":61,""kind"":""low_alpha_perimeter"",""rgba"":[12,12,12,20],""alpha"":20,""raw_luminance_0_255"":0.937509367632096,""master_rgb"":[198.0,205.0,213.0],""composited_rgb"":[183.41176470588235,189.86274509803923,197.23529411764707],""composited_luminance_0_255"":129.86472314721752}],""raw_RGB_step_L2"":[360.26656797432645],""composited_RGB_step_L2"":[48.263089074495504],""composited_luminance_steps"":[-47.88783429711415],""composited_luminance_monotonic"":true}"
#14700,175,61,"[179.0319,61.8222]","[179,62]","[0,0,0,4]",4,0,SAFE WORDMARK OWNERSHIP,[10],False,"[{""xy"":[175,60],""glyph_id"":10,""class"":""proven_tonal_attachment"",""rgba"":[0,0,0,4],""master_rgba"":[194,202,210,253]},{""xy"":[176,61],""glyph_id"":10,""class"":""solid_achromatic_core"",""rgba"":[186,186,186,176],""master_rgba"":[194,201,210,253]},{""xy"":[174,60],""glyph_id"":10,""class"":""proven_tonal_attachment"",""rgba"":[0,0,0,6],""master_rgba"":[195,202,210,253]},{""xy"":[176,60],""glyph_id"":10,""class"":""solid_achromatic_core"",""rgba"":[186,186,186,174],""master_rgba"":[194,202,210,253]},{""xy"":[176,62],""glyph_id"":10,""class"":""solid_achromatic_core"",""rgba"":[186,186,186,176],""master_rgba"":[194,202,210,253]}]","{""xy"":[175,60],""glyph_id"":10,""class"":""proven_tonal_attachment""}","[195,202,210,253]",0.0,"[191.94117647058823,198.83137254901962,206.7058823529412]",143.9696842196437,"[0.0,0.0,0.0]",0.0,0.0,0.0,0.9843137254901819,0.9843137254901819,0.9843137254901819,0.9843137254901819,0.32644182976591196,-0.9843137254901819,0.0,"[16,16,16]","[192.1921568627451,199.08235294117648,206.95686274509805]",0.25098039215686185,0.4347107909192461,0.40929986996508205,"{""nodes"":[{""x"":176,""y"":60,""kind"":""solid_core"",""rgba"":[186,186,186,174],""alpha"":174,""raw_luminance_0_255"":125.21031671119808,""master_rgb"":[194.0,202.0,210.0],""composited_rgb"":[188.54117647058823,191.08235294117645,193.6235294117647],""composited_luminance_0_255"":132.4365705730469},{""x"":175,""y"":60,""kind"":""confirmed_tonal_attachment"",""rgba"":[0,0,0,4],""alpha"":4,""raw_luminance_0_255"":0.0,""master_rgb"":[194.0,202.0,210.0],""composited_rgb"":[190.95686274509805,198.83137254901962,206.7058823529412],""composited_luminance_0_255"":143.6432423898778},{""x"":175,""y"":61,""kind"":""low_alpha_perimeter"",""rgba"":[0,0,0,4],""alpha"":4,""raw_luminance_0_255"":0.0,""master_rgb"":[195.0,202.0,210.0],""composited_rgb"":[191.94117647058823,198.83137254901962,206.7058823529412],""composited_luminance_0_255"":143.9696842196437}],""raw_RGB_step_L2"":[322.1614502078112,0.0],""composited_RGB_step_L2"":[15.395804738210403,0.9843137254901819],""composited_luminance_steps"":[11.206671816830891,0.32644182976591196],""composited_luminance_monotonic"":true}"
#14700,193,61,"[198.0025,61.8222]","[198,62]","[36,36,36,7]",7,0,AMBIGUOUS,[10],False,"[{""xy"":[194,61],""glyph_id"":10,""class"":""solid_achromatic_core"",""rgba"":[214,214,214,209],""master_rgba"":[190,197,205,253]},{""xy"":[194,60],""glyph_id"":10,""class"":""solid_achromatic_core"",""rgba"":[230,230,230,230],""master_rgba"":[190,197,206,253]},{""xy"":[194,62],""glyph_id"":10,""class"":""solid_achromatic_core"",""rgba"":[158,158,158,146],""master_rgba"":[191,197,205,253]}]","{""xy"":[194,61],""glyph_id"":10,""class"":""solid_achromatic_core""}","[191,198,206,253]",4.49869839453794,"[186.7450980392157,193.5529411764706,201.33333333333334]",135.53324849066126,"[0.9882352941176471,0.9882352941176471,0.9882352941176471]",1.7116737392445376,122.0,178.0,22.925490196078414,30.815694259377405,22.925490196078414,30.815694259377405,30.16890533557782,155.0745098039216,302.0832455522284,"[16,16,16]","[186.19607843137254,193.00392156862745,200.7843137254902]",0.5490196078431495,0.9509298551358755,0.862028149488367,"{""nodes"":[{""x"":194,""y"":61,""kind"":""confirmed_support"",""rgba"":[214,214,214,209],""alpha"":209,""raw_luminance_0_255"":171.4730050242103,""master_rgb"":[190.0,197.0,205.0],""composited_rgb"":[209.6705882352941,210.9333333333333,212.3764705882353],""composited_luminance_0_255"":165.70215382623908},{""x"":193,""y"":61,""kind"":""low_alpha_perimeter"",""rgba"":[36,36,36,7],""alpha"":7,""raw_luminance_0_255"":4.49869839453794,""master_rgb"":[191.0,198.0,206.0],""composited_rgb"":[186.7450980392157,193.5529411764706,201.33333333333334],""composited_luminance_0_255"":135.53324849066126}],""raw_RGB_step_L2"":[308.3050437472602],""composited_RGB_step_L2"":[30.815694259377405],""composited_luminance_steps"":[-30.16890533557782],""composited_luminance_monotonic"":true}"
#14700,63,62,"[60.9926,62.8667]","[61,63]","[0,0,0,1]",1,0,SAFE WORDMARK OWNERSHIP,[6],False,"[{""xy"":[64,62],""glyph_id"":6,""class"":""proven_tonal_attachment"",""rgba"":[0,0,0,2],""master_rgba"":[203,211,218,253]},{""xy"":[64,61],""glyph_id"":6,""class"":""proven_tonal_attachment"",""rgba"":[63,63,63,8],""master_rgba"":[203,211,219,253]}]","{""xy"":[64,62],""glyph_id"":6,""class"":""proven_tonal_attachment""}","[204,212,219,254]",0.0,"[203.2,211.1686274509804,218.14117647058825]",164.3891271330838,"[0.0,0.0,0.0]",0.0,0.0,0.0,1.8509803921568562,3.1564559474835803,1.8509803921568562,3.1564559474835803,3.1846077457302613,-1.8509803921568562,0.0,"[16,16,16]","[203.2627450980392,211.23137254901962,218.20392156862746]",0.06274509803921546,0.10867769772981152,0.11048593869023193,"{""nodes"":[{""x"":65,""y"":62,""kind"":""solid_core"",""rgba"":[141,141,141,130],""alpha"":130,""raw_luminance_0_255"":67.92067922472992,""master_rgb"":[204.0,211.0,219.0],""composited_rgb"":[171.88235294117646,175.31372549019608,179.23529411764707],""composited_luminance_0_255"":109.14960437425385},{""x"":64,""y"":62,""kind"":""confirmed_tonal_attachment"",""rgba"":[0,0,0,2],""alpha"":2,""raw_luminance_0_255"":0.0,""master_rgb"":[203.0,211.0,218.0],""composited_rgb"":[201.4078431372549,209.34509803921569,216.2901960784314],""composited_luminance_0_255"":161.20451938735354},{""x"":63,""y"":62,""kind"":""low_alpha_perimeter"",""rgba"":[0,0,0,1],""alpha"":1,""raw_luminance_0_255"":0.0,""master_rgb"":[204.0,212.0,219.0],""composited_rgb"":[203.2,211.1686274509804,218.14117647058825],""composited_luminance_0_255"":164.3891271330838}],""raw_RGB_step_L2"":[244.2191638672117,0.0],""composited_RGB_step_L2"":[58.334849345928944,3.1564559474835803],""composited_luminance_steps"":[52.05491501309969,3.1846077457302613],""composited_luminance_monotonic"":true}"
#14700,77,62,"[75.7475,62.8667]","[76,63]","[14,14,14,18]",18,0,AMBIGUOUS,[6],False,"[{""xy"":[78,62],""glyph_id"":6,""class"":""solid_achromatic_core"",""rgba"":[223,223,223,197],""master_rgba"":[201,208,216,253]},{""xy"":[78,61],""glyph_id"":6,""class"":""solid_achromatic_core"",""rgba"":[223,223,223,197],""master_rgba"":[201,208,216,253]},{""xy"":[78,63],""glyph_id"":6,""class"":""solid_achromatic_core"",""rgba"":[222,222,222,196],""master_rgba"":[200,208,216,253]}]","{""xy"":[78,62],""glyph_id"":6,""class"":""solid_achromatic_core""}","[201,209,217,253]",1.1198177195396248,"[187.8,195.23529411764707,202.67058823529413]",137.9494648369221,"[0.9882352941176471,0.9882352941176471,0.9882352941176471]",1.7116737392445376,208.0,209.0,30.19607843137254,43.080780144274215,29.10980392156864,41.50560427781704,43.400324932796735,178.80392156862746,296.6833224462784,"[16,16,16]","[187.94117647058823,195.3764705882353,202.81176470588235]",0.14117647058822058,0.24452481989205133,0.22448093034691396,"{""nodes"":[{""x"":78,""y"":62,""kind"":""confirmed_support"",""rgba"":[223,223,223,197],""alpha"":197,""raw_luminance_0_255"":188.16715423704636,""master_rgb"":[201.0,208.0,216.0],""composited_rgb"":[217.99607843137255,219.58823529411765,221.4078431372549],""composited_luminance_0_255"":181.34978976971883},{""x"":77,""y"":62,""kind"":""low_alpha_perimeter"",""rgba"":[14,14,14,18],""alpha"":18,""raw_luminance_0_255"":1.1198177195396248,""master_rgb"":[201.0,209.0,217.0],""composited_rgb"":[187.8,195.23529411764707,202.67058823529413],""composited_luminance_0_255"":137.9494648369221}],""raw_RGB_step_L2"":[361.99861878189535],""composited_RGB_step_L2"":[43.080780144274215],""composited_luminance_steps"":[-43.400324932796735],""composited_luminance_monotonic"":true}"
#14700,82,62,"[81.0172,62.8667]","[81,63]","[34,34,34,22]",22,0,AMBIGUOUS,[7],False,"[{""xy"":[83,62],""glyph_id"":7,""class"":""solid_achromatic_core"",""rgba"":[204,204,204,202],""master_rgba"":[201,209,217,253]},{""xy"":[83,61],""glyph_id"":7,""class"":""solid_achromatic_core"",""rgba"":[160,158,158,145],""master_rgba"":[201,209,217,253]},{""xy"":[83,63],""glyph_id"":7,""class"":""solid_achromatic_core"",""rgba"":[232,232,232,231],""master_rgba"":[202,210,217,253]}]","{""xy"":[83,62],""glyph_id"":7,""class"":""solid_achromatic_core""}","[201,208,216,253]",4.079054808204956,"[186.5921568627451,192.98823529411766,200.29803921568626]",134.7221993917578,"[2.933333333333333,2.933333333333333,2.933333333333333]",5.080682368868707,126.0,170.0,16.784313725490193,21.63214106613026,16.784313725490193,21.63214106613026,20.62703748583192,153.2156862745098,274.81872813426185,"[16,16,16]","[185.0392156862745,191.43529411764706,198.74509803921566]",1.552941176470597,2.68977301881286,2.4215501133901682,"{""nodes"":[{""x"":83,""y"":62,""kind"":""confirmed_support"",""rgba"":[204,204,204,202],""alpha"":202,""raw_luminance_0_255"":153.97597140811112,""master_rgb"":[201.0,209.0,217.0],""composited_rgb"":[203.3764705882353,205.0392156862745,206.7019607843137],""composited_luminance_0_255"":155.34923687758973},{""x"":82,""y"":62,""kind"":""low_alpha_perimeter"",""rgba"":[34,34,34,22],""alpha"":22,""raw_luminance_0_255"":4.079054808204956,""master_rgb"":[201.0,208.0,216.0],""composited_rgb"":[186.5921568627451,192.98823529411766,200.29803921568626],""composited_luminance_0_255"":134.7221993917578}],""raw_RGB_step_L2"":[294.44863728670913],""composited_RGB_step_L2"":[21.63214106613026],""composited_luminance_steps"":[-20.62703748583192],""composited_luminance_monotonic"":true}"
#14700,87,62,"[86.2868,62.8667]","[86,63]","[204,204,204,5]",5,0,AMBIGUOUS,[7],False,"[{""xy"":[86,61],""glyph_id"":7,""class"":""proven_tonal_attachment"",""rgba"":[67,67,67,19],""master_rgba"":[202,209,217,253]}]","{""xy"":[86,61],""glyph_id"":7,""class"":""proven_tonal_attachment""}","[202,209,217,253]",153.97597140811112,"[202.0392156862745,208.90196078431373,216.7450980392157]",160.933967697882,"[4.0,4.0,4.0]",6.928203230275509,137.0,137.0,10.921568627450966,18.19699921605343,10.921568627450966,18.19699921605343,17.555848502328104,126.07843137254903,1.7184660953526507,"[16,16,16]","[198.35294117647058,205.2156862745098,213.05882352941177]",3.6862745098039227,6.384814741626451,6.335683190782731,"{""nodes"":[{""x"":86,""y"":60,""kind"":""solid_core"",""rgba"":[189,189,189,175],""alpha"":175,""raw_luminance_0_255"":129.76473681800812,""master_rgb"":[202.0,210.0,217.0],""composited_rgb"":[193.07843137254903,195.58823529411765,197.78431372549022],""composited_luminance_0_255"":139.5089248145817},{""x"":86,""y"":61,""kind"":""confirmed_tonal_attachment"",""rgba"":[67,67,67,19],""alpha"":19,""raw_luminance_0_255"":14.312764962648023,""master_rgb"":[202.0,209.0,217.0],""composited_rgb"":[191.94117647058826,198.41960784313727,205.82352941176472],""composited_luminance_0_255"":143.3781191955539},{""x"":87,""y"":62,""kind"":""low_alpha_perimeter"",""rgba"":[204,204,204,5],""alpha"":5,""raw_luminance_0_255"":153.97597140811112,""master_rgb"":[202.0,209.0,217.0],""composited_rgb"":[202.0392156862745,208.90196078431373,216.7450980392157],""composited_luminance_0_255"":160.933967697882}],""raw_RGB_step_L2"":[211.31019852340302,237.29096063693618],""composited_RGB_step_L2"":[8.598779452562885,18.19699921605343],""composited_luminance_steps"":[3.8691943809722034,17.555848502328104],""composited_luminance_monotonic"":true}"
#14700,94,62,"[93.6642,62.8667]","[94,63]","[170,170,170,6]",6,0,AMBIGUOUS,[7],False,"[{""xy"":[95,61],""glyph_id"":7,""class"":""proven_tonal_attachment"",""rgba"":[68,68,68,15],""master_rgba"":[201,208,216,253]}]","{""xy"":[95,61],""glyph_id"":7,""class"":""proven_tonal_attachment""}","[200,208,216,253]",102.50433385720991,"[199.2941176470588,207.10588235294117,214.91764705882352]",157.49162661297402,"[4.0,4.0,4.0]",6.928203230275509,102.0,102.0,7.623529411764707,12.22442956545179,7.623529411764707,12.22442956545179,11.938383132102217,94.37647058823529,0.0,"[16,16,16]","[195.6705882352941,203.48235294117646,211.2941176470588]",3.623529411764707,6.27613704389664,6.150124644807022,"{""nodes"":[{""x"":95,""y"":60,""kind"":""solid_core"",""rgba"":[187,185,185,169],""alpha"":169,""raw_luminance_0_255"":124.35202947527316,""master_rgb"":[201.0,208.0,216.0],""composited_rgb"":[191.72156862745098,192.75686274509803,195.45490196078433],""composited_luminance_0_255"":135.5666952319325},{""x"":95,""y"":61,""kind"":""confirmed_tonal_attachment"",""rgba"":[68,68,68,15],""alpha"":15,""raw_luminance_0_255"":14.740384698722144,""master_rgb"":[201.0,208.0,216.0],""composited_rgb"":[193.1764705882353,199.76470588235293,207.2941176470588],""composited_luminance_0_255"":145.5532434808718},{""x"":94,""y"":62,""kind"":""low_alpha_perimeter"",""rgba"":[170,170,170,6],""alpha"":6,""raw_luminance_0_255"":102.50433385720991,""master_rgb"":[200.0,208.0,216.0],""composited_rgb"":[199.2941176470588,207.10588235294117,214.91764705882352],""composited_luminance_0_255"":157.49162661297402}],""raw_RGB_step_L2"":[203.81118713161945,176.6691823720255],""composited_RGB_step_L2"":[13.834508781232257,12.22442956545179],""composited_luminance_steps"":[9.9865482489393,11.938383132102217],""composited_luminance_monotonic"":true}"
#14700,106,62,"[106.3113,62.8667]","[106,63]","[153,153,153,5]",5,0,AMBIGUOUS,[8],False,"[{""xy"":[105,61],""glyph_id"":8,""class"":""proven_tonal_attachment"",""rgba"":[0,0,0,10],""master_rgba"":[202,209,216,253]}]","{""xy"":[105,61],""glyph_id"":8,""class"":""proven_tonal_attachment""}","[200,207,216,253]",81.22942842189842,"[199.078431372549,205.94117647058823,214.76470588235293]",155.9614392507991,"[3.0,3.0,3.0]",5.196152422706632,153.0,153.0,7.235294117647044,10.185326155630836,7.235294117647044,10.185326155630836,8.84537388501235,145.76470588235296,5.196152422706632,"[16,16,16]","[196.39215686274508,203.2549019607843,212.078431372549]",2.6862745098039227,4.652763934057574,4.546983294644264,"{""nodes"":[{""x"":105,""y"":60,""kind"":""solid_core"",""rgba"":[164,162,162,146],""alpha"":146,""raw_luminance_0_255"":92.67161276393655,""master_rgb"":[200.0,207.0,214.0],""composited_rgb"":[179.38823529411764,181.23529411764707,184.22745098039218],""composited_luminance_0_255"":117.9216690698665},{""x"":105,""y"":61,""kind"":""confirmed_tonal_attachment"",""rgba"":[0,0,0,10],""alpha"":10,""raw_luminance_0_255"":0.0,""master_rgb"":[202.0,209.0,216.0],""composited_rgb"":[194.07843137254903,200.80392156862746,207.52941176470588],""composited_luminance_0_255"":147.11606536578674},{""x"":106,""y"":62,""kind"":""low_alpha_perimeter"",""rgba"":[153,153,153,5],""alpha"":5,""raw_luminance_0_255"":81.22942842189842,""master_rgb"":[200.0,207.0,216.0],""composited_rgb"":[199.078431372549,205.94117647058823,214.76470588235293],""composited_luminance_0_255"":155.9614392507991}],""raw_RGB_step_L2"":[281.75166370404986,265.00377355803823],""composited_RGB_step_L2"":[33.78926482674221,10.185326155630836],""composited_luminance_steps"":[29.194396295920242,8.84537388501235],""composited_luminance_monotonic"":true}"
#14700,108,62,"[108.4191,62.8667]","[108,63]","[255,255,255,1]",1,0,AMBIGUOUS,[8],False,"[{""xy"":[109,61],""glyph_id"":8,""class"":""proven_tonal_attachment"",""rgba"":[0,0,0,21],""master_rgba"":[201,208,216,253]}]","{""xy"":[109,61],""glyph_id"":8,""class"":""proven_tonal_attachment""}","[199,207,215,253]",255.0,"[199.21960784313725,207.18823529411765,215.15686274509804]",157.59881512649977,"[1.0,1.0,1.0]",1.7320508075688772,255.0,255.0,16.945098039215708,27.77823172254996,16.945098039215708,27.77823172254996,26.177357508038426,238.0549019607843,1.7320508075688772,"[16,16,16]","[198.28235294117647,206.25098039215686,214.21960784313725]",0.9372549019607845,1.6233731098390658,1.6051151457770914,"{""nodes"":[{""x"":110,""y"":61,""kind"":""solid_core"",""rgba"":[204,204,204,171],""alpha"":171,""raw_luminance_0_255"":153.97597140811112,""master_rgb"":[199.0,208.0,216.0],""composited_rgb"":[202.35294117647058,205.31764705882352,207.95294117647057],""composited_luminance_0_255"":155.47954728313664},{""x"":109,""y"":61,""kind"":""confirmed_tonal_attachment"",""rgba"":[0,0,0,21],""alpha"":21,""raw_luminance_0_255"":0.0,""master_rgb"":[201.0,208.0,216.0],""composited_rgb"":[184.4470588235294,190.87058823529412,198.21176470588233],""composited_luminance_0_255"":131.42145761846135},{""x"":108,""y"":62,""kind"":""low_alpha_perimeter"",""rgba"":[255,255,255,1],""alpha"":1,""raw_luminance_0_255"":255.0,""master_rgb"":[199.0,207.0,215.0],""composited_rgb"":[199.21960784313725,207.18823529411765,215.15686274509804],""composited_luminance_0_255"":157.59881512649977}],""raw_RGB_step_L2"":[353.338364744051,441.6729559300637],""composited_RGB_step_L2"":[24.98456824760098,27.77823172254996],""composited_luminance_steps"":[-24.058089664675293,26.177357508038426],""composited_luminance_monotonic"":false}"
#14700,109,62,"[109.473,62.8667]","[109,63]","[0,0,0,24]",24,0,SAFE WORDMARK OWNERSHIP,[8],False,"[{""xy"":[109,61],""glyph_id"":8,""class"":""proven_tonal_attachment"",""rgba"":[0,0,0,21],""master_rgba"":[201,208,216,253]},{""xy"":[110,62],""glyph_id"":8,""class"":""solid_achromatic_core"",""rgba"":[218,218,218,190],""master_rgba"":[201,208,216,253]},{""xy"":[110,61],""glyph_id"":8,""class"":""solid_achromatic_core"",""rgba"":[204,204,204,171],""master_rgba"":[199,208,216,253]},{""xy"":[110,63],""glyph_id"":8,""class"":""solid_achromatic_core"",""rgba"":[216,216,216,184],""master_rgba"":[200,208,216,253]}]","{""xy"":[109,61],""glyph_id"":8,""class"":""proven_tonal_attachment""}","[200,208,217,253]",0.0,"[181.1764705882353,188.42352941176472,196.57647058823528]",127.51172665139174,"[0.0,0.0,0.0]",0.0,0.0,0.0,3.270588235294099,4.399889901107563,3.270588235294099,4.399889901107563,3.9097309670696063,-3.270588235294099,0.0,"[16,16,16]","[182.68235294117648,189.9294117647059,198.08235294117645]",1.5058823529411711,2.6082647455154766,2.2978811223335924,"{""nodes"":[{""x"":110,""y"":61,""kind"":""solid_core"",""rgba"":[204,204,204,171],""alpha"":171,""raw_luminance_0_255"":153.97597140811112,""master_rgb"":[199.0,208.0,216.0],""composited_rgb"":[202.35294117647058,205.31764705882352,207.95294117647057],""composited_luminance_0_255"":155.47954728313664},{""x"":109,""y"":61,""kind"":""confirmed_tonal_attachment"",""rgba"":[0,0,0,21],""alpha"":21,""raw_luminance_0_255"":0.0,""master_rgb"":[201.0,208.0,216.0],""composited_rgb"":[184.4470588235294,190.87058823529412,198.21176470588233],""composited_luminance_0_255"":131.42145761846135},{""x"":109,""y"":62,""kind"":""low_alpha_perimeter"",""rgba"":[0,0,0,24],""alpha"":24,""raw_luminance_0_255"":0.0,""master_rgb"":[200.0,208.0,217.0],""composited_rgb"":[181.1764705882353,188.42352941176472,196.57647058823528],""composited_luminance_0_255"":127.51172665139174}],""raw_RGB_step_L2"":[353.338364744051,0.0],""composited_RGB_step_L2"":[24.98456824760098,4.399889901107563],""composited_luminance_steps"":[-24.058089664675293,-3.9097309670696063],""composited_luminance_monotonic"":true}"
#14700,114,62,"[114.7426,62.8667]","[115,63]","[204,204,204,5]",5,0,AMBIGUOUS,[8],False,"[{""xy"":[113,62],""glyph_id"":8,""class"":""proven_tonal_attachment"",""rgba"":[0,0,0,1],""master_rgba"":[199,208,215,253]}]","{""xy"":[113,62],""glyph_id"":8,""class"":""proven_tonal_attachment""}","[200,208,216,253]",153.97597140811112,"[200.078431372549,207.92156862745097,215.76470588235293]",158.88892274836417,"[4.0,4.0,4.0]",6.928203230275509,204.0,204.0,1.858823529411751,2.565916845491604,1.858823529411751,2.565916845491604,1.7739786908116173,202.14117647058825,6.928203230275509,"[16,16,16]","[196.39215686274508,204.23529411764704,212.078431372549]",3.6862745098039227,6.384814741626451,6.28794923030253,"{""nodes"":[{""x"":112,""y"":62,""kind"":""solid_core"",""rgba"":[174,174,174,89],""alpha"":89,""raw_luminance_0_255"":107.93325584644828,""master_rgb"":[200.0,207.0,215.0],""composited_rgb"":[190.9254901960784,195.48235294117646,200.69019607843137],""composited_luminance_0_255"":139.01557275347835},{""x"":113,""y"":62,""kind"":""confirmed_tonal_attachment"",""rgba"":[0,0,0,1],""alpha"":1,""raw_luminance_0_255"":0.0,""master_rgb"":[199.0,208.0,215.0],""composited_rgb"":[198.21960784313725,207.1843137254902,214.15686274509804],""composited_luminance_0_255"":157.11494405755255},{""x"":114,""y"":62,""kind"":""low_alpha_perimeter"",""rgba"":[204,204,204,5],""alpha"":5,""raw_luminance_0_255"":153.97597140811112,""master_rgb"":[200.0,208.0,216.0],""composited_rgb"":[200.078431372549,207.92156862745097,215.76470588235293],""composited_luminance_0_255"":158.88892274836417}],""raw_RGB_step_L2"":[301.37684051698466,353.338364744051],""composited_RGB_step_L2"":[19.274105674657463,2.565916845491604],""composited_luminance_steps"":[18.099371304074197,1.7739786908116173],""composited_luminance_monotonic"":true}"
#14700,115,62,"[115.7966,62.8667]","[116,63]","[127,127,127,2]",2,0,AMBIGUOUS,[8],False,"[{""xy"":[116,62],""glyph_id"":8,""class"":""proven_tonal_attachment"",""rgba"":[191,191,191,4],""master_rgba"":[200,207,216,253]}]","{""xy"":[116,62],""glyph_id"":8,""class"":""proven_tonal_attachment""}","[200,208,216,253]",54.118843140584076,"[199.42745098039217,207.36470588235295,215.30196078431374]",157.9089587462116,"[0.996078431372549,0.996078431372549,0.996078431372549]",1.725258451460764,64.0,64.0,0.6156862745098124,0.8116131335237774,0.6156862745098124,0.8116131335237774,0.5697181795717654,63.38431372549019,3.4641016151377544,"[16,16,16]","[198.55686274509804,206.49411764705883,214.4313725490196]",0.8705882352941217,1.507903056001147,1.4929784909408568,"{""nodes"":[{""x"":117,""y"":61,""kind"":""solid_core"",""rgba"":[68,68,68,52],""alpha"":52,""raw_luminance_0_255"":14.740384698722144,""master_rgb"":[200.0,208.0,216.0],""composited_rgb"":[173.08235294117648,179.45098039215688,185.81960784313728],""composited_luminance_0_255"":114.3736364700538},{""x"":116,""y"":62,""kind"":""confirmed_tonal_attachment"",""rgba"":[191,191,191,4],""alpha"":4,""raw_luminance_0_255"":132.85387116711036,""master_rgb"":[200.0,207.0,216.0],""composited_rgb"":[199.85882352941178,206.74901960784314,215.60784313725492],""composited_luminance_0_255"":157.33924056663983},{""x"":115,""y"":62,""kind"":""low_alpha_perimeter"",""rgba"":[127,127,127,2],""alpha"":2,""raw_luminance_0_255"":54.118843140584076,""master_rgb"":[200.0,208.0,216.0],""composited_rgb"":[199.42745098039217,207.36470588235295,215.30196078431374],""composited_luminance_0_255"":157.9089587462116}],""raw_RGB_step_L2"":[213.0422493309719,110.85125168440814],""composited_RGB_step_L2"":[48.47165443969796,0.8116131335237774],""composited_luminance_steps"":[42.965604096586034,0.5697181795717654],""composited_luminance_monotonic"":true}"
#14700,127,62,"[128.4436,62.8667]","[128,63]","[255,255,255,1]",1,0,AMBIGUOUS,[9],False,"[{""xy"":[128,62],""glyph_id"":9,""class"":""proven_tonal_attachment"",""rgba"":[127,127,127,2],""master_rgba"":[199,206,214,253]},{""xy"":[127,63],""glyph_id"":9,""class"":""solid_achromatic_core"",""rgba"":[6,6,6,38],""master_rgba"":[199,207,215,253]},{""xy"":[126,63],""glyph_id"":9,""class"":""solid_achromatic_core"",""rgba"":[179,179,179,151],""master_rgba"":[199,206,215,253]},{""xy"":[128,63],""glyph_id"":9,""class"":""proven_tonal_attachment"",""rgba"":[0,0,0,10],""master_rgba"":[199,206,214,253]}]","{""xy"":[128,62],""glyph_id"":9,""class"":""proven_tonal_attachment""}","[198,207,215,253]",255.0,"[198.2235294117647,207.18823529411765,215.15686274509804]",157.25198749168595,"[1.0,1.0,1.0]",1.7320508075688772,76.0,128.0,1.839215686274514,2.587635105693099,1.839215686274514,2.587635105693099,2.390204200013727,126.16078431372549,0.00679235610811322,"[16,16,16]","[197.28627450980392,206.25098039215686,214.21960784313725]",0.9372549019607845,1.6233731098390658,1.602977905229352,"{""nodes"":[{""x"":127,""y"":63,""kind"":""solid_core"",""rgba"":[6,6,6,38],""alpha"":38,""raw_luminance_0_255"":0.46439628482972134,""master_rgb"":[199.0,207.0,215.0],""composited_rgb"":[170.23921568627452,177.04705882352943,183.85490196078433],""composited_luminance_0_255"":110.90005603342536},{""x"":128,""y"":62,""kind"":""confirmed_tonal_attachment"",""rgba"":[127,127,127,2],""alpha"":2,""raw_luminance_0_255"":54.118843140584076,""master_rgb"":[199.0,206.0,214.0],""composited_rgb"":[198.43529411764706,205.38039215686274,213.31764705882352],""composited_luminance_0_255"":154.86178329167223},{""x"":127,""y"":62,""kind"":""low_alpha_perimeter"",""rgba"":[255,255,255,1],""alpha"":1,""raw_luminance_0_255"":255.0,""master_rgb"":[198.0,207.0,215.0],""composited_rgb"":[198.2235294117647,207.18823529411765,215.15686274509804],""composited_luminance_0_255"":157.25198749168595}],""raw_RGB_step_L2"":[209.57814771583415,221.70250336881628],""composited_RGB_step_L2"":[49.65732539513099,2.587635105693099],""composited_luminance_steps"":[43.96172725824687,2.390204200013727],""composited_luminance_monotonic"":true}"
#14700,133,62,"[134.7672,62.8667]","[135,63]","[255,255,255,2]",2,0,AMBIGUOUS,[9],False,"[{""xy"":[134,62],""glyph_id"":9,""class"":""proven_tonal_attachment"",""rgba"":[127,127,127,2],""master_rgba"":[197,204,212,253]}]","{""xy"":[134,62],""glyph_id"":9,""class"":""proven_tonal_attachment""}","[198,205,213,253]",255.0,"[198.4470588235294,205.3921568627451,213.3294117647059]",154.88178741599333,"[2.0,2.0,2.0]",3.4641016151377544,128.0,128.0,1.9960784313725526,3.4573092590296315,1.9960784313725526,3.4573092590296315,3.3724865283485883,126.00392156862745,1.7388431636769905,"[16,16,16]","[196.57254901960783,203.51764705882354,211.45490196078433]",1.874509803921569,3.2467462196781316,3.168327745862797,"{""nodes"":[{""x"":135,""y"":62,""kind"":""solid_core"",""rgba"":[77,77,77,72],""alpha"":72,""raw_luminance_0_255"":18.924459936938153,""master_rgb"":[198.0,205.0,213.0],""composited_rgb"":[163.83529411764707,168.85882352941178,174.60000000000002],""composited_luminance_0_255"":100.1585957528449},{""x"":134,""y"":62,""kind"":""confirmed_tonal_attachment"",""rgba"":[127,127,127,2],""alpha"":2,""raw_luminance_0_255"":54.118843140584076,""master_rgb"":[197.0,204.0,212.0],""composited_rgb"":[196.45098039215688,203.39607843137256,211.33333333333334],""composited_luminance_0_255"":151.50930088764474},{""x"":133,""y"":62,""kind"":""low_alpha_perimeter"",""rgba"":[255,255,255,2],""alpha"":2,""raw_luminance_0_255"":255.0,""master_rgb"":[198.0,205.0,213.0],""composited_rgb"":[198.4470588235294,205.3921568627451,213.3294117647059],""composited_luminance_0_255"":154.88178741599333}],""raw_RGB_step_L2"":[86.60254037844386,221.70250336881628],""composited_RGB_step_L2"":[60.04950245504153,3.4573092590296315],""composited_luminance_steps"":[51.35070513479984,3.3724865283485883],""composited_luminance_monotonic"":true}"
#14700,138,62,"[140.0368,62.8667]","[140,63]","[12,12,12,20]",20,0,AMBIGUOUS,[9],False,"[{""xy"":[137,62],""glyph_id"":9,""class"":""solid_achromatic_core"",""rgba"":[220,220,220,214],""master_rgba"":[197,205,213,253]},{""xy"":[137,61],""glyph_id"":9,""class"":""solid_achromatic_core"",""rgba"":[220,220,220,214],""master_rgba"":[198,205,213,253]},{""xy"":[137,63],""glyph_id"":9,""class"":""solid_achromatic_core"",""rgba"":[219,219,219,214],""master_rgba"":[198,205,214,253]}]","{""xy"":[137,62],""glyph_id"":9,""class"":""solid_achromatic_core""}","[198,205,213,253]",0.937509367632096,"[183.41176470588235,189.86274509803923,197.23529411764707]",129.86472314721752,"[0.9411764705882353,0.9411764705882353,0.9411764705882353]",1.6301654659471785,207.0,208.0,32.89019607843139,48.15312513438367,32.21176470588236,46.90228162392721,47.82523767534579,175.1098039215686,318.15396010402435,"[16,16,16]","[183.72549019607843,190.1764705882353,197.54901960784315]",0.3137254901960773,0.5433884886490576,0.4818855157445512,"{""nodes"":[{""x"":137,""y"":62,""kind"":""confirmed_support"",""rgba"":[220,220,220,214],""alpha"":214,""raw_luminance_0_255"":182.50184262915258,""master_rgb"":[197.0,205.0,213.0],""composited_rgb"":[216.30196078431374,217.58823529411765,218.87450980392157],""composited_luminance_0_255"":177.6899608225633},{""x"":138,""y"":62,""kind"":""low_alpha_perimeter"",""rgba"":[12,12,12,20],""alpha"":20,""raw_luminance_0_255"":0.937509367632096,""master_rgb"":[198.0,205.0,213.0],""composited_rgb"":[183.41176470588235,189.86274509803923,197.23529411764707],""composited_luminance_0_255"":129.86472314721752}],""raw_RGB_step_L2"":[360.26656797432645],""composited_RGB_step_L2"":[48.15312513438367],""composited_luminance_steps"":[-47.82523767534579],""composited_luminance_monotonic"":true}"
#14700,144,62,"[146.3603,62.8667]","[146,63]","[255,255,255,2]",2,0,AMBIGUOUS,[10],False,"[{""xy"":[143,62],""glyph_id"":10,""class"":""solid_achromatic_core"",""rgba"":[26,26,26,49],""master_rgba"":[197,204,212,253]},{""xy"":[143,61],""glyph_id"":10,""class"":""solid_achromatic_core"",""rgba"":[0,0,0,41],""master_rgba"":[196,204,211,253]},{""xy"":[143,63],""glyph_id"":10,""class"":""solid_achromatic_core"",""rgba"":[0,0,0,41],""master_rgba"":[197,204,212,253]}]","{""xy"":[143,62],""glyph_id"":10,""class"":""solid_achromatic_core""}","[196,204,212,253]",255.0,"[196.46274509803922,204.4,212.3372549019608]",152.85860608884636,"[2.0,2.0,2.0]",3.4641016151377544,229.0,229.0,36.078431372549005,59.52955901710066,34.42352941176472,57.067924616130114,51.55873445261096,192.921568627451,5.1893600665985185,"[16,16,16]","[194.58823529411765,202.52549019607844,210.46274509803922]",1.874509803921569,3.2467462196781316,3.1438821863719113,"{""nodes"":[{""x"":143,""y"":62,""kind"":""confirmed_support"",""rgba"":[26,26,26,49],""alpha"":49,""raw_luminance_0_255"":2.6341048725548686,""master_rgb"":[197.0,204.0,212.0],""composited_rgb"":[164.14117647058825,169.79607843137256,176.25882352941179],""composited_luminance_0_255"":101.2998716362354},{""x"":144,""y"":62,""kind"":""low_alpha_perimeter"",""rgba"":[255,255,255,2],""alpha"":2,""raw_luminance_0_255"":255.0,""master_rgb"":[196.0,204.0,212.0],""composited_rgb"":[196.46274509803922,204.4,212.3372549019608],""composited_luminance_0_255"":152.85860608884636}],""raw_RGB_step_L2"":[396.6396349332729],""composited_RGB_step_L2"":[59.52955901710066],""composited_luminance_steps"":[51.55873445261096],""composited_luminance_monotonic"":true}"
#14700,149,62,"[151.6299,62.8667]","[152,63]","[255,255,255,2]",2,0,AMBIGUOUS,[10],False,"[{""xy"":[150,62],""glyph_id"":10,""class"":""proven_tonal_attachment"",""rgba"":[170,170,170,3],""master_rgba"":[197,204,212,253]},{""xy"":[150,63],""glyph_id"":10,""class"":""proven_tonal_attachment"",""rgba"":[0,0,0,10],""master_rgba"":[197,204,212,253]}]","{""xy"":[150,62],""glyph_id"":10,""class"":""proven_tonal_attachment""}","[196,204,211,253]",255.0,"[196.46274509803922,204.4,211.34509803921569]",152.73103316774285,"[2.0,2.0,2.0]",3.4641016151377544,85.0,85.0,0.799999999999983,0.8450320705793036,0.799999999999983,0.8450320705793036,0.8737778130936249,84.20000000000002,0.0,"[16,16,16]","[194.58823529411765,202.52549019607844,209.47058823529412]",1.874509803921569,3.2467462196781316,3.142402396296035,"{""nodes"":[{""x"":151,""y"":63,""kind"":""solid_core"",""rgba"":[43,43,43,53],""alpha"":53,""raw_luminance_0_255"":6.160196274368713,""master_rgb"":[197.0,205.0,213.0],""composited_rgb"":[164.99215686274508,171.32941176470587,177.66666666666666],""composited_luminance_0_255"":103.14723270515557},{""x"":150,""y"":62,""kind"":""confirmed_tonal_attachment"",""rgba"":[170,170,170,3],""alpha"":3,""raw_luminance_0_255"":102.50433385720991,""master_rgb"":[197.0,204.0,212.0],""composited_rgb"":[196.68235294117648,203.60000000000002,211.50588235294117],""composited_luminance_0_255"":151.85725535464923},{""x"":149,""y"":62,""kind"":""low_alpha_perimeter"",""rgba"":[255,255,255,2],""alpha"":2,""raw_luminance_0_255"":255.0,""master_rgb"":[196.0,204.0,211.0],""composited_rgb"":[196.46274509803922,204.4,211.34509803921569],""composited_luminance_0_255"":152.73103316774285}],""raw_RGB_step_L2"":[219.9704525612474,147.22431864335456],""composited_RGB_step_L2"":[56.48674101772505,0.8450320705793036],""composited_luminance_steps"":[48.71002264949365,0.8737778130936249],""composited_luminance_monotonic"":true}"
#14700,157,62,"[160.0613,62.8667]","[160,63]","[0,0,0,2]",2,0,SAFE WORDMARK OWNERSHIP,[10],False,"[{""xy"":[156,62],""glyph_id"":10,""class"":""proven_tonal_attachment"",""rgba"":[0,0,0,3],""master_rgba"":[197,204,213,253]},{""xy"":[156,61],""glyph_id"":10,""class"":""proven_tonal_attachment"",""rgba"":[35,35,35,29],""master_rgba"":[196,204,213,253]}]","{""xy"":[156,62],""glyph_id"":10,""class"":""proven_tonal_attachment""}","[197,205,213,253]",0.0,"[195.45490196078433,203.3921568627451,211.3294117647059]",151.16353768023617,"[0.0,0.0,0.0]",0.0,0.0,0.0,1.7921568627450881,2.122822289160626,1.7921568627450881,2.122822289160626,2.5208977299427886,-1.7921568627450881,0.0,"[16,16,16]","[195.58039215686276,203.51764705882354,211.45490196078433]",0.12549019607843093,0.21735539545962304,0.210458054243162,"{""nodes"":[{""x"":155,""y"":62,""kind"":""solid_core"",""rgba"":[173,173,173,168],""alpha"":168,""raw_luminance_0_255"":106.56069306627506,""master_rgb"":[196.0,204.0,213.0],""composited_rgb"":[180.8470588235294,183.57647058823528,186.6470588235294],""composited_luminance_0_255"":121.08244451599366},{""x"":156,""y"":62,""kind"":""confirmed_tonal_attachment"",""rgba"":[0,0,0,3],""alpha"":3,""raw_luminance_0_255"":0.0,""master_rgb"":[197.0,204.0,213.0],""composited_rgb"":[194.68235294117648,201.60000000000002,210.49411764705883],""composited_luminance_0_255"":148.6426399502934},{""x"":157,""y"":62,""kind"":""low_alpha_perimeter"",""rgba"":[0,0,0,2],""alpha"":2,""raw_luminance_0_255"":0.0,""master_rgb"":[197.0,205.0,213.0],""composited_rgb"":[195.45490196078433,203.3921568627451,211.3294117647059],""composited_luminance_0_255"":151.16353768023617}],""raw_RGB_step_L2"":[299.64478970941576,0.0],""composited_RGB_step_L2"":[32.93850619429214,2.122822289160626],""composited_luminance_steps"":[27.56019543429973,2.5208977299427886],""composited_luminance_monotonic"":true}"
#14700,163,62,"[166.3848,62.8667]","[166,63]","[255,255,255,1]",1,0,AMBIGUOUS,[10],False,"[{""xy"":[164,61],""glyph_id"":10,""class"":""proven_tonal_attachment"",""rgba"":[0,0,0,13],""master_rgba"":[197,204,211,253]}]","{""xy"":[164,61],""glyph_id"":10,""class"":""proven_tonal_attachment""}","[196,203,211,253]",255.0,"[196.23137254901962,203.20392156862746,211.17254901960786]",151.18153941382747,"[1.0,1.0,1.0]",1.7320508075688772,255.0,255.0,10.929411764705918,17.25409757483358,10.929411764705918,17.25409757483358,15.657656212987604,244.07058823529408,1.7320508075688772,"[16,16,16]","[195.29411764705884,202.26666666666668,210.23529411764707]",0.9372549019607845,1.6233731098390658,1.5666278974148895,"{""nodes"":[{""x"":164,""y"":60,""kind"":""solid_core"",""rgba"":[54,54,54,42],""alpha"":42,""raw_luminance_0_255"":9.40680985228051,""master_rgb"":[196.0,203.0,211.0],""composited_rgb"":[172.61176470588236,178.45882352941177,185.14117647058825],""composited_luminance_0_255"":113.1498125668683},{""x"":164,""y"":61,""kind"":""confirmed_tonal_attachment"",""rgba"":[0,0,0,13],""alpha"":13,""raw_luminance_0_255"":0.0,""master_rgb"":[197.0,204.0,211.0],""composited_rgb"":[186.95686274509802,193.6,200.24313725490194],""composited_luminance_0_255"":135.52388320083986},{""x"":163,""y"":62,""kind"":""low_alpha_perimeter"",""rgba"":[255,255,255,1],""alpha"":1,""raw_luminance_0_255"":255.0,""master_rgb"":[196.0,203.0,211.0],""composited_rgb"":[196.23137254901962,203.20392156862746,211.17254901960786],""composited_luminance_0_255"":151.18153941382747}],""raw_RGB_step_L2"":[93.53074360871938,441.6729559300637],""composited_RGB_step_L2"":[25.750850125756077,17.25409757483358],""composited_luminance_steps"":[22.374070633971556,15.657656212987604],""composited_luminance_monotonic"":true}"
#14700,164,62,"[167.4387,62.8667]","[167,63]","[12,12,12,21]",21,0,SAFE WORDMARK OWNERSHIP,[10],False,"[{""xy"":[164,61],""glyph_id"":10,""class"":""proven_tonal_attachment"",""rgba"":[0,0,0,13],""master_rgba"":[197,204,211,253]},{""xy"":[165,62],""glyph_id"":10,""class"":""solid_achromatic_core"",""rgba"":[210,210,210,179],""master_rgba"":[196,203,212,253]},{""xy"":[165,61],""glyph_id"":10,""class"":""solid_achromatic_core"",""rgba"":[210,210,210,176],""master_rgba"":[197,204,212,253]},{""xy"":[165,63],""glyph_id"":10,""class"":""solid_achromatic_core"",""rgba"":[213,213,213,180],""master_rgba"":[195,204,211,253]}]","{""xy"":[164,61],""glyph_id"":10,""class"":""proven_tonal_attachment""}","[196,203,211,253]",0.937509367632096,"[180.8470588235294,187.27058823529413,194.61176470588236]",125.92776574623534,"[0.9882352941176471,0.9882352941176471,0.9882352941176471]",1.7116737392445376,12.0,12.0,6.329411764705867,10.44526275557793,6.329411764705867,10.44526275557793,9.596117454604524,5.670588235294133,1.7116737392445376,"[16,16,16]","[181.17647058823528,187.6,194.94117647058823]",0.32941176470586697,0.5705579130814858,0.49700696469737693,"{""nodes"":[{""x"":164,""y"":60,""kind"":""solid_core"",""rgba"":[54,54,54,42],""alpha"":42,""raw_luminance_0_255"":9.40680985228051,""master_rgb"":[196.0,203.0,211.0],""composited_rgb"":[172.61176470588236,178.45882352941177,185.14117647058825],""composited_luminance_0_255"":113.1498125668683},{""x"":164,""y"":61,""kind"":""confirmed_tonal_attachment"",""rgba"":[0,0,0,13],""alpha"":13,""raw_luminance_0_255"":0.0,""master_rgb"":[197.0,204.0,211.0],""composited_rgb"":[186.95686274509802,193.6,200.24313725490194],""composited_luminance_0_255"":135.52388320083986},{""x"":164,""y"":62,""kind"":""low_alpha_perimeter"",""rgba"":[12,12,12,21],""alpha"":21,""raw_luminance_0_255"":0.937509367632096,""master_rgb"":[196.0,203.0,211.0],""composited_rgb"":[180.8470588235294,187.27058823529413,194.61176470588236],""composited_luminance_0_255"":125.92776574623534}],""raw_RGB_step_L2"":[93.53074360871938,20.784609690826528],""composited_RGB_step_L2"":[25.750850125756077,10.44526275557793],""composited_luminance_steps"":[22.374070633971556,-9.596117454604524],""composited_luminance_monotonic"":false}"
#14700,169,62,"[172.7083,62.8667]","[173,63]","[204,204,204,5]",5,0,AMBIGUOUS,[10],False,"[{""xy"":[168,62],""glyph_id"":10,""class"":""proven_tonal_attachment"",""rgba"":[255,255,255,1],""master_rgba"":[195,202,210,253]}]","{""xy"":[168,62],""glyph_id"":10,""class"":""proven_tonal_attachment""}","[194,202,210,253]",153.97597140811112,"[194.19607843137254,202.0392156862745,209.88235294117646]",148.92520931160897,"[4.0,4.0,4.0]",6.928203230275509,51.0,51.0,1.039215686274531,1.0931192296060952,1.039215686274531,1.0931192296060952,0.5916957446012532,49.96078431372547,5.196152422706632,"[16,16,16]","[190.50980392156862,198.35294117647058,206.19607843137254]",3.6862745098039227,6.384814741626451,6.052810723937569,"{""nodes"":[{""x"":167,""y"":62,""kind"":""solid_core"",""rgba"":[179,179,179,95],""alpha"":95,""raw_luminance_0_255"":114.95037462374698,""master_rgb"":[195.0,203.0,211.0],""composited_rgb"":[189.0392156862745,194.05882352941177,199.078431372549],""composited_luminance_0_255"":136.57994264392954},{""x"":168,""y"":62,""kind"":""confirmed_tonal_attachment"",""rgba"":[255,255,255,1],""alpha"":1,""raw_luminance_0_255"":255.0,""master_rgb"":[195.0,202.0,210.0],""composited_rgb"":[195.23529411764707,202.2078431372549,210.1764705882353],""composited_luminance_0_255"":149.51690505621022},{""x"":169,""y"":62,""kind"":""low_alpha_perimeter"",""rgba"":[204,204,204,5],""alpha"":5,""raw_luminance_0_255"":153.97597140811112,""master_rgb"":[194.0,202.0,210.0],""composited_rgb"":[194.19607843137254,202.0392156862745,209.88235294117646],""composited_luminance_0_255"":148.92520931160897}],""raw_RGB_step_L2"":[131.63586137523467,88.33459118601274],""composited_RGB_step_L2"":[15.0984894254241,1.0931192296060952],""composited_luminance_steps"":[12.936962412280678,-0.5916957446012532],""composited_luminance_monotonic"":false}"
#14700,175,62,"[179.0319,62.8667]","[179,63]","[0,0,0,4]",4,0,AMBIGUOUS,[10],False,"[{""xy"":[176,62],""glyph_id"":10,""class"":""solid_achromatic_core"",""rgba"":[186,186,186,176],""master_rgba"":[194,202,210,253]},{""xy"":[176,61],""glyph_id"":10,""class"":""solid_achromatic_core"",""rgba"":[186,186,186,176],""master_rgba"":[194,201,210,253]},{""xy"":[176,63],""glyph_id"":10,""class"":""solid_achromatic_core"",""rgba"":[186,186,186,176],""master_rgba"":[195,203,210,253]}]","{""xy"":[176,62],""glyph_id"":10,""class"":""solid_achromatic_core""}","[195,203,210,253]",0.0,"[191.94117647058823,199.8156862745098,206.7058823529412]",145.12722383635662,"[0.0,0.0,0.0]",0.0,186.0,186.0,13.270588235294127,16.32721256216078,13.270588235294127,16.097679535519934,12.872144782754646,172.72941176470587,222.35456955519516,"[16,16,16]","[192.1921568627451,200.06666666666666,206.95686274509805]",0.25098039215686185,0.4347107909192461,0.4112067170833029,"{""nodes"":[{""x"":176,""y"":62,""kind"":""confirmed_support"",""rgba"":[186,186,186,176],""alpha"":176,""raw_luminance_0_255"":125.21031671119808,""master_rgb"":[194.0,202.0,210.0],""composited_rgb"":[188.478431372549,190.95686274509805,193.43529411764706],""composited_luminance_0_255"":132.25507905360197},{""x"":175,""y"":62,""kind"":""low_alpha_perimeter"",""rgba"":[0,0,0,4],""alpha"":4,""raw_luminance_0_255"":0.0,""master_rgb"":[195.0,203.0,210.0],""composited_rgb"":[191.94117647058823,199.8156862745098,206.7058823529412],""composited_luminance_0_255"":145.12722383635662}],""raw_RGB_step_L2"":[322.1614502078112],""composited_RGB_step_L2"":[16.32721256216078],""composited_luminance_steps"":[12.872144782754646],""composited_luminance_monotonic"":true}"
#14700,200,62,"[205.3799,62.8667]","[205,63]","[255,255,255,2]",2,0,AMBIGUOUS,[10],False,"[{""xy"":[199,62],""glyph_id"":10,""class"":""proven_tonal_attachment"",""rgba"":[191,191,191,4],""master_rgba"":[187,194,202,253]},{""xy"":[199,63],""glyph_id"":10,""class"":""proven_tonal_attachment"",""rgba"":[0,0,0,11],""master_rgba"":[187,193,202,253]}]","{""xy"":[199,62],""glyph_id"":10,""class"":""proven_tonal_attachment""}","[186,192,200,253]",255.0,"[186.54117647058825,192.49411764705883,200.4313725490196]",134.16565640961267,"[2.0,2.0,2.0]",3.4641016151377544,64.0,64.0,1.4588235294117737,2.0854819370232307,1.4588235294117737,2.0854819370232307,1.9825102127909702,62.541176470588226,1.725258451460764,"[16,16,16]","[184.66666666666669,190.61960784313726,198.55686274509804]",1.874509803921569,3.2467462196781316,2.912717190889225,"{""nodes"":[{""x"":198,""y"":63,""kind"":""solid_core"",""rgba"":[30,30,30,51],""alpha"":51,""raw_luminance_0_255"":3.3106732472541176,""master_rgb"":[188.0,194.0,202.0],""composited_rgb"":[156.4,161.20000000000002,167.60000000000002],""composited_luminance_0_255"":90.4736360135462},{""x"":199,""y"":62,""kind"":""confirmed_tonal_attachment"",""rgba"":[191,191,191,4],""alpha"":4,""raw_luminance_0_255"":132.85387116711036,""master_rgb"":[187.0,194.0,202.0],""composited_rgb"":[187.06274509803922,193.9529411764706,201.82745098039217],""composited_luminance_0_255"":136.14816662240364},{""x"":200,""y"":62,""kind"":""low_alpha_perimeter"",""rgba"":[255,255,255,2],""alpha"":2,""raw_luminance_0_255"":255.0,""master_rgb"":[186.0,192.0,200.0],""composited_rgb"":[186.54117647058825,192.49411764705883,200.4313725490196],""composited_luminance_0_255"":134.16565640961267}],""raw_RGB_step_L2"":[278.86018001858923,110.85125168440814],""composited_RGB_step_L2"":[56.431174835119435,2.0854819370232307],""composited_luminance_steps"":[45.67453060885744,-1.9825102127909702],""composited_luminance_monotonic"":false}"
#14700,204,62,"[209.5956,62.8667]","[210,63]","[191,191,191,4]",4,0,AMBIGUOUS,[10],False,"[{""xy"":[205,63],""glyph_id"":10,""class"":""proven_tonal_attachment"",""rgba"":[0,0,0,1],""master_rgba"":[176,183,190,253]}]","{""xy"":[205,63],""glyph_id"":10,""class"":""proven_tonal_attachment""}","[179,186,192,253]",132.85387116711036,"[179.18823529411765,186.07843137254903,191.9843137254902]",123.83334276324342,"[2.996078431372549,2.996078431372549,2.996078431372549]",5.1893600665985185,191.0,191.0,3.8784313725490165,6.074712334754578,3.8784313725490165,6.074712334754578,5.496197636724759,187.12156862745098,5.1893600665985185,"[16,16,16]","[176.44313725490196,183.33333333333334,189.23921568627452]",2.7450980392156907,4.754649275679278,4.057241887140165,"{""nodes"":[{""x"":205,""y"":64,""kind"":""solid_core"",""rgba"":[218,218,218,203],""alpha"":203,""raw_luminance_0_255"":178.78098244290814,""master_rgb"":[176.0,183.0,191.0],""composited_rgb"":[209.43529411764706,210.86274509803923,212.49411764705883],""composited_luminance_0_255"":165.54012729508844},{""x"":205,""y"":63,""kind"":""confirmed_tonal_attachment"",""rgba"":[0,0,0,1],""alpha"":1,""raw_luminance_0_255"":0.0,""master_rgb"":[176.0,183.0,190.0],""composited_rgb"":[175.30980392156863,182.28235294117647,189.2549019607843],""composited_luminance_0_255"":118.33714512651866},{""x"":204,""y"":62,""kind"":""low_alpha_perimeter"",""rgba"":[191,191,191,4],""alpha"":4,""raw_luminance_0_255"":132.85387116711036,""master_rgb"":[179.0,186.0,192.0],""composited_rgb"":[179.18823529411765,186.07843137254903,191.9843137254902],""composited_luminance_0_255"":123.83334276324342}],""raw_RGB_step_L2"":[377.58707605001524,330.82170424565555],""composited_RGB_step_L2"":[50.21403232838302,6.074712334754578],""composited_luminance_steps"":[-47.202982168569775,5.496197636724759],""composited_luminance_monotonic"":false}"
#14700,205,62,"[210.6495,62.8667]","[211,63]","[255,255,255,2]",2,0,AMBIGUOUS,[10],False,"[{""xy"":[206,62],""glyph_id"":10,""class"":""solid_achromatic_core"",""rgba"":[15,15,15,33],""master_rgba"":[174,180,187,253]},{""xy"":[205,63],""glyph_id"":10,""class"":""proven_tonal_attachment"",""rgba"":[0,0,0,1],""master_rgba"":[176,183,190,253]},{""xy"":[206,61],""glyph_id"":10,""class"":""proven_tonal_attachment"",""rgba"":[0,0,0,19],""master_rgba"":[174,181,188,253]},{""xy"":[206,63],""glyph_id"":10,""class"":""proven_tonal_attachment"",""rgba"":[0,0,0,23],""master_rgba"":[174,181,188,253]}]","{""xy"":[206,62],""glyph_id"":10,""class"":""solid_achromatic_core""}","[176,184,191,253]",255.0,"[176.61960784313726,184.55686274509804,191.50196078431372]",121.37752231342589,"[2.0,2.0,2.0]",3.4641016151377544,240.0,240.0,26.76078431372548,43.880697019694836,2.2745098039215748,3.455177928485495,34.17812192311601,213.23921568627452,0.10188534162169831,"[16,16,16]","[174.7450980392157,182.68235294117648,189.62745098039215]",1.874509803921569,3.2467462196781316,2.746413719434429,"{""nodes"":[{""x"":206,""y"":62,""kind"":""confirmed_support"",""rgba"":[15,15,15,33],""alpha"":33,""raw_luminance_0_255"":1.2181231375769008,""master_rgb"":[174.0,180.0,187.0],""composited_rgb"":[153.42352941176472,158.64705882352942,164.74117647058824],""composited_luminance_0_255"":87.19940039030988},{""x"":205,""y"":62,""kind"":""low_alpha_perimeter"",""rgba"":[255,255,255,2],""alpha"":2,""raw_luminance_0_255"":255.0,""master_rgb"":[176.0,184.0,191.0],""composited_rgb"":[176.61960784313726,184.55686274509804,191.50196078431372],""composited_luminance_0_255"":121.37752231342589}],""raw_RGB_step_L2"":[415.69219381653056],""composited_RGB_step_L2"":[43.880697019694836],""composited_luminance_steps"":[34.17812192311601],""composited_luminance_monotonic"":true}"
#14700,71,63,"[69.424,63.9111]","[69,64]","[0,0,0,14]",14,0,SAFE WORDMARK OWNERSHIP,[6],False,"[{""xy"":[70,63],""glyph_id"":6,""class"":""proven_tonal_attachment"",""rgba"":[0,0,0,23],""master_rgba"":[201,209,217,253]},{""xy"":[71,64],""glyph_id"":6,""class"":""solid_achromatic_core"",""rgba"":[214,214,214,201],""master_rgba"":[202,209,217,253]},{""xy"":[70,62],""glyph_id"":6,""class"":""proven_tonal_attachment"",""rgba"":[170,170,170,3],""master_rgba"":[201,209,217,253]},{""xy"":[70,64],""glyph_id"":6,""class"":""solid_achromatic_core"",""rgba"":[226,226,226,215],""master_rgba"":[202,209,217,253]},{""xy"":[72,64],""glyph_id"":6,""class"":""solid_achromatic_core"",""rgba"":[216,216,216,204],""master_rgba"":[201,209,217,253]}]","{""xy"":[70,63],""glyph_id"":6,""class"":""proven_tonal_attachment""}","[202,210,217,253]",0.0,"[190.90980392156862,198.47058823529412,205.08627450980393]",143.00466622848433,"[0.0,0.0,0.0]",0.0,0.0,0.0,8.321568627450972,13.875700743619744,8.321568627450972,13.875700743619744,12.970577593516055,-8.321568627450972,0.0,"[16,16,16]","[191.78823529411764,199.34901960784313,205.96470588235294]",0.8784313725490165,1.5214877682173613,1.4299010761449438,"{""nodes"":[{""x"":69,""y"":63,""kind"":""solid_core"",""rgba"":[56,56,56,68],""alpha"":68,""raw_luminance_0_255"":10.084289995566872,""master_rgb"":[201.0,209.0,217.0],""composited_rgb"":[162.33333333333334,168.20000000000002,174.0666666666667],""composited_luminance_0_255"":99.07796232027688},{""x"":70,""y"":63,""kind"":""confirmed_tonal_attachment"",""rgba"":[0,0,0,23],""alpha"":23,""raw_luminance_0_255"":0.0,""master_rgb"":[201.0,209.0,217.0],""composited_rgb"":[182.87058823529412,190.14901960784314,197.42745098039217],""composited_luminance_0_255"":130.03408863496827},{""x"":71,""y"":63,""kind"":""low_alpha_perimeter"",""rgba"":[0,0,0,14],""alpha"":14,""raw_luminance_0_255"":0.0,""master_rgb"":[202.0,210.0,217.0],""composited_rgb"":[190.90980392156862,198.47058823529412,205.08627450980393],""composited_luminance_0_255"":143.00466622848433}],""raw_RGB_step_L2"":[96.99484522385713,0.0],""composited_RGB_step_L2"":[38.06920729941715,13.875700743619744],""composited_luminance_steps"":[30.95612631469139,12.970577593516055],""composited_luminance_monotonic"":true}"
#14700,72,63,"[70.4779,63.9111]","[70,64]","[0,0,0,15]",15,0,AMBIGUOUS,[6],False,"[{""xy"":[72,64],""glyph_id"":6,""class"":""solid_achromatic_core"",""rgba"":[216,216,216,204],""master_rgba"":[201,209,217,253]},{""xy"":[71,64],""glyph_id"":6,""class"":""solid_achromatic_core"",""rgba"":[214,214,214,201],""master_rgba"":[202,209,217,253]},{""xy"":[73,64],""glyph_id"":6,""class"":""solid_achromatic_core"",""rgba"":[216,216,216,203],""master_rgba"":[201,209,217,253]}]","{""xy"":[72,64],""glyph_id"":6,""class"":""solid_achromatic_core""}","[202,210,217,253]",0.0,"[190.11764705882354,197.64705882352942,204.23529411764704]",141.6786117600651,"[0.0,0.0,0.0]",0.0,214.0,216.0,22.882352941176464,30.88945576582161,21.341176470588238,28.24032308155956,30.476378656815456,193.11764705882354,299.298379547902,"[16,16,16]","[191.05882352941177,198.58823529411765,205.17647058823528]",0.941176470588232,1.630165465947173,1.5240684465778997,"{""nodes"":[{""x"":72,""y"":64,""kind"":""confirmed_support"",""rgba"":[216,216,216,204],""alpha"":204,""raw_luminance_0_255"":175.10475467100497,""master_rgb"":[201.0,209.0,217.0],""composited_rgb"":[213.0,214.6,216.2],""composited_luminance_0_255"":172.15499041688057},{""x"":72,""y"":63,""kind"":""low_alpha_perimeter"",""rgba"":[0,0,0,15],""alpha"":15,""raw_luminance_0_255"":0.0,""master_rgb"":[202.0,210.0,217.0],""composited_rgb"":[190.11764705882354,197.64705882352942,204.23529411764704],""composited_luminance_0_255"":141.6786117600651}],""raw_RGB_step_L2"":[374.1229744348775],""composited_RGB_step_L2"":[30.88945576582161],""composited_luminance_steps"":[-30.476378656815456],""composited_luminance_monotonic"":true}"
#14700,73,63,"[71.5319,63.9111]","[72,64]","[0,0,0,14]",14,0,AMBIGUOUS,[6],False,"[{""xy"":[73,64],""glyph_id"":6,""class"":""solid_achromatic_core"",""rgba"":[216,216,216,203],""master_rgba"":[201,209,217,253]},{""xy"":[72,64],""glyph_id"":6,""class"":""solid_achromatic_core"",""rgba"":[216,216,216,204],""master_rgba"":[201,209,217,253]},{""xy"":[74,64],""glyph_id"":6,""class"":""solid_achromatic_core"",""rgba"":[216,216,216,203],""master_rgba"":[202,209,217,253]}]","{""xy"":[73,64],""glyph_id"":6,""class"":""solid_achromatic_core""}","[201,209,218,253]",0.0,"[189.96470588235294,197.52549019607844,206.0313725490196]",141.70843761768455,"[0.0,0.0,0.0]",0.0,216.0,216.0,22.976470588235287,30.364472147251906,22.976470588235287,30.364472147251906,30.389082093262033,193.0235294117647,297.8312306285495,"[16,16,16]","[190.84313725490196,198.40392156862745,206.90980392156862]",0.8784313725490165,1.5214877682173613,1.422286053949108,"{""nodes"":[{""x"":73,""y"":64,""kind"":""confirmed_support"",""rgba"":[216,216,216,203],""alpha"":203,""raw_luminance_0_255"":175.10475467100497,""master_rgb"":[201.0,209.0,217.0],""composited_rgb"":[212.94117647058823,214.57254901960783,216.20392156862744],""composited_luminance_0_255"":172.09751971094659},{""x"":73,""y"":63,""kind"":""low_alpha_perimeter"",""rgba"":[0,0,0,14],""alpha"":14,""raw_luminance_0_255"":0.0,""master_rgb"":[201.0,209.0,218.0],""composited_rgb"":[189.96470588235294,197.52549019607844,206.0313725490196],""composited_luminance_0_255"":141.70843761768455}],""raw_RGB_step_L2"":[374.1229744348775],""composited_RGB_step_L2"":[30.364472147251906],""composited_luminance_steps"":[-30.389082093262033],""composited_luminance_monotonic"":true}"
#14700,74,63,"[72.5858,63.9111]","[73,64]","[0,0,0,13]",13,0,AMBIGUOUS,[6],False,"[{""xy"":[74,64],""glyph_id"":6,""class"":""solid_achromatic_core"",""rgba"":[216,216,216,203],""master_rgba"":[202,209,217,253]},{""xy"":[73,64],""glyph_id"":6,""class"":""solid_achromatic_core"",""rgba"":[216,216,216,203],""master_rgba"":[201,209,217,253]},{""xy"":[75,64],""glyph_id"":6,""class"":""solid_achromatic_core"",""rgba"":[216,216,216,203],""master_rgba"":[201,209,217,253]}]","{""xy"":[74,64],""glyph_id"":6,""class"":""solid_achromatic_core""}","[201,209,217,253]",0.0,"[190.75294117647059,198.34509803921569,205.93725490196078]",142.91132539521183,"[0.0,0.0,0.0]",0.0,216.0,216.0,22.392156862745082,29.49819144848131,22.188235294117646,29.343694301035143,29.2639790179976,193.60784313725492,297.8312306285495,"[16,16,16]","[191.5686274509804,199.1607843137255,206.75294117647059]",0.815686274509801,1.4128100704875497,1.3269591332637845,"{""nodes"":[{""x"":74,""y"":64,""kind"":""confirmed_support"",""rgba"":[216,216,216,203],""alpha"":203,""raw_luminance_0_255"":175.10475467100497,""master_rgb"":[202.0,209.0,217.0],""composited_rgb"":[213.14509803921567,214.57254901960783,216.20392156862744],""composited_luminance_0_255"":172.17530441320943},{""x"":74,""y"":63,""kind"":""low_alpha_perimeter"",""rgba"":[0,0,0,13],""alpha"":13,""raw_luminance_0_255"":0.0,""master_rgb"":[201.0,209.0,217.0],""composited_rgb"":[190.75294117647059,198.34509803921569,205.93725490196078],""composited_luminance_0_255"":142.91132539521183}],""raw_RGB_step_L2"":[374.1229744348775],""composited_RGB_step_L2"":[29.49819144848131],""composited_luminance_steps"":[-29.2639790179976],""composited_luminance_monotonic"":true}"
#14700,75,63,"[73.6397,63.9111]","[74,64]","[0,0,0,17]",17,0,AMBIGUOUS,[6],False,"[{""xy"":[75,64],""glyph_id"":6,""class"":""solid_achromatic_core"",""rgba"":[216,216,216,203],""master_rgba"":[201,209,217,253]},{""xy"":[74,64],""glyph_id"":6,""class"":""solid_achromatic_core"",""rgba"":[216,216,216,203],""master_rgba"":[202,209,217,253]},{""xy"":[76,64],""glyph_id"":6,""class"":""solid_achromatic_core"",""rgba"":[218,218,218,203],""master_rgba"":[200,209,216,253]}]","{""xy"":[75,64],""glyph_id"":6,""class"":""solid_achromatic_core""}","[201,209,216,253]",0.0,"[187.6,195.06666666666666,201.6]",137.56248096979,"[0.0,0.0,0.0]",0.0,216.0,216.0,25.341176470588238,35.155784679948454,25.341176470588238,35.155784679948454,34.5350387411566,190.65882352941176,297.8312306285495,"[16,16,16]","[188.66666666666666,196.13333333333333,202.66666666666666]",1.0666666666666629,1.847520861406796,1.6986034658774543,"{""nodes"":[{""x"":75,""y"":64,""kind"":""confirmed_support"",""rgba"":[216,216,216,203],""alpha"":203,""raw_luminance_0_255"":175.10475467100497,""master_rgb"":[201.0,209.0,217.0],""composited_rgb"":[212.94117647058823,214.57254901960783,216.20392156862744],""composited_luminance_0_255"":172.09751971094659},{""x"":75,""y"":63,""kind"":""low_alpha_perimeter"",""rgba"":[0,0,0,17],""alpha"":17,""raw_luminance_0_255"":0.0,""master_rgb"":[201.0,209.0,216.0],""composited_rgb"":[187.6,195.06666666666666,201.6],""composited_luminance_0_255"":137.56248096979}],""raw_RGB_step_L2"":[374.1229744348775],""composited_RGB_step_L2"":[35.155784679948454],""composited_luminance_steps"":[-34.5350387411566],""composited_luminance_monotonic"":true}"
#14700,76,63,"[74.6936,63.9111]","[75,64]","[0,0,0,2]",2,0,AMBIGUOUS,[6],False,"[{""xy"":[76,64],""glyph_id"":6,""class"":""solid_achromatic_core"",""rgba"":[218,218,218,203],""master_rgba"":[200,209,216,253]},{""xy"":[75,64],""glyph_id"":6,""class"":""solid_achromatic_core"",""rgba"":[216,216,216,203],""master_rgba"":[201,209,217,253]},{""xy"":[77,64],""glyph_id"":6,""class"":""solid_achromatic_core"",""rgba"":[213,213,213,199],""master_rgba"":[200,208,216,253]}]","{""xy"":[76,64],""glyph_id"":6,""class"":""solid_achromatic_core""}","[201,208,216,253]",0.0,"[199.42352941176472,206.3686274509804,214.30588235294118]",156.54738867569284,"[0.0,0.0,0.0]",0.0,213.0,218.0,14.905882352941148,18.136925911165637,10.72156862745095,12.082569955602386,18.33813682549058,203.09411764705885,300.58892720844347,"[16,16,16]","[199.54901960784315,206.49411764705883,214.4313725490196]",0.12549019607843093,0.21735539545962304,0.2148073091323397,"{""nodes"":[{""x"":76,""y"":64,""kind"":""confirmed_support"",""rgba"":[218,218,218,203],""alpha"":203,""raw_luminance_0_255"":178.78098244290814,""master_rgb"":[200.0,209.0,216.0],""composited_rgb"":[214.32941176470587,216.16470588235293,217.5921568627451],""composited_luminance_0_255"":174.88552550118342},{""x"":76,""y"":63,""kind"":""low_alpha_perimeter"",""rgba"":[0,0,0,2],""alpha"":2,""raw_luminance_0_255"":0.0,""master_rgb"":[201.0,208.0,216.0],""composited_rgb"":[199.42352941176472,206.3686274509804,214.30588235294118],""composited_luminance_0_255"":156.54738867569284}],""raw_RGB_step_L2"":[377.58707605001524],""composited_RGB_step_L2"":[18.136925911165637],""composited_luminance_steps"":[-18.33813682549058],""composited_luminance_monotonic"":true}"
#14700,77,63,"[75.7475,63.9111]","[76,64]","[0,0,0,9]",9,0,AMBIGUOUS,[6],False,"[{""xy"":[78,63],""glyph_id"":6,""class"":""solid_achromatic_core"",""rgba"":[222,222,222,196],""master_rgba"":[200,208,216,253]},{""xy"":[77,64],""glyph_id"":6,""class"":""solid_achromatic_core"",""rgba"":[213,213,213,199],""master_rgba"":[200,208,216,253]},{""xy"":[78,62],""glyph_id"":6,""class"":""solid_achromatic_core"",""rgba"":[223,223,223,197],""master_rgba"":[201,208,216,253]},{""xy"":[76,64],""glyph_id"":6,""class"":""solid_achromatic_core"",""rgba"":[218,218,218,203],""master_rgba"":[200,209,216,253]},{""xy"":[78,64],""glyph_id"":6,""class"":""solid_achromatic_core"",""rgba"":[241,241,241,234],""master_rgba"":[201,208,216,253]}]","{""xy"":[78,63],""glyph_id"":6,""class"":""solid_achromatic_core""}","[201,208,216,253]",0.0,"[193.90588235294118,200.65882352941176,208.3764705882353]",146.99193494019318,"[0.0,0.0,0.0]",0.0,213.0,222.0,23.003921568627476,31.72638986581559,16.23921568627449,20.445623346649615,32.72182485907709,198.99607843137252,295.5489989762235,"[16,16,16]","[194.47058823529412,201.2235294117647,208.94117647058823]",0.5647058823529392,0.9780992795683038,0.9331146166039446,"{""nodes"":[{""x"":78,""y"":63,""kind"":""confirmed_support"",""rgba"":[222,222,222,196],""alpha"":196,""raw_luminance_0_255"":186.26748872304017,""master_rgb"":[200.0,208.0,216.0],""composited_rgb"":[216.90980392156865,218.7607843137255,220.61176470588236],""composited_luminance_0_255"":179.71375979927026},{""x"":77,""y"":63,""kind"":""low_alpha_perimeter"",""rgba"":[0,0,0,9],""alpha"":9,""raw_luminance_0_255"":0.0,""master_rgb"":[201.0,208.0,216.0],""composited_rgb"":[193.90588235294118,200.65882352941176,208.3764705882353],""composited_luminance_0_255"":146.99193494019318}],""raw_RGB_step_L2"":[384.51527928029077],""composited_RGB_step_L2"":[31.72638986581559],""composited_luminance_steps"":[-32.72182485907709],""composited_luminance_monotonic"":true}"
#14700,82,63,"[81.0172,63.9111]","[81,64]","[66,66,66,27]",27,0,AMBIGUOUS,[7],False,"[{""xy"":[83,63],""glyph_id"":7,""class"":""solid_achromatic_core"",""rgba"":[232,232,232,231],""master_rgba"":[202,210,217,253]},{""xy"":[83,62],""glyph_id"":7,""class"":""solid_achromatic_core"",""rgba"":[204,204,204,202],""master_rgba"":[201,209,217,253]},{""xy"":[83,64],""glyph_id"":7,""class"":""solid_achromatic_core"",""rgba"":[224,224,224,224],""master_rgba"":[201,209,216,253]}]","{""xy"":[83,63],""glyph_id"":7,""class"":""solid_achromatic_core""}","[201,208,216,253]",13.892470492822802,"[186.7058823529412,192.96470588235297,200.11764705882354]",134.71062340485156,"[6.988235294117647,6.988235294117647,6.988235294117647]",12.103978584657801,138.0,166.0,42.47058823529409,64.0202865771905,16.670588235294105,21.611466547909277,66.70797437815551,123.52941176470591,351.91196996134715,"[16,16,16]","[181.41176470588235,187.67058823529413,194.8235294117647]",5.29411764705884,9.169680745952908,8.150008967213594,"{""nodes"":[{""x"":83,""y"":63,""kind"":""confirmed_support"",""rgba"":[232,232,232,231],""alpha"":231,""raw_luminance_0_255"":205.77282570565913,""master_rgb"":[202.0,210.0,217.0],""composited_rgb"":[229.17647058823528,229.9294117647059,230.58823529411762],""composited_luminance_0_255"":201.41859778300707},{""x"":82,""y"":63,""kind"":""low_alpha_perimeter"",""rgba"":[66,66,66,27],""alpha"":27,""raw_luminance_0_255"":13.892470492822802,""master_rgb"":[201.0,208.0,216.0],""composited_rgb"":[186.7058823529412,192.96470588235297,200.11764705882354],""composited_luminance_0_255"":134.71062340485156}],""raw_RGB_step_L2"":[287.52043405643366],""composited_RGB_step_L2"":[64.0202865771905],""composited_luminance_steps"":[-66.70797437815551],""composited_luminance_monotonic"":true}"
#14700,86,63,"[85.2328,63.9111]","[85,64]","[255,255,255,1]",1,0,AMBIGUOUS,[7],False,"[{""xy"":[85,63],""glyph_id"":7,""class"":""solid_achromatic_core"",""rgba"":[59,59,59,73],""master_rgba"":[201,209,217,253]},{""xy"":[85,62],""glyph_id"":7,""class"":""solid_achromatic_core"",""rgba"":[128,128,128,103],""master_rgba"":[202,210,217,253]},{""xy"":[85,64],""glyph_id"":7,""class"":""solid_achromatic_core"",""rgba"":[62,62,62,74],""master_rgba"":[202,209,217,253]}]","{""xy"":[85,63],""glyph_id"":7,""class"":""solid_achromatic_core""}","[202,210,217,253]",255.0,"[202.2078431372549,210.1764705882353,217.14901960784314]",162.64782241810835,"[1.0,1.0,1.0]",1.7320508075688772,127.0,196.0,45.38039215686277,75.88087955199259,36.09803921568627,57.59965117477357,66.32639348713701,150.61960784313723,27.522626950074866,"[16,16,16]","[201.27058823529413,209.23921568627452,216.21176470588236]",0.9372549019607845,1.6233731098390658,1.6350177372450219,"{""nodes"":[{""x"":85,""y"":63,""kind"":""confirmed_support"",""rgba"":[59,59,59,73],""alpha"":73,""raw_luminance_0_255"":11.152432460528232,""master_rgb"":[201.0,209.0,217.0],""composited_rgb"":[160.34901960784316,166.05882352941177,171.76862745098038],""composited_luminance_0_255"":96.32142893097134},{""x"":86,""y"":63,""kind"":""low_alpha_perimeter"",""rgba"":[255,255,255,1],""alpha"":1,""raw_luminance_0_255"":255.0,""master_rgb"":[202.0,210.0,217.0],""composited_rgb"":[202.2078431372549,210.1764705882353,217.14901960784314],""composited_luminance_0_255"":162.64782241810835}],""raw_RGB_step_L2"":[339.4819582835],""composited_RGB_step_L2"":[75.88087955199259],""composited_luminance_steps"":[66.32639348713701],""composited_luminance_monotonic"":true}"
#14700,95,63,"[94.7181,63.9111]","[95,64]","[255,255,255,1]",1,0,AMBIGUOUS,[7],False,"[{""xy"":[96,63],""glyph_id"":7,""class"":""solid_achromatic_core"",""rgba"":[42,42,42,66],""master_rgba"":[200,208,216,253]},{""xy"":[96,62],""glyph_id"":7,""class"":""solid_achromatic_core"",""rgba"":[118,118,118,95],""master_rgba"":[201,209,217,253]},{""xy"":[96,64],""glyph_id"":7,""class"":""solid_achromatic_core"",""rgba"":[45,45,45,67],""master_rgba"":[200,207,216,253]}]","{""xy"":[96,63],""glyph_id"":7,""class"":""solid_achromatic_core""}","[199,208,216,253]",255.0,"[199.21960784313725,208.1843137254902,216.1529411764706]",158.96608590578273,"[1.0,1.0,1.0]",1.7320508075688772,137.0,213.0,45.188235294117646,74.24907726576387,36.035294117647055,56.94253374388425,63.994680928059836,167.81176470588235,17.096360324121036,"[16,16,16]","[198.28235294117647,207.24705882352941,215.2156862745098]",0.9372549019607845,1.6233731098390658,1.6131733529703922,"{""nodes"":[{""x"":96,""y"":63,""kind"":""confirmed_support"",""rgba"":[42,42,42,66],""alpha"":66,""raw_luminance_0_255"":5.904108375418154,""master_rgb"":[200.0,208.0,216.0],""composited_rgb"":[159.1058823529412,165.03529411764708,170.96470588235294],""composited_luminance_0_255"":94.9714049777229},{""x"":95,""y"":63,""kind"":""low_alpha_perimeter"",""rgba"":[255,255,255,1],""alpha"":1,""raw_luminance_0_255"":255.0,""master_rgb"":[199.0,208.0,216.0],""composited_rgb"":[199.21960784313725,208.1843137254902,216.1529411764706],""composited_luminance_0_255"":158.96608590578273}],""raw_RGB_step_L2"":[368.9268220121709],""composited_RGB_step_L2"":[74.24907726576387],""composited_luminance_steps"":[63.994680928059836],""composited_luminance_monotonic"":true}"
#14700,105,63,"[105.2574,63.9111]","[105,64]","[255,255,255,2]",2,0,AMBIGUOUS,[8],False,"[{""xy"":[104,63],""glyph_id"":8,""class"":""proven_tonal_attachment"",""rgba"":[0,0,0,18],""master_rgba"":[202,209,217,253]},{""xy"":[104,62],""glyph_id"":8,""class"":""solid_achromatic_core"",""rgba"":[26,26,26,48],""master_rgba"":[202,209,217,253]}]","{""xy"":[104,63],""glyph_id"":8,""class"":""proven_tonal_attachment""}","[201,208,216,253]",255.0,"[201.42352941176472,208.3686274509804,216.30588235294118]",159.99136231094022,"[2.0,2.0,2.0]",3.4641016151377544,229.0,255.0,14.623529411764707,24.50455253546728,14.623529411764707,24.50455253546728,23.307797813780752,240.3764705882353,3.4641016151377544,"[16,16,16]","[199.54901960784315,206.49411764705883,214.4313725490196]",1.874509803921569,3.2467462196781316,3.2291663261150347,"{""nodes"":[{""x"":104,""y"":62,""kind"":""solid_core"",""rgba"":[26,26,26,48],""alpha"":48,""raw_luminance_0_255"":2.6341048725548686,""master_rgb"":[202.0,209.0,217.0],""composited_rgb"":[168.87058823529412,174.5529411764706,181.04705882352943],""composited_luminance_0_255"":107.72484786475461},{""x"":104,""y"":63,""kind"":""confirmed_tonal_attachment"",""rgba"":[0,0,0,18],""alpha"":18,""raw_luminance_0_255"":0.0,""master_rgb"":[202.0,209.0,217.0],""composited_rgb"":[187.74117647058824,194.24705882352941,201.68235294117648],""composited_luminance_0_255"":136.68356449715947},{""x"":105,""y"":63,""kind"":""low_alpha_perimeter"",""rgba"":[255,255,255,2],""alpha"":2,""raw_luminance_0_255"":255.0,""master_rgb"":[201.0,208.0,216.0],""composited_rgb"":[201.42352941176472,208.3686274509804,216.30588235294118],""composited_luminance_0_255"":159.99136231094022}],""raw_RGB_step_L2"":[45.033320996790806,441.6729559300637],""composited_RGB_step_L2"":[34.201940494130056,24.50455253546728],""composited_luminance_steps"":[28.958716632404858,23.307797813780752],""composited_luminance_monotonic"":true}"
#14700,109,63,"[109.473,63.9111]","[109,64]","[0,0,0,23]",23,0,AMBIGUOUS,[8],False,"[{""xy"":[110,63],""glyph_id"":8,""class"":""solid_achromatic_core"",""rgba"":[216,216,216,184],""master_rgba"":[200,208,216,253]},{""xy"":[110,62],""glyph_id"":8,""class"":""solid_achromatic_core"",""rgba"":[218,218,218,190],""master_rgba"":[201,208,216,253]},{""xy"":[110,64],""glyph_id"":8,""class"":""solid_achromatic_core"",""rgba"":[216,216,216,185],""master_rgba"":[198,206,214,253]}]","{""xy"":[110,63],""glyph_id"":8,""class"":""solid_achromatic_core""}","[200,208,216,253]",0.0,"[181.9607843137255,189.23921568627452,196.5176470588235]",128.64149111898374,"[0.0,0.0,0.0]",0.0,216.0,216.0,29.584313725490176,43.08918819352759,29.09803921568627,42.2127964549188,41.865493322947856,186.41568627450982,269.9554011608528,"[16,16,16]","[183.40392156862745,190.68235294117648,197.96078431372547]",1.4431372549019557,2.4995870477856648,2.2130183686471696,"{""nodes"":[{""x"":110,""y"":63,""kind"":""confirmed_support"",""rgba"":[216,216,216,184],""alpha"":184,""raw_luminance_0_255"":175.10475467100497,""master_rgb"":[200.0,208.0,216.0],""composited_rgb"":[211.54509803921567,213.77254901960782,216.0],""composited_luminance_0_255"":170.5069844419316},{""x"":109,""y"":63,""kind"":""low_alpha_perimeter"",""rgba"":[0,0,0,23],""alpha"":23,""raw_luminance_0_255"":0.0,""master_rgb"":[200.0,208.0,216.0],""composited_rgb"":[181.9607843137255,189.23921568627452,196.5176470588235],""composited_luminance_0_255"":128.64149111898374}],""raw_RGB_step_L2"":[374.1229744348775],""composited_RGB_step_L2"":[43.08918819352759],""composited_luminance_steps"":[-41.865493322947856],""composited_luminance_monotonic"":true}"
#14700,114,63,"[114.7426,63.9111]","[115,64]","[255,255,255,2]",2,0,AMBIGUOUS,[8],False,"[{""xy"":[113,62],""glyph_id"":8,""class"":""proven_tonal_attachment"",""rgba"":[0,0,0,1],""master_rgba"":[199,208,215,253]}]","{""xy"":[113,62],""glyph_id"":8,""class"":""proven_tonal_attachment""}","[200,208,216,253]",255.0,"[200.4313725490196,208.3686274509804,216.30588235294118]",159.6408750278203,"[2.0,2.0,2.0]",3.4641016151377544,255.0,255.0,2.2117647058823593,3.3034508304900885,2.2117647058823593,3.3034508304900885,2.5259309702677513,252.78823529411764,3.4641016151377544,"[16,16,16]","[198.55686274509804,206.49411764705883,214.4313725490196]",1.874509803921569,3.2467462196781316,3.224894772549561,"{""nodes"":[{""x"":112,""y"":62,""kind"":""solid_core"",""rgba"":[174,174,174,89],""alpha"":89,""raw_luminance_0_255"":107.93325584644828,""master_rgb"":[200.0,207.0,215.0],""composited_rgb"":[190.9254901960784,195.48235294117646,200.69019607843137],""composited_luminance_0_255"":139.01557275347835},{""x"":113,""y"":62,""kind"":""confirmed_tonal_attachment"",""rgba"":[0,0,0,1],""alpha"":1,""raw_luminance_0_255"":0.0,""master_rgb"":[199.0,208.0,215.0],""composited_rgb"":[198.21960784313725,207.1843137254902,214.15686274509804],""composited_luminance_0_255"":157.11494405755255},{""x"":114,""y"":63,""kind"":""low_alpha_perimeter"",""rgba"":[255,255,255,2],""alpha"":2,""raw_luminance_0_255"":255.0,""master_rgb"":[200.0,208.0,216.0],""composited_rgb"":[200.4313725490196,208.3686274509804,216.30588235294118],""composited_luminance_0_255"":159.6408750278203}],""raw_RGB_step_L2"":[301.37684051698466,441.6729559300637],""composited_RGB_step_L2"":[19.274105674657463,3.3034508304900885],""composited_luminance_steps"":[18.099371304074197,2.5259309702677513],""composited_luminance_monotonic"":true}"
#14700,116,63,"[116.8505,63.9111]","[117,64]","[0,0,0,4]",4,0,AMBIGUOUS,[8],False,"[{""xy"":[116,62],""glyph_id"":8,""class"":""proven_tonal_attachment"",""rgba"":[191,191,191,4],""master_rgba"":[200,207,216,253]}]","{""xy"":[116,62],""glyph_id"":8,""class"":""proven_tonal_attachment""}","[200,207,216,253]",0.0,"[196.86274509803923,203.75294117647059,212.61176470588236]",152.24666528947256,"[0.0,0.0,0.0]",0.0,191.0,191.0,2.9960784313725526,5.189360066598525,2.9960784313725526,5.189360066598525,5.0925752771672705,188.00392156862745,5.1893600665985185,"[16,16,16]","[197.1137254901961,204.00392156862745,212.86274509803923]",0.25098039215686185,0.4347107909192461,0.42285396716479795,"{""nodes"":[{""x"":117,""y"":61,""kind"":""solid_core"",""rgba"":[68,68,68,52],""alpha"":52,""raw_luminance_0_255"":14.740384698722144,""master_rgb"":[200.0,208.0,216.0],""composited_rgb"":[173.08235294117648,179.45098039215688,185.81960784313728],""composited_luminance_0_255"":114.3736364700538},{""x"":116,""y"":62,""kind"":""confirmed_tonal_attachment"",""rgba"":[191,191,191,4],""alpha"":4,""raw_luminance_0_255"":132.85387116711036,""master_rgb"":[200.0,207.0,216.0],""composited_rgb"":[199.85882352941178,206.74901960784314,215.60784313725492],""composited_luminance_0_255"":157.33924056663983},{""x"":116,""y"":63,""kind"":""low_alpha_perimeter"",""rgba"":[0,0,0,4],""alpha"":4,""raw_luminance_0_255"":0.0,""master_rgb"":[200.0,207.0,216.0],""composited_rgb"":[196.86274509803923,203.75294117647059,212.61176470588236],""composited_luminance_0_255"":152.24666528947256}],""raw_RGB_step_L2"":[213.0422493309719,330.82170424565555],""composited_RGB_step_L2"":[48.47165443969796,5.189360066598525],""composited_luminance_steps"":[42.965604096586034,-5.0925752771672705],""composited_luminance_monotonic"":false}"
#14700,122,63,"[123.174,63.9111]","[123,64]","[0,0,0,1]",1,0,SAFE WORDMARK OWNERSHIP,[9],False,"[{""xy"":[122,62],""glyph_id"":9,""class"":""proven_tonal_attachment"",""rgba"":[112,112,112,25],""master_rgba"":[199,207,215,253]},{""xy"":[123,63],""glyph_id"":9,""class"":""solid_achromatic_core"",""rgba"":[162,159,159,96],""master_rgba"":[199,206,215,253]},{""xy"":[123,62],""glyph_id"":9,""class"":""solid_achromatic_core"",""rgba"":[203,203,203,203],""master_rgba"":[199,206,215,253]},{""xy"":[123,64],""glyph_id"":9,""class"":""proven_tonal_attachment"",""rgba"":[0,0,0,9],""master_rgba"":[198,206,214,253]}]","{""xy"":[122,62],""glyph_id"":9,""class"":""proven_tonal_attachment""}","[199,206,214,253]",0.0,"[198.21960784313725,205.1921568627451,213.1607843137255]",154.5364613468758,"[0.0,0.0,0.0]",0.0,0.0,112.0,8.258823529411757,13.586527918084752,7.207843137254912,8.815786580965879,12.614220500769733,103.74117647058824,19.018597102717084,"[16,16,16]","[198.28235294117647,205.2549019607843,213.2235294117647]",0.06274509803921546,0.10867769772981152,0.1065750754799808,"{""nodes"":[{""x"":122,""y"":61,""kind"":""solid_core"",""rgba"":[122,122,122,56],""alpha"":56,""raw_luminance_0_255"":49.62754676260183,""master_rgb"":[199.0,207.0,215.0],""composited_rgb"":[182.09019607843138,188.33333333333331,194.57647058823528],""composited_luminance_0_255"":127.46454071901248},{""x"":122,""y"":62,""kind"":""confirmed_tonal_attachment"",""rgba"":[112,112,112,25],""alpha"":25,""raw_luminance_0_255"":41.317490787973306,""master_rgb"":[199.0,207.0,215.0],""composited_rgb"":[190.47058823529412,197.68627450980392,204.90196078431373],""composited_luminance_0_255"":141.92224084610606},{""x"":122,""y"":63,""kind"":""low_alpha_perimeter"",""rgba"":[0,0,0,1],""alpha"":1,""raw_luminance_0_255"":0.0,""master_rgb"":[199.0,206.0,214.0],""composited_rgb"":[198.21960784313725,205.1921568627451,213.1607843137255],""composited_luminance_0_255"":154.5364613468758}],""raw_RGB_step_L2"":[17.320508075688775,193.98969044771425],""composited_RGB_step_L2"":[16.258051209866395,13.586527918084752],""composited_luminance_steps"":[14.457700127093588,12.614220500769733],""composited_luminance_monotonic"":true}"
#14700,129,63,"[130.5515,63.9111]","[131,64]","[0,0,0,16]",16,0,SAFE WORDMARK OWNERSHIP,[9],False,"[{""xy"":[128,63],""glyph_id"":9,""class"":""proven_tonal_attachment"",""rgba"":[0,0,0,10],""master_rgba"":[199,206,214,253]},{""xy"":[129,64],""glyph_id"":9,""class"":""solid_achromatic_core"",""rgba"":[216,216,216,203],""master_rgba"":[198,206,214,253]},{""xy"":[128,62],""glyph_id"":9,""class"":""proven_tonal_attachment"",""rgba"":[127,127,127,2],""master_rgba"":[199,206,214,253]},{""xy"":[128,64],""glyph_id"":9,""class"":""solid_achromatic_core"",""rgba"":[216,216,216,204],""master_rgba"":[198,206,214,253]},{""xy"":[130,64],""glyph_id"":9,""class"":""solid_achromatic_core"",""rgba"":[216,216,216,203],""master_rgba"":[198,205,213,253]}]","{""xy"":[128,63],""glyph_id"":9,""class"":""proven_tonal_attachment""}","[198,205,213,253]",0.0,"[185.57647058823528,192.13725490196077,199.63529411764705]",133.36196265600887,"[0.0,0.0,0.0]",0.0,0.0,0.0,5.972549019607868,10.035418246249794,5.972549019607868,10.035418246249794,9.160900974505097,-5.972549019607868,0.0,"[16,16,16]","[186.58039215686273,193.14117647058822,200.6392156862745]",1.0039215686274474,1.7388431636769843,1.5697851628915203,"{""nodes"":[{""x"":127,""y"":63,""kind"":""solid_core"",""rgba"":[6,6,6,38],""alpha"":38,""raw_luminance_0_255"":0.46439628482972134,""master_rgb"":[199.0,207.0,215.0],""composited_rgb"":[170.23921568627452,177.04705882352943,183.85490196078433],""composited_luminance_0_255"":110.90005603342536},{""x"":128,""y"":63,""kind"":""confirmed_tonal_attachment"",""rgba"":[0,0,0,10],""alpha"":10,""raw_luminance_0_255"":0.0,""master_rgb"":[199.0,206.0,214.0],""composited_rgb"":[191.19607843137254,197.921568627451,205.60784313725492],""composited_luminance_0_255"":142.52286363051397},{""x"":129,""y"":63,""kind"":""low_alpha_perimeter"",""rgba"":[0,0,0,16],""alpha"":16,""raw_luminance_0_255"":0.0,""master_rgb"":[198.0,205.0,213.0],""composited_rgb"":[185.57647058823528,192.13725490196077,199.63529411764705],""composited_luminance_0_255"":133.36196265600887}],""raw_RGB_step_L2"":[10.392304845413264,0.0],""composited_RGB_step_L2"":[36.71683136516391,10.035418246249794],""composited_luminance_steps"":[31.62280759708861,-9.160900974505097],""composited_luminance_monotonic"":false}"
#14700,130,63,"[131.6054,63.9111]","[132,64]","[0,0,0,14]",14,0,AMBIGUOUS,[9],False,"[{""xy"":[130,64],""glyph_id"":9,""class"":""solid_achromatic_core"",""rgba"":[216,216,216,203],""master_rgba"":[198,205,213,253]},{""xy"":[129,64],""glyph_id"":9,""class"":""solid_achromatic_core"",""rgba"":[216,216,216,203],""master_rgba"":[198,206,214,253]},{""xy"":[131,64],""glyph_id"":9,""class"":""solid_achromatic_core"",""rgba"":[216,216,216,203],""master_rgba"":[199,206,214,253]}]","{""xy"":[130,64],""glyph_id"":9,""class"":""solid_achromatic_core""}","[197,205,213,253]",0.0,"[186.1843137254902,193.7450980392157,201.30588235294118]",135.5678556706769,"[0.0,0.0,0.0]",0.0,216.0,216.0,26.145098039215668,35.80990844003456,26.145098039215668,35.80990844003456,35.13549810975428,189.85490196078433,297.8312306285495,"[16,16,16]","[187.06274509803922,194.6235294117647,202.1843137254902]",0.8784313725490165,1.5214877682173613,1.3860933457875149,"{""nodes"":[{""x"":130,""y"":64,""kind"":""confirmed_support"",""rgba"":[216,216,216,203],""alpha"":203,""raw_luminance_0_255"":175.10475467100497,""master_rgb"":[198.0,205.0,213.0],""composited_rgb"":[212.32941176470587,213.75686274509803,215.38823529411764],""composited_luminance_0_255"":170.70335378043117},{""x"":130,""y"":63,""kind"":""low_alpha_perimeter"",""rgba"":[0,0,0,14],""alpha"":14,""raw_luminance_0_255"":0.0,""master_rgb"":[197.0,205.0,213.0],""composited_rgb"":[186.1843137254902,193.7450980392157,201.30588235294118],""composited_luminance_0_255"":135.5678556706769}],""raw_RGB_step_L2"":[374.1229744348775],""composited_RGB_step_L2"":[35.80990844003456],""composited_luminance_steps"":[-35.13549810975428],""composited_luminance_monotonic"":true}"
#14700,131,63,"[132.6593,63.9111]","[133,64]","[0,0,0,14]",14,0,AMBIGUOUS,[9],False,"[{""xy"":[131,64],""glyph_id"":9,""class"":""solid_achromatic_core"",""rgba"":[216,216,216,203],""master_rgba"":[199,206,214,253]},{""xy"":[130,64],""glyph_id"":9,""class"":""solid_achromatic_core"",""rgba"":[216,216,216,203],""master_rgba"":[198,205,213,253]},{""xy"":[132,64],""glyph_id"":9,""class"":""solid_achromatic_core"",""rgba"":[216,216,216,203],""master_rgba"":[198,206,213,253]}]","{""xy"":[131,64],""glyph_id"":9,""class"":""solid_achromatic_core""}","[198,205,213,253]",0.0,"[187.12941176470588,193.7450980392157,201.30588235294118]",135.87110566820846,"[0.0,0.0,0.0]",0.0,216.0,216.0,25.403921568627453,35.470140146098274,25.19999999999999,35.1258222822393,35.19954470480204,190.59607843137255,297.8312306285495,"[16,16,16]","[188.0078431372549,194.6235294117647,202.1843137254902]",0.8784313725490165,1.5214877682173613,1.3879533243503204,"{""nodes"":[{""x"":131,""y"":64,""kind"":""confirmed_support"",""rgba"":[216,216,216,203],""alpha"":203,""raw_luminance_0_255"":175.10475467100497,""master_rgb"":[199.0,206.0,214.0],""composited_rgb"":[212.53333333333333,213.9607843137255,215.5921568627451],""composited_luminance_0_255"":171.0706503730105},{""x"":131,""y"":63,""kind"":""low_alpha_perimeter"",""rgba"":[0,0,0,14],""alpha"":14,""raw_luminance_0_255"":0.0,""master_rgb"":[198.0,205.0,213.0],""composited_rgb"":[187.12941176470588,193.7450980392157,201.30588235294118],""composited_luminance_0_255"":135.87110566820846}],""raw_RGB_step_L2"":[374.1229744348775],""composited_RGB_step_L2"":[35.470140146098274],""composited_luminance_steps"":[-35.19954470480204],""composited_luminance_monotonic"":true}"
#14700,132,63,"[133.7132,63.9111]","[134,64]","[0,0,0,14]",14,0,AMBIGUOUS,[9],False,"[{""xy"":[132,64],""glyph_id"":9,""class"":""solid_achromatic_core"",""rgba"":[216,216,216,203],""master_rgba"":[198,206,213,253]},{""xy"":[131,64],""glyph_id"":9,""class"":""solid_achromatic_core"",""rgba"":[216,216,216,203],""master_rgba"":[199,206,214,253]},{""xy"":[133,64],""glyph_id"":9,""class"":""solid_achromatic_core"",""rgba"":[216,216,216,203],""master_rgba"":[198,205,213,253]}]","{""xy"":[132,64],""glyph_id"":9,""class"":""solid_achromatic_core""}","[198,205,213,253]",0.0,"[187.12941176470588,193.7450980392157,201.30588235294118]",135.87110566820846,"[0.0,0.0,0.0]",0.0,216.0,216.0,25.19999999999999,35.242398271248014,25.19999999999999,35.1258222822393,35.09523776383108,190.8,297.8312306285495,"[16,16,16]","[188.0078431372549,194.6235294117647,202.1843137254902]",0.8784313725490165,1.5214877682173613,1.3879533243503204,"{""nodes"":[{""x"":132,""y"":64,""kind"":""confirmed_support"",""rgba"":[216,216,216,203],""alpha"":203,""raw_luminance_0_255"":175.10475467100497,""master_rgb"":[198.0,206.0,213.0],""composited_rgb"":[212.32941176470587,213.9607843137255,215.38823529411764],""composited_luminance_0_255"":170.96634343203954},{""x"":132,""y"":63,""kind"":""low_alpha_perimeter"",""rgba"":[0,0,0,14],""alpha"":14,""raw_luminance_0_255"":0.0,""master_rgb"":[198.0,205.0,213.0],""composited_rgb"":[187.12941176470588,193.7450980392157,201.30588235294118],""composited_luminance_0_255"":135.87110566820846}],""raw_RGB_step_L2"":[374.1229744348775],""composited_RGB_step_L2"":[35.242398271248014],""composited_luminance_steps"":[-35.09523776383108],""composited_luminance_monotonic"":true}"
#14700,133,63,"[134.7672,63.9111]","[135,64]","[0,0,0,18]",18,0,AMBIGUOUS,[9],False,"[{""xy"":[133,64],""glyph_id"":9,""class"":""solid_achromatic_core"",""rgba"":[216,216,216,203],""master_rgba"":[198,205,213,253]},{""xy"":[134,62],""glyph_id"":9,""class"":""proven_tonal_attachment"",""rgba"":[127,127,127,2],""master_rgba"":[197,204,212,253]},{""xy"":[132,64],""glyph_id"":9,""class"":""solid_achromatic_core"",""rgba"":[216,216,216,203],""master_rgba"":[198,206,213,253]},{""xy"":[134,64],""glyph_id"":9,""class"":""solid_achromatic_core"",""rgba"":[215,215,215,202],""master_rgba"":[197,205,213,253]}]","{""xy"":[133,64],""glyph_id"":9,""class"":""solid_achromatic_core""}","[198,205,213,253]",0.0,"[184.0235294117647,190.52941176470588,197.96470588235294]",130.88005940215066,"[0.0,0.0,0.0]",0.0,127.0,216.0,28.305882352941154,40.55017671956184,13.368627450980398,22.3318796545268,39.82329437828051,187.69411764705885,297.8312306285495,"[16,16,16]","[185.1529411764706,191.65882352941176,199.09411764705882]",1.1294117647058783,1.9561985591366076,1.7475604589787963,"{""nodes"":[{""x"":133,""y"":64,""kind"":""confirmed_support"",""rgba"":[216,216,216,203],""alpha"":203,""raw_luminance_0_255"":175.10475467100497,""master_rgb"":[198.0,205.0,213.0],""composited_rgb"":[212.32941176470587,213.75686274509803,215.38823529411764],""composited_luminance_0_255"":170.70335378043117},{""x"":133,""y"":63,""kind"":""low_alpha_perimeter"",""rgba"":[0,0,0,18],""alpha"":18,""raw_luminance_0_255"":0.0,""master_rgb"":[198.0,205.0,213.0],""composited_rgb"":[184.0235294117647,190.52941176470588,197.96470588235294],""composited_luminance_0_255"":130.88005940215066}],""raw_RGB_step_L2"":[374.1229744348775],""composited_RGB_step_L2"":[40.55017671956184],""composited_luminance_steps"":[-39.82329437828051],""composited_luminance_monotonic"":true}"
#14700,138,63,"[140.0368,63.9111]","[140,64]","[12,12,12,20]",20,0,AMBIGUOUS,[9],False,"[{""xy"":[137,63],""glyph_id"":9,""class"":""solid_achromatic_core"",""rgba"":[219,219,219,214],""master_rgba"":[198,205,214,253]},{""xy"":[137,62],""glyph_id"":9,""class"":""solid_achromatic_core"",""rgba"":[220,220,220,214],""master_rgba"":[197,205,213,253]},{""xy"":[137,64],""glyph_id"":9,""class"":""solid_achromatic_core"",""rgba"":[218,218,218,211],""master_rgba"":[198,205,214,253]}]","{""xy"":[137,63],""glyph_id"":9,""class"":""solid_achromatic_core""}","[198,206,213,253]",0.937509367632096,"[183.41176470588235,190.7843137254902,197.23529411764707]",130.88501543298065,"[0.9411764705882353,0.9411764705882353,0.9411764705882353]",1.6301654659471785,206.0,207.0,32.21176470588236,46.38014894403361,31.1372549019608,44.67821383218158,45.34624191391589,174.78823529411764,316.7003958968881,"[16,16,16]","[183.72549019607843,191.09803921568627,197.54901960784315]",0.3137254901960773,0.5433884886490576,0.4840791485021043,"{""nodes"":[{""x"":137,""y"":63,""kind"":""confirmed_support"",""rgba"":[219,219,219,214],""alpha"":214,""raw_luminance_0_255"":180.63582387238012,""master_rgb"":[198.0,205.0,214.0],""composited_rgb"":[215.6235294117647,216.74901960784314,218.19607843137254],""composited_luminance_0_255"":176.23125734689654},{""x"":138,""y"":63,""kind"":""low_alpha_perimeter"",""rgba"":[12,12,12,20],""alpha"":20,""raw_luminance_0_255"":0.937509367632096,""master_rgb"":[198.0,206.0,213.0],""composited_rgb"":[183.41176470588235,190.7843137254902,197.23529411764707],""composited_luminance_0_255"":130.88501543298065}],""raw_RGB_step_L2"":[358.5345171667576],""composited_RGB_step_L2"":[46.38014894403361],""composited_luminance_steps"":[-45.34624191391589],""composited_luminance_monotonic"":true}"
#14700,145,63,"[147.4142,63.9111]","[147,64]","[0,0,0,19]",19,0,AMBIGUOUS,[10],False,"[{""xy"":[145,64],""glyph_id"":10,""class"":""solid_achromatic_core"",""rgba"":[216,216,216,204],""master_rgba"":[197,204,212,253]},{""xy"":[144,64],""glyph_id"":10,""class"":""solid_achromatic_core"",""rgba"":[217,217,217,202],""master_rgba"":[197,204,212,253]},{""xy"":[146,64],""glyph_id"":10,""class"":""solid_achromatic_core"",""rgba"":[216,216,216,203],""master_rgba"":[196,204,212,253]}]","{""xy"":[145,64],""glyph_id"":10,""class"":""solid_achromatic_core""}","[197,205,212,253]",0.0,"[182.321568627451,189.72549019607845,196.20392156862746]",129.25236862748594,"[0.0,0.0,0.0]",0.0,216.0,216.0,29.878431372548988,42.70320685185741,29.599999999999966,42.4754365092495,41.1750598245454,186.121568627451,299.298379547902,"[16,16,16]","[183.5137254901961,190.91764705882355,197.39607843137256]",1.1921568627450938,2.0648762568664187,1.831623037816513,"{""nodes"":[{""x"":145,""y"":64,""kind"":""confirmed_support"",""rgba"":[216,216,216,204],""alpha"":204,""raw_luminance_0_255"":175.10475467100497,""master_rgb"":[197.0,204.0,212.0],""composited_rgb"":[212.2,213.6,215.2],""composited_luminance_0_255"":170.42742845203134},{""x"":145,""y"":63,""kind"":""low_alpha_perimeter"",""rgba"":[0,0,0,19],""alpha"":19,""raw_luminance_0_255"":0.0,""master_rgb"":[197.0,205.0,212.0],""composited_rgb"":[182.321568627451,189.72549019607845,196.20392156862746],""composited_luminance_0_255"":129.25236862748594}],""raw_RGB_step_L2"":[374.1229744348775],""composited_RGB_step_L2"":[42.70320685185741],""composited_luminance_steps"":[-41.1750598245454],""composited_luminance_monotonic"":true}"
#14700,146,63,"[148.4681,63.9111]","[148,64]","[0,0,0,13]",13,0,AMBIGUOUS,[10],False,"[{""xy"":[146,64],""glyph_id"":10,""class"":""solid_achromatic_core"",""rgba"":[216,216,216,203],""master_rgba"":[196,204,212,253]},{""xy"":[145,64],""glyph_id"":10,""class"":""solid_achromatic_core"",""rgba"":[216,216,216,204],""master_rgba"":[197,204,212,253]},{""xy"":[147,64],""glyph_id"":10,""class"":""solid_achromatic_core"",""rgba"":[216,216,216,203],""master_rgba"":[196,203,211,253]}]","{""xy"":[146,64],""glyph_id"":10,""class"":""solid_achromatic_core""}","[196,204,212,253]",0.0,"[186.0078431372549,193.6,201.1921568627451]",135.33344210328858,"[0.0,0.0,0.0]",0.0,216.0,216.0,25.91372549019607,35.57276323319006,25.91372549019607,35.37881254053281,34.92577936740162,190.08627450980393,297.8312306285495,"[16,16,16]","[186.8235294117647,194.4156862745098,202.0078431372549]",0.815686274509801,1.4128100704875497,1.2855147780088032,"{""nodes"":[{""x"":146,""y"":64,""kind"":""confirmed_support"",""rgba"":[216,216,216,203],""alpha"":203,""raw_luminance_0_255"":175.10475467100497,""master_rgb"":[196.0,204.0,212.0],""composited_rgb"":[211.92156862745097,213.5529411764706,215.1843137254902],""composited_luminance_0_255"":170.2592214706902},{""x"":146,""y"":63,""kind"":""low_alpha_perimeter"",""rgba"":[0,0,0,13],""alpha"":13,""raw_luminance_0_255"":0.0,""master_rgb"":[196.0,204.0,212.0],""composited_rgb"":[186.0078431372549,193.6,201.1921568627451],""composited_luminance_0_255"":135.33344210328858}],""raw_RGB_step_L2"":[374.1229744348775],""composited_RGB_step_L2"":[35.57276323319006],""composited_luminance_steps"":[-34.92577936740162],""composited_luminance_monotonic"":true}"
#14700,147,63,"[149.5221,63.9111]","[150,64]","[0,0,0,14]",14,0,AMBIGUOUS,[10],False,"[{""xy"":[147,64],""glyph_id"":10,""class"":""solid_achromatic_core"",""rgba"":[216,216,216,203],""master_rgba"":[196,203,211,253]},{""xy"":[146,64],""glyph_id"":10,""class"":""solid_achromatic_core"",""rgba"":[216,216,216,203],""master_rgba"":[196,204,212,253]},{""xy"":[148,64],""glyph_id"":10,""class"":""solid_achromatic_core"",""rgba"":[217,217,217,203],""master_rgba"":[195,202,211,253]}]","{""xy"":[147,64],""glyph_id"":10,""class"":""solid_achromatic_core""}","[196,204,212,253]",0.0,"[185.2392156862745,192.79999999999998,200.36078431372547]",134.085747742537,"[0.0,0.0,0.0]",0.0,216.0,216.0,26.682352941176475,36.71434459183701,26.682352941176475,36.71434459183701,35.88439399425985,189.31764705882352,297.8312306285495,"[16,16,16]","[186.1176470588235,193.678431372549,201.2392156862745]",0.8784313725490165,1.5214877682173613,1.3772491470657826,"{""nodes"":[{""x"":147,""y"":64,""kind"":""confirmed_support"",""rgba"":[216,216,216,203],""alpha"":203,""raw_luminance_0_255"":175.10475467100497,""master_rgb"":[196.0,203.0,211.0],""composited_rgb"":[211.92156862745097,213.34901960784313,214.98039215686273],""composited_luminance_0_255"":169.97014173679685},{""x"":147,""y"":63,""kind"":""low_alpha_perimeter"",""rgba"":[0,0,0,14],""alpha"":14,""raw_luminance_0_255"":0.0,""master_rgb"":[196.0,204.0,212.0],""composited_rgb"":[185.2392156862745,192.79999999999998,200.36078431372547],""composited_luminance_0_255"":134.085747742537}],""raw_RGB_step_L2"":[374.1229744348775],""composited_RGB_step_L2"":[36.71434459183701],""composited_luminance_steps"":[-35.88439399425985],""composited_luminance_monotonic"":true}"
#14700,148,63,"[150.576,63.9111]","[151,64]","[0,0,0,14]",14,0,AMBIGUOUS,[10],False,"[{""xy"":[148,64],""glyph_id"":10,""class"":""solid_achromatic_core"",""rgba"":[217,217,217,203],""master_rgba"":[195,202,211,253]},{""xy"":[147,64],""glyph_id"":10,""class"":""solid_achromatic_core"",""rgba"":[216,216,216,203],""master_rgba"":[196,203,211,253]},{""xy"":[149,64],""glyph_id"":10,""class"":""solid_achromatic_core"",""rgba"":[216,216,216,203],""master_rgba"":[195,203,211,253]}]","{""xy"":[148,64],""glyph_id"":10,""class"":""solid_achromatic_core""}","[195,203,211,253]",0.0,"[184.2941176470588,191.8549019607843,199.4156862745098]",132.61313840723832,"[0.0,0.0,0.0]",0.0,216.0,217.0,28.219607843137283,39.39321073361648,27.42352941176472,38.16159231514957,38.44902060025984,188.78039215686272,299.21007891849655,"[16,16,16]","[185.17254901960783,192.73333333333332,200.2941176470588]",0.8784313725490165,1.5214877682173613,1.368421151429601,"{""nodes"":[{""x"":148,""y"":64,""kind"":""confirmed_support"",""rgba"":[217,217,217,203],""alpha"":203,""raw_luminance_0_255"":176.93729912945741,""master_rgb"":[195.0,202.0,211.0],""composited_rgb"":[212.5137254901961,213.94117647058823,215.7764705882353],""composited_luminance_0_255"":171.06215900749817},{""x"":148,""y"":63,""kind"":""low_alpha_perimeter"",""rgba"":[0,0,0,14],""alpha"":14,""raw_luminance_0_255"":0.0,""master_rgb"":[195.0,203.0,211.0],""composited_rgb"":[184.2941176470588,191.8549019607843,199.4156862745098],""composited_luminance_0_255"":132.61313840723832}],""raw_RGB_step_L2"":[375.85502524244635],""composited_RGB_step_L2"":[39.39321073361648],""composited_luminance_steps"":[-38.44902060025984],""composited_luminance_monotonic"":true}"
#14700,149,63,"[151.6299,63.9111]","[152,64]","[0,0,0,16]",16,0,SAFE WORDMARK OWNERSHIP,[10],False,"[{""xy"":[150,63],""glyph_id"":10,""class"":""proven_tonal_attachment"",""rgba"":[0,0,0,10],""master_rgba"":[197,204,212,253]},{""xy"":[149,64],""glyph_id"":10,""class"":""solid_achromatic_core"",""rgba"":[216,216,216,203],""master_rgba"":[195,203,211,253]},{""xy"":[150,62],""glyph_id"":10,""class"":""proven_tonal_attachment"",""rgba"":[170,170,170,3],""master_rgba"":[197,204,212,253]},{""xy"":[148,64],""glyph_id"":10,""class"":""solid_achromatic_core"",""rgba"":[217,217,217,203],""master_rgba"":[195,202,211,253]},{""xy"":[150,64],""glyph_id"":10,""class"":""solid_achromatic_core"",""rgba"":[218,218,218,207],""master_rgba"":[197,204,211,253]}]","{""xy"":[150,63],""glyph_id"":10,""class"":""proven_tonal_attachment""}","[196,203,211,253]",0.0,"[183.7019607843137,190.2627450980392,197.76078431372548]",130.45952727707376,"[0.0,0.0,0.0]",0.0,0.0,0.0,5.925490196078442,9.953935425238978,5.925490196078442,9.953935425238978,8.97040732171547,-5.925490196078442,0.0,"[16,16,16]","[184.70588235294116,191.26666666666665,198.76470588235293]",1.0039215686274474,1.7388431636769843,1.5498075785947094,"{""nodes"":[{""x"":151,""y"":63,""kind"":""solid_core"",""rgba"":[43,43,43,53],""alpha"":53,""raw_luminance_0_255"":6.160196274368713,""master_rgb"":[197.0,205.0,213.0],""composited_rgb"":[164.99215686274508,171.32941176470587,177.66666666666666],""composited_luminance_0_255"":103.14723270515557},{""x"":150,""y"":63,""kind"":""confirmed_tonal_attachment"",""rgba"":[0,0,0,10],""alpha"":10,""raw_luminance_0_255"":0.0,""master_rgb"":[197.0,204.0,212.0],""composited_rgb"":[189.27450980392157,196.0,203.68627450980392],""composited_luminance_0_255"":139.42993459878923},{""x"":149,""y"":63,""kind"":""low_alpha_perimeter"",""rgba"":[0,0,0,16],""alpha"":16,""raw_luminance_0_255"":0.0,""master_rgb"":[196.0,203.0,211.0],""composited_rgb"":[183.7019607843137,190.2627450980392,197.76078431372548],""composited_luminance_0_255"":130.45952727707376}],""raw_RGB_step_L2"":[74.47818472546173,0.0],""composited_RGB_step_L2"":[43.304625394361125,9.953935425238978],""composited_luminance_steps"":[36.28270189363366,-8.97040732171547],""composited_luminance_monotonic"":false}"
#14700,157,63,"[160.0613,63.9111]","[160,64]","[0,0,0,3]",3,0,AMBIGUOUS,[10],False,"[{""xy"":[156,62],""glyph_id"":10,""class"":""proven_tonal_attachment"",""rgba"":[0,0,0,3],""master_rgba"":[197,204,213,253]},{""xy"":[156,64],""glyph_id"":10,""class"":""proven_tonal_attachment"",""rgba"":[0,0,0,1],""master_rgba"":[197,204,213,253]}]","{""xy"":[156,62],""glyph_id"":10,""class"":""proven_tonal_attachment""}","[197,205,213,253]",0.0,"[194.68235294117648,202.58823529411765,210.49411764705883]",149.8259747161347,"[0.0,0.0,0.0]",0.0,0.0,0.0,0.9882352941176293,0.9882352941176293,0.9882352941176293,0.9882352941176293,1.1833347658413231,-0.9882352941176293,0.0,"[16,16,16]","[194.87058823529412,202.7764705882353,210.68235294117648]",0.1882352941176464,0.3260330931894346,0.31411911373027124,"{""nodes"":[{""x"":155,""y"":62,""kind"":""solid_core"",""rgba"":[173,173,173,168],""alpha"":168,""raw_luminance_0_255"":106.56069306627506,""master_rgb"":[196.0,204.0,213.0],""composited_rgb"":[180.8470588235294,183.57647058823528,186.6470588235294],""composited_luminance_0_255"":121.08244451599366},{""x"":156,""y"":62,""kind"":""confirmed_tonal_attachment"",""rgba"":[0,0,0,3],""alpha"":3,""raw_luminance_0_255"":0.0,""master_rgb"":[197.0,204.0,213.0],""composited_rgb"":[194.68235294117648,201.60000000000002,210.49411764705883],""composited_luminance_0_255"":148.6426399502934},{""x"":157,""y"":63,""kind"":""low_alpha_perimeter"",""rgba"":[0,0,0,3],""alpha"":3,""raw_luminance_0_255"":0.0,""master_rgb"":[197.0,205.0,213.0],""composited_rgb"":[194.68235294117648,202.58823529411765,210.49411764705883],""composited_luminance_0_255"":149.8259747161347}],""raw_RGB_step_L2"":[299.64478970941576,0.0],""composited_RGB_step_L2"":[32.93850619429214,0.9882352941176293],""composited_luminance_steps"":[27.56019543429973,1.1833347658413231],""composited_luminance_monotonic"":true}"
#14700,164,63,"[167.4387,63.9111]","[167,64]","[0,0,0,20]",20,0,AMBIGUOUS,[10],False,"[{""xy"":[165,63],""glyph_id"":10,""class"":""solid_achromatic_core"",""rgba"":[213,213,213,180],""master_rgba"":[195,204,211,253]},{""xy"":[165,62],""glyph_id"":10,""class"":""solid_achromatic_core"",""rgba"":[210,210,210,179],""master_rgba"":[196,203,212,253]},{""xy"":[165,64],""glyph_id"":10,""class"":""solid_achromatic_core"",""rgba"":[213,213,213,180],""master_rgba"":[195,203,211,253]}]","{""xy"":[165,63],""glyph_id"":10,""class"":""solid_achromatic_core""}","[195,202,210,253]",0.0,"[179.7058823529412,186.15686274509804,193.52941176470588]",124.25106013690957,"[0.0,0.0,0.0]",0.0,210.0,213.0,28.0,41.54507749484034,26.121568627450984,38.03903961956425,39.99250150350797,185.0,260.4189331850618,"[16,16,16]","[180.9607843137255,187.41176470588235,194.7843137254902]",1.2549019607843093,2.1735539545962306,1.8847214086982262,"{""nodes"":[{""x"":165,""y"":63,""kind"":""confirmed_support"",""rgba"":[213,213,213,180],""alpha"":180,""raw_luminance_0_255"":169.67376106197938,""master_rgb"":[195.0,204.0,211.0],""composited_rgb"":[207.7058823529412,210.3529411764706,212.41176470588238],""composited_luminance_0_255"":164.24356164041754},{""x"":164,""y"":63,""kind"":""low_alpha_perimeter"",""rgba"":[0,0,0,20],""alpha"":20,""raw_luminance_0_255"":0.0,""master_rgb"":[195.0,202.0,210.0],""composited_rgb"":[179.7058823529412,186.15686274509804,193.52941176470588],""composited_luminance_0_255"":124.25106013690957}],""raw_RGB_step_L2"":[368.9268220121709],""composited_RGB_step_L2"":[41.54507749484034],""composited_luminance_steps"":[-39.99250150350797],""composited_luminance_monotonic"":true}"
#14700,169,63,"[172.7083,63.9111]","[173,64]","[255,255,255,2]",2,0,AMBIGUOUS,[10],False,"[{""xy"":[168,62],""glyph_id"":10,""class"":""proven_tonal_attachment"",""rgba"":[255,255,255,1],""master_rgba"":[195,202,210,253]}]","{""xy"":[168,62],""glyph_id"":10,""class"":""proven_tonal_attachment""}","[195,203,210,253]",255.0,"[195.47058823529412,203.4078431372549,210.3529411764706]",151.0630465226992,"[2.0,2.0,2.0]",3.4641016151377544,0.0,0.0,1.1999999999999886,1.2355181869609966,1.1999999999999886,1.2355181869609966,1.54614146648899,-1.1999999999999886,1.7320508075688772,"[16,16,16]","[193.59607843137255,201.53333333333333,208.47843137254904]",1.874509803921569,3.2467462196781316,3.122244161981655,"{""nodes"":[{""x"":167,""y"":62,""kind"":""solid_core"",""rgba"":[179,179,179,95],""alpha"":95,""raw_luminance_0_255"":114.95037462374698,""master_rgb"":[195.0,203.0,211.0],""composited_rgb"":[189.0392156862745,194.05882352941177,199.078431372549],""composited_luminance_0_255"":136.57994264392954},{""x"":168,""y"":62,""kind"":""confirmed_tonal_attachment"",""rgba"":[255,255,255,1],""alpha"":1,""raw_luminance_0_255"":255.0,""master_rgb"":[195.0,202.0,210.0],""composited_rgb"":[195.23529411764707,202.2078431372549,210.1764705882353],""composited_luminance_0_255"":149.51690505621022},{""x"":169,""y"":63,""kind"":""low_alpha_perimeter"",""rgba"":[255,255,255,2],""alpha"":2,""raw_luminance_0_255"":255.0,""master_rgb"":[195.0,203.0,210.0],""composited_rgb"":[195.47058823529412,203.4078431372549,210.3529411764706],""composited_luminance_0_255"":151.0630465226992}],""raw_RGB_step_L2"":[131.63586137523467,0.0],""composited_RGB_step_L2"":[15.0984894254241,1.2355181869609966],""composited_luminance_steps"":[12.936962412280678,1.54614146648899],""composited_luminance_monotonic"":true}"
#14700,175,63,"[179.0319,63.9111]","[179,64]","[0,0,0,4]",4,0,AMBIGUOUS,[10],False,"[{""xy"":[176,63],""glyph_id"":10,""class"":""solid_achromatic_core"",""rgba"":[186,186,186,176],""master_rgba"":[195,203,210,253]},{""xy"":[176,62],""glyph_id"":10,""class"":""solid_achromatic_core"",""rgba"":[186,186,186,176],""master_rgba"":[194,202,210,253]},{""xy"":[176,64],""glyph_id"":10,""class"":""solid_achromatic_core"",""rgba"":[186,186,186,176],""master_rgba"":[196,203,211,253]}]","{""xy"":[176,63],""glyph_id"":10,""class"":""solid_achromatic_core""}","[195,202,210,253]",0.0,"[191.94117647058823,198.83137254901962,206.7058823529412]",143.9696842196437,"[0.0,0.0,0.0]",0.0,186.0,186.0,13.270588235294127,15.59725377300492,12.960784313725497,15.273838239408914,11.268980891604343,172.72941176470587,222.35456955519516,"[16,16,16]","[192.1921568627451,199.08235294117648,206.95686274509805]",0.25098039215686185,0.4347107909192461,0.40929986996508205,"{""nodes"":[{""x"":176,""y"":63,""kind"":""confirmed_support"",""rgba"":[186,186,186,176],""alpha"":176,""raw_luminance_0_255"":125.21031671119808,""master_rgb"":[195.0,203.0,210.0],""composited_rgb"":[188.78823529411764,191.26666666666665,193.43529411764706],""composited_luminance_0_255"":132.70070332803937},{""x"":175,""y"":63,""kind"":""low_alpha_perimeter"",""rgba"":[0,0,0,4],""alpha"":4,""raw_luminance_0_255"":0.0,""master_rgb"":[195.0,202.0,210.0],""composited_rgb"":[191.94117647058823,198.83137254901962,206.7058823529412],""composited_luminance_0_255"":143.9696842196437}],""raw_RGB_step_L2"":[322.1614502078112],""composited_RGB_step_L2"":[15.59725377300492],""composited_luminance_steps"":[11.268980891604343],""composited_luminance_monotonic"":true}"
#14700,200,63,"[205.3799,63.9111]","[205,64]","[0,0,0,16]",16,0,SAFE WORDMARK OWNERSHIP,[10],False,"[{""xy"":[199,63],""glyph_id"":10,""class"":""proven_tonal_attachment"",""rgba"":[0,0,0,11],""master_rgba"":[187,193,202,253]},{""xy"":[200,64],""glyph_id"":10,""class"":""solid_achromatic_core"",""rgba"":[216,216,216,203],""master_rgba"":[184,191,198,253]},{""xy"":[199,62],""glyph_id"":10,""class"":""proven_tonal_attachment"",""rgba"":[191,191,191,4],""master_rgba"":[187,194,202,253]},{""xy"":[199,64],""glyph_id"":10,""class"":""solid_achromatic_core"",""rgba"":[219,219,219,206],""master_rgba"":[185,192,200,253]},{""xy"":[201,64],""glyph_id"":10,""class"":""solid_achromatic_core"",""rgba"":[217,217,217,203],""master_rgba"":[183,190,197,253]}]","{""xy"":[199,63],""glyph_id"":10,""class"":""proven_tonal_attachment""}","[185,192,200,253]",0.0,"[173.3921568627451,179.95294117647057,187.45098039215685]",115.15732072609865,"[0.0,0.0,0.0]",0.0,0.0,0.0,5.8352941176470665,9.329978800692777,5.8352941176470665,9.329978800692777,7.2444623606115215,-5.8352941176470665,0.0,"[16,16,16]","[174.39607843137256,180.95686274509802,188.4549019607843]",1.0039215686274474,1.7388431636769843,1.4412527126551424,"{""nodes"":[{""x"":198,""y"":63,""kind"":""solid_core"",""rgba"":[30,30,30,51],""alpha"":51,""raw_luminance_0_255"":3.3106732472541176,""master_rgb"":[188.0,194.0,202.0],""composited_rgb"":[156.4,161.20000000000002,167.60000000000002],""composited_luminance_0_255"":90.4736360135462},{""x"":199,""y"":63,""kind"":""confirmed_tonal_attachment"",""rgba"":[0,0,0,11],""alpha"":11,""raw_luminance_0_255"":0.0,""master_rgb"":[187.0,193.0,202.0],""composited_rgb"":[178.93333333333334,184.67450980392158,193.28627450980392],""composited_luminance_0_255"":122.40178308671017},{""x"":200,""y"":63,""kind"":""low_alpha_perimeter"",""rgba"":[0,0,0,16],""alpha"":16,""raw_luminance_0_255"":0.0,""master_rgb"":[185.0,192.0,200.0],""composited_rgb"":[173.3921568627451,179.95294117647057,187.45098039215685],""composited_luminance_0_255"":115.15732072609865}],""raw_RGB_step_L2"":[51.96152422706632,0.0],""composited_RGB_step_L2"":[41.455861103570406,9.329978800692777],""composited_luminance_steps"":[31.92814707316397,-7.2444623606115215],""composited_luminance_monotonic"":false}"
#14700,201,63,"[206.4338,63.9111]","[206,64]","[0,0,0,14]",14,0,AMBIGUOUS,[10],False,"[{""xy"":[201,64],""glyph_id"":10,""class"":""solid_achromatic_core"",""rgba"":[217,217,217,203],""master_rgba"":[183,190,197,253]},{""xy"":[200,64],""glyph_id"":10,""class"":""solid_achromatic_core"",""rgba"":[216,216,216,203],""master_rgba"":[184,191,198,253]},{""xy"":[202,64],""glyph_id"":10,""class"":""solid_achromatic_core"",""rgba"":[216,216,216,203],""master_rgba"":[182,189,195,253]}]","{""xy"":[201,64],""glyph_id"":10,""class"":""solid_achromatic_core""}","[184,191,198,253]",0.0,"[173.89803921568628,180.51372549019607,187.12941176470588]",115.8482727520737,"[0.0,0.0,0.0]",0.0,216.0,217.0,36.16862745098038,54.15892969320263,35.16862745098038,52.347278683270844,50.7839513414866,180.83137254901962,299.21007891849655,"[16,16,16]","[174.7764705882353,181.39215686274508,188.0078431372549]",0.8784313725490165,1.5214877682173613,1.2649428605929955,"{""nodes"":[{""x"":201,""y"":64,""kind"":""confirmed_support"",""rgba"":[217,217,217,203],""alpha"":203,""raw_luminance_0_255"":176.93729912945741,""master_rgb"":[183.0,190.0,197.0],""composited_rgb"":[210.06666666666666,211.49411764705883,212.921568627451],""composited_luminance_0_255"":166.6322240935603},{""x"":201,""y"":63,""kind"":""low_alpha_perimeter"",""rgba"":[0,0,0,14],""alpha"":14,""raw_luminance_0_255"":0.0,""master_rgb"":[184.0,191.0,198.0],""composited_rgb"":[173.89803921568628,180.51372549019607,187.12941176470588],""composited_luminance_0_255"":115.8482727520737}],""raw_RGB_step_L2"":[375.85502524244635],""composited_RGB_step_L2"":[54.15892969320263],""composited_luminance_steps"":[-50.7839513414866],""composited_luminance_monotonic"":true}"
#14700,202,63,"[207.4877,63.9111]","[207,64]","[0,0,0,14]",14,0,AMBIGUOUS,[10],False,"[{""xy"":[202,64],""glyph_id"":10,""class"":""solid_achromatic_core"",""rgba"":[216,216,216,203],""master_rgba"":[182,189,195,253]},{""xy"":[201,64],""glyph_id"":10,""class"":""solid_achromatic_core"",""rgba"":[217,217,217,203],""master_rgba"":[183,190,197,253]},{""xy"":[203,64],""glyph_id"":10,""class"":""solid_achromatic_core"",""rgba"":[216,216,216,203],""master_rgba"":[180,187,194,253]}]","{""xy"":[202,64],""glyph_id"":10,""class"":""solid_achromatic_core""}","[181,189,196,253]",0.0,"[171.06274509803922,178.6235294117647,185.2392156862745]",112.88177491384364,"[0.0,0.0,0.0]",0.0,216.0,216.0,38.00392156862745,56.224014237768934,37.59607843137255,55.62121275159753,51.95487300665975,177.99607843137255,297.8312306285495,"[16,16,16]","[171.94117647058823,179.50196078431372,186.1176470588235]",0.8784313725490165,1.5214877682173613,1.2459257478519419,"{""nodes"":[{""x"":202,""y"":64,""kind"":""confirmed_support"",""rgba"":[216,216,216,203],""alpha"":203,""raw_luminance_0_255"":175.10475467100497,""master_rgb"":[182.0,189.0,195.0],""composited_rgb"":[209.06666666666666,210.49411764705883,211.71764705882353],""composited_luminance_0_255"":164.8366479205034},{""x"":202,""y"":63,""kind"":""low_alpha_perimeter"",""rgba"":[0,0,0,14],""alpha"":14,""raw_luminance_0_255"":0.0,""master_rgb"":[181.0,189.0,196.0],""composited_rgb"":[171.06274509803922,178.6235294117647,185.2392156862745],""composited_luminance_0_255"":112.88177491384364}],""raw_RGB_step_L2"":[374.1229744348775],""composited_RGB_step_L2"":[56.224014237768934],""composited_luminance_steps"":[-51.95487300665975],""composited_luminance_monotonic"":true}"
#14700,203,63,"[208.5417,63.9111]","[209,64]","[0,0,0,13]",13,0,AMBIGUOUS,[10],False,"[{""xy"":[203,64],""glyph_id"":10,""class"":""solid_achromatic_core"",""rgba"":[216,216,216,203],""master_rgba"":[180,187,194,253]},{""xy"":[202,64],""glyph_id"":10,""class"":""solid_achromatic_core"",""rgba"":[216,216,216,203],""master_rgba"":[182,189,195,253]},{""xy"":[204,64],""glyph_id"":10,""class"":""solid_achromatic_core"",""rgba"":[216,216,216,203],""master_rgba"":[178,185,192,253]}]","{""xy"":[203,64],""glyph_id"":10,""class"":""solid_achromatic_core""}","[180,188,194,253]",0.0,"[170.8235294117647,178.4156862745098,184.1098039215686]",112.48021093179102,"[0.0,0.0,0.0]",0.0,216.0,216.0,37.83529411764707,56.4403274040636,37.427450980392166,55.740125301504776,51.66419449707209,178.16470588235293,297.8312306285495,"[16,16,16]","[171.6392156862745,179.2313725490196,184.9254901960784]",0.815686274509801,1.4128100704875497,1.1542883315196661,"{""nodes"":[{""x"":203,""y"":64,""kind"":""confirmed_support"",""rgba"":[216,216,216,203],""alpha"":203,""raw_luminance_0_255"":175.10475467100497,""master_rgb"":[180.0,187.0,194.0],""composited_rgb"":[208.65882352941176,210.0862745098039,211.51372549019607],""composited_luminance_0_255"":164.1444054288631},{""x"":203,""y"":63,""kind"":""low_alpha_perimeter"",""rgba"":[0,0,0,13],""alpha"":13,""raw_luminance_0_255"":0.0,""master_rgb"":[180.0,188.0,194.0],""composited_rgb"":[170.8235294117647,178.4156862745098,184.1098039215686],""composited_luminance_0_255"":112.48021093179102}],""raw_RGB_step_L2"":[374.1229744348775],""composited_RGB_step_L2"":[56.4403274040636],""composited_luminance_steps"":[-51.66419449707209],""composited_luminance_monotonic"":true}"
#14700,204,63,"[209.5956,63.9111]","[210,64]","[0,0,0,18]",18,0,SAFE WORDMARK OWNERSHIP,[10],False,"[{""xy"":[205,63],""glyph_id"":10,""class"":""proven_tonal_attachment"",""rgba"":[0,0,0,1],""master_rgba"":[176,183,190,253]},{""xy"":[204,64],""glyph_id"":10,""class"":""solid_achromatic_core"",""rgba"":[216,216,216,203],""master_rgba"":[178,185,192,253]},{""xy"":[203,64],""glyph_id"":10,""class"":""solid_achromatic_core"",""rgba"":[216,216,216,203],""master_rgba"":[180,187,194,253]},{""xy"":[205,64],""glyph_id"":10,""class"":""solid_achromatic_core"",""rgba"":[218,218,218,203],""master_rgba"":[176,183,191,253]}]","{""xy"":[205,63],""glyph_id"":10,""class"":""proven_tonal_attachment""}","[179,185,192,253]",0.0,"[166.36470588235295,171.94117647058823,178.4470588235294]",104.19674022208315,"[0.0,0.0,0.0]",0.0,0.0,0.0,10.807843137254906,17.428831946132707,10.807843137254906,17.428831946132707,14.140404904435513,-10.807843137254906,0.0,"[16,16,16]","[167.49411764705883,173.0705882352941,179.57647058823528]",1.1294117647058783,1.9561985591366076,1.5305490047020385,"{""nodes"":[{""x"":205,""y"":64,""kind"":""solid_core"",""rgba"":[218,218,218,203],""alpha"":203,""raw_luminance_0_255"":178.78098244290814,""master_rgb"":[176.0,183.0,191.0],""composited_rgb"":[209.43529411764706,210.86274509803923,212.49411764705883],""composited_luminance_0_255"":165.54012729508844},{""x"":205,""y"":63,""kind"":""confirmed_tonal_attachment"",""rgba"":[0,0,0,1],""alpha"":1,""raw_luminance_0_255"":0.0,""master_rgb"":[176.0,183.0,190.0],""composited_rgb"":[175.30980392156863,182.28235294117647,189.2549019607843],""composited_luminance_0_255"":118.33714512651866},{""x"":204,""y"":63,""kind"":""low_alpha_perimeter"",""rgba"":[0,0,0,18],""alpha"":18,""raw_luminance_0_255"":0.0,""master_rgb"":[179.0,185.0,192.0],""composited_rgb"":[166.36470588235295,171.94117647058823,178.4470588235294],""composited_luminance_0_255"":104.19674022208315}],""raw_RGB_step_L2"":[377.58707605001524,0.0],""composited_RGB_step_L2"":[50.21403232838302,17.428831946132707],""composited_luminance_steps"":[-47.202982168569775,-14.140404904435513],""composited_luminance_monotonic"":true}"
#14700,82,64,"[81.0172,64.9556]","[81,65]","[58,58,58,26]",26,0,AMBIGUOUS,[7],False,"[{""xy"":[83,64],""glyph_id"":7,""class"":""solid_achromatic_core"",""rgba"":[224,224,224,224],""master_rgba"":[201,209,216,253]},{""xy"":[83,63],""glyph_id"":7,""class"":""solid_achromatic_core"",""rgba"":[232,232,232,231],""master_rgba"":[202,210,217,253]},{""xy"":[83,65],""glyph_id"":7,""class"":""solid_achromatic_core"",""rgba"":[231,231,231,232],""master_rgba"":[201,209,216,253]}]","{""xy"":[83,64],""glyph_id"":7,""class"":""solid_achromatic_core""}","[201,208,216,253]",10.789409708306467,"[186.41960784313724,192.7058823529412,199.89019607843136]",134.3002119289259,"[5.913725490196079,5.913725490196079,5.913725490196079]",10.242873011034773,166.0,166.0,34.78431372549019,51.12530309627404,34.78431372549019,51.12530309627404,52.0275814874654,131.2156862745098,330.57038706965534,"[16,16,16]","[182.13725490196077,188.42352941176472,195.6078431372549]",4.28235294117647,7.417252870059661,6.6034628449350095,"{""nodes"":[{""x"":83,""y"":64,""kind"":""confirmed_support"",""rgba"":[224,224,224,224],""alpha"":224,""raw_luminance_0_255"":190.0780734327988,""master_rgb"":[201.0,209.0,216.0],""composited_rgb"":[221.20392156862744,222.17647058823528,223.02745098039213],""composited_luminance_0_255"":186.3277934163913},{""x"":82,""y"":64,""kind"":""low_alpha_perimeter"",""rgba"":[58,58,58,26],""alpha"":26,""raw_luminance_0_255"":10.789409708306467,""master_rgb"":[201.0,208.0,216.0],""composited_rgb"":[186.41960784313724,192.7058823529412,199.89019607843136],""composited_luminance_0_255"":134.3002119289259}],""raw_RGB_step_L2"":[287.52043405643366],""composited_RGB_step_L2"":[51.12530309627404],""composited_luminance_steps"":[-52.0275814874654],""composited_luminance_monotonic"":true}"
#14700,104,64,"[104.2034,64.9556]","[104,65]","[0,0,0,19]",19,0,SAFE WORDMARK OWNERSHIP,[8],False,"[{""xy"":[104,63],""glyph_id"":8,""class"":""proven_tonal_attachment"",""rgba"":[0,0,0,18],""master_rgba"":[202,209,217,253]},{""xy"":[103,64],""glyph_id"":8,""class"":""solid_achromatic_core"",""rgba"":[241,241,241,219],""master_rgba"":[202,209,216,253]},{""xy"":[103,63],""glyph_id"":8,""class"":""solid_achromatic_core"",""rgba"":[242,242,242,219],""master_rgba"":[202,210,216,253]},{""xy"":[103,65],""glyph_id"":8,""class"":""solid_achromatic_core"",""rgba"":[241,241,241,219],""master_rgba"":[200,208,216,253]}]","{""xy"":[104,63],""glyph_id"":8,""class"":""proven_tonal_attachment""}","[201,209,217,253]",0.0,"[186.0235294117647,193.42745098039217,200.83137254901962]",135.09992481483044,"[0.0,0.0,0.0]",0.0,0.0,0.0,1.7176470588235304,2.0847628313677924,1.7176470588235304,2.0847628313677924,1.5836396823290215,-1.7176470588235304,0.0,"[16,16,16]","[187.2156862745098,194.61960784313726,202.0235294117647]",1.1921568627450938,2.0648762568664187,1.879356047238872,"{""nodes"":[{""x"":104,""y"":62,""kind"":""solid_core"",""rgba"":[26,26,26,48],""alpha"":48,""raw_luminance_0_255"":2.6341048725548686,""master_rgb"":[202.0,209.0,217.0],""composited_rgb"":[168.87058823529412,174.5529411764706,181.04705882352943],""composited_luminance_0_255"":107.72484786475461},{""x"":104,""y"":63,""kind"":""confirmed_tonal_attachment"",""rgba"":[0,0,0,18],""alpha"":18,""raw_luminance_0_255"":0.0,""master_rgb"":[202.0,209.0,217.0],""composited_rgb"":[187.74117647058824,194.24705882352941,201.68235294117648],""composited_luminance_0_255"":136.68356449715947},{""x"":104,""y"":64,""kind"":""low_alpha_perimeter"",""rgba"":[0,0,0,19],""alpha"":19,""raw_luminance_0_255"":0.0,""master_rgb"":[201.0,209.0,217.0],""composited_rgb"":[186.0235294117647,193.42745098039217,200.83137254901962],""composited_luminance_0_255"":135.09992481483044}],""raw_RGB_step_L2"":[45.033320996790806,0.0],""composited_RGB_step_L2"":[34.201940494130056,2.0847628313677924],""composited_luminance_steps"":[28.958716632404858,-1.5836396823290215],""composited_luminance_monotonic"":false}"
#14700,105,64,"[105.2574,64.9556]","[105,65]","[255,255,255,2]",2,0,AMBIGUOUS,[8],False,"[{""xy"":[104,63],""glyph_id"":8,""class"":""proven_tonal_attachment"",""rgba"":[0,0,0,18],""master_rgba"":[202,209,217,253]}]","{""xy"":[104,63],""glyph_id"":8,""class"":""proven_tonal_attachment""}","[200,207,216,253]",255.0,"[200.4313725490196,207.3764705882353,216.30588235294118]",158.40813742855937,"[2.0,2.0,2.0]",3.4641016151377544,255.0,255.0,14.623529411764707,23.393805638522764,14.623529411764707,23.393805638522764,21.724572931399905,240.3764705882353,3.4641016151377544,"[16,16,16]","[198.55686274509804,205.50196078431372,214.4313725490196]",1.874509803921569,3.2467462196781316,3.210340249441117,"{""nodes"":[{""x"":104,""y"":62,""kind"":""solid_core"",""rgba"":[26,26,26,48],""alpha"":48,""raw_luminance_0_255"":2.6341048725548686,""master_rgb"":[202.0,209.0,217.0],""composited_rgb"":[168.87058823529412,174.5529411764706,181.04705882352943],""composited_luminance_0_255"":107.72484786475461},{""x"":104,""y"":63,""kind"":""confirmed_tonal_attachment"",""rgba"":[0,0,0,18],""alpha"":18,""raw_luminance_0_255"":0.0,""master_rgb"":[202.0,209.0,217.0],""composited_rgb"":[187.74117647058824,194.24705882352941,201.68235294117648],""composited_luminance_0_255"":136.68356449715947},{""x"":105,""y"":64,""kind"":""low_alpha_perimeter"",""rgba"":[255,255,255,2],""alpha"":2,""raw_luminance_0_255"":255.0,""master_rgb"":[200.0,207.0,216.0],""composited_rgb"":[200.4313725490196,207.3764705882353,216.30588235294118],""composited_luminance_0_255"":158.40813742855937}],""raw_RGB_step_L2"":[45.033320996790806,441.6729559300637],""composited_RGB_step_L2"":[34.201940494130056,23.393805638522764],""composited_luminance_steps"":[28.958716632404858,21.724572931399905],""composited_luminance_monotonic"":true}"
#14700,109,64,"[109.473,64.9556]","[109,65]","[0,0,0,23]",23,0,AMBIGUOUS,[8],False,"[{""xy"":[110,64],""glyph_id"":8,""class"":""solid_achromatic_core"",""rgba"":[216,216,216,185],""master_rgba"":[198,206,214,253]},{""xy"":[110,63],""glyph_id"":8,""class"":""solid_achromatic_core"",""rgba"":[216,216,216,184],""master_rgba"":[200,208,216,253]},{""xy"":[110,65],""glyph_id"":8,""class"":""solid_achromatic_core"",""rgba"":[216,216,216,185],""master_rgba"":[198,206,214,253]}]","{""xy"":[110,64],""glyph_id"":8,""class"":""solid_achromatic_core""}","[200,207,215,253]",0.0,"[181.9607843137255,188.32941176470587,195.6078431372549]",127.53912474381681,"[0.0,0.0,0.0]",0.0,216.0,216.0,29.09803921568627,43.14772350691629,29.09803921568627,43.14772350691629,42.04588787210653,186.90196078431373,271.4225500802052,"[16,16,16]","[183.40392156862745,189.77254901960782,197.05098039215684]",1.4431372549019557,2.4995870477856648,2.202057548135599,"{""nodes"":[{""x"":110,""y"":64,""kind"":""confirmed_support"",""rgba"":[216,216,216,185],""alpha"":185,""raw_luminance_0_255"":175.10475467100497,""master_rgb"":[198.0,206.0,214.0],""composited_rgb"":[211.05882352941177,213.2549019607843,215.45098039215685],""composited_luminance_0_255"":169.58501261592335},{""x"":109,""y"":64,""kind"":""low_alpha_perimeter"",""rgba"":[0,0,0,23],""alpha"":23,""raw_luminance_0_255"":0.0,""master_rgb"":[200.0,207.0,215.0],""composited_rgb"":[181.9607843137255,188.32941176470587,195.6078431372549],""composited_luminance_0_255"":127.53912474381681}],""raw_RGB_step_L2"":[374.1229744348775],""composited_RGB_step_L2"":[43.14772350691629],""composited_luminance_steps"":[-42.04588787210653],""composited_luminance_monotonic"":true}"
#14700,138,64,"[140.0368,64.9556]","[140,65]","[24,24,24,21]",21,0,AMBIGUOUS,[9],False,"[{""xy"":[137,64],""glyph_id"":9,""class"":""solid_achromatic_core"",""rgba"":[218,218,218,211],""master_rgba"":[198,205,214,253]},{""xy"":[137,63],""glyph_id"":9,""class"":""solid_achromatic_core"",""rgba"":[219,219,219,214],""master_rgba"":[198,205,214,253]},{""xy"":[137,65],""glyph_id"":9,""class"":""solid_achromatic_core"",""rgba"":[217,217,217,211],""master_rgba"":[198,206,214,253]}]","{""xy"":[137,64],""glyph_id"":9,""class"":""solid_achromatic_core""}","[197,206,214,253]",2.3291849690663007,"[182.75294117647059,191.01176470588234,198.35294117647058]",131.06303605069354,"[1.9764705882352942,1.9764705882352942,1.9764705882352942]",3.423347478489075,193.0,194.0,31.796078431372564,44.52721780799782,30.968627450980392,43.221163846305004,43.33662156573746,162.20392156862744,309.0114487825039,"[16,16,16]","[182.09411764705882,190.35294117647058,197.69411764705882]",0.6588235294117624,1.141115826163021,1.0139185289610282,"{""nodes"":[{""x"":137,""y"":64,""kind"":""confirmed_support"",""rgba"":[218,218,218,211],""alpha"":211,""raw_luminance_0_255"":178.78098244290814,""master_rgb"":[198.0,205.0,214.0],""composited_rgb"":[214.54901960784315,215.75686274509803,217.30980392156863],""composited_luminance_0_255"":174.399657616431},{""x"":138,""y"":64,""kind"":""low_alpha_perimeter"",""rgba"":[24,24,24,21],""alpha"":21,""raw_luminance_0_255"":2.3291849690663007,""master_rgb"":[197.0,206.0,214.0],""composited_rgb"":[182.75294117647059,191.01176470588234,198.35294117647058],""composited_luminance_0_255"":131.06303605069354}],""raw_RGB_step_L2"":[336.0178566683622],""composited_RGB_step_L2"":[44.52721780799782],""composited_luminance_steps"":[-43.33662156573746],""composited_luminance_monotonic"":true}"
#14700,164,64,"[167.4387,64.9556]","[167,65]","[0,0,0,20]",20,0,AMBIGUOUS,[10],False,"[{""xy"":[165,64],""glyph_id"":10,""class"":""solid_achromatic_core"",""rgba"":[213,213,213,180],""master_rgba"":[195,203,211,253]},{""xy"":[165,63],""glyph_id"":10,""class"":""solid_achromatic_core"",""rgba"":[213,213,213,180],""master_rgba"":[195,204,211,253]},{""xy"":[165,65],""glyph_id"":10,""class"":""solid_achromatic_core"",""rgba"":[213,213,213,180],""master_rgba"":[196,203,211,253]}]","{""xy"":[165,64],""glyph_id"":10,""class"":""solid_achromatic_core""}","[196,203,211,253]",0.0,"[180.62745098039215,187.07843137254903,194.45098039215688]",125.63353728595136,"[0.0,0.0,0.0]",0.0,213.0,213.0,27.078431372549034,39.79861357441003,27.078431372549034,39.79861357441003,38.23919740510256,185.92156862745097,260.4189331850618,"[16,16,16]","[181.88235294117646,188.33333333333334,195.7058823529412]",1.2549019607843093,2.1735539545962306,1.8968912404324811,"{""nodes"":[{""x"":165,""y"":64,""kind"":""confirmed_support"",""rgba"":[213,213,213,180],""alpha"":180,""raw_luminance_0_255"":169.67376106197938,""master_rgb"":[195.0,203.0,211.0],""composited_rgb"":[207.7058823529412,210.05882352941177,212.41176470588238],""composited_luminance_0_255"":163.87273469105392},{""x"":164,""y"":64,""kind"":""low_alpha_perimeter"",""rgba"":[0,0,0,20],""alpha"":20,""raw_luminance_0_255"":0.0,""master_rgb"":[196.0,203.0,211.0],""composited_rgb"":[180.62745098039215,187.07843137254903,194.45098039215688],""composited_luminance_0_255"":125.63353728595136}],""raw_RGB_step_L2"":[368.9268220121709],""composited_RGB_step_L2"":[39.79861357441003],""composited_luminance_steps"":[-38.23919740510256],""composited_luminance_monotonic"":true}"
#14700,175,64,"[179.0319,64.9556]","[179,65]","[0,0,0,4]",4,0,AMBIGUOUS,[10],False,"[{""xy"":[176,64],""glyph_id"":10,""class"":""solid_achromatic_core"",""rgba"":[186,186,186,176],""master_rgba"":[196,203,211,253]},{""xy"":[176,63],""glyph_id"":10,""class"":""solid_achromatic_core"",""rgba"":[186,186,186,176],""master_rgba"":[195,203,210,253]},{""xy"":[176,65],""glyph_id"":10,""class"":""solid_achromatic_core"",""rgba"":[186,186,186,176],""master_rgba"":[195,202,210,253]}]","{""xy"":[176,64],""glyph_id"":10,""class"":""solid_achromatic_core""}","[195,202,211,253]",0.0,"[191.94117647058823,198.83137254901962,207.69019607843137]",144.0926211943206,"[0.0,0.0,0.0]",0.0,186.0,186.0,13.94509803921568,16.11750488940686,13.94509803921568,16.11750488940686,11.255520564389514,172.05490196078432,222.35456955519516,"[16,16,16]","[192.1921568627451,199.08235294117648,207.94117647058823]",0.25098039215686185,0.4347107909192461,0.40949517714929584,"{""nodes"":[{""x"":176,""y"":64,""kind"":""confirmed_support"",""rgba"":[186,186,186,176],""alpha"":176,""raw_luminance_0_255"":125.21031671119808,""master_rgb"":[196.0,203.0,211.0],""composited_rgb"":[189.09803921568627,191.26666666666665,193.7450980392157],""composited_luminance_0_255"":132.8371006299311},{""x"":175,""y"":64,""kind"":""low_alpha_perimeter"",""rgba"":[0,0,0,4],""alpha"":4,""raw_luminance_0_255"":0.0,""master_rgb"":[195.0,202.0,211.0],""composited_rgb"":[191.94117647058823,198.83137254901962,207.69019607843137],""composited_luminance_0_255"":144.0926211943206}],""raw_RGB_step_L2"":[322.1614502078112],""composited_RGB_step_L2"":[16.11750488940686],""composited_luminance_steps"":[11.255520564389514],""composited_luminance_monotonic"":true}"
#14700,82,65,"[81.0172,66.0]","[81,66]","[68,68,68,26]",26,0,AMBIGUOUS,[7],False,"[{""xy"":[83,65],""glyph_id"":7,""class"":""solid_achromatic_core"",""rgba"":[231,231,231,232],""master_rgba"":[201,209,216,253]},{""xy"":[83,64],""glyph_id"":7,""class"":""solid_achromatic_core"",""rgba"":[224,224,224,224],""master_rgba"":[201,209,216,253]},{""xy"":[83,66],""glyph_id"":7,""class"":""solid_achromatic_core"",""rgba"":[233,233,233,232],""master_rgba"":[201,208,216,253]}]","{""xy"":[83,65],""glyph_id"":7,""class"":""solid_achromatic_core""}","[201,208,217,253]",14.740384698722144,"[187.4392156862745,193.72549019607845,201.8078431372549]",136.00919545572367,"[6.933333333333334,6.933333333333334,6.933333333333334]",12.008885599144216,156.0,163.0,40.854901960784304,60.74160751500028,33.76470588235293,48.98760461191404,63.6119215020897,122.1450980392157,352.00706294686074,"[16,16,16]","[182.13725490196077,188.42352941176472,196.50588235294117]",5.301960784313735,9.183265458169123,8.208112396685493,"{""nodes"":[{""x"":83,""y"":65,""kind"":""confirmed_support"",""rgba"":[231,231,231,232],""alpha"":232,""raw_luminance_0_255"":203.7711981936743,""master_rgb"":[201.0,209.0,216.0],""composited_rgb"":[228.2941176470588,229.0156862745098,229.6470588235294],""composited_luminance_0_255"":199.62111695781337},{""x"":82,""y"":65,""kind"":""low_alpha_perimeter"",""rgba"":[68,68,68,26],""alpha"":26,""raw_luminance_0_255"":14.740384698722144,""master_rgb"":[201.0,208.0,217.0],""composited_rgb"":[187.4392156862745,193.72549019607845,201.8078431372549],""composited_luminance_0_255"":136.00919545572367}],""raw_RGB_step_L2"":[282.324281633727],""composited_RGB_step_L2"":[60.74160751500028],""composited_luminance_steps"":[-63.6119215020897],""composited_luminance_monotonic"":true}"
#14700,104,65,"[104.2034,66.0]","[104,66]","[0,0,0,19]",19,0,AMBIGUOUS,[8],False,"[{""xy"":[103,65],""glyph_id"":8,""class"":""solid_achromatic_core"",""rgba"":[241,241,241,219],""master_rgba"":[200,208,216,253]},{""xy"":[103,64],""glyph_id"":8,""class"":""solid_achromatic_core"",""rgba"":[241,241,241,219],""master_rgba"":[202,209,216,253]},{""xy"":[103,66],""glyph_id"":8,""class"":""solid_achromatic_core"",""rgba"":[241,241,241,219],""master_rgba"":[200,207,215,253]}]","{""xy"":[103,65],""glyph_id"":8,""class"":""solid_achromatic_core""}","[200,208,216,253]",0.0,"[185.09803921568627,192.50196078431372,199.90588235294118]",133.65138680075196,"[0.0,0.0,0.0]",0.0,241.0,241.0,50.11372549019609,76.44847573707476,50.11372549019609,76.29826123468085,80.61942125557889,190.8862745098039,358.49376303010894,"[16,16,16]","[186.29019607843136,193.69411764705882,201.09803921568627]",1.1921568627450938,2.0648762568664187,1.8676051435043064,"{""nodes"":[{""x"":103,""y"":65,""kind"":""confirmed_support"",""rgba"":[241,241,241,219],""alpha"":219,""raw_luminance_0_255"":224.30371120639708,""master_rgb"":[200.0,208.0,216.0],""composited_rgb"":[235.21176470588236,236.34117647058824,237.47058823529412],""composited_luminance_0_255"":214.27080805633085},{""x"":104,""y"":65,""kind"":""low_alpha_perimeter"",""rgba"":[0,0,0,19],""alpha"":19,""raw_luminance_0_255"":0.0,""master_rgb"":[200.0,208.0,216.0],""composited_rgb"":[185.09803921568627,192.50196078431372,199.90588235294118],""composited_luminance_0_255"":133.65138680075196}],""raw_RGB_step_L2"":[417.4242446240994],""composited_RGB_step_L2"":[76.44847573707476],""composited_luminance_steps"":[-80.61942125557889],""composited_luminance_monotonic"":true}"
#14700,109,65,"[109.473,66.0]","[109,66]","[0,0,0,23]",23,0,AMBIGUOUS,[8],False,"[{""xy"":[110,65],""glyph_id"":8,""class"":""solid_achromatic_core"",""rgba"":[216,216,216,185],""master_rgba"":[198,206,214,253]},{""xy"":[110,64],""glyph_id"":8,""class"":""solid_achromatic_core"",""rgba"":[216,216,216,185],""master_rgba"":[198,206,214,253]},{""xy"":[110,66],""glyph_id"":8,""class"":""solid_achromatic_core"",""rgba"":[216,216,216,185],""master_rgba"":[198,206,214,253]}]","{""xy"":[110,65],""glyph_id"":8,""class"":""solid_achromatic_core""}","[199,207,215,253]",0.0,"[181.05098039215687,188.32941176470587,195.6078431372549]",127.25763545478787,"[0.0,0.0,0.0]",0.0,216.0,216.0,30.007843137254895,43.76643471179457,30.007843137254895,43.76643471179457,42.32737716113547,185.9921568627451,271.4225500802052,"[16,16,16]","[182.49411764705883,189.77254901960782,197.05098039215684]",1.4431372549019557,2.4995870477856648,2.1991446752556385,"{""nodes"":[{""x"":110,""y"":65,""kind"":""confirmed_support"",""rgba"":[216,216,216,185],""alpha"":185,""raw_luminance_0_255"":175.10475467100497,""master_rgb"":[198.0,206.0,214.0],""composited_rgb"":[211.05882352941177,213.2549019607843,215.45098039215685],""composited_luminance_0_255"":169.58501261592335},{""x"":109,""y"":65,""kind"":""low_alpha_perimeter"",""rgba"":[0,0,0,23],""alpha"":23,""raw_luminance_0_255"":0.0,""master_rgb"":[199.0,207.0,215.0],""composited_rgb"":[181.05098039215687,188.32941176470587,195.6078431372549],""composited_luminance_0_255"":127.25763545478787}],""raw_RGB_step_L2"":[374.1229744348775],""composited_RGB_step_L2"":[43.76643471179457],""composited_luminance_steps"":[-42.32737716113547],""composited_luminance_monotonic"":true}"
#14700,122,65,"[123.174,66.0]","[123,66]","[170,170,170,3]",3,0,AMBIGUOUS,[9],False,"[{""xy"":[123,64],""glyph_id"":9,""class"":""proven_tonal_attachment"",""rgba"":[0,0,0,9],""master_rgba"":[198,206,214,253]}]","{""xy"":[123,64],""glyph_id"":9,""class"":""proven_tonal_attachment""}","[198,205,214,253]",102.50433385720991,"[197.67058823529413,204.58823529411765,213.4823529411765]",153.65171946723862,"[2.0,2.0,2.0]",3.4641016151377544,170.0,170.0,7.035294117647084,11.320826262532115,7.035294117647084,11.320826262532115,10.142003070810063,162.96470588235292,3.4641016151377544,"[16,16,16]","[195.85882352941178,202.7764705882353,211.67058823529413]",1.8117647058823536,3.13806852194832,3.0485605628187216,"{""nodes"":[{""x"":123,""y"":63,""kind"":""solid_core"",""rgba"":[162,159,159,96],""alpha"":96,""raw_luminance_0_255"":89.20119181576074,""master_rgb"":[199.0,206.0,215.0],""composited_rgb"":[185.0705882352941,188.30588235294118,193.91764705882355],""composited_luminance_0_255"":128.29479535822645},{""x"":123,""y"":64,""kind"":""confirmed_tonal_attachment"",""rgba"":[0,0,0,9],""alpha"":9,""raw_luminance_0_255"":0.0,""master_rgb"":[198.0,206.0,214.0],""composited_rgb"":[191.01176470588234,198.72941176470587,206.4470588235294],""composited_luminance_0_255"":143.50971639642856},{""x"":122,""y"":65,""kind"":""low_alpha_perimeter"",""rgba"":[170,170,170,3],""alpha"":3,""raw_luminance_0_255"":102.50433385720991,""master_rgb"":[198.0,205.0,214.0],""composited_rgb"":[197.67058823529413,204.58823529411765,213.4823529411765],""composited_luminance_0_255"":153.65171946723862}],""raw_RGB_step_L2"":[277.13895431714394,294.44863728670913],""composited_RGB_step_L2"":[17.347440803246577,11.320826262532115],""composited_luminance_steps"":[15.214921038202107,10.142003070810063],""composited_luminance_monotonic"":true}"
#14700,138,65,"[140.0368,66.0]","[140,66]","[24,24,24,21]",21,0,AMBIGUOUS,[9],False,"[{""xy"":[137,65],""glyph_id"":9,""class"":""solid_achromatic_core"",""rgba"":[217,217,217,211],""master_rgba"":[198,206,214,253]},{""xy"":[137,64],""glyph_id"":9,""class"":""solid_achromatic_core"",""rgba"":[218,218,218,211],""master_rgba"":[198,205,214,253]},{""xy"":[137,66],""glyph_id"":9,""class"":""solid_achromatic_core"",""rgba"":[219,219,219,214],""master_rgba"":[197,205,213,253]}]","{""xy"":[137,65],""glyph_id"":9,""class"":""solid_achromatic_core""}","[197,205,213,253]",2.3291849690663007,"[182.75294117647059,190.0941176470588,197.43529411764703]",129.93756869816013,"[1.9764705882352942,1.9764705882352942,1.9764705882352942]",3.423347478489075,193.0,193.0,30.968627450980392,44.127526039901156,30.968627450980392,44.127526039901156,43.181829626203466,162.0313725490196,307.57826164369203,"[16,16,16]","[182.09411764705882,189.43529411764703,196.77647058823527]",0.6588235294117624,1.141115826163021,1.008864393825661,"{""nodes"":[{""x"":137,""y"":65,""kind"":""confirmed_support"",""rgba"":[217,217,217,211],""alpha"":211,""raw_luminance_0_255"":176.93729912945741,""master_rgb"":[198.0,206.0,214.0],""composited_rgb"":[213.72156862745098,215.10196078431372,216.48235294117646],""composited_luminance_0_255"":173.1193983243636},{""x"":138,""y"":65,""kind"":""low_alpha_perimeter"",""rgba"":[24,24,24,21],""alpha"":21,""raw_luminance_0_255"":2.3291849690663007,""master_rgb"":[197.0,205.0,213.0],""composited_rgb"":[182.75294117647059,190.0941176470588,197.43529411764703],""composited_luminance_0_255"":129.93756869816013}],""raw_RGB_step_L2"":[334.28580586079335],""composited_RGB_step_L2"":[44.127526039901156],""composited_luminance_steps"":[-43.181829626203466],""composited_luminance_monotonic"":true}"
#14700,164,65,"[167.4387,66.0]","[167,66]","[0,0,0,20]",20,0,AMBIGUOUS,[10],False,"[{""xy"":[165,65],""glyph_id"":10,""class"":""solid_achromatic_core"",""rgba"":[213,213,213,180],""master_rgba"":[196,203,211,253]},{""xy"":[165,64],""glyph_id"":10,""class"":""solid_achromatic_core"",""rgba"":[213,213,213,180],""master_rgba"":[195,203,211,253]},{""xy"":[165,66],""glyph_id"":10,""class"":""solid_achromatic_core"",""rgba"":[213,213,213,180],""master_rgba"":[195,203,211,253]}]","{""xy"":[165,65],""glyph_id"":10,""class"":""solid_achromatic_core""}","[196,204,212,253]",0.0,"[180.62745098039215,188.0,195.37254901960785]",126.7406717137082,"[0.0,0.0,0.0]",0.0,213.0,213.0,27.372549019607845,39.066392289741174,27.078431372549034,38.86088023067622,37.240678832354405,185.62745098039215,260.4189331850618,"[16,16,16]","[181.88235294117646,189.2549019607843,196.62745098039215]",1.2549019607843093,2.1735539545962306,1.9065204194945977,"{""nodes"":[{""x"":165,""y"":65,""kind"":""confirmed_support"",""rgba"":[213,213,213,180],""alpha"":180,""raw_luminance_0_255"":169.67376106197938,""master_rgb"":[196.0,203.0,211.0],""composited_rgb"":[208.0,210.05882352941177,212.41176470588238],""composited_luminance_0_255"":163.9813505460626},{""x"":164,""y"":65,""kind"":""low_alpha_perimeter"",""rgba"":[0,0,0,20],""alpha"":20,""raw_luminance_0_255"":0.0,""master_rgb"":[196.0,204.0,212.0],""composited_rgb"":[180.62745098039215,188.0,195.37254901960785],""composited_luminance_0_255"":126.7406717137082}],""raw_RGB_step_L2"":[368.9268220121709],""composited_RGB_step_L2"":[39.066392289741174],""composited_luminance_steps"":[-37.240678832354405],""composited_luminance_monotonic"":true}"
#14700,175,65,"[179.0319,66.0]","[179,66]","[0,0,0,4]",4,0,SAFE WORDMARK OWNERSHIP,[10],False,"[{""xy"":[176,65],""glyph_id"":10,""class"":""solid_achromatic_core"",""rgba"":[186,186,186,176],""master_rgba"":[195,202,210,253]},{""xy"":[175,66],""glyph_id"":10,""class"":""proven_tonal_attachment"",""rgba"":[0,0,0,4],""master_rgba"":[195,202,210,253]},{""xy"":[176,64],""glyph_id"":10,""class"":""solid_achromatic_core"",""rgba"":[186,186,186,176],""master_rgba"":[196,203,211,253]},{""xy"":[176,66],""glyph_id"":10,""class"":""solid_achromatic_core"",""rgba"":[186,186,186,176],""master_rgba"":[195,202,210,253]}]","{""xy"":[176,65],""glyph_id"":10,""class"":""solid_achromatic_core""}","[195,202,210,253]",0.0,"[191.94117647058823,198.83137254901962,206.7058823529412]",143.9696842196437,"[0.0,0.0,0.0]",0.0,0.0,186.0,13.270588235294127,15.749839834902055,0.0,0.0,11.613826284528102,172.72941176470587,222.35456955519516,"[16,16,16]","[192.1921568627451,199.08235294117648,206.95686274509805]",0.25098039215686185,0.4347107909192461,0.40929986996508205,"{""nodes"":[{""x"":176,""y"":65,""kind"":""confirmed_support"",""rgba"":[186,186,186,176],""alpha"":176,""raw_luminance_0_255"":125.21031671119808,""master_rgb"":[195.0,202.0,210.0],""composited_rgb"":[188.78823529411764,190.95686274509805,193.43529411764706],""composited_luminance_0_255"":132.3558579351156},{""x"":175,""y"":65,""kind"":""low_alpha_perimeter"",""rgba"":[0,0,0,4],""alpha"":4,""raw_luminance_0_255"":0.0,""master_rgb"":[195.0,202.0,210.0],""composited_rgb"":[191.94117647058823,198.83137254901962,206.7058823529412],""composited_luminance_0_255"":143.9696842196437}],""raw_RGB_step_L2"":[322.1614502078112],""composited_RGB_step_L2"":[15.749839834902055],""composited_luminance_steps"":[11.613826284528102],""composited_luminance_monotonic"":true}"
#14700,193,65,"[198.0025,66.0]","[198,66]","[0,0,0,1]",1,0,SAFE WORDMARK OWNERSHIP,[10],False,"[{""xy"":[192,65],""glyph_id"":10,""class"":""proven_tonal_attachment"",""rgba"":[0,0,0,2],""master_rgba"":[191,197,205,253]},{""xy"":[192,64],""glyph_id"":10,""class"":""proven_tonal_attachment"",""rgba"":[0,0,0,2],""master_rgba"":[191,199,206,253]},{""xy"":[192,66],""glyph_id"":10,""class"":""proven_tonal_attachment"",""rgba"":[0,0,0,2],""master_rgba"":[190,197,206,253]},{""xy"":[194,66],""glyph_id"":10,""class"":""proven_tonal_attachment"",""rgba"":[0,0,0,9],""master_rgba"":[191,197,205,253]}]","{""xy"":[192,65],""glyph_id"":10,""class"":""proven_tonal_attachment""}","[191,198,206,253]",0.0,"[190.25098039215686,197.2235294117647,205.1921568627451]",141.34817991585396,"[0.0,0.0,0.0]",0.0,0.0,0.0,1.799999999999983,2.632313323541627,0.8078431372549062,1.1225691410132639,2.5057081725378794,-1.799999999999983,0.0,"[16,16,16]","[190.31372549019608,197.28627450980392,205.2549019607843]",0.06274509803921546,0.10867769772981152,0.10117034957931992,"{""nodes"":[{""x"":191,""y"":65,""kind"":""solid_core"",""rgba"":[152,152,152,129],""alpha"":129,""raw_luminance_0_255"":80.06712191080797,""master_rgb"":[191.0,197.0,206.0],""composited_rgb"":[171.2705882352941,174.23529411764707,178.68235294117648],""composited_luminance_0_255"":107.84786715070805},{""x"":192,""y"":65,""kind"":""confirmed_tonal_attachment"",""rgba"":[0,0,0,2],""alpha"":2,""raw_luminance_0_255"":0.0,""master_rgb"":[191.0,197.0,205.0],""composited_rgb"":[189.50196078431372,195.45490196078433,203.3921568627451],""composited_luminance_0_255"":138.84247174331608},{""x"":193,""y"":65,""kind"":""low_alpha_perimeter"",""rgba"":[0,0,0,1],""alpha"":1,""raw_luminance_0_255"":0.0,""master_rgb"":[191.0,198.0,206.0],""composited_rgb"":[190.25098039215686,197.2235294117647,205.1921568627451],""composited_luminance_0_255"":141.34817991585396}],""raw_RGB_step_L2"":[263.27172275046934,0.0],""composited_RGB_step_L2"":[37.32598440604142,2.632313323541627],""composited_luminance_steps"":[30.994604592608027,2.5057081725378794],""composited_luminance_monotonic"":true}"
#14700,82,66,"[81.0172,67.0444]","[81,67]","[68,68,68,26]",26,0,AMBIGUOUS,[7],False,"[{""xy"":[83,66],""glyph_id"":7,""class"":""solid_achromatic_core"",""rgba"":[233,233,233,232],""master_rgba"":[201,208,216,253]},{""xy"":[83,65],""glyph_id"":7,""class"":""solid_achromatic_core"",""rgba"":[231,231,231,232],""master_rgba"":[201,209,216,253]},{""xy"":[83,67],""glyph_id"":7,""class"":""solid_achromatic_core"",""rgba"":[233,233,233,232],""master_rgba"":[200,208,216,253]}]","{""xy"":[83,66],""glyph_id"":7,""class"":""solid_achromatic_core""}","[201,208,216,253]",14.740384698722144,"[187.4392156862745,193.72549019607845,200.90980392156862]",135.9011565748362,"[6.933333333333334,6.933333333333334,6.933333333333334]",12.008885599144216,163.0,165.0,42.67450980392155,64.22839724520163,40.854901960784304,61.1584072125795,67.19865326999977,122.32549019607845,355.1587161810253,"[16,16,16]","[182.13725490196077,188.42352941176472,195.6078431372549]",5.301960784313735,9.183265458169123,8.204407490845298,"{""nodes"":[{""x"":83,""y"":66,""kind"":""confirmed_support"",""rgba"":[233,233,233,232],""alpha"":232,""raw_luminance_0_255"":207.78587591510578,""master_rgb"":[201.0,208.0,216.0],""composited_rgb"":[230.11372549019606,230.7450980392157,231.46666666666664],""composited_luminance_0_255"":203.09980984483596},{""x"":82,""y"":66,""kind"":""low_alpha_perimeter"",""rgba"":[68,68,68,26],""alpha"":26,""raw_luminance_0_255"":14.740384698722144,""master_rgb"":[201.0,208.0,216.0],""composited_rgb"":[187.4392156862745,193.72549019607845,200.90980392156862],""composited_luminance_0_255"":135.9011565748362}],""raw_RGB_step_L2"":[285.78838324886476],""composited_RGB_step_L2"":[64.22839724520163],""composited_luminance_steps"":[-67.19865326999977],""composited_luminance_monotonic"":true}"
#14700,104,66,"[104.2034,67.0444]","[104,67]","[0,0,0,19]",19,0,AMBIGUOUS,[8],False,"[{""xy"":[103,66],""glyph_id"":8,""class"":""solid_achromatic_core"",""rgba"":[241,241,241,219],""master_rgba"":[200,207,215,253]},{""xy"":[103,65],""glyph_id"":8,""class"":""solid_achromatic_core"",""rgba"":[241,241,241,219],""master_rgba"":[200,208,216,253]},{""xy"":[103,67],""glyph_id"":8,""class"":""solid_achromatic_core"",""rgba"":[241,241,241,219],""master_rgba"":[199,207,215,253]}]","{""xy"":[103,66],""glyph_id"":8,""class"":""solid_achromatic_core""}","[198,206,215,253]",0.0,"[183.24705882352941,190.65098039215687,198.98039215686276]",130.89089597236077,"[0.0,0.0,0.0]",0.0,241.0,241.0,51.964705882352945,79.02968524268499,51.823529411764696,78.93692857472004,83.15119794503326,189.03529411764706,358.49376303010894,"[16,16,16]","[184.4392156862745,191.84313725490196,200.17254901960786]",1.1921568627450938,2.0648762568664187,1.8450258556476058,"{""nodes"":[{""x"":103,""y"":66,""kind"":""confirmed_support"",""rgba"":[241,241,241,219],""alpha"":219,""raw_luminance_0_255"":224.30371120639708,""master_rgb"":[200.0,207.0,215.0],""composited_rgb"":[235.21176470588236,236.2,237.3294117647059],""composited_luminance_0_255"":214.04209391739403},{""x"":104,""y"":66,""kind"":""low_alpha_perimeter"",""rgba"":[0,0,0,19],""alpha"":19,""raw_luminance_0_255"":0.0,""master_rgb"":[198.0,206.0,215.0],""composited_rgb"":[183.24705882352941,190.65098039215687,198.98039215686276],""composited_luminance_0_255"":130.89089597236077}],""raw_RGB_step_L2"":[417.4242446240994],""composited_RGB_step_L2"":[79.02968524268499],""composited_luminance_steps"":[-83.15119794503326],""composited_luminance_monotonic"":true}"
#14700,109,66,"[109.473,67.0444]","[109,67]","[0,0,0,23]",23,0,AMBIGUOUS,[8],False,"[{""xy"":[110,66],""glyph_id"":8,""class"":""solid_achromatic_core"",""rgba"":[216,216,216,185],""master_rgba"":[198,206,214,253]},{""xy"":[110,65],""glyph_id"":8,""class"":""solid_achromatic_core"",""rgba"":[216,216,216,185],""master_rgba"":[198,206,214,253]},{""xy"":[110,67],""glyph_id"":8,""class"":""solid_achromatic_core"",""rgba"":[216,216,216,185],""master_rgba"":[198,206,213,253]}]","{""xy"":[110,66],""glyph_id"":8,""class"":""solid_achromatic_core""}","[198,206,214,253]",0.0,"[180.14117647058822,187.41960784313724,194.69803921568626]",125.8825058874206,"[0.0,0.0,0.0]",0.0,216.0,216.0,30.917647058823547,45.3216051047771,30.917647058823547,45.19656483937146,43.70250672850274,185.08235294117645,271.4225500802052,"[16,16,16]","[181.58431372549018,188.8627450980392,196.14117647058822]",1.4431372549019557,2.4995870477856648,2.1852959527156344,"{""nodes"":[{""x"":110,""y"":66,""kind"":""confirmed_support"",""rgba"":[216,216,216,185],""alpha"":185,""raw_luminance_0_255"":175.10475467100497,""master_rgb"":[198.0,206.0,214.0],""composited_rgb"":[211.05882352941177,213.2549019607843,215.45098039215685],""composited_luminance_0_255"":169.58501261592335},{""x"":109,""y"":66,""kind"":""low_alpha_perimeter"",""rgba"":[0,0,0,23],""alpha"":23,""raw_luminance_0_255"":0.0,""master_rgb"":[198.0,206.0,214.0],""composited_rgb"":[180.14117647058822,187.41960784313724,194.69803921568626],""composited_luminance_0_255"":125.8825058874206}],""raw_RGB_step_L2"":[374.1229744348775],""composited_RGB_step_L2"":[45.3216051047771],""composited_luminance_steps"":[-43.70250672850274],""composited_luminance_monotonic"":true}"
#14700,138,66,"[140.0368,67.0444]","[140,67]","[12,12,12,20]",20,0,AMBIGUOUS,[9],False,"[{""xy"":[137,66],""glyph_id"":9,""class"":""solid_achromatic_core"",""rgba"":[219,219,219,214],""master_rgba"":[197,205,213,253]},{""xy"":[137,65],""glyph_id"":9,""class"":""solid_achromatic_core"",""rgba"":[217,217,217,211],""master_rgba"":[198,206,214,253]},{""xy"":[137,67],""glyph_id"":9,""class"":""solid_achromatic_core"",""rgba"":[220,220,220,213],""master_rgba"":[197,204,213,253]}]","{""xy"":[137,66],""glyph_id"":9,""class"":""solid_achromatic_core""}","[198,205,213,253]",0.937509367632096,"[183.41176470588235,189.86274509803923,197.23529411764707]",129.86472314721752,"[0.9411764705882353,0.9411764705882353,0.9411764705882353]",1.6301654659471785,205.0,207.0,32.050980392156845,46.72020013992827,30.30980392156863,43.887942485136186,46.282774192952076,174.94901960784316,316.7003958968881,"[16,16,16]","[183.72549019607843,190.1764705882353,197.54901960784315]",0.3137254901960773,0.5433884886490576,0.4818855157445512,"{""nodes"":[{""x"":137,""y"":66,""kind"":""confirmed_support"",""rgba"":[219,219,219,214],""alpha"":214,""raw_luminance_0_255"":180.63582387238012,""master_rgb"":[197.0,205.0,213.0],""composited_rgb"":[215.4627450980392,216.74901960784314,218.03529411764706],""composited_luminance_0_255"":176.1474973401696},{""x"":138,""y"":66,""kind"":""low_alpha_perimeter"",""rgba"":[12,12,12,20],""alpha"":20,""raw_luminance_0_255"":0.937509367632096,""master_rgb"":[198.0,205.0,213.0],""composited_rgb"":[183.41176470588235,189.86274509803923,197.23529411764707],""composited_luminance_0_255"":129.86472314721752}],""raw_RGB_step_L2"":[358.5345171667576],""composited_RGB_step_L2"":[46.72020013992827],""composited_luminance_steps"":[-46.282774192952076],""composited_luminance_monotonic"":true}"
#14700,164,66,"[167.4387,67.0444]","[167,67]","[0,0,0,20]",20,0,AMBIGUOUS,[10],False,"[{""xy"":[165,66],""glyph_id"":10,""class"":""solid_achromatic_core"",""rgba"":[213,213,213,180],""master_rgba"":[195,203,211,253]},{""xy"":[165,65],""glyph_id"":10,""class"":""solid_achromatic_core"",""rgba"":[213,213,213,180],""master_rgba"":[196,203,211,253]},{""xy"":[165,67],""glyph_id"":10,""class"":""solid_achromatic_core"",""rgba"":[213,213,213,180],""master_rgba"":[195,202,211,253]}]","{""xy"":[165,66],""glyph_id"":10,""class"":""solid_achromatic_core""}","[195,203,211,253]",0.0,"[179.7058823529412,187.07843137254903,194.45098039215688]",125.35113833374808,"[0.0,0.0,0.0]",0.0,213.0,213.0,28.0,40.43127745752496,28.0,40.2648335933274,38.52159635730584,185.0,260.4189331850618,"[16,16,16]","[180.9607843137255,188.33333333333334,195.7058823529412]",1.2549019607843093,2.1735539545962306,1.894333065652873,"{""nodes"":[{""x"":165,""y"":66,""kind"":""confirmed_support"",""rgba"":[213,213,213,180],""alpha"":180,""raw_luminance_0_255"":169.67376106197938,""master_rgb"":[195.0,203.0,211.0],""composited_rgb"":[207.7058823529412,210.05882352941177,212.41176470588238],""composited_luminance_0_255"":163.87273469105392},{""x"":164,""y"":66,""kind"":""low_alpha_perimeter"",""rgba"":[0,0,0,20],""alpha"":20,""raw_luminance_0_255"":0.0,""master_rgb"":[195.0,203.0,211.0],""composited_rgb"":[179.7058823529412,187.07843137254903,194.45098039215688],""composited_luminance_0_255"":125.35113833374808}],""raw_RGB_step_L2"":[368.9268220121709],""composited_RGB_step_L2"":[40.43127745752496],""composited_luminance_steps"":[-38.52159635730584],""composited_luminance_monotonic"":true}"
#14700,66,67,"[64.1544,68.0889]","[64,68]","[0,0,0,1]",1,0,SAFE WORDMARK OWNERSHIP,[6],False,"[{""xy"":[66,66],""glyph_id"":6,""class"":""proven_tonal_attachment"",""rgba"":[0,0,0,3],""master_rgba"":[203,210,218,253]}]","{""xy"":[66,66],""glyph_id"":6,""class"":""proven_tonal_attachment""}","[203,210,218,253]",0.0,"[202.20392156862746,209.1764705882353,217.1450980392157]",161.38925801893873,"[0.0,0.0,0.0]",0.0,0.0,0.0,1.7098039215686356,2.8585303381220077,1.7098039215686356,2.8585303381220077,2.84278748861459,-1.7098039215686356,0.0,"[16,16,16]","[202.26666666666668,209.23921568627452,217.2078431372549]",0.06274509803921546,0.10867769772981152,0.10930736198216096,"{""nodes"":[{""x"":67,""y"":65,""kind"":""solid_core"",""rgba"":[73,73,73,45],""alpha"":45,""raw_luminance_0_255"":16.989614354162086,""master_rgb"":[201.0,208.0,217.0],""composited_rgb"":[178.41176470588235,184.17647058823528,191.58823529411762],""composited_luminance_0_255"":121.52189972319131},{""x"":66,""y"":66,""kind"":""confirmed_tonal_attachment"",""rgba"":[0,0,0,3],""alpha"":3,""raw_luminance_0_255"":0.0,""master_rgb"":[203.0,210.0,218.0],""composited_rgb"":[200.61176470588236,207.52941176470588,215.43529411764706],""composited_luminance_0_255"":158.54647053032414},{""x"":66,""y"":67,""kind"":""low_alpha_perimeter"",""rgba"":[0,0,0,1],""alpha"":1,""raw_luminance_0_255"":0.0,""master_rgb"":[203.0,210.0,218.0],""composited_rgb"":[202.20392156862746,209.1764705882353,217.1450980392157],""composited_luminance_0_255"":161.38925801893873}],""raw_RGB_step_L2"":[126.43970895252804,0.0],""composited_RGB_step_L2"":[40.085933644167135,2.8585303381220077],""composited_luminance_steps"":[37.02457080713283,2.84278748861459],""composited_luminance_monotonic"":true}"
#14700,67,67,"[65.2083,68.0889]","[65,68]","[0,0,0,3]",3,0,SAFE WORDMARK OWNERSHIP,[6],False,"[{""xy"":[66,66],""glyph_id"":6,""class"":""proven_tonal_attachment"",""rgba"":[0,0,0,3],""master_rgba"":[203,210,218,253]},{""xy"":[68,66],""glyph_id"":6,""class"":""proven_tonal_attachment"",""rgba"":[0,0,0,5],""master_rgba"":[201,209,216,253]}]","{""xy"":[66,66],""glyph_id"":6,""class"":""proven_tonal_attachment""}","[202,210,218,253]",0.0,"[199.6235294117647,207.52941176470588,215.43529411764706]",158.19920845544783,"[0.0,0.0,0.0]",0.0,0.0,0.0,0.9882352941176578,0.9882352941176578,0.9882352941176578,0.9882352941176578,0.347262074876312,-0.9882352941176578,0.0,"[16,16,16]","[199.81176470588235,207.71764705882353,215.6235294117647]",0.1882352941176464,0.3260330931894346,0.32424247763407266,"{""nodes"":[{""x"":67,""y"":65,""kind"":""solid_core"",""rgba"":[73,73,73,45],""alpha"":45,""raw_luminance_0_255"":16.989614354162086,""master_rgb"":[201.0,208.0,217.0],""composited_rgb"":[178.41176470588235,184.17647058823528,191.58823529411762],""composited_luminance_0_255"":121.52189972319131},{""x"":66,""y"":66,""kind"":""confirmed_tonal_attachment"",""rgba"":[0,0,0,3],""alpha"":3,""raw_luminance_0_255"":0.0,""master_rgb"":[203.0,210.0,218.0],""composited_rgb"":[200.61176470588236,207.52941176470588,215.43529411764706],""composited_luminance_0_255"":158.54647053032414},{""x"":67,""y"":67,""kind"":""low_alpha_perimeter"",""rgba"":[0,0,0,3],""alpha"":3,""raw_luminance_0_255"":0.0,""master_rgb"":[202.0,210.0,218.0],""composited_rgb"":[199.6235294117647,207.52941176470588,215.43529411764706],""composited_luminance_0_255"":158.19920845544783}],""raw_RGB_step_L2"":[126.43970895252804,0.0],""composited_RGB_step_L2"":[40.085933644167135,0.9882352941176578],""composited_luminance_steps"":[37.02457080713283,-0.347262074876312],""composited_luminance_monotonic"":false}"
#14700,82,67,"[81.0172,68.0889]","[81,68]","[68,68,68,26]",26,0,AMBIGUOUS,[7],False,"[{""xy"":[83,67],""glyph_id"":7,""class"":""solid_achromatic_core"",""rgba"":[233,233,233,232],""master_rgba"":[200,208,216,253]},{""xy"":[83,66],""glyph_id"":7,""class"":""solid_achromatic_core"",""rgba"":[233,233,233,232],""master_rgba"":[201,208,216,253]},{""xy"":[83,68],""glyph_id"":7,""class"":""solid_achromatic_core"",""rgba"":[233,233,233,233],""master_rgba"":[200,208,215,253]}]","{""xy"":[83,67],""glyph_id"":7,""class"":""solid_achromatic_core""}","[200,208,216,253]",14.740384698722144,"[186.54117647058825,193.72549019607845,200.90980392156862]",135.61233588818664,"[6.933333333333334,6.933333333333334,6.933333333333334]",12.008885599144216,165.0,165.0,43.48235294117643,64.76795691531008,43.48235294117643,64.76795691531008,67.44940429463219,121.51764705882357,355.1587161810253,"[16,16,16]","[181.23921568627452,188.42352941176472,195.6078431372549]",5.301960784313735,9.183265458169123,8.193798982193115,"{""nodes"":[{""x"":83,""y"":67,""kind"":""confirmed_support"",""rgba"":[233,233,233,232],""alpha"":232,""raw_luminance_0_255"":207.78587591510578,""master_rgb"":[200.0,208.0,216.0],""composited_rgb"":[230.02352941176468,230.7450980392157,231.46666666666664],""composited_luminance_0_255"":203.06174018281882},{""x"":82,""y"":67,""kind"":""low_alpha_perimeter"",""rgba"":[68,68,68,26],""alpha"":26,""raw_luminance_0_255"":14.740384698722144,""master_rgb"":[200.0,208.0,216.0],""composited_rgb"":[186.54117647058825,193.72549019607845,200.90980392156862],""composited_luminance_0_255"":135.61233588818664}],""raw_RGB_step_L2"":[285.78838324886476],""composited_RGB_step_L2"":[64.76795691531008],""composited_luminance_steps"":[-67.44940429463219],""composited_luminance_monotonic"":true}"
#14700,104,67,"[104.2034,68.0889]","[104,68]","[0,0,0,19]",19,0,AMBIGUOUS,[8],False,"[{""xy"":[103,67],""glyph_id"":8,""class"":""solid_achromatic_core"",""rgba"":[241,241,241,219],""master_rgba"":[199,207,215,253]},{""xy"":[103,66],""glyph_id"":8,""class"":""solid_achromatic_core"",""rgba"":[241,241,241,219],""master_rgba"":[200,207,215,253]},{""xy"":[103,68],""glyph_id"":8,""class"":""solid_achromatic_core"",""rgba"":[241,241,241,219],""master_rgba"":[199,207,215,253]}]","{""xy"":[103,67],""glyph_id"":8,""class"":""solid_achromatic_core""}","[199,206,215,253]",0.0,"[184.17254901960786,190.65098039215687,198.98039215686276]",131.18176719424807,"[0.0,0.0,0.0]",0.0,241.0,241.0,50.898039215686254,78.33243828785078,50.898039215686254,78.33243828785078,82.79899863970815,190.10196078431375,358.49376303010894,"[16,16,16]","[185.36470588235295,191.84313725490196,200.17254901960786]",1.1921568627450938,2.0648762568664187,1.8474839666669425,"{""nodes"":[{""x"":103,""y"":67,""kind"":""confirmed_support"",""rgba"":[241,241,241,219],""alpha"":219,""raw_luminance_0_255"":224.30371120639708,""master_rgb"":[199.0,207.0,215.0],""composited_rgb"":[235.0705882352941,236.2,237.3294117647059],""composited_luminance_0_255"":213.9807658339562},{""x"":104,""y"":67,""kind"":""low_alpha_perimeter"",""rgba"":[0,0,0,19],""alpha"":19,""raw_luminance_0_255"":0.0,""master_rgb"":[199.0,206.0,215.0],""composited_rgb"":[184.17254901960786,190.65098039215687,198.98039215686276],""composited_luminance_0_255"":131.18176719424807}],""raw_RGB_step_L2"":[417.4242446240994],""composited_RGB_step_L2"":[78.33243828785078],""composited_luminance_steps"":[-82.79899863970815],""composited_luminance_monotonic"":true}"
#14700,109,67,"[109.473,68.0889]","[109,68]","[0,0,0,23]",23,0,AMBIGUOUS,[8],False,"[{""xy"":[110,67],""glyph_id"":8,""class"":""solid_achromatic_core"",""rgba"":[216,216,216,185],""master_rgba"":[198,206,213,253]},{""xy"":[110,66],""glyph_id"":8,""class"":""solid_achromatic_core"",""rgba"":[216,216,216,185],""master_rgba"":[198,206,214,253]},{""xy"":[110,68],""glyph_id"":8,""class"":""solid_achromatic_core"",""rgba"":[216,216,216,185],""master_rgba"":[197,205,212,253]}]","{""xy"":[110,67],""glyph_id"":8,""class"":""solid_achromatic_core""}","[197,205,213,253]",0.0,"[179.2313725490196,186.50980392156862,193.78823529411764]",124.51608661912229,"[0.0,0.0,0.0]",0.0,216.0,216.0,31.82745098039217,46.75193593887921,31.552941176470597,46.28249715047428,45.03286709380998,184.17254901960783,271.4225500802052,"[16,16,16]","[180.67450980392155,187.95294117647057,195.2313725490196]",1.4431372549019557,2.4995870477856648,2.171472268772547,"{""nodes"":[{""x"":110,""y"":67,""kind"":""confirmed_support"",""rgba"":[216,216,216,185],""alpha"":185,""raw_luminance_0_255"":175.10475467100497,""master_rgb"":[198.0,206.0,213.0],""composited_rgb"":[211.05882352941177,213.2549019607843,215.17647058823528],""composited_luminance_0_255"":169.54895371293227},{""x"":109,""y"":67,""kind"":""low_alpha_perimeter"",""rgba"":[0,0,0,23],""alpha"":23,""raw_luminance_0_255"":0.0,""master_rgb"":[197.0,205.0,213.0],""composited_rgb"":[179.2313725490196,186.50980392156862,193.78823529411764],""composited_luminance_0_255"":124.51608661912229}],""raw_RGB_step_L2"":[374.1229744348775],""composited_RGB_step_L2"":[46.75193593887921],""composited_luminance_steps"":[-45.03286709380998],""composited_luminance_monotonic"":true}"
#14700,125,67,"[126.3358,68.0889]","[126,68]","[0,0,0,2]",2,0,SAFE WORDMARK OWNERSHIP,[9],False,"[{""xy"":[126,66],""glyph_id"":9,""class"":""proven_tonal_attachment"",""rgba"":[0,0,0,11],""master_rgba"":[198,206,214,253]}]","{""xy"":[126,66],""glyph_id"":9,""class"":""proven_tonal_attachment""}","[198,205,214,253]",0.0,"[196.4470588235294,203.3921568627451,212.32156862745097]",151.6302783086702,"[0.0,0.0,0.0]",0.0,0.0,0.0,7.5529411764705685,12.054088660740128,7.5529411764705685,12.054088660740128,10.721425343962068,-7.5529411764705685,0.0,"[16,16,16]","[196.57254901960783,203.51764705882354,212.4470588235294]",0.12549019607843093,0.21735539545962304,0.21084111762749558,"{""nodes"":[{""x"":126,""y"":65,""kind"":""solid_core"",""rgba"":[218,218,218,210],""alpha"":210,""raw_luminance_0_255"":178.78098244290814,""master_rgb"":[198.0,206.0,214.0],""composited_rgb"":[214.47058823529414,215.88235294117646,217.29411764705884],""composited_luminance_0_255"":174.53117664014556},{""x"":126,""y"":66,""kind"":""confirmed_tonal_attachment"",""rgba"":[0,0,0,11],""alpha"":11,""raw_luminance_0_255"":0.0,""master_rgb"":[198.0,206.0,214.0],""composited_rgb"":[189.45882352941177,197.1137254901961,204.7686274509804],""composited_luminance_0_255"":140.90885296470813},{""x"":125,""y"":67,""kind"":""low_alpha_perimeter"",""rgba"":[0,0,0,2],""alpha"":2,""raw_luminance_0_255"":0.0,""master_rgb"":[198.0,205.0,214.0],""composited_rgb"":[196.4470588235294,203.3921568627451,212.32156862745097],""composited_luminance_0_255"":151.6302783086702}],""raw_RGB_step_L2"":[377.58707605001524,0.0],""composited_RGB_step_L2"":[33.685867285082246,12.054088660740128],""composited_luminance_steps"":[-33.62232367543743,10.721425343962068],""composited_luminance_monotonic"":false}"
#14700,138,67,"[140.0368,68.0889]","[140,68]","[13,13,13,19]",19,0,SAFE WORDMARK OWNERSHIP,[9],False,"[{""xy"":[137,67],""glyph_id"":9,""class"":""solid_achromatic_core"",""rgba"":[220,220,220,213],""master_rgba"":[197,204,213,253]},{""xy"":[138,68],""glyph_id"":9,""class"":""proven_tonal_attachment"",""rgba"":[0,0,0,1],""master_rgba"":[197,205,213,253]},{""xy"":[137,66],""glyph_id"":9,""class"":""solid_achromatic_core"",""rgba"":[219,219,219,214],""master_rgba"":[197,205,213,253]},{""xy"":[137,68],""glyph_id"":9,""class"":""solid_achromatic_core"",""rgba"":[180,180,180,172],""master_rgba"":[197,205,213,253]}]","{""xy"":[137,67],""glyph_id"":9,""class"":""solid_achromatic_core""}","[197,205,213,253]",1.0263028397165581,"[183.2901960784314,190.69411764705885,198.09803921568627]",130.84807242099424,"[0.9686274509803922,0.9686274509803922,0.9686274509803922]",1.6777119587039713,13.0,207.0,32.92156862745097,47.1770258960358,7.356862745098027,8.105099708937006,46.50841144633512,174.07843137254903,316.6120952674827,"[16,16,16]","[183.5137254901961,190.91764705882355,198.32156862745097]",0.22352941176470154,0.3871642981624474,0.34473586163926484,"{""nodes"":[{""x"":137,""y"":67,""kind"":""confirmed_support"",""rgba"":[220,220,220,213],""alpha"":213,""raw_luminance_0_255"":182.50184262915258,""master_rgb"":[197.0,204.0,213.0],""composited_rgb"":[216.21176470588236,217.36470588235295,218.84705882352944],""composited_luminance_0_255"":177.35648386732936},{""x"":138,""y"":67,""kind"":""low_alpha_perimeter"",""rgba"":[13,13,13,19],""alpha"":19,""raw_luminance_0_255"":1.0263028397165581,""master_rgb"":[197.0,205.0,213.0],""composited_rgb"":[183.2901960784314,190.69411764705885,198.09803921568627],""composited_luminance_0_255"":130.84807242099424}],""raw_RGB_step_L2"":[358.5345171667576],""composited_RGB_step_L2"":[47.1770258960358],""composited_luminance_steps"":[-46.50841144633512],""composited_luminance_monotonic"":true}"
#14700,153,67,"[155.8456,68.0889]","[156,68]","[0,0,0,3]",3,0,SAFE WORDMARK OWNERSHIP,[10],False,"[{""xy"":[152,66],""glyph_id"":10,""class"":""proven_tonal_attachment"",""rgba"":[0,0,0,5],""master_rgba"":[195,203,212,253]},{""xy"":[154,66],""glyph_id"":10,""class"":""proven_tonal_attachment"",""rgba"":[0,0,0,2],""master_rgba"":[196,203,211,253]}]","{""xy"":[152,66],""glyph_id"":10,""class"":""proven_tonal_attachment""}","[196,203,211,253]",0.0,"[193.69411764705882,200.61176470588236,208.51764705882354]",146.8825313692852,"[0.0,0.0,0.0]",0.0,0.0,0.0,2.517647058823542,3.054255009650564,0.8274509803921433,1.3817395384981601,2.803755458435745,-2.517647058823542,0.0,"[16,16,16]","[193.88235294117646,200.8,208.7058823529412]",0.1882352941176464,0.3260330931894346,0.3105174201136549,"{""nodes"":[{""x"":152,""y"":65,""kind"":""solid_core"",""rgba"":[205,205,205,195],""alpha"":195,""raw_luminance_0_255"":155.6763705560055,""master_rgb"":[196.0,204.0,213.0],""composited_rgb"":[202.88235294117646,204.76470588235293,206.88235294117646],""composited_luminance_0_255"":154.8599517131886},{""x"":152,""y"":66,""kind"":""confirmed_tonal_attachment"",""rgba"":[0,0,0,5],""alpha"":5,""raw_luminance_0_255"":0.0,""master_rgb"":[195.0,203.0,212.0],""composited_rgb"":[191.17647058823528,199.01960784313724,207.84313725490196],""composited_luminance_0_255"":144.07877591084946},{""x"":153,""y"":67,""kind"":""low_alpha_perimeter"",""rgba"":[0,0,0,3],""alpha"":3,""raw_luminance_0_255"":0.0,""master_rgb"":[196.0,203.0,211.0],""composited_rgb"":[193.69411764705882,200.61176470588236,208.51764705882354],""composited_luminance_0_255"":146.8825313692852}],""raw_RGB_step_L2"":[355.0704155516198,0.0],""composited_RGB_step_L2"":[13.075050272890001,3.054255009650564],""composited_luminance_steps"":[-10.781175802339135,2.803755458435745],""composited_luminance_monotonic"":false}"
#14700,164,67,"[167.4387,68.0889]","[167,68]","[0,0,0,20]",20,0,AMBIGUOUS,[10],False,"[{""xy"":[165,67],""glyph_id"":10,""class"":""solid_achromatic_core"",""rgba"":[213,213,213,180],""master_rgba"":[195,202,211,253]},{""xy"":[165,66],""glyph_id"":10,""class"":""solid_achromatic_core"",""rgba"":[213,213,213,180],""master_rgba"":[195,203,211,253]},{""xy"":[165,68],""glyph_id"":10,""class"":""solid_achromatic_core"",""rgba"":[213,213,213,180],""master_rgba"":[195,202,210,253]}]","{""xy"":[165,67],""glyph_id"":10,""class"":""solid_achromatic_core""}","[194,202,211,253]",0.0,"[178.7843137254902,186.15686274509804,194.45098039215688]",124.07613158761743,"[0.0,0.0,0.0]",0.0,213.0,213.0,28.921568627450995,41.429182500138225,28.921568627450995,41.30252414292258,39.42645694064473,184.078431372549,260.4189331850618,"[16,16,16]","[180.0392156862745,187.41176470588235,195.7058823529412]",1.2549019607843093,2.1735539545962306,1.8830610017708693,"{""nodes"":[{""x"":165,""y"":67,""kind"":""confirmed_support"",""rgba"":[213,213,213,180],""alpha"":180,""raw_luminance_0_255"":169.67376106197938,""master_rgb"":[195.0,202.0,211.0],""composited_rgb"":[207.7058823529412,209.76470588235296,212.41176470588238],""composited_luminance_0_255"":163.50258852826215},{""x"":164,""y"":67,""kind"":""low_alpha_perimeter"",""rgba"":[0,0,0,20],""alpha"":20,""raw_luminance_0_255"":0.0,""master_rgb"":[194.0,202.0,211.0],""composited_rgb"":[178.7843137254902,186.15686274509804,194.45098039215688],""composited_luminance_0_255"":124.07613158761743}],""raw_RGB_step_L2"":[368.9268220121709],""composited_RGB_step_L2"":[41.429182500138225],""composited_luminance_steps"":[-39.42645694064473],""composited_luminance_monotonic"":true}"
#14700,174,67,"[177.9779,68.0889]","[178,68]","[0,0,0,1]",1,0,SAFE WORDMARK OWNERSHIP,[10],False,"[{""xy"":[175,67],""glyph_id"":10,""class"":""proven_tonal_attachment"",""rgba"":[0,0,0,3],""master_rgba"":[196,203,211,253]},{""xy"":[175,66],""glyph_id"":10,""class"":""proven_tonal_attachment"",""rgba"":[0,0,0,4],""master_rgba"":[195,202,210,253]},{""xy"":[175,68],""glyph_id"":10,""class"":""proven_tonal_attachment"",""rgba"":[0,0,0,1],""master_rgba"":[195,203,211,253]}]","{""xy"":[175,67],""glyph_id"":10,""class"":""proven_tonal_attachment""}","[195,203,211,253]",0.0,"[194.23529411764707,202.20392156862746,210.17254901960786]",149.17261321067005,"[0.0,0.0,0.0]",0.0,0.0,0.0,1.654901960784315,2.3593507470726873,0.0,0.0,2.290081841384847,-1.654901960784315,0.0,"[16,16,16]","[194.2980392156863,202.26666666666668,210.23529411764707]",0.06274509803921546,0.10867769772981152,0.10439675808507332,"{""nodes"":[{""x"":176,""y"":67,""kind"":""solid_core"",""rgba"":[169,169,169,164],""alpha"":164,""raw_luminance_0_255"":101.17258383503483,""master_rgb"":[195.0,203.0,211.0],""composited_rgb"":[178.27843137254902,181.13333333333333,183.98823529411766],""composited_luminance_0_255"":117.45336948313108},{""x"":175,""y"":67,""kind"":""confirmed_tonal_attachment"",""rgba"":[0,0,0,3],""alpha"":3,""raw_luminance_0_255"":0.0,""master_rgb"":[196.0,203.0,211.0],""composited_rgb"":[193.69411764705882,200.61176470588236,208.51764705882354],""composited_luminance_0_255"":146.8825313692852},{""x"":174,""y"":67,""kind"":""low_alpha_perimeter"",""rgba"":[0,0,0,1],""alpha"":1,""raw_luminance_0_255"":0.0,""master_rgb"":[195.0,203.0,211.0],""composited_rgb"":[194.23529411764707,202.20392156862746,210.17254901960786],""composited_luminance_0_255"":149.17261321067005}],""raw_RGB_step_L2"":[292.7165864791403,0.0],""composited_RGB_step_L2"":[34.91052439554158,2.3593507470726873],""composited_luminance_steps"":[29.42916188615412,2.290081841384847],""composited_luminance_monotonic"":true}"
#14700,199,67,"[204.326,68.0889]","[204,68]","[255,255,255,1]",1,0,AMBIGUOUS,[10],False,"[{""xy"":[199,66],""glyph_id"":10,""class"":""solid_achromatic_core"",""rgba"":[102,102,102,95],""master_rgba"":[184,191,198,253]},{""xy"":[198,66],""glyph_id"":10,""class"":""solid_achromatic_core"",""rgba"":[180,180,180,157],""master_rgba"":[186,193,201,253]},{""xy"":[200,66],""glyph_id"":10,""class"":""solid_achromatic_core"",""rgba"":[98,98,98,96],""master_rgba"":[183,191,197,253]},{""xy"":[198,68],""glyph_id"":10,""class"":""proven_tonal_attachment"",""rgba"":[145,145,145,7],""master_rgba"":[187,194,201,253]}]","{""xy"":[199,66],""glyph_id"":10,""class"":""solid_achromatic_core""}","[184,190,198,253]",255.0,"[184.27843137254902,190.2549019607843,198.2235294117647]",130.6868420078082,"[1.0,1.0,1.0]",1.7320508075688772,75.0,153.0,35.98823529411763,57.410863997006146,2.3999999999999773,3.123499255174855,44.41135952599696,117.01176470588237,64.08587988004847,"[16,16,16]","[183.34117647058824,189.31764705882352,197.28627450980392]",0.9372549019607845,1.6233731098390658,1.438743165268761,"{""nodes"":[{""x"":199,""y"":66,""kind"":""confirmed_support"",""rgba"":[102,102,102,95],""alpha"":95,""raw_luminance_0_255"":33.88142199622358,""master_rgb"":[184.0,191.0,198.0],""composited_rgb"":[153.45098039215685,157.84313725490196,162.23529411764707],""composited_luminance_0_255"":86.27548248181124},{""x"":199,""y"":67,""kind"":""low_alpha_perimeter"",""rgba"":[255,255,255,1],""alpha"":1,""raw_luminance_0_255"":255.0,""master_rgb"":[184.0,190.0,198.0],""composited_rgb"":[184.27843137254902,190.2549019607843,198.2235294117647],""composited_luminance_0_255"":130.6868420078082}],""raw_RGB_step_L2"":[265.00377355803823],""composited_RGB_step_L2"":[57.410863997006146],""composited_luminance_steps"":[44.41135952599696],""composited_luminance_monotonic"":true}"
#14700,69,68,"[67.3162,69.1333]","[67,69]","[255,255,255,1]",1,0,AMBIGUOUS,[6],False,"[{""xy"":[68,69],""glyph_id"":6,""class"":""proven_tonal_attachment"",""rgba"":[0,0,0,1],""master_rgba"":[200,208,216,253]}]","{""xy"":[68,69],""glyph_id"":6,""class"":""proven_tonal_attachment""}","[201,209,216,253]",255.0,"[201.21176470588236,209.18039215686275,216.1529411764706]",160.91050987299664,"[1.0,1.0,1.0]",1.7320508075688772,255.0,255.0,1.9960784313725526,2.9947718124059834,1.9960784313725526,2.9947718124059834,3.318430690637655,253.00392156862745,1.7320508075688772,"[16,16,16]","[200.27450980392157,208.24313725490197,215.2156862745098]",0.9372549019607845,1.6233731098390658,1.6247827489714837,"{""nodes"":[{""x"":68,""y"":70,""kind"":""solid_core"",""rgba"":[96,96,96,53],""alpha"":53,""raw_luminance_0_255"":29.827520278420263,""master_rgb"":[200.0,208.0,216.0],""composited_rgb"":[178.3843137254902,184.72156862745095,191.05882352941177],""composited_luminance_0_255"":122.03336321439878},{""x"":68,""y"":69,""kind"":""confirmed_tonal_attachment"",""rgba"":[0,0,0,1],""alpha"":1,""raw_luminance_0_255"":0.0,""master_rgb"":[200.0,208.0,216.0],""composited_rgb"":[199.2156862745098,207.1843137254902,215.1529411764706],""composited_luminance_0_255"":157.592079182359},{""x"":69,""y"":68,""kind"":""low_alpha_perimeter"",""rgba"":[255,255,255,1],""alpha"":1,""raw_luminance_0_255"":255.0,""master_rgb"":[201.0,209.0,216.0],""composited_rgb"":[201.21176470588236,209.18039215686275,216.1529411764706],""composited_luminance_0_255"":160.91050987299664}],""raw_RGB_step_L2"":[166.27687752661222,441.6729559300637],""composited_RGB_step_L2"":[38.97495997183122,2.9947718124059834],""composited_luminance_steps"":[35.55871596796021,3.318430690637655],""composited_luminance_monotonic"":true}"
#14700,73,68,"[71.5319,69.1333]","[72,69]","[127,127,127,2]",2,0,AMBIGUOUS,[6],False,"[{""xy"":[74,69],""glyph_id"":6,""class"":""proven_tonal_attachment"",""rgba"":[0,0,0,1],""master_rgba"":[202,210,218,253]}]","{""xy"":[74,69],""glyph_id"":6,""class"":""proven_tonal_attachment""}","[202,210,217,253]",54.118843140584076,"[201.41176470588238,209.34901960784316,216.29411764705884]",161.2113451397468,"[0.996078431372549,0.996078431372549,0.996078431372549]",1.725258451460764,127.0,127.0,0.8509803921568562,0.891921968646672,0.8509803921568562,0.891921968646672,0.1757450063802537,126.14901960784314,1.725258451460764,"[16,16,16]","[200.54117647058825,208.47843137254904,215.42352941176472]",0.8705882352941217,1.507903056001147,1.5111822199456526,"{""nodes"":[{""x"":74,""y"":70,""kind"":""solid_core"",""rgba"":[161,161,161,106],""alpha"":106,""raw_luminance_0_255"":90.88203675721559,""master_rgb"":[201.0,209.0,217.0],""composited_rgb"":[184.37254901960785,189.0470588235294,193.72156862745095],""composited_luminance_0_255"":128.86272577682064},{""x"":74,""y"":69,""kind"":""confirmed_tonal_attachment"",""rgba"":[0,0,0,1],""alpha"":1,""raw_luminance_0_255"":0.0,""master_rgb"":[202.0,210.0,218.0],""composited_rgb"":[201.2078431372549,209.1764705882353,217.1450980392157],""composited_luminance_0_255"":161.03560013336656},{""x"":73,""y"":68,""kind"":""low_alpha_perimeter"",""rgba"":[127,127,127,2],""alpha"":2,""raw_luminance_0_255"":54.118843140584076,""master_rgb"":[202.0,210.0,217.0],""composited_rgb"":[201.41176470588238,209.34901960784316,216.29411764705884],""composited_luminance_0_255"":161.2113451397468}],""raw_RGB_step_L2"":[278.86018001858923,219.9704525612474],""composited_RGB_step_L2"":[35.17502062720889,0.891921968646672],""composited_luminance_steps"":[32.17287435654592,0.1757450063802537],""composited_luminance_monotonic"":true}"
#14700,74,68,"[72.5858,69.1333]","[73,69]","[127,127,127,2]",2,0,AMBIGUOUS,[6],False,"[{""xy"":[75,68],""glyph_id"":6,""class"":""proven_tonal_attachment"",""rgba"":[191,191,191,4],""master_rgba"":[203,210,218,253]},{""xy"":[74,69],""glyph_id"":6,""class"":""proven_tonal_attachment"",""rgba"":[0,0,0,1],""master_rgba"":[202,210,218,253]},{""xy"":[75,69],""glyph_id"":6,""class"":""proven_tonal_attachment"",""rgba"":[0,0,0,5],""master_rgba"":[203,211,219,253]}]","{""xy"":[75,68],""glyph_id"":6,""class"":""proven_tonal_attachment""}","[203,211,218,253]",54.118843140584076,"[202.40392156862745,210.34117647058824,217.28627450980395]",162.94368237881662,"[0.996078431372549,0.996078431372549,0.996078431372549]",1.725258451460764,64.0,64.0,0.6392156862744969,0.8118783665810034,0.6392156862744969,0.8118783665810034,0.6207372590587283,63.3607843137255,3.4641016151377544,"[16,16,16]","[201.53333333333333,209.47058823529412,216.41568627450982]",0.8705882352941217,1.507903056001147,1.5206552619933689,"{""nodes"":[{""x"":76,""y"":69,""kind"":""solid_core"",""rgba"":[92,92,92,58],""alpha"":58,""raw_luminance_0_255"":27.290891259458242,""master_rgb"":[202.0,210.0,218.0],""composited_rgb"":[176.98039215686276,183.16078431372551,189.34117647058827],""composited_luminance_0_255"":119.76612606725641},{""x"":75,""y"":68,""kind"":""confirmed_tonal_attachment"",""rgba"":[191,191,191,4],""alpha"":4,""raw_luminance_0_255"":132.85387116711036,""master_rgb"":[203.0,210.0,218.0],""composited_rgb"":[202.81176470588235,209.70196078431374,217.5764705882353],""composited_luminance_0_255"":162.3229451197579},{""x"":74,""y"":68,""kind"":""low_alpha_perimeter"",""rgba"":[127,127,127,2],""alpha"":2,""raw_luminance_0_255"":54.118843140584076,""master_rgb"":[203.0,211.0,218.0],""composited_rgb"":[202.40392156862745,210.34117647058824,217.28627450980395],""composited_luminance_0_255"":162.94368237881662}],""raw_RGB_step_L2"":[171.47302994931886,110.85125168440814],""composited_RGB_step_L2"":[46.57172629524466,0.8118783665810034],""composited_luminance_steps"":[42.55681905250148,0.6207372590587283],""composited_luminance_monotonic"":true}"
#14700,82,68,"[81.0172,69.1333]","[81,69]","[66,66,66,27]",27,0,AMBIGUOUS,[7],False,"[{""xy"":[83,68],""glyph_id"":7,""class"":""solid_achromatic_core"",""rgba"":[233,233,233,233],""master_rgba"":[200,208,215,253]},{""xy"":[83,67],""glyph_id"":7,""class"":""solid_achromatic_core"",""rgba"":[233,233,233,232],""master_rgba"":[200,208,216,253]},{""xy"":[83,69],""glyph_id"":7,""class"":""solid_achromatic_core"",""rgba"":[230,230,230,230],""master_rgba"":[200,208,216,253]}]","{""xy"":[83,68],""glyph_id"":7,""class"":""solid_achromatic_core""}","[200,208,216,253]",13.892470492822802,"[185.81176470588238,192.96470588235297,200.11764705882354]",134.42452763404935,"[6.988235294117647,6.988235294117647,6.988235294117647]",12.103978584657801,164.0,167.0,44.34117647058821,66.20005691510576,41.247058823529386,61.07891417050236,68.82879218040503,122.65882352941179,356.6462421687021,"[16,16,16]","[180.51764705882354,187.67058823529413,194.8235294117647]",5.29411764705884,9.169680745952908,8.139477896582946,"{""nodes"":[{""x"":83,""y"":68,""kind"":""confirmed_support"",""rgba"":[233,233,233,233],""alpha"":233,""raw_luminance_0_255"":207.78587591510578,""master_rgb"":[200.0,208.0,215.0],""composited_rgb"":[230.1529411764706,230.843137254902,231.44705882352943],""composited_luminance_0_255"":203.2533198144544},{""x"":82,""y"":68,""kind"":""low_alpha_perimeter"",""rgba"":[66,66,66,27],""alpha"":27,""raw_luminance_0_255"":13.892470492822802,""master_rgb"":[200.0,208.0,216.0],""composited_rgb"":[185.81176470588238,192.96470588235297,200.11764705882354],""composited_luminance_0_255"":134.42452763404935}],""raw_RGB_step_L2"":[289.2524848640025],""composited_RGB_step_L2"":[66.20005691510576],""composited_luminance_steps"":[-68.82879218040503],""composited_luminance_monotonic"":true}"
#14700,87,68,"[86.2868,69.1333]","[86,69]","[127,127,127,4]",4,0,AMBIGUOUS,[7],False,"[{""xy"":[87,69],""glyph_id"":7,""class"":""proven_tonal_attachment"",""rgba"":[0,0,0,1],""master_rgba"":[201,209,216,253]}]","{""xy"":[87,69],""glyph_id"":7,""class"":""proven_tonal_attachment""}","[201,209,217,253]",54.118843140584076,"[199.83921568627454,207.7137254901961,215.58823529411768]",158.52356660566792,"[1.992156862745098,1.992156862745098,1.992156862745098]",3.450516902921528,127.0,127.0,0.46666666666664014,0.7389529881167385,0.46666666666664014,0.7389529881167385,0.6537319753219037,126.53333333333336,3.450516902921528,"[16,16,16]","[198.0980392156863,205.97254901960787,213.84705882352944]",1.7411764705882433,3.015806112002294,2.9844829856323543,"{""nodes"":[{""x"":87,""y"":70,""kind"":""solid_core"",""rgba"":[159,159,159,110],""alpha"":110,""raw_luminance_0_255"":88.40953437053255,""master_rgb"":[201.0,208.0,216.0],""composited_rgb"":[182.88235294117646,186.86274509803923,191.41176470588235],""composited_luminance_0_255"":125.75335108310951},{""x"":87,""y"":69,""kind"":""confirmed_tonal_attachment"",""rgba"":[0,0,0,1],""alpha"":1,""raw_luminance_0_255"":0.0,""master_rgb"":[201.0,209.0,216.0],""composited_rgb"":[200.21176470588236,208.18039215686275,215.1529411764706],""composited_luminance_0_255"":159.17729858098983},{""x"":87,""y"":68,""kind"":""low_alpha_perimeter"",""rgba"":[127,127,127,4],""alpha"":4,""raw_luminance_0_255"":54.118843140584076,""master_rgb"":[201.0,209.0,217.0],""composited_rgb"":[199.83921568627454,207.7137254901961,215.58823529411768],""composited_luminance_0_255"":158.52356660566792}],""raw_RGB_step_L2"":[275.3960784034515,219.9704525612474],""composited_RGB_step_L2"":[36.309696341926454,0.7389529881167385],""composited_luminance_steps"":[33.42394749788032,-0.6537319753219037],""composited_luminance_monotonic"":false}"
#14700,88,68,"[87.3407,69.1333]","[87,69]","[255,255,255,1]",1,0,AMBIGUOUS,[7],False,"[{""xy"":[87,69],""glyph_id"":7,""class"":""proven_tonal_attachment"",""rgba"":[0,0,0,1],""master_rgba"":[201,209,216,253]}]","{""xy"":[87,69],""glyph_id"":7,""class"":""proven_tonal_attachment""}","[201,208,215,253]",255.0,"[201.21176470588236,208.1843137254902,215.15686274509804]",159.53545700049892,"[1.0,1.0,1.0]",1.7320508075688772,255.0,255.0,1.0,1.0000153785822494,1.0,1.0000153785822494,0.35815841950909544,254.0,1.7320508075688772,"[16,16,16]","[200.27450980392157,207.24705882352941,214.21960784313725]",0.9372549019607845,1.6233731098390658,1.616711395488636,"{""nodes"":[{""x"":87,""y"":70,""kind"":""solid_core"",""rgba"":[159,159,159,110],""alpha"":110,""raw_luminance_0_255"":88.40953437053255,""master_rgb"":[201.0,208.0,216.0],""composited_rgb"":[182.88235294117646,186.86274509803923,191.41176470588235],""composited_luminance_0_255"":125.75335108310951},{""x"":87,""y"":69,""kind"":""confirmed_tonal_attachment"",""rgba"":[0,0,0,1],""alpha"":1,""raw_luminance_0_255"":0.0,""master_rgb"":[201.0,209.0,216.0],""composited_rgb"":[200.21176470588236,208.18039215686275,215.1529411764706],""composited_luminance_0_255"":159.17729858098983},{""x"":88,""y"":68,""kind"":""low_alpha_perimeter"",""rgba"":[255,255,255,1],""alpha"":1,""raw_luminance_0_255"":255.0,""master_rgb"":[201.0,208.0,215.0],""composited_rgb"":[201.21176470588236,208.1843137254902,215.15686274509804],""composited_luminance_0_255"":159.53545700049892}],""raw_RGB_step_L2"":[275.3960784034515,441.6729559300637],""composited_RGB_step_L2"":[36.309696341926454,1.0000153785822494],""composited_luminance_steps"":[33.42394749788032,0.35815841950909544],""composited_luminance_monotonic"":true}"
#14700,93,68,"[92.6103,69.1333]","[93,69]","[255,255,255,1]",1,0,AMBIGUOUS,[7],False,"[{""xy"":[94,69],""glyph_id"":7,""class"":""proven_tonal_attachment"",""rgba"":[0,0,0,1],""master_rgba"":[200,207,215,253]}]","{""xy"":[94,69],""glyph_id"":7,""class"":""proven_tonal_attachment""}","[200,207,216,253]",255.0,"[200.2156862745098,207.18823529411765,216.1529411764706]",158.0790332164492,"[1.0,1.0,1.0]",1.7320508075688772,255.0,255.0,1.9960784313725526,2.4462888431644187,1.9960784313725526,2.4462888431644187,1.8456276309345014,253.00392156862745,1.7320508075688772,"[16,16,16]","[199.27843137254902,206.25098039215686,215.2156862745098]",0.9372549019607845,1.6233731098390658,1.608004837019081,"{""nodes"":[{""x"":94,""y"":70,""kind"":""solid_core"",""rgba"":[158,158,158,111],""alpha"":111,""raw_luminance_0_255"":87.18817835170853,""master_rgb"":[199.0,207.0,215.0],""composited_rgb"":[181.1529411764706,185.67058823529413,190.18823529411765],""composited_luminance_0_255"":123.79579163430247},{""x"":94,""y"":69,""kind"":""confirmed_tonal_attachment"",""rgba"":[0,0,0,1],""alpha"":1,""raw_luminance_0_255"":0.0,""master_rgb"":[200.0,207.0,215.0],""composited_rgb"":[199.2156862745098,206.18823529411765,214.15686274509804],""composited_luminance_0_255"":156.2334055855147},{""x"":93,""y"":68,""kind"":""low_alpha_perimeter"",""rgba"":[255,255,255,1],""alpha"":1,""raw_luminance_0_255"":255.0,""master_rgb"":[200.0,207.0,216.0],""composited_rgb"":[200.2156862745098,207.18823529411765,216.1529411764706],""composited_luminance_0_255"":158.0790332164492}],""raw_RGB_step_L2"":[273.6640275958826,441.6729559300637],""composited_RGB_step_L2"":[36.35562821890277,2.4462888431644187],""composited_luminance_steps"":[32.43761395121223,1.8456276309345014],""composited_luminance_monotonic"":true}"
#14700,94,68,"[93.6642,69.1333]","[94,69]","[127,127,127,4]",4,0,AMBIGUOUS,[7],False,"[{""xy"":[94,69],""glyph_id"":7,""class"":""proven_tonal_attachment"",""rgba"":[0,0,0,1],""master_rgba"":[200,207,215,253]}]","{""xy"":[94,69],""glyph_id"":7,""class"":""proven_tonal_attachment""}","[200,208,216,253]",54.118843140584076,"[198.85490196078433,206.7294117647059,214.60392156862747]",156.83232606626336,"[1.992156862745098,1.992156862745098,1.992156862745098]",3.450516902921528,127.0,127.0,0.5411764705882547,0.7892394345471095,0.5411764705882547,0.7892394345471095,0.5989204807486601,126.45882352941175,3.450516902921528,"[16,16,16]","[197.1137254901961,204.98823529411766,212.86274509803923]",1.7411764705882433,3.015806112002294,2.9657879096153863,"{""nodes"":[{""x"":94,""y"":70,""kind"":""solid_core"",""rgba"":[158,158,158,111],""alpha"":111,""raw_luminance_0_255"":87.18817835170853,""master_rgb"":[199.0,207.0,215.0],""composited_rgb"":[181.1529411764706,185.67058823529413,190.18823529411765],""composited_luminance_0_255"":123.79579163430247},{""x"":94,""y"":69,""kind"":""confirmed_tonal_attachment"",""rgba"":[0,0,0,1],""alpha"":1,""raw_luminance_0_255"":0.0,""master_rgb"":[200.0,207.0,215.0],""composited_rgb"":[199.2156862745098,206.18823529411765,214.15686274509804],""composited_luminance_0_255"":156.2334055855147},{""x"":94,""y"":68,""kind"":""low_alpha_perimeter"",""rgba"":[127,127,127,4],""alpha"":4,""raw_luminance_0_255"":54.118843140584076,""master_rgb"":[200.0,208.0,216.0],""composited_rgb"":[198.85490196078433,206.7294117647059,214.60392156862747],""composited_luminance_0_255"":156.83232606626336}],""raw_RGB_step_L2"":[273.6640275958826,219.9704525612474],""composited_RGB_step_L2"":[36.35562821890277,0.7892394345471095],""composited_luminance_steps"":[32.43761395121223,0.5989204807486601],""composited_luminance_monotonic"":true}"
#14700,104,68,"[104.2034,69.1333]","[104,69]","[0,0,0,19]",19,0,AMBIGUOUS,[8],False,"[{""xy"":[103,68],""glyph_id"":8,""class"":""solid_achromatic_core"",""rgba"":[241,241,241,219],""master_rgba"":[199,207,215,253]},{""xy"":[103,67],""glyph_id"":8,""class"":""solid_achromatic_core"",""rgba"":[241,241,241,219],""master_rgba"":[199,207,215,253]},{""xy"":[103,69],""glyph_id"":8,""class"":""solid_achromatic_core"",""rgba"":[241,241,241,219],""master_rgba"":[199,207,215,253]}]","{""xy"":[103,68],""glyph_id"":8,""class"":""solid_achromatic_core""}","[199,207,215,253]",0.0,"[184.17254901960786,191.5764705882353,198.98039215686276]",132.21195246146283,"[0.0,0.0,0.0]",0.0,241.0,241.0,50.898039215686254,77.79792463843043,50.898039215686254,77.79792463843043,81.76881337249338,190.10196078431375,358.49376303010894,"[16,16,16]","[185.36470588235295,192.7686274509804,200.17254901960786]",1.1921568627450938,2.0648762568664187,1.8558753338735414,"{""nodes"":[{""x"":103,""y"":68,""kind"":""confirmed_support"",""rgba"":[241,241,241,219],""alpha"":219,""raw_luminance_0_255"":224.30371120639708,""master_rgb"":[199.0,207.0,215.0],""composited_rgb"":[235.0705882352941,236.2,237.3294117647059],""composited_luminance_0_255"":213.9807658339562},{""x"":104,""y"":68,""kind"":""low_alpha_perimeter"",""rgba"":[0,0,0,19],""alpha"":19,""raw_luminance_0_255"":0.0,""master_rgb"":[199.0,207.0,215.0],""composited_rgb"":[184.17254901960786,191.5764705882353,198.98039215686276],""composited_luminance_0_255"":132.21195246146283}],""raw_RGB_step_L2"":[417.4242446240994],""composited_RGB_step_L2"":[77.79792463843043],""composited_luminance_steps"":[-81.76881337249338],""composited_luminance_monotonic"":true}"
#14700,109,68,"[109.473,69.1333]","[109,69]","[0,0,0,23]",23,0,AMBIGUOUS,[8],False,"[{""xy"":[110,68],""glyph_id"":8,""class"":""solid_achromatic_core"",""rgba"":[216,216,216,185],""master_rgba"":[197,205,212,253]},{""xy"":[110,67],""glyph_id"":8,""class"":""solid_achromatic_core"",""rgba"":[216,216,216,185],""master_rgba"":[198,206,213,253]},{""xy"":[110,69],""glyph_id"":8,""class"":""solid_achromatic_core"",""rgba"":[216,216,216,185],""master_rgba"":[197,204,213,253]}]","{""xy"":[110,68],""glyph_id"":8,""class"":""solid_achromatic_core""}","[197,205,213,253]",0.0,"[179.2313725490196,186.50980392156862,193.78823529411764]",124.51608661912229,"[0.0,0.0,0.0]",0.0,216.0,216.0,31.552941176470597,46.28249715047428,31.552941176470597,46.25234297919376,44.54111196673321,184.4470588235294,271.4225500802052,"[16,16,16]","[180.67450980392155,187.95294117647057,195.2313725490196]",1.4431372549019557,2.4995870477856648,2.171472268772547,"{""nodes"":[{""x"":110,""y"":68,""kind"":""confirmed_support"",""rgba"":[216,216,216,185],""alpha"":185,""raw_luminance_0_255"":175.10475467100497,""master_rgb"":[197.0,205.0,212.0],""composited_rgb"":[210.7843137254902,212.98039215686273,214.9019607843137],""composited_luminance_0_255"":169.0571985858555},{""x"":109,""y"":68,""kind"":""low_alpha_perimeter"",""rgba"":[0,0,0,23],""alpha"":23,""raw_luminance_0_255"":0.0,""master_rgb"":[197.0,205.0,213.0],""composited_rgb"":[179.2313725490196,186.50980392156862,193.78823529411764],""composited_luminance_0_255"":124.51608661912229}],""raw_RGB_step_L2"":[374.1229744348775],""composited_RGB_step_L2"":[46.28249715047428],""composited_luminance_steps"":[-44.54111196673321],""composited_luminance_monotonic"":true}"
#14700,126,68,"[127.3897,69.1333]","[127,69]","[0,0,0,1]",1,0,AMBIGUOUS,[9],False,"[{""xy"":[126,69],""glyph_id"":9,""class"":""proven_tonal_attachment"",""rgba"":[0,0,0,1],""master_rgba"":[197,205,213,253]},{""xy"":[125,69],""glyph_id"":9,""class"":""proven_tonal_attachment"",""rgba"":[0,0,0,1],""master_rgba"":[197,205,213,253]}]","{""xy"":[126,69],""glyph_id"":9,""class"":""proven_tonal_attachment""}","[197,205,213,253]",0.0,"[196.22745098039215,204.19607843137254,212.16470588235293]",152.50804046282582,"[0.0,0.0,0.0]",0.0,0.0,0.0,0.0,0.0,0.0,0.0,0.0,0.0,0.0,"[16,16,16]","[196.29019607843136,204.25882352941176,212.22745098039215]",0.06274509803921546,0.10867769772981152,0.10575242617821345,"{""nodes"":[{""x"":126,""y"":70,""kind"":""solid_core"",""rgba"":[117,114,114,85],""alpha"":85,""raw_luminance_0_255"":43.43017275160792,""master_rgb"":[198.0,205.0,214.0],""composited_rgb"":[171.00000000000003,174.66666666666669,180.66666666666669],""composited_luminance_0_255"":108.4025351242276},{""x"":126,""y"":69,""kind"":""confirmed_tonal_attachment"",""rgba"":[0,0,0,1],""alpha"":1,""raw_luminance_0_255"":0.0,""master_rgb"":[197.0,205.0,213.0],""composited_rgb"":[196.22745098039215,204.19607843137254,212.16470588235293],""composited_luminance_0_255"":152.50804046282582},{""x"":126,""y"":68,""kind"":""low_alpha_perimeter"",""rgba"":[0,0,0,1],""alpha"":1,""raw_luminance_0_255"":0.0,""master_rgb"":[197.0,205.0,213.0],""composited_rgb"":[196.22745098039215,204.19607843137254,212.16470588235293],""composited_luminance_0_255"":152.50804046282582}],""raw_RGB_step_L2"":[199.20090361240835,0.0],""composited_RGB_step_L2"":[50.005368877456995,0.0],""composited_luminance_steps"":[44.10550533859822,0.0],""composited_luminance_monotonic"":true}"
#14700,127,68,"[128.4436,69.1333]","[128,69]","[255,255,255,1]",1,0,AMBIGUOUS,[9],False,"[{""xy"":[126,69],""glyph_id"":9,""class"":""proven_tonal_attachment"",""rgba"":[0,0,0,1],""master_rgba"":[197,205,213,253]}]","{""xy"":[126,69],""glyph_id"":9,""class"":""proven_tonal_attachment""}","[198,205,213,253]",255.0,"[198.2235294117647,205.19607843137254,213.16470588235293]",154.54312103309266,"[1.0,1.0,1.0]",1.7320508075688772,255.0,255.0,1.9960784313725526,2.4462888431644187,1.9960784313725526,2.4462888431644187,2.0350805702668424,253.00392156862745,1.7320508075688772,"[16,16,16]","[197.28627450980392,204.25882352941176,212.22745098039215]",0.9372549019607845,1.6233731098390658,1.5869049837351668,"{""nodes"":[{""x"":126,""y"":70,""kind"":""solid_core"",""rgba"":[117,114,114,85],""alpha"":85,""raw_luminance_0_255"":43.43017275160792,""master_rgb"":[198.0,205.0,214.0],""composited_rgb"":[171.00000000000003,174.66666666666669,180.66666666666669],""composited_luminance_0_255"":108.4025351242276},{""x"":126,""y"":69,""kind"":""confirmed_tonal_attachment"",""rgba"":[0,0,0,1],""alpha"":1,""raw_luminance_0_255"":0.0,""master_rgb"":[197.0,205.0,213.0],""composited_rgb"":[196.22745098039215,204.19607843137254,212.16470588235293],""composited_luminance_0_255"":152.50804046282582},{""x"":127,""y"":68,""kind"":""low_alpha_perimeter"",""rgba"":[255,255,255,1],""alpha"":1,""raw_luminance_0_255"":255.0,""master_rgb"":[198.0,205.0,213.0],""composited_rgb"":[198.2235294117647,205.19607843137254,213.16470588235293],""composited_luminance_0_255"":154.54312103309266}],""raw_RGB_step_L2"":[199.20090361240835,441.6729559300637],""composited_RGB_step_L2"":[50.005368877456995,2.4462888431644187],""composited_luminance_steps"":[44.10550533859822,2.0350805702668424],""composited_luminance_monotonic"":true}"
#14700,131,68,"[132.6593,69.1333]","[133,69]","[127,127,127,2]",2,0,AMBIGUOUS,[9],False,"[{""xy"":[132,69],""glyph_id"":9,""class"":""proven_tonal_attachment"",""rgba"":[0,0,0,5],""master_rgba"":[197,205,213,253]}]","{""xy"":[132,69],""glyph_id"":9,""class"":""proven_tonal_attachment""}","[197,204,213,253]",54.118843140584076,"[196.45098039215688,203.39607843137256,212.32549019607845]",151.63686450599275,"[0.996078431372549,0.996078431372549,0.996078431372549]",1.725258451460764,127.0,127.0,3.501960784313752,5.3925917828166785,3.501960784313752,5.3925917828166785,4.465237375196352,123.49803921568625,1.725258451460764,"[16,16,16]","[195.58039215686276,202.52549019607844,211.45490196078433]",0.8705882352941217,1.507903056001147,1.4580430506079551,"{""nodes"":[{""x"":132,""y"":70,""kind"":""solid_core"",""rgba"":[161,161,161,120],""alpha"":120,""raw_luminance_0_255"":90.88203675721559,""master_rgb"":[197.0,205.0,213.0],""composited_rgb"":[180.05882352941177,184.29411764705884,188.52941176470588],""composited_luminance_0_255"":121.80682555658902},{""x"":132,""y"":69,""kind"":""confirmed_tonal_attachment"",""rgba"":[0,0,0,5],""alpha"":5,""raw_luminance_0_255"":0.0,""master_rgb"":[197.0,205.0,213.0],""composited_rgb"":[193.13725490196077,200.98039215686273,208.8235294117647],""composited_luminance_0_255"":147.1716271307964},{""x"":131,""y"":68,""kind"":""low_alpha_perimeter"",""rgba"":[127,127,127,2],""alpha"":2,""raw_luminance_0_255"":54.118843140584076,""master_rgb"":[197.0,204.0,213.0],""composited_rgb"":[196.45098039215688,203.39607843137256,212.32549019607845],""composited_luminance_0_255"":151.63686450599275}],""raw_RGB_step_L2"":[278.86018001858923,219.9704525612474],""composited_RGB_step_L2"":[29.348395786749045,5.3925917828166785],""composited_luminance_steps"":[25.364801574207377,4.465237375196352],""composited_luminance_monotonic"":true}"
#14700,132,68,"[133.7132,69.1333]","[134,69]","[127,127,127,2]",2,0,AMBIGUOUS,[9],False,"[{""xy"":[133,68],""glyph_id"":9,""class"":""proven_tonal_attachment"",""rgba"":[0,0,0,1],""master_rgba"":[197,205,213,253]},{""xy"":[132,69],""glyph_id"":9,""class"":""proven_tonal_attachment"",""rgba"":[0,0,0,5],""master_rgba"":[197,205,213,253]},{""xy"":[133,69],""glyph_id"":9,""class"":""proven_tonal_attachment"",""rgba"":[51,51,51,15],""master_rgba"":[197,204,212,253]}]","{""xy"":[133,68],""glyph_id"":9,""class"":""proven_tonal_attachment""}","[198,205,213,253]",54.118843140584076,"[197.44313725490196,204.38823529411766,212.32549019607845]",153.18019048853722,"[0.996078431372549,0.996078431372549,0.996078431372549]",1.725258451460764,76.0,127.0,1.2156862745098067,1.2412368724267602,1.2156862745098067,1.2412368724267602,0.672150025711403,125.7843137254902,1.725258451460764,"[16,16,16]","[196.57254901960783,203.51764705882354,211.45490196078433]",0.8705882352941217,1.507903056001147,1.4667308184066883,"{""nodes"":[{""x"":134,""y"":69,""kind"":""solid_core"",""rgba"":[136,136,136,110],""alpha"":110,""raw_luminance_0_255"":62.78133831049804,""master_rgb"":[196.0,204.0,212.0],""composited_rgb"":[170.11764705882354,174.66666666666669,179.2156862745098],""composited_luminance_0_255"":107.99994177514242},{""x"":133,""y"":68,""kind"":""confirmed_tonal_attachment"",""rgba"":[0,0,0,1],""alpha"":1,""raw_luminance_0_255"":0.0,""master_rgb"":[197.0,205.0,213.0],""composited_rgb"":[196.22745098039215,204.19607843137254,212.16470588235293],""composited_luminance_0_255"":152.50804046282582},{""x"":132,""y"":68,""kind"":""low_alpha_perimeter"",""rgba"":[127,127,127,2],""alpha"":2,""raw_luminance_0_255"":54.118843140584076,""master_rgb"":[198.0,205.0,213.0],""composited_rgb"":[197.44313725490196,204.38823529411766,212.32549019607845],""composited_luminance_0_255"":153.18019048853722}],""raw_RGB_step_L2"":[235.5589098293673,219.9704525612474],""composited_RGB_step_L2"":[51.37456484594628,1.2412368724267602],""composited_luminance_steps"":[44.5080986876834,0.672150025711403],""composited_luminance_monotonic"":true}"
#14700,144,68,"[146.3603,69.1333]","[146,69]","[255,255,255,1]",1,0,AMBIGUOUS,[10],False,"[{""xy"":[143,68],""glyph_id"":10,""class"":""solid_achromatic_core"",""rgba"":[20,20,20,49],""master_rgba"":[196,204,211,253]},{""xy"":[143,67],""glyph_id"":10,""class"":""proven_tonal_attachment"",""rgba"":[0,0,0,27],""master_rgba"":[196,204,213,253]},{""xy"":[143,69],""glyph_id"":10,""class"":""solid_achromatic_core"",""rgba"":[16,16,16,47],""master_rgba"":[196,203,211,253]}]","{""xy"":[143,68],""glyph_id"":10,""class"":""solid_achromatic_core""}","[195,203,211,253]",255.0,"[195.23529411764707,203.20392156862746,211.17254901960786]",150.84151271122403,"[1.0,1.0,1.0]",1.7320508075688772,235.0,235.0,36.87450980392157,60.38877237778911,20.80392156862746,35.522931279306846,51.36282790901551,198.12549019607843,4.924458178382102,"[16,16,16]","[194.2980392156863,202.26666666666668,210.23529411764707]",0.9372549019607845,1.6233731098390658,1.5645027424689033,"{""nodes"":[{""x"":143,""y"":68,""kind"":""confirmed_support"",""rgba"":[20,20,20,49],""alpha"":49,""raw_luminance_0_255"":1.7838295977526735,""master_rgb"":[196.0,204.0,211.0],""composited_rgb"":[162.18039215686275,168.64313725490197,174.2980392156863],""composited_luminance_0_255"":99.47868480220852},{""x"":144,""y"":68,""kind"":""low_alpha_perimeter"",""rgba"":[255,255,255,1],""alpha"":1,""raw_luminance_0_255"":255.0,""master_rgb"":[195.0,203.0,211.0],""composited_rgb"":[195.23529411764707,203.20392156862746,211.17254901960786],""composited_luminance_0_255"":150.84151271122403}],""raw_RGB_step_L2"":[407.03193977868614],""composited_RGB_step_L2"":[60.38877237778911],""composited_luminance_steps"":[51.36282790901551],""composited_luminance_monotonic"":true}"
#14700,164,68,"[167.4387,69.1333]","[167,69]","[0,0,0,20]",20,0,AMBIGUOUS,[10],False,"[{""xy"":[165,68],""glyph_id"":10,""class"":""solid_achromatic_core"",""rgba"":[213,213,213,180],""master_rgba"":[195,202,210,253]},{""xy"":[165,67],""glyph_id"":10,""class"":""solid_achromatic_core"",""rgba"":[213,213,213,180],""master_rgba"":[195,202,211,253]},{""xy"":[165,69],""glyph_id"":10,""class"":""solid_achromatic_core"",""rgba"":[212,212,212,178],""master_rgba"":[194,202,210,253]}]","{""xy"":[165,68],""glyph_id"":10,""class"":""solid_achromatic_core""}","[195,202,210,253]",0.0,"[179.7058823529412,186.15686274509804,193.52941176470588]",124.25106013690957,"[0.0,0.0,0.0]",0.0,212.0,213.0,28.0,41.07131296833248,26.85882352941175,39.51616977860515,39.213611030578974,185.0,260.4189331850618,"[16,16,16]","[180.9607843137255,187.41176470588235,194.7843137254902]",1.2549019607843093,2.1735539545962306,1.8847214086982262,"{""nodes"":[{""x"":165,""y"":68,""kind"":""confirmed_support"",""rgba"":[213,213,213,180],""alpha"":180,""raw_luminance_0_255"":169.67376106197938,""master_rgb"":[195.0,202.0,210.0],""composited_rgb"":[207.7058823529412,209.76470588235296,212.11764705882354],""composited_luminance_0_255"":163.46467116748855},{""x"":164,""y"":68,""kind"":""low_alpha_perimeter"",""rgba"":[0,0,0,20],""alpha"":20,""raw_luminance_0_255"":0.0,""master_rgb"":[195.0,202.0,210.0],""composited_rgb"":[179.7058823529412,186.15686274509804,193.52941176470588],""composited_luminance_0_255"":124.25106013690957}],""raw_RGB_step_L2"":[368.9268220121709],""composited_RGB_step_L2"":[41.07131296833248],""composited_luminance_steps"":[-39.213611030578974],""composited_luminance_monotonic"":true}"
#14700,174,68,"[177.9779,69.1333]","[178,69]","[0,0,0,1]",1,0,SAFE WORDMARK OWNERSHIP,[10],False,"[{""xy"":[175,68],""glyph_id"":10,""class"":""proven_tonal_attachment"",""rgba"":[0,0,0,1],""master_rgba"":[195,203,211,253]},{""xy"":[175,67],""glyph_id"":10,""class"":""proven_tonal_attachment"",""rgba"":[0,0,0,3],""master_rgba"":[196,203,211,253]}]","{""xy"":[175,68],""glyph_id"":10,""class"":""proven_tonal_attachment""}","[196,203,211,253]",0.0,"[195.23137254901962,202.20392156862746,210.17254901960786]",149.51037262456455,"[0.0,0.0,0.0]",0.0,0.0,0.0,0.9960784313725526,0.9960784313725526,0.9960784313725526,0.9960784313725526,0.3377594138945028,-0.9960784313725526,0.0,"[16,16,16]","[195.29411764705884,202.26666666666668,210.23529411764707]",0.06274509803921546,0.10867769772981152,0.10453889184802279,"{""nodes"":[{""x"":176,""y"":68,""kind"":""solid_core"",""rgba"":[140,140,140,118],""alpha"":118,""raw_luminance_0_255"":66.87391767007254,""master_rgb"":[195.0,202.0,211.0],""composited_rgb"":[169.54901960784315,173.30980392156863,178.14509803921567],""composited_luminance_0_255"":106.39148479381352},{""x"":175,""y"":68,""kind"":""confirmed_tonal_attachment"",""rgba"":[0,0,0,1],""alpha"":1,""raw_luminance_0_255"":0.0,""master_rgb"":[195.0,203.0,211.0],""composited_rgb"":[194.23529411764707,202.20392156862746,210.17254901960786],""composited_luminance_0_255"":149.17261321067005},{""x"":174,""y"":68,""kind"":""low_alpha_perimeter"",""rgba"":[0,0,0,1],""alpha"":1,""raw_luminance_0_255"":0.0,""master_rgb"":[196.0,203.0,211.0],""composited_rgb"":[195.23137254901962,202.20392156862746,210.17254901960786],""composited_luminance_0_255"":149.51037262456455}],""raw_RGB_step_L2"":[242.4871130596428,0.0],""composited_RGB_step_L2"":[49.69949496802655,0.9960784313725526],""composited_luminance_steps"":[42.78112841685653,0.3377594138945028],""composited_luminance_monotonic"":true}"
#14700,179,68,"[183.2475,69.1333]","[183,69]","[11,11,11,23]",23,0,AMBIGUOUS,[10],False,"[{""xy"":[178,68],""glyph_id"":10,""class"":""solid_achromatic_core"",""rgba"":[227,227,227,206],""master_rgba"":[194,202,210,253]},{""xy"":[179,69],""glyph_id"":10,""class"":""solid_achromatic_core"",""rgba"":[175,175,175,142],""master_rgba"":[194,202,210,253]},{""xy"":[178,67],""glyph_id"":10,""class"":""solid_achromatic_core"",""rgba"":[177,177,177,142],""master_rgba"":[195,202,210,253]},{""xy"":[178,69],""glyph_id"":10,""class"":""solid_achromatic_core"",""rgba"":[249,249,249,255],""master_rgba"":[194,201,210,253]},{""xy"":[180,69],""glyph_id"":10,""class"":""proven_tonal_attachment"",""rgba"":[107,107,107,19],""master_rgba"":[194,202,210,253]}]","{""xy"":[178,68],""glyph_id"":10,""class"":""solid_achromatic_core""}","[194,202,210,253]",0.8533666197942859,"[177.49411764705883,184.77254901960785,192.05098039215687]",121.93107070671185,"[0.9921568627450981,0.9921568627450981,0.9921568627450981]",1.7184660953526507,96.0,216.0,43.16470588235293,65.32598162624518,5.925490196078442,6.5032461654313085,64.30252725420921,172.83529411764707,315.90569023223884,"[16,16,16]","[177.94509803921568,185.2235294117647,192.50196078431372]",0.4509803921568505,0.7811209524330018,0.6680134091747618,"{""nodes"":[{""x"":178,""y"":68,""kind"":""confirmed_support"",""rgba"":[227,227,227,206],""alpha"":206,""raw_luminance_0_255"":195.87854254811427,""master_rgb"":[194.0,202.0,210.0],""composited_rgb"":[220.65882352941176,222.19607843137254,223.73333333333332],""composited_luminance_0_255"":186.23359796092106},{""x"":179,""y"":68,""kind"":""low_alpha_perimeter"",""rgba"":[11,11,11,23],""alpha"":23,""raw_luminance_0_255"":0.8533666197942859,""master_rgb"":[194.0,202.0,210.0],""composited_rgb"":[177.49411764705883,184.77254901960785,192.05098039215687],""composited_luminance_0_255"":121.93107070671185}],""raw_RGB_step_L2"":[374.1229744348775],""composited_RGB_step_L2"":[65.32598162624518],""composited_luminance_steps"":[-64.30252725420921],""composited_luminance_monotonic"":true}"
#14700,181,68,"[185.3554,69.1333]","[185,69]","[127,127,127,2]",2,0,AMBIGUOUS,[10],False,"[{""xy"":[181,69],""glyph_id"":10,""class"":""proven_tonal_attachment"",""rgba"":[0,0,0,4],""master_rgba"":[194,201,210,253]},{""xy"":[180,69],""glyph_id"":10,""class"":""proven_tonal_attachment"",""rgba"":[107,107,107,19],""master_rgba"":[194,202,210,253]}]","{""xy"":[181,69],""glyph_id"":10,""class"":""proven_tonal_attachment""}","[194,202,210,253]",54.118843140584076,"[193.4745098039216,201.41176470588238,209.34901960784316]",147.86484300053465,"[0.996078431372549,0.996078431372549,0.996078431372549]",1.725258451460764,20.0,127.0,3.564705882352939,5.102141637463156,3.564705882352939,5.102141637463156,5.371670475313749,123.43529411764706,1.725258451460764,"[16,16,16]","[192.60392156862747,200.54117647058825,208.47843137254904]",0.8705882352941217,1.507903056001147,1.436695879851925,"{""nodes"":[{""x"":181,""y"":70,""kind"":""solid_core"",""rgba"":[156,156,156,114],""alpha"":114,""raw_luminance_0_255"":84.77514176827573,""master_rgb"":[193.0,201.0,208.0],""composited_rgb"":[176.45882352941177,180.8823529411765,184.75294117647059],""composited_luminance_0_255"":116.72870248811539},{""x"":181,""y"":69,""kind"":""confirmed_tonal_attachment"",""rgba"":[0,0,0,4],""alpha"":4,""raw_luminance_0_255"":0.0,""master_rgb"":[194.0,201.0,210.0],""composited_rgb"":[190.95686274509805,197.84705882352944,206.7058823529412],""composited_luminance_0_255"":142.4931725252209},{""x"":181,""y"":68,""kind"":""low_alpha_perimeter"",""rgba"":[127,127,127,2],""alpha"":2,""raw_luminance_0_255"":54.118843140584076,""master_rgb"":[194.0,202.0,210.0],""composited_rgb"":[193.4745098039216,201.41176470588238,209.34901960784316],""composited_luminance_0_255"":147.86484300053465}],""raw_RGB_step_L2"":[270.19992598074487,219.9704525612474],""composited_RGB_step_L2"":[31.303769949830265,5.102141637463156],""composited_luminance_steps"":[25.76447003710551,5.371670475313749],""composited_luminance_monotonic"":true}"
#14700,182,68,"[186.4093,69.1333]","[186,69]","[255,255,255,1]",1,0,AMBIGUOUS,[10],False,"[{""xy"":[181,69],""glyph_id"":10,""class"":""proven_tonal_attachment"",""rgba"":[0,0,0,4],""master_rgba"":[194,201,210,253]}]","{""xy"":[181,69],""glyph_id"":10,""class"":""proven_tonal_attachment""}","[194,201,210,253]",255.0,"[194.23921568627452,201.21176470588236,210.1764705882353]",147.98937873112726,"[1.0,1.0,1.0]",1.7320508075688772,255.0,255.0,3.470588235294116,5.842950385220818,3.470588235294116,5.842950385220818,5.496206205906361,251.52941176470588,1.7320508075688772,"[16,16,16]","[193.30196078431374,200.27450980392157,209.23921568627452]",0.9372549019607845,1.6233731098390658,1.5471661211312266,"{""nodes"":[{""x"":181,""y"":70,""kind"":""solid_core"",""rgba"":[156,156,156,114],""alpha"":114,""raw_luminance_0_255"":84.77514176827573,""master_rgb"":[193.0,201.0,208.0],""composited_rgb"":[176.45882352941177,180.8823529411765,184.75294117647059],""composited_luminance_0_255"":116.72870248811539},{""x"":181,""y"":69,""kind"":""confirmed_tonal_attachment"",""rgba"":[0,0,0,4],""alpha"":4,""raw_luminance_0_255"":0.0,""master_rgb"":[194.0,201.0,210.0],""composited_rgb"":[190.95686274509805,197.84705882352944,206.7058823529412],""composited_luminance_0_255"":142.4931725252209},{""x"":182,""y"":68,""kind"":""low_alpha_perimeter"",""rgba"":[255,255,255,1],""alpha"":1,""raw_luminance_0_255"":255.0,""master_rgb"":[194.0,201.0,210.0],""composited_rgb"":[194.23921568627452,201.21176470588236,210.1764705882353],""composited_luminance_0_255"":147.98937873112726}],""raw_RGB_step_L2"":[270.19992598074487,441.6729559300637],""composited_RGB_step_L2"":[31.303769949830265,5.842950385220818],""composited_luminance_steps"":[25.76447003710551,5.496206205906361],""composited_luminance_monotonic"":true}"
#14700,186,68,"[190.625,69.1333]","[191,69]","[127,127,127,2]",2,0,AMBIGUOUS,[10],False,"[{""xy"":[187,69],""glyph_id"":10,""class"":""proven_tonal_attachment"",""rgba"":[0,0,0,4],""master_rgba"":[192,200,208,253]}]","{""xy"":[187,69],""glyph_id"":10,""class"":""proven_tonal_attachment""}","[193,201,208,253]",54.118843140584076,"[192.4823529411765,200.41960784313727,207.36470588235295]",146.10374194457205,"[0.996078431372549,0.996078431372549,0.996078431372549]",1.725258451460764,127.0,127.0,3.5568627450980443,5.635923116341991,3.5568627450980443,5.635923116341991,5.643089532580063,123.44313725490196,1.725258451460764,"[16,16,16]","[191.61176470588236,199.54901960784315,206.49411764705883]",0.8705882352941217,1.507903056001147,1.4266927670176983,"{""nodes"":[{""x"":187,""y"":70,""kind"":""solid_core"",""rgba"":[166,166,166,109],""alpha"":109,""raw_luminance_0_255"":97.23813291529518,""master_rgb"":[193.0,200.0,208.0],""composited_rgb"":[181.45882352941175,185.46666666666664,190.0470588235294],""composited_luminance_0_255"":123.6560918720008},{""x"":187,""y"":69,""kind"":""confirmed_tonal_attachment"",""rgba"":[0,0,0,4],""alpha"":4,""raw_luminance_0_255"":0.0,""master_rgb"":[192.0,200.0,208.0],""composited_rgb"":[188.98823529411766,196.86274509803923,204.7372549019608],""composited_luminance_0_255"":140.460652411992},{""x"":186,""y"":68,""kind"":""low_alpha_perimeter"",""rgba"":[127,127,127,2],""alpha"":2,""raw_luminance_0_255"":54.118843140584076,""master_rgb"":[193.0,201.0,208.0],""composited_rgb"":[192.4823529411765,200.41960784313727,207.36470588235295],""composited_luminance_0_255"":146.10374194457205}],""raw_RGB_step_L2"":[287.52043405643366,219.9704525612474],""composited_RGB_step_L2"":[20.059025548596534,5.635923116341991],""composited_luminance_steps"":[16.804560539991186,5.643089532580063],""composited_luminance_monotonic"":true}"
#14700,187,68,"[191.6789,69.1333]","[192,69]","[255,255,255,3]",3,0,AMBIGUOUS,[10],False,"[{""xy"":[187,69],""glyph_id"":10,""class"":""proven_tonal_attachment"",""rgba"":[0,0,0,4],""master_rgba"":[192,200,208,253]},{""xy"":[188,69],""glyph_id"":10,""class"":""proven_tonal_attachment"",""rgba"":[0,0,0,1],""master_rgba"":[192,200,209,253]}]","{""xy"":[187,69],""glyph_id"":10,""class"":""proven_tonal_attachment""}","[193,201,209,253]",255.0,"[193.7294117647059,201.63529411764708,209.54117647058825]",148.24163409831073,"[3.0,3.0,3.0]",5.196152422706632,255.0,255.0,4.803921568627459,8.266416448942284,2.4823529411764866,3.7240182850813635,7.780981686318739,250.19607843137254,5.196152422706632,"[16,16,16]","[190.91764705882355,198.82352941176472,206.7294117647059]",2.8117647058823536,4.870119329517197,4.617615632045954,"{""nodes"":[{""x"":187,""y"":70,""kind"":""solid_core"",""rgba"":[166,166,166,109],""alpha"":109,""raw_luminance_0_255"":97.23813291529518,""master_rgb"":[193.0,200.0,208.0],""composited_rgb"":[181.45882352941175,185.46666666666664,190.0470588235294],""composited_luminance_0_255"":123.6560918720008},{""x"":187,""y"":69,""kind"":""confirmed_tonal_attachment"",""rgba"":[0,0,0,4],""alpha"":4,""raw_luminance_0_255"":0.0,""master_rgb"":[192.0,200.0,208.0],""composited_rgb"":[188.98823529411766,196.86274509803923,204.7372549019608],""composited_luminance_0_255"":140.460652411992},{""x"":187,""y"":68,""kind"":""low_alpha_perimeter"",""rgba"":[255,255,255,3],""alpha"":3,""raw_luminance_0_255"":255.0,""master_rgb"":[193.0,201.0,209.0],""composited_rgb"":[193.7294117647059,201.63529411764708,209.54117647058825],""composited_luminance_0_255"":148.24163409831073}],""raw_RGB_step_L2"":[287.52043405643366,441.6729559300637],""composited_RGB_step_L2"":[20.059025548596534,8.266416448942284],""composited_luminance_steps"":[16.804560539991186,7.780981686318739],""composited_luminance_monotonic"":true}"
#14700,199,68,"[204.326,69.1333]","[204,69]","[0,0,0,3]",3,0,AMBIGUOUS,[10],False,"[{""xy"":[198,68],""glyph_id"":10,""class"":""proven_tonal_attachment"",""rgba"":[145,145,145,7],""master_rgba"":[187,194,201,253]}]","{""xy"":[198,68],""glyph_id"":10,""class"":""proven_tonal_attachment""}","[185,191,199,253]",0.0,"[182.82352941176472,188.75294117647059,196.65882352941176]",128.3930989019649,"[0.0,0.0,0.0]",0.0,145.0,145.0,3.901960784313701,5.677059470284084,3.901960784313701,5.677059470284084,5.615853809343264,141.0980392156863,6.894241449734943,"[16,16,16]","[183.01176470588237,188.94117647058823,196.8470588235294]",0.1882352941176464,0.3260330931894346,0.28709435252270055,"{""nodes"":[{""x"":197,""y"":67,""kind"":""solid_core"",""rgba"":[124,124,124,100],""alpha"":100,""raw_luminance_0_255"":51.396844717571256,""master_rgb"":[189.0,195.0,203.0],""composited_rgb"":[163.50980392156862,167.15686274509807,172.01960784313727],""composited_luminance_0_255"":98.2125153847134},{""x"":198,""y"":68,""kind"":""confirmed_tonal_attachment"",""rgba"":[145,145,145,7],""alpha"":7,""raw_luminance_0_255"":72.20292880964799,""master_rgb"":[187.0,194.0,201.0],""composited_rgb"":[185.8470588235294,192.6549019607843,199.4627450980392],""composited_luminance_0_255"":134.00895271130815},{""x"":199,""y"":68,""kind"":""low_alpha_perimeter"",""rgba"":[0,0,0,3],""alpha"":3,""raw_luminance_0_255"":0.0,""master_rgb"":[185.0,191.0,199.0],""composited_rgb"":[182.82352941176472,188.75294117647059,196.65882352941176],""composited_luminance_0_255"":128.3930989019649}],""raw_RGB_step_L2"":[36.373066958946424,251.1473670974872],""composited_RGB_step_L2"":[43.614547375746426,5.677059470284084],""composited_luminance_steps"":[35.796437326594756,-5.615853809343264],""composited_luminance_monotonic"":false}"
#14700,205,68,"[210.6495,69.1333]","[211,69]","[255,255,255,1]",1,0,AMBIGUOUS,[10],False,"[{""xy"":[206,68],""glyph_id"":10,""class"":""solid_achromatic_core"",""rgba"":[0,0,0,32],""master_rgba"":[174,180,188,253]},{""xy"":[206,67],""glyph_id"":10,""class"":""proven_tonal_attachment"",""rgba"":[0,0,0,9],""master_rgba"":[174,181,188,253]},{""xy"":[206,69],""glyph_id"":10,""class"":""proven_tonal_attachment"",""rgba"":[0,0,0,30],""master_rgba"":[173,180,188,253]}]","{""xy"":[206,68],""glyph_id"":10,""class"":""solid_achromatic_core""}","[177,184,191,253]",255.0,"[177.30588235294118,184.27843137254902,191.25098039215686]",121.25886619504222,"[1.0,1.0,1.0]",1.7320508075688772,255.0,255.0,26.866666666666674,45.5461364968374,9.886274509803911,16.746037995384686,35.47708031867822,228.13333333333333,1.7320508075688772,"[16,16,16]","[176.3686274509804,183.34117647058824,190.31372549019608]",0.9372549019607845,1.6233731098390658,1.3770673679370447,"{""nodes"":[{""x"":206,""y"":68,""kind"":""confirmed_support"",""rgba"":[0,0,0,32],""alpha"":32,""raw_luminance_0_255"":0.0,""master_rgb"":[174.0,180.0,188.0],""composited_rgb"":[152.16470588235293,157.41176470588235,164.4078431372549],""composited_luminance_0_255"":85.781785876364},{""x"":205,""y"":68,""kind"":""low_alpha_perimeter"",""rgba"":[255,255,255,1],""alpha"":1,""raw_luminance_0_255"":255.0,""master_rgb"":[177.0,184.0,191.0],""composited_rgb"":[177.30588235294118,184.27843137254902,191.25098039215686],""composited_luminance_0_255"":121.25886619504222}],""raw_RGB_step_L2"":[441.6729559300637],""composited_RGB_step_L2"":[45.5461364968374],""composited_luminance_steps"":[35.47708031867822],""composited_luminance_monotonic"":true}"
#14700,82,69,"[81.0172,70.1778]","[81,70]","[66,66,66,27]",27,0,AMBIGUOUS,[7],False,"[{""xy"":[83,69],""glyph_id"":7,""class"":""solid_achromatic_core"",""rgba"":[230,230,230,230],""master_rgba"":[200,208,216,253]},{""xy"":[83,68],""glyph_id"":7,""class"":""solid_achromatic_core"",""rgba"":[233,233,233,233],""master_rgba"":[200,208,215,253]},{""xy"":[83,70],""glyph_id"":7,""class"":""solid_achromatic_core"",""rgba"":[225,225,225,222],""master_rgba"":[201,208,216,253]}]","{""xy"":[83,69],""glyph_id"":7,""class"":""solid_achromatic_core""}","[200,208,216,253]",13.892470492822802,"[185.81176470588238,192.96470588235297,200.11764705882354]",134.42452763404935,"[6.988235294117647,6.988235294117647,6.988235294117647]",12.103978584657801,159.0,164.0,41.247058823529386,61.07891417050236,36.082352941176424,52.48435720159907,62.887706682379644,122.75294117647061,347.2116595345328,"[16,16,16]","[180.51764705882354,187.67058823529413,194.8235294117647]",5.29411764705884,9.169680745952908,8.139477896582946,"{""nodes"":[{""x"":83,""y"":69,""kind"":""confirmed_support"",""rgba"":[230,230,230,230],""alpha"":230,""raw_luminance_0_255"":201.7809747848207,""master_rgb"":[200.0,208.0,216.0],""composited_rgb"":[227.05882352941177,227.843137254902,228.62745098039215],""composited_luminance_0_255"":197.312234316429},{""x"":82,""y"":69,""kind"":""low_alpha_perimeter"",""rgba"":[66,66,66,27],""alpha"":27,""raw_luminance_0_255"":13.892470492822802,""master_rgb"":[200.0,208.0,216.0],""composited_rgb"":[185.81176470588238,192.96470588235297,200.11764705882354],""composited_luminance_0_255"":134.42452763404935}],""raw_RGB_step_L2"":[284.05633244129587],""composited_RGB_step_L2"":[61.07891417050236],""composited_luminance_steps"":[-62.887706682379644],""composited_luminance_monotonic"":true}"
#14700,104,69,"[104.2034,70.1778]","[104,70]","[0,0,0,19]",19,0,AMBIGUOUS,[8],False,"[{""xy"":[103,69],""glyph_id"":8,""class"":""solid_achromatic_core"",""rgba"":[241,241,241,219],""master_rgba"":[199,207,215,253]},{""xy"":[103,68],""glyph_id"":8,""class"":""solid_achromatic_core"",""rgba"":[241,241,241,219],""master_rgba"":[199,207,215,253]},{""xy"":[103,70],""glyph_id"":8,""class"":""solid_achromatic_core"",""rgba"":[240,240,240,218],""master_rgba"":[198,206,214,253]}]","{""xy"":[103,69],""glyph_id"":8,""class"":""solid_achromatic_core""}","[200,207,215,253]",0.0,"[185.09803921568627,191.5764705882353,198.98039215686276]",132.50473144076125,"[0.0,0.0,0.0]",0.0,240.0,241.0,49.97254901960784,77.19561086980576,48.807843137254906,75.23925901851203,81.47603439319496,191.02745098039216,358.49376303010894,"[16,16,16]","[186.29019607843136,192.7686274509804,200.17254901960786]",1.1921568627450938,2.0648762568664187,1.8583380267055247,"{""nodes"":[{""x"":103,""y"":69,""kind"":""confirmed_support"",""rgba"":[241,241,241,219],""alpha"":219,""raw_luminance_0_255"":224.30371120639708,""master_rgb"":[199.0,207.0,215.0],""composited_rgb"":[235.0705882352941,236.2,237.3294117647059],""composited_luminance_0_255"":213.9807658339562},{""x"":104,""y"":69,""kind"":""low_alpha_perimeter"",""rgba"":[0,0,0,19],""alpha"":19,""raw_luminance_0_255"":0.0,""master_rgb"":[200.0,207.0,215.0],""composited_rgb"":[185.09803921568627,191.5764705882353,198.98039215686276],""composited_luminance_0_255"":132.50473144076125}],""raw_RGB_step_L2"":[417.4242446240994],""composited_RGB_step_L2"":[77.19561086980576],""composited_luminance_steps"":[-81.47603439319496],""composited_luminance_monotonic"":true}"
#14700,109,69,"[109.473,70.1778]","[109,70]","[0,0,0,23]",23,0,AMBIGUOUS,[8],False,"[{""xy"":[110,69],""glyph_id"":8,""class"":""solid_achromatic_core"",""rgba"":[216,216,216,185],""master_rgba"":[197,204,213,253]},{""xy"":[110,68],""glyph_id"":8,""class"":""solid_achromatic_core"",""rgba"":[216,216,216,185],""master_rgba"":[197,205,212,253]},{""xy"":[110,70],""glyph_id"":8,""class"":""solid_achromatic_core"",""rgba"":[217,217,217,183],""master_rgba"":[198,205,213,253]}]","{""xy"":[110,69],""glyph_id"":8,""class"":""solid_achromatic_core""}","[198,205,213,253]",0.0,"[180.14117647058822,186.50980392156862,193.78823529411764]",124.7939153992962,"[0.0,0.0,0.0]",0.0,216.0,216.0,30.643137254901973,45.636531364707395,30.643137254901973,45.636531364707395,43.94746423085704,185.35686274509803,271.4225500802052,"[16,16,16]","[181.58431372549018,187.95294117647057,195.2313725490196]",1.4431372549019557,2.4995870477856648,2.1743743084164606,"{""nodes"":[{""x"":110,""y"":69,""kind"":""confirmed_support"",""rgba"":[216,216,216,185],""alpha"":185,""raw_luminance_0_255"":175.10475467100497,""master_rgb"":[197.0,204.0,213.0],""composited_rgb"":[210.7843137254902,212.70588235294116,215.17647058823528],""composited_luminance_0_255"":168.74137963015323},{""x"":109,""y"":69,""kind"":""low_alpha_perimeter"",""rgba"":[0,0,0,23],""alpha"":23,""raw_luminance_0_255"":0.0,""master_rgb"":[198.0,205.0,213.0],""composited_rgb"":[180.14117647058822,186.50980392156862,193.78823529411764],""composited_luminance_0_255"":124.7939153992962}],""raw_RGB_step_L2"":[374.1229744348775],""composited_RGB_step_L2"":[45.636531364707395],""composited_luminance_steps"":[-43.94746423085704],""composited_luminance_monotonic"":true}"
#14700,164,69,"[167.4387,70.1778]","[167,70]","[0,0,0,20]",20,0,AMBIGUOUS,[10],False,"[{""xy"":[165,69],""glyph_id"":10,""class"":""solid_achromatic_core"",""rgba"":[212,212,212,178],""master_rgba"":[194,202,210,253]},{""xy"":[165,68],""glyph_id"":10,""class"":""solid_achromatic_core"",""rgba"":[213,213,213,180],""master_rgba"":[195,202,210,253]},{""xy"":[165,70],""glyph_id"":10,""class"":""solid_achromatic_core"",""rgba"":[209,209,209,179],""master_rgba"":[194,202,210,253]}]","{""xy"":[165,69],""glyph_id"":10,""class"":""solid_achromatic_core""}","[194,202,209,253]",0.0,"[178.7843137254902,186.15686274509804,192.60784313725492]",123.86559406079417,"[0.0,0.0,0.0]",0.0,209.0,212.0,27.780392156862746,40.56675324284525,25.745098039215662,37.043488890817905,38.103091757329736,184.21960784313725,256.3163500957614,"[16,16,16]","[180.0392156862745,187.41176470588235,193.86274509803923]",1.2549019607843093,2.1735539545962306,1.8812767404850064,"{""nodes"":[{""x"":165,""y"":69,""kind"":""confirmed_support"",""rgba"":[212,212,212,178],""alpha"":178,""raw_luminance_0_255"":167.88557840625936,""master_rgb"":[194.0,202.0,210.0],""composited_rgb"":[206.56470588235294,208.98039215686273,211.39607843137253],""composited_luminance_0_255"":161.9686858181239},{""x"":164,""y"":69,""kind"":""low_alpha_perimeter"",""rgba"":[0,0,0,20],""alpha"":20,""raw_luminance_0_255"":0.0,""master_rgb"":[194.0,202.0,209.0],""composited_rgb"":[178.7843137254902,186.15686274509804,192.60784313725492],""composited_luminance_0_255"":123.86559406079417}],""raw_RGB_step_L2"":[367.194771204602],""composited_RGB_step_L2"":[40.56675324284525],""composited_luminance_steps"":[-38.103091757329736],""composited_luminance_monotonic"":true}"
#14700,174,69,"[177.9779,70.1778]","[178,70]","[0,0,0,3]",3,0,AMBIGUOUS,[10],False,"[{""xy"":[175,68],""glyph_id"":10,""class"":""proven_tonal_attachment"",""rgba"":[0,0,0,1],""master_rgba"":[195,203,211,253]}]","{""xy"":[175,68],""glyph_id"":10,""class"":""proven_tonal_attachment""}","[195,203,211,253]",0.0,"[192.7058823529412,200.61176470588236,208.51764705882354]",146.55087224887802,"[0.0,0.0,0.0]",0.0,0.0,0.0,1.654901960784315,2.759123832200152,1.654901960784315,2.759123832200152,2.621740961792028,-1.654901960784315,0.0,"[16,16,16]","[192.89411764705883,200.8,208.7058823529412]",0.1882352941176464,0.3260330931894346,0.31009557071183735,"{""nodes"":[{""x"":176,""y"":68,""kind"":""solid_core"",""rgba"":[140,140,140,118],""alpha"":118,""raw_luminance_0_255"":66.87391767007254,""master_rgb"":[195.0,202.0,211.0],""composited_rgb"":[169.54901960784315,173.30980392156863,178.14509803921567],""composited_luminance_0_255"":106.39148479381352},{""x"":175,""y"":68,""kind"":""confirmed_tonal_attachment"",""rgba"":[0,0,0,1],""alpha"":1,""raw_luminance_0_255"":0.0,""master_rgb"":[195.0,203.0,211.0],""composited_rgb"":[194.23529411764707,202.20392156862746,210.17254901960786],""composited_luminance_0_255"":149.17261321067005},{""x"":174,""y"":69,""kind"":""low_alpha_perimeter"",""rgba"":[0,0,0,3],""alpha"":3,""raw_luminance_0_255"":0.0,""master_rgb"":[195.0,203.0,211.0],""composited_rgb"":[192.7058823529412,200.61176470588236,208.51764705882354],""composited_luminance_0_255"":146.55087224887802}],""raw_RGB_step_L2"":[242.4871130596428,0.0],""composited_RGB_step_L2"":[49.69949496802655,2.759123832200152],""composited_luminance_steps"":[42.78112841685653,-2.621740961792028],""composited_luminance_monotonic"":false}"
#14700,193,69,"[198.0025,70.1778]","[198,70]","[42,42,42,24]",24,0,AMBIGUOUS,[10],False,"[{""xy"":[193,68],""glyph_id"":10,""class"":""proven_tonal_attachment"",""rgba"":[0,0,0,4],""master_rgba"":[191,198,206,253]},{""xy"":[194,69],""glyph_id"":10,""class"":""solid_achromatic_core"",""rgba"":[223,223,223,222],""master_rgba"":[191,198,205,253]},{""xy"":[194,68],""glyph_id"":10,""class"":""solid_achromatic_core"",""rgba"":[200,200,200,191],""master_rgba"":[190,197,205,253]},{""xy"":[194,70],""glyph_id"":10,""class"":""solid_achromatic_core"",""rgba"":[234,234,234,233],""master_rgba"":[191,197,206,253]}]","{""xy"":[193,68],""glyph_id"":10,""class"":""proven_tonal_attachment""}","[191,198,206,253]",5.904108375418154,"[176.97647058823532,183.31764705882352,190.56470588235294]",120.06664954490218,"[3.9529411764705884,3.9529411764705884,3.9529411764705884]",6.84669495697815,42.0,42.0,12.203921568627464,20.11355383959879,12.203921568627464,20.11355383959879,17.570663924368816,29.796078431372536,6.84669495697815,"[16,16,16]","[174.52941176470588,180.87058823529412,188.11764705882354]",2.4470588235294315,4.238430211462666,3.5554731686758316,"{""nodes"":[{""x"":194,""y"":68,""kind"":""solid_core"",""rgba"":[200,200,200,191],""alpha"":191,""raw_luminance_0_255"":147.28301230956092,""master_rgb"":[190.0,197.0,205.0],""composited_rgb"":[197.49019607843138,199.24705882352941,201.2549019607843],""composited_luminance_0_255"":145.67204036064527},{""x"":193,""y"":68,""kind"":""confirmed_tonal_attachment"",""rgba"":[0,0,0,4],""alpha"":4,""raw_luminance_0_255"":0.0,""master_rgb"":[191.0,198.0,206.0],""composited_rgb"":[188.00392156862745,194.89411764705883,202.7686274509804],""composited_luminance_0_255"":137.637313469271},{""x"":193,""y"":69,""kind"":""low_alpha_perimeter"",""rgba"":[42,42,42,24],""alpha"":24,""raw_luminance_0_255"":5.904108375418154,""master_rgb"":[191.0,198.0,206.0],""composited_rgb"":[176.97647058823532,183.31764705882352,190.56470588235294],""composited_luminance_0_255"":120.06664954490218}],""raw_RGB_step_L2"":[346.41016151377545,72.74613391789285],""composited_RGB_step_L2"":[10.546509651104405,20.11355383959879],""composited_luminance_steps"":[-8.034726891374277,-17.570663924368816],""composited_luminance_monotonic"":true}"
#14700,198,69,"[203.2721,70.1778]","[203,70]","[51,51,51,5]",5,0,AMBIGUOUS,[10],False,"[{""xy"":[198,68],""glyph_id"":10,""class"":""proven_tonal_attachment"",""rgba"":[145,145,145,7],""master_rgba"":[187,194,201,253]},{""xy"":[197,69],""glyph_id"":10,""class"":""proven_tonal_attachment"",""rgba"":[127,127,127,2],""master_rgba"":[188,195,203,253]}]","{""xy"":[198,68],""glyph_id"":10,""class"":""proven_tonal_attachment""}","[187,194,202,253]",8.44171547557569,"[184.33333333333331,191.19607843137254,199.0392156862745]",131.84543730534156,"[1.0,1.0,1.0]",1.7320508075688772,76.0,94.0,1.5137254901960944,2.144506496204778,1.5137254901960944,2.144506496204778,2.163515405966592,92.4862745098039,5.162190642166066,"[16,16,16]","[183.6470588235294,190.50980392156862,198.35294117647058]",0.6862745098039227,1.1886623189198195,1.0598028524230756,"{""nodes"":[{""x"":197,""y"":67,""kind"":""solid_core"",""rgba"":[124,124,124,100],""alpha"":100,""raw_luminance_0_255"":51.396844717571256,""master_rgb"":[189.0,195.0,203.0],""composited_rgb"":[163.50980392156862,167.15686274509807,172.01960784313727],""composited_luminance_0_255"":98.2125153847134},{""x"":198,""y"":68,""kind"":""confirmed_tonal_attachment"",""rgba"":[145,145,145,7],""alpha"":7,""raw_luminance_0_255"":72.20292880964799,""master_rgb"":[187.0,194.0,201.0],""composited_rgb"":[185.8470588235294,192.6549019607843,199.4627450980392],""composited_luminance_0_255"":134.00895271130815},{""x"":198,""y"":69,""kind"":""low_alpha_perimeter"",""rgba"":[51,51,51,5],""alpha"":5,""raw_luminance_0_255"":8.44171547557569,""master_rgb"":[187.0,194.0,202.0],""composited_rgb"":[184.33333333333331,191.19607843137254,199.0392156862745],""composited_luminance_0_255"":131.84543730534156}],""raw_RGB_step_L2"":[36.373066958946424,162.81277591147446],""composited_RGB_step_L2"":[43.614547375746426,2.144506496204778],""composited_luminance_steps"":[35.796437326594756,-2.163515405966592],""composited_luminance_monotonic"":false}"
#14700,82,70,"[81.0172,71.2222]","[81,71]","[56,56,56,27]",27,0,AMBIGUOUS,[7],False,"[{""xy"":[83,70],""glyph_id"":7,""class"":""solid_achromatic_core"",""rgba"":[225,225,225,222],""master_rgba"":[201,208,216,253]},{""xy"":[83,69],""glyph_id"":7,""class"":""solid_achromatic_core"",""rgba"":[230,230,230,230],""master_rgba"":[200,208,216,253]},{""xy"":[83,71],""glyph_id"":7,""class"":""solid_achromatic_core"",""rgba"":[226,226,226,232],""master_rgba"":[200,208,216,253]}]","{""xy"":[83,70],""glyph_id"":7,""class"":""solid_achromatic_core""}","[200,208,216,253]",10.084289995566872,"[184.7529411764706,191.9058823529412,199.05882352941177]",132.77287596053776,"[5.929411764705883,5.929411764705883,5.929411764705883]",10.270042435467227,169.0,169.0,37.14117647058819,54.29352622200339,37.14117647058819,54.29352622200339,54.79060331258188,131.8588235294118,329.0081451647893,"[16,16,16]","[180.51764705882354,187.67058823529413,194.8235294117647]",4.235294117647072,7.335744596762327,6.487826223071352,"{""nodes"":[{""x"":83,""y"":70,""kind"":""confirmed_support"",""rgba"":[225,225,225,222],""alpha"":222,""raw_luminance_0_255"":192.0002652778998,""master_rgb"":[201.0,208.0,216.0],""composited_rgb"":[221.8941176470588,222.79999999999998,223.83529411764704],""composited_luminance_0_255"":187.56347927311964},{""x"":82,""y"":70,""kind"":""low_alpha_perimeter"",""rgba"":[56,56,56,27],""alpha"":27,""raw_luminance_0_255"":10.084289995566872,""master_rgb"":[200.0,208.0,216.0],""composited_rgb"":[184.7529411764706,191.9058823529412,199.05882352941177],""composited_luminance_0_255"":132.77287596053776}],""raw_RGB_step_L2"":[292.7165864791403],""composited_RGB_step_L2"":[54.29352622200339],""composited_luminance_steps"":[-54.79060331258188],""composited_luminance_monotonic"":true}"
#14700,104,70,"[104.2034,71.2222]","[104,71]","[0,0,0,19]",19,0,AMBIGUOUS,[8],False,"[{""xy"":[103,70],""glyph_id"":8,""class"":""solid_achromatic_core"",""rgba"":[240,240,240,218],""master_rgba"":[198,206,214,253]},{""xy"":[103,69],""glyph_id"":8,""class"":""solid_achromatic_core"",""rgba"":[241,241,241,219],""master_rgba"":[199,207,215,253]},{""xy"":[103,71],""glyph_id"":8,""class"":""solid_achromatic_core"",""rgba"":[239,239,239,229],""master_rgba"":[197,205,213,253]}]","{""xy"":[103,70],""glyph_id"":8,""class"":""solid_achromatic_core""}","[199,206,214,253]",0.0,"[184.17254901960786,190.65098039215687,198.05490196078432]",131.07247659245485,"[0.0,0.0,0.0]",0.0,239.0,240.0,49.73333333333332,76.83294300190826,49.73333333333332,76.83294300190826,80.57931499802285,190.26666666666668,355.3760715764849,"[16,16,16]","[185.36470588235295,191.84313725490196,199.24705882352941]",1.1921568627450938,2.0648762568664187,1.8466247864413674,"{""nodes"":[{""x"":103,""y"":70,""kind"":""confirmed_support"",""rgba"":[240,240,240,218],""alpha"":218,""raw_luminance_0_255"":222.19861539569328,""master_rgb"":[198.0,206.0,214.0],""composited_rgb"":[233.90588235294118,235.06666666666666,236.22745098039215],""composited_luminance_0_255"":211.6517915904777},{""x"":104,""y"":70,""kind"":""low_alpha_perimeter"",""rgba"":[0,0,0,19],""alpha"":19,""raw_luminance_0_255"":0.0,""master_rgb"":[199.0,206.0,214.0],""composited_rgb"":[184.17254901960786,190.65098039215687,198.05490196078432],""composited_luminance_0_255"":131.07247659245485}],""raw_RGB_step_L2"":[415.69219381653056],""composited_RGB_step_L2"":[76.83294300190826],""composited_luminance_steps"":[-80.57931499802285],""composited_luminance_monotonic"":true}"
#14700,109,70,"[109.473,71.2222]","[109,71]","[0,0,0,23]",23,0,AMBIGUOUS,[8],False,"[{""xy"":[110,70],""glyph_id"":8,""class"":""solid_achromatic_core"",""rgba"":[217,217,217,183],""master_rgba"":[198,205,213,253]},{""xy"":[110,69],""glyph_id"":8,""class"":""solid_achromatic_core"",""rgba"":[216,216,216,185],""master_rgba"":[197,204,213,253]},{""xy"":[110,71],""glyph_id"":8,""class"":""solid_achromatic_core"",""rgba"":[217,217,217,195],""master_rgba"":[198,206,213,253]}]","{""xy"":[110,70],""glyph_id"":8,""class"":""solid_achromatic_core""}","[197,205,213,253]",0.0,"[179.2313725490196,186.50980392156862,193.78823529411764]",124.51608661912229,"[0.0,0.0,0.0]",0.0,216.0,217.0,32.40392156862745,47.66718706614566,31.552941176470597,46.25234297919376,45.80078611326405,184.59607843137255,269.73125340928505,"[16,16,16]","[180.67450980392155,187.95294117647057,195.2313725490196]",1.4431372549019557,2.4995870477856648,2.171472268772547,"{""nodes"":[{""x"":110,""y"":70,""kind"":""confirmed_support"",""rgba"":[217,217,217,183],""alpha"":183,""raw_luminance_0_255"":176.93729912945741,""master_rgb"":[198.0,205.0,213.0],""composited_rgb"":[211.63529411764705,213.61176470588234,215.87058823529412],""composited_luminance_0_255"":170.31687273238634},{""x"":109,""y"":70,""kind"":""low_alpha_perimeter"",""rgba"":[0,0,0,23],""alpha"":23,""raw_luminance_0_255"":0.0,""master_rgb"":[197.0,205.0,213.0],""composited_rgb"":[179.2313725490196,186.50980392156862,193.78823529411764],""composited_luminance_0_255"":124.51608661912229}],""raw_RGB_step_L2"":[375.85502524244635],""composited_RGB_step_L2"":[47.66718706614566],""composited_luminance_steps"":[-45.80078611326405],""composited_luminance_monotonic"":true}"
#14700,164,70,"[167.4387,71.2222]","[167,71]","[0,0,0,21]",21,0,AMBIGUOUS,[10],False,"[{""xy"":[165,70],""glyph_id"":10,""class"":""solid_achromatic_core"",""rgba"":[209,209,209,179],""master_rgba"":[194,202,210,253]},{""xy"":[165,69],""glyph_id"":10,""class"":""solid_achromatic_core"",""rgba"":[212,212,212,178],""master_rgba"":[194,202,210,253]},{""xy"":[165,71],""glyph_id"":10,""class"":""solid_achromatic_core"",""rgba"":[209,209,209,195],""master_rgba"":[195,203,211,253]}]","{""xy"":[165,70],""glyph_id"":10,""class"":""solid_achromatic_core""}","[194,202,211,253]",0.0,"[178.02352941176468,185.36470588235292,193.6235294117647]",122.90139293830487,"[0.0,0.0,0.0]",0.0,209.0,209.0,26.50588235294117,37.58473497259758,26.50588235294117,37.58473497259758,35.49030002841096,182.49411764705883,254.10883436062454,"[16,16,16]","[179.3411764705882,186.68235294117645,194.94117647058823]",1.3176470588235247,2.282231652326042,1.9667410579681786,"{""nodes"":[{""x"":165,""y"":70,""kind"":""confirmed_support"",""rgba"":[209,209,209,179],""alpha"":179,""raw_luminance_0_255"":162.58720286847833,""master_rgb"":[194.0,202.0,210.0],""composited_rgb"":[204.52941176470586,206.91372549019607,209.29803921568626],""composited_luminance_0_255"":158.39169296671582},{""x"":164,""y"":70,""kind"":""low_alpha_perimeter"",""rgba"":[0,0,0,21],""alpha"":21,""raw_luminance_0_255"":0.0,""master_rgb"":[194.0,202.0,211.0],""composited_rgb"":[178.02352941176468,185.36470588235292,193.6235294117647],""composited_luminance_0_255"":122.90139293830487}],""raw_RGB_step_L2"":[361.99861878189535],""composited_RGB_step_L2"":[37.58473497259758],""composited_luminance_steps"":[-35.49030002841096],""composited_luminance_monotonic"":true}"
#14700,193,70,"[198.0025,71.2222]","[198,71]","[44,44,44,23]",23,0,AMBIGUOUS,[10],False,"[{""xy"":[194,70],""glyph_id"":10,""class"":""solid_achromatic_core"",""rgba"":[234,234,234,233],""master_rgba"":[191,197,206,253]},{""xy"":[194,69],""glyph_id"":10,""class"":""solid_achromatic_core"",""rgba"":[223,223,223,222],""master_rgba"":[191,198,205,253]},{""xy"":[194,71],""glyph_id"":10,""class"":""solid_achromatic_core"",""rgba"":[239,239,239,250],""master_rgba"":[191,197,206,253]}]","{""xy"":[194,70],""glyph_id"":10,""class"":""solid_achromatic_core""}","[191,197,206,253]",6.4226492049772155,"[177.74117647058824,183.2,191.38823529411764]",120.26471498266636,"[3.9686274509803923,3.9686274509803923,3.9686274509803923]",6.873864381410603,179.0,190.0,52.54901960784315,81.50847140750469,41.117647058823536,62.33052871337276,83.01609370509937,137.45098039215685,363.4589753451397,"[16,16,16]","[175.2156862745098,180.67450980392155,188.8627450980392]",2.5254901960784366,4.3742773336249385,3.672004831549259,"{""nodes"":[{""x"":194,""y"":70,""kind"":""confirmed_support"",""rgba"":[234,234,234,233],""alpha"":233,""raw_luminance_0_255"":209.81036737105228,""master_rgb"":[191.0,197.0,206.0],""composited_rgb"":[230.2901960784314,230.8078431372549,231.5843137254902],""composited_luminance_0_255"":203.28080868776573},{""x"":193,""y"":70,""kind"":""low_alpha_perimeter"",""rgba"":[44,44,44,23],""alpha"":23,""raw_luminance_0_255"":6.4226492049772155,""master_rgb"":[191.0,197.0,206.0],""composited_rgb"":[177.74117647058824,183.2,191.38823529411764],""composited_luminance_0_255"":120.26471498266636}],""raw_RGB_step_L2"":[329.0896534380867],""composited_RGB_step_L2"":[81.50847140750469],""composited_luminance_steps"":[-83.01609370509937],""composited_luminance_monotonic"":true}"
#14700,198,70,"[203.2721,71.2222]","[203,71]","[51,51,51,5]",5,0,AMBIGUOUS,[10],False,"[{""xy"":[197,69],""glyph_id"":10,""class"":""proven_tonal_attachment"",""rgba"":[127,127,127,2],""master_rgba"":[188,195,203,253]}]","{""xy"":[197,69],""glyph_id"":10,""class"":""proven_tonal_attachment""}","[187,194,202,253]",8.44171547557569,"[184.33333333333331,191.19607843137254,199.0392156862745]",131.84543730534156,"[1.0,1.0,1.0]",1.7320508075688772,76.0,76.0,3.3647058823529505,5.672991924041715,3.3647058823529505,5.672991924041715,5.104256058834011,72.63529411764705,0.00679235610811322,"[16,16,16]","[183.6470588235294,190.50980392156862,198.35294117647058]",0.6862745098039227,1.1886623189198195,1.0598028524230756,"{""nodes"":[{""x"":196,""y"":69,""kind"":""solid_core"",""rgba"":[82,82,82,77],""alpha"":77,""raw_luminance_0_255"":21.515933943757947,""master_rgb"":[189.0,196.0,204.0],""composited_rgb"":[156.69019607843134,161.57647058823528,167.1607843137255],""composited_luminance_0_255"":90.84283056994605},{""x"":197,""y"":69,""kind"":""confirmed_tonal_attachment"",""rgba"":[127,127,127,2],""alpha"":2,""raw_luminance_0_255"":54.118843140584076,""master_rgb"":[188.0,195.0,203.0],""composited_rgb"":[187.521568627451,194.46666666666667,202.40392156862745],""composited_luminance_0_255"":136.94969336417557},{""x"":198,""y"":70,""kind"":""low_alpha_perimeter"",""rgba"":[51,51,51,5],""alpha"":5,""raw_luminance_0_255"":8.44171547557569,""master_rgb"":[187.0,194.0,202.0],""composited_rgb"":[184.33333333333331,191.19607843137254,199.0392156862745],""composited_luminance_0_255"":131.84543730534156}],""raw_RGB_step_L2"":[77.94228634059948,131.63586137523467],""composited_RGB_step_L2"":[57.22252401722563,5.672991924041715],""composited_luminance_steps"":[46.10686279422953,-5.104256058834011],""composited_luminance_monotonic"":false}"
#14700,206,70,"[211.7034,71.2222]","[212,71]","[0,0,0,31]",31,0,SAFE WORDMARK OWNERSHIP,[10],False,"[{""xy"":[206,69],""glyph_id"":10,""class"":""proven_tonal_attachment"",""rgba"":[0,0,0,30],""master_rgba"":[173,180,188,253]},{""xy"":[207,70],""glyph_id"":10,""class"":""solid_achromatic_core"",""rgba"":[238,238,238,215],""master_rgba"":[171,177,185,253]},{""xy"":[207,69],""glyph_id"":10,""class"":""solid_achromatic_core"",""rgba"":[238,238,238,215],""master_rgba"":[170,177,184,253]},{""xy"":[207,71],""glyph_id"":10,""class"":""solid_achromatic_core"",""rgba"":[237,236,236,221],""master_rgba"":[172,179,186,253]}]","{""xy"":[206,69],""glyph_id"":10,""class"":""proven_tonal_attachment""}","[174,180,188,253]",0.0,"[152.8470588235294,158.11764705882354,165.1450980392157]",86.63167736671741,"[0.0,0.0,0.0]",0.0,0.0,0.0,0.7372549019607675,1.0401032096186051,0.7372549019607675,1.0401032096186051,0.6356692098091798,-0.7372549019607675,0.0,"[16,16,16]","[154.7921568627451,160.06274509803922,167.09019607843138]",1.9450980392156794,3.3690086296241573,2.3754230057997034,"{""nodes"":[{""x"":206,""y"":68,""kind"":""solid_core"",""rgba"":[0,0,0,32],""alpha"":32,""raw_luminance_0_255"":0.0,""master_rgb"":[174.0,180.0,188.0],""composited_rgb"":[152.16470588235293,157.41176470588235,164.4078431372549],""composited_luminance_0_255"":85.781785876364},{""x"":206,""y"":69,""kind"":""confirmed_tonal_attachment"",""rgba"":[0,0,0,30],""alpha"":30,""raw_luminance_0_255"":0.0,""master_rgb"":[173.0,180.0,188.0],""composited_rgb"":[152.64705882352942,158.8235294117647,165.88235294117646],""composited_luminance_0_255"":87.26734657652659},{""x"":206,""y"":70,""kind"":""low_alpha_perimeter"",""rgba"":[0,0,0,31],""alpha"":31,""raw_luminance_0_255"":0.0,""master_rgb"":[174.0,180.0,188.0],""composited_rgb"":[152.8470588235294,158.11764705882354,165.1450980392157],""composited_luminance_0_255"":86.63167736671741}],""raw_RGB_step_L2"":[0.0,0.0],""composited_RGB_step_L2"":[2.0975993674907243,1.0401032096186051],""composited_luminance_steps"":[1.4855607001625941,-0.6356692098091798],""composited_luminance_monotonic"":false}"
#14700,66,71,"[64.1544,72.2667]","[64,72]","[255,255,255,1]",1,0,AMBIGUOUS,[6],False,"[{""xy"":[67,71],""glyph_id"":6,""class"":""proven_tonal_attachment"",""rgba"":[0,0,0,1],""master_rgba"":[202,210,218,253]},{""xy"":[67,70],""glyph_id"":6,""class"":""proven_tonal_attachment"",""rgba"":[0,0,0,1],""master_rgba"":[202,210,217,253]},{""xy"":[67,72],""glyph_id"":6,""class"":""proven_tonal_attachment"",""rgba"":[0,0,0,1],""master_rgba"":[202,210,218,253]}]","{""xy"":[67,71],""glyph_id"":6,""class"":""proven_tonal_attachment""}","[201,209,217,253]",255.0,"[201.21176470588236,209.18039215686275,217.14901960784314]",161.04242157800414,"[1.0,1.0,1.0]",1.7320508075688772,255.0,255.0,0.003921568627447414,0.006792356108107067,0.003921568627447414,0.006792356108107067,0.006821444637580498,254.99607843137255,1.7320508075688772,"[16,16,16]","[200.27450980392157,208.24313725490197,216.21176470588236]",0.9372549019607845,1.6233731098390658,1.6255324931444193,"{""nodes"":[{""x"":68,""y"":71,""kind"":""solid_core"",""rgba"":[166,166,166,129],""alpha"":129,""raw_luminance_0_255"":97.23813291529518,""master_rgb"":[202.0,210.0,217.0],""composited_rgb"":[183.78823529411764,187.74117647058824,191.2],""composited_luminance_0_255"":126.96593906196809},{""x"":67,""y"":71,""kind"":""confirmed_tonal_attachment"",""rgba"":[0,0,0,1],""alpha"":1,""raw_luminance_0_255"":0.0,""master_rgb"":[202.0,210.0,218.0],""composited_rgb"":[201.2078431372549,209.1764705882353,217.1450980392157],""composited_luminance_0_255"":161.03560013336656},{""x"":66,""y"":71,""kind"":""low_alpha_perimeter"",""rgba"":[255,255,255,1],""alpha"":1,""raw_luminance_0_255"":255.0,""master_rgb"":[201.0,209.0,217.0],""composited_rgb"":[201.21176470588236,209.18039215686275,217.14901960784314],""composited_luminance_0_255"":161.04242157800414}],""raw_RGB_step_L2"":[287.52043405643366,441.6729559300637],""composited_RGB_step_L2"":[37.895417712214744,0.006792356108107067],""composited_luminance_steps"":[34.06966107139847,0.006821444637580498],""composited_luminance_monotonic"":true}"
#14700,82,71,"[81.0172,72.2667]","[81,72]","[59,59,59,30]",30,0,AMBIGUOUS,[7],False,"[{""xy"":[83,71],""glyph_id"":7,""class"":""solid_achromatic_core"",""rgba"":[226,226,226,232],""master_rgba"":[200,208,216,253]},{""xy"":[83,70],""glyph_id"":7,""class"":""solid_achromatic_core"",""rgba"":[225,225,225,222],""master_rgba"":[201,208,216,253]},{""xy"":[83,72],""glyph_id"":7,""class"":""solid_achromatic_core"",""rgba"":[183,182,182,154],""master_rgba"":[200,208,216,253]}]","{""xy"":[83,71],""glyph_id"":7,""class"":""solid_achromatic_core""}","[200,208,216,253]",11.152432460528232,"[183.41176470588235,190.47058823529412,197.52941176470588]",130.57143132601004,"[6.9411764705882355,6.9411764705882355,6.9411764705882355]",12.022470311360443,124.0,167.0,40.24313725490197,59.40663408895775,6.321568627451001,6.896138364098697,60.03521024095767,126.75686274509803,344.1143451492332,"[16,16,16]","[178.35294117647058,185.41176470588235,192.47058823529412]",5.058823529411768,8.762139379466092,7.651455207064586,"{""nodes"":[{""x"":83,""y"":71,""kind"":""confirmed_support"",""rgba"":[226,226,226,232],""alpha"":232,""raw_luminance_0_255"":193.93374869219957,""master_rgb"":[200.0,208.0,216.0],""composited_rgb"":[223.65490196078431,224.3764705882353,225.0980392156863],""composited_luminance_0_255"":190.6066415669677},{""x"":82,""y"":71,""kind"":""low_alpha_perimeter"",""rgba"":[59,59,59,30],""alpha"":30,""raw_luminance_0_255"":11.152432460528232,""master_rgb"":[200.0,208.0,216.0],""composited_rgb"":[183.41176470588235,190.47058823529412,197.52941176470588],""composited_luminance_0_255"":130.57143132601004}],""raw_RGB_step_L2"":[289.2524848640025],""composited_RGB_step_L2"":[59.40663408895775],""composited_luminance_steps"":[-60.03521024095767],""composited_luminance_monotonic"":true}"
#14700,104,71,"[104.2034,72.2667]","[104,72]","[0,0,0,21]",21,0,AMBIGUOUS,[8],False,"[{""xy"":[103,71],""glyph_id"":8,""class"":""solid_achromatic_core"",""rgba"":[239,239,239,229],""master_rgba"":[197,205,213,253]},{""xy"":[103,70],""glyph_id"":8,""class"":""solid_achromatic_core"",""rgba"":[240,240,240,218],""master_rgba"":[198,206,214,253]},{""xy"":[103,72],""glyph_id"":8,""class"":""solid_achromatic_core"",""rgba"":[210,210,210,161],""master_rgba"":[198,206,214,253]}]","{""xy"":[103,71],""glyph_id"":8,""class"":""solid_achromatic_core""}","[198,206,214,253]",0.0,"[181.69411764705882,189.03529411764706,196.3764705882353]",128.31841716394,"[0.0,0.0,0.0]",0.0,210.0,239.0,53.023529411764684,81.0639685514392,23.882352941176492,34.3247041260522,84.38500219774943,185.97647058823532,371.752442153146,"[16,16,16]","[183.01176470588234,190.35294117647058,197.69411764705882]",1.3176470588235247,2.282231652326042,2.016747055988816,"{""nodes"":[{""x"":103,""y"":71,""kind"":""confirmed_support"",""rgba"":[239,239,239,229],""alpha"":229,""raw_luminance_0_255"":220.10508943079606,""master_rgb"":[197.0,205.0,213.0],""composited_rgb"":[234.7176470588235,235.53333333333333,236.34901960784313],""composited_luminance_0_255"":212.70341936168944},{""x"":104,""y"":71,""kind"":""low_alpha_perimeter"",""rgba"":[0,0,0,21],""alpha"":21,""raw_luminance_0_255"":0.0,""master_rgb"":[198.0,206.0,214.0],""composited_rgb"":[181.69411764705882,189.03529411764706,196.3764705882353],""composited_luminance_0_255"":128.31841716394}],""raw_RGB_step_L2"":[413.96014300896167],""composited_RGB_step_L2"":[81.0639685514392],""composited_luminance_steps"":[-84.38500219774943],""composited_luminance_monotonic"":true}"
#14700,109,71,"[109.473,72.2667]","[109,72]","[0,0,0,24]",24,0,AMBIGUOUS,[8],False,"[{""xy"":[110,71],""glyph_id"":8,""class"":""solid_achromatic_core"",""rgba"":[217,217,217,195],""master_rgba"":[198,206,213,253]},{""xy"":[110,70],""glyph_id"":8,""class"":""solid_achromatic_core"",""rgba"":[217,217,217,183],""master_rgba"":[198,205,213,253]},{""xy"":[110,72],""glyph_id"":8,""class"":""solid_achromatic_core"",""rgba"":[195,193,193,141],""master_rgba"":[198,205,213,253]}]","{""xy"":[110,71],""glyph_id"":8,""class"":""solid_achromatic_core""}","[197,204,212,253]",0.0,"[178.45882352941177,184.8,192.04705882352943]",122.2508326519706,"[0.0,0.0,0.0]",0.0,195.0,217.0,34.07058823529411,51.12950651029363,17.882352941176464,24.52903088997573,49.46260043934427,182.9294117647059,287.41854871481195,"[16,16,16]","[179.96470588235294,186.30588235294118,193.5529411764706]",1.5058823529411711,2.6082647455154766,2.2424145644579028,"{""nodes"":[{""x"":110,""y"":71,""kind"":""confirmed_support"",""rgba"":[217,217,217,195],""alpha"":195,""raw_luminance_0_255"":176.93729912945741,""master_rgb"":[198.0,206.0,213.0],""composited_rgb"":[212.52941176470588,214.41176470588238,216.05882352941177],""composited_luminance_0_255"":171.71343309131487},{""x"":109,""y"":71,""kind"":""low_alpha_perimeter"",""rgba"":[0,0,0,24],""alpha"":24,""raw_luminance_0_255"":0.0,""master_rgb"":[197.0,204.0,212.0],""composited_rgb"":[178.45882352941177,184.8,192.04705882352943],""composited_luminance_0_255"":122.2508326519706}],""raw_RGB_step_L2"":[375.85502524244635],""composited_RGB_step_L2"":[51.12950651029363],""composited_luminance_steps"":[-49.46260043934427],""composited_luminance_monotonic"":true}"
#14700,121,71,"[122.1201,72.2667]","[122,72]","[0,0,0,4]",4,0,AMBIGUOUS,[8],False,"[{""xy"":[120,71],""glyph_id"":8,""class"":""solid_achromatic_core"",""rgba"":[196,196,196,187],""master_rgba"":[198,205,213,253]},{""xy"":[120,70],""glyph_id"":8,""class"":""solid_achromatic_core"",""rgba"":[200,200,200,178],""master_rgba"":[197,205,213,253]},{""xy"":[120,72],""glyph_id"":8,""class"":""solid_achromatic_core"",""rgba"":[170,170,170,124],""master_rgba"":[196,204,212,253]}]","{""xy"":[120,71],""glyph_id"":8,""class"":""solid_achromatic_core""}","[197,205,213,253]",0.0,"[193.90980392156865,201.78431372549022,209.6588235294118]",148.4953412980947,"[0.0,0.0,0.0]",0.0,170.0,196.0,9.12549019607846,10.080231013506578,5.7333333333333485,7.734570159218038,4.232140476772827,186.87450980392154,248.9534360745666,"[16,16,16]","[194.16078431372551,202.03529411764708,209.90980392156865]",0.25098039215686185,0.4347107909192461,0.416737840532619,"{""nodes"":[{""x"":120,""y"":71,""kind"":""confirmed_support"",""rgba"":[196,196,196,187],""alpha"":187,""raw_luminance_0_255"":140.76290738556003,""master_rgb"":[198.0,205.0,213.0],""composited_rgb"":[196.53333333333333,198.4,200.53333333333333],""composited_luminance_0_255"":144.26320082132187},{""x"":121,""y"":71,""kind"":""low_alpha_perimeter"",""rgba"":[0,0,0,4],""alpha"":4,""raw_luminance_0_255"":0.0,""master_rgb"":[197.0,205.0,213.0],""composited_rgb"":[193.90980392156865,201.78431372549022,209.6588235294118],""composited_luminance_0_255"":148.4953412980947}],""raw_RGB_step_L2"":[339.4819582835],""composited_RGB_step_L2"":[10.080231013506578],""composited_luminance_steps"":[4.232140476772827],""composited_luminance_monotonic"":true}"
#14700,136,71,"[137.9289,72.2667]","[138,72]","[0,0,0,11]",11,0,AMBIGUOUS,[9],False,"[{""xy"":[136,70],""glyph_id"":9,""class"":""solid_achromatic_core"",""rgba"":[175,175,175,151],""master_rgba"":[197,205,212,253]},{""xy"":[135,71],""glyph_id"":9,""class"":""solid_achromatic_core"",""rgba"":[197,197,197,156],""master_rgba"":[197,205,213,253]},{""xy"":[137,71],""glyph_id"":9,""class"":""proven_tonal_attachment"",""rgba"":[85,85,85,3],""master_rgba"":[196,204,212,253]},{""xy"":[135,70],""glyph_id"":9,""class"":""solid_achromatic_core"",""rgba"":[249,249,249,255],""master_rgba"":[197,204,212,253]}]","{""xy"":[136,70],""glyph_id"":9,""class"":""solid_achromatic_core""}","[197,204,212,253]",0.0,"[188.50196078431372,195.20000000000002,202.85490196078433]",138.15903653723055,"[0.0,0.0,0.0]",0.0,85.0,175.0,12.764705882352956,15.712728184170304,7.650980392156839,9.81894613444235,11.808636751579286,162.23529411764704,179.48801015689247,"[16,16,16]","[189.1921568627451,195.8901960784314,203.5450980392157]",0.6901960784313701,1.1954546750279267,1.1004894159382843,"{""nodes"":[{""x"":136,""y"":70,""kind"":""confirmed_support"",""rgba"":[175,175,175,151],""alpha"":151,""raw_luminance_0_255"":109.31607663654619,""master_rgb"":[197.0,205.0,212.0],""composited_rgb"":[183.97254901960784,187.23529411764707,190.09019607843138],""composited_luminance_0_255"":126.35039978565126},{""x"":136,""y"":71,""kind"":""low_alpha_perimeter"",""rgba"":[0,0,0,11],""alpha"":11,""raw_luminance_0_255"":0.0,""master_rgb"":[197.0,204.0,212.0],""composited_rgb"":[188.50196078431372,195.20000000000002,202.85490196078433],""composited_luminance_0_255"":138.15903653723055}],""raw_RGB_step_L2"":[303.10889132455355],""composited_RGB_step_L2"":[15.712728184170304],""composited_luminance_steps"":[11.808636751579286],""composited_luminance_monotonic"":true}"
#14700,138,71,"[140.0368,72.2667]","[140,72]","[85,85,85,3]",3,0,AMBIGUOUS,[9],False,"[{""xy"":[138,70],""glyph_id"":9,""class"":""proven_tonal_attachment"",""rgba"":[0,0,0,1],""master_rgba"":[196,204,212,253]},{""xy"":[137,71],""glyph_id"":9,""class"":""proven_tonal_attachment"",""rgba"":[85,85,85,3],""master_rgba"":[196,204,212,253]}]","{""xy"":[138,70],""glyph_id"":9,""class"":""proven_tonal_attachment""}","[196,203,211,253]",23.16463635176896,"[194.69411764705882,201.61176470588236,209.51764705882354]",148.53654082277376,"[1.0,1.0,1.0]",1.7320508075688772,0.0,85.0,1.6509803921568675,2.3530555527756363,0.9882352941176578,1.3975757557569362,2.2984060164023106,83.34901960784313,1.7320508075688772,"[16,16,16]","[193.88235294117646,200.8,208.7058823529412]",0.8117647058823536,1.4060177143794428,1.3434920333749005,"{""nodes"":[{""x"":137,""y"":69,""kind"":""solid_core"",""rgba"":[97,97,97,86],""alpha"":86,""raw_luminance_0_255"":30.48229913702813,""master_rgb"":[197.0,205.0,213.0],""composited_rgb"":[163.27450980392157,168.57647058823528,173.87843137254902],""composited_luminance_0_255"":99.66774476467633},{""x"":138,""y"":70,""kind"":""confirmed_tonal_attachment"",""rgba"":[0,0,0,1],""alpha"":1,""raw_luminance_0_255"":0.0,""master_rgb"":[196.0,204.0,212.0],""composited_rgb"":[195.23137254901962,203.2,211.1686274509804],""composited_luminance_0_255"":150.83494683917607},{""x"":138,""y"":71,""kind"":""low_alpha_perimeter"",""rgba"":[85,85,85,3],""alpha"":3,""raw_luminance_0_255"":23.16463635176896,""master_rgb"":[196.0,203.0,211.0],""composited_rgb"":[194.69411764705882,201.61176470588236,209.51764705882354],""composited_luminance_0_255"":148.53654082277376}],""raw_RGB_step_L2"":[168.0089283341811,147.22431864335456],""composited_RGB_step_L2"":[60.08817345371909,2.3530555527756363],""composited_luminance_steps"":[51.16720207449974,-2.2984060164023106],""composited_luminance_monotonic"":false}"
#14700,164,71,"[167.4387,72.2667]","[167,72]","[0,0,0,26]",26,0,AMBIGUOUS,[10],False,"[{""xy"":[165,71],""glyph_id"":10,""class"":""solid_achromatic_core"",""rgba"":[209,209,209,195],""master_rgba"":[195,203,211,253]},{""xy"":[165,70],""glyph_id"":10,""class"":""solid_achromatic_core"",""rgba"":[209,209,209,179],""master_rgba"":[194,202,210,253]},{""xy"":[165,72],""glyph_id"":10,""class"":""solid_achromatic_core"",""rgba"":[194,194,194,138],""master_rgba"":[195,203,211,253]}]","{""xy"":[165,71],""glyph_id"":10,""class"":""solid_achromatic_core""}","[195,202,211,253]",0.0,"[175.11764705882354,181.40392156862745,189.48627450980393]",117.3895413732846,"[0.0,0.0,0.0]",0.0,194.0,209.0,30.588235294117624,44.95143177655204,19.341176470588238,28.38046801963379,42.285766555811676,178.41176470588238,276.82247318615526,"[16,16,16]","[176.74901960784314,183.03529411764706,191.11764705882354]",1.631372549019602,2.8256201409750994,2.3736815877696387,"{""nodes"":[{""x"":165,""y"":71,""kind"":""confirmed_support"",""rgba"":[209,209,209,195],""alpha"":195,""raw_luminance_0_255"":162.58720286847833,""master_rgb"":[195.0,203.0,211.0],""composited_rgb"":[205.70588235294116,207.58823529411765,209.47058823529412],""composited_luminance_0_255"":159.67530792909628},{""x"":164,""y"":71,""kind"":""low_alpha_perimeter"",""rgba"":[0,0,0,26],""alpha"":26,""raw_luminance_0_255"":0.0,""master_rgb"":[195.0,202.0,211.0],""composited_rgb"":[175.11764705882354,181.40392156862745,189.48627450980393],""composited_luminance_0_255"":117.3895413732846}],""raw_RGB_step_L2"":[361.99861878189535],""composited_RGB_step_L2"":[44.95143177655204],""composited_luminance_steps"":[-42.285766555811676],""composited_luminance_monotonic"":true}"
#14700,176,71,"[180.0858,72.2667]","[180,72]","[255,255,255,1]",1,0,AMBIGUOUS,[10],False,"[{""xy"":[177,70],""glyph_id"":10,""class"":""solid_achromatic_core"",""rgba"":[131,131,131,101],""master_rgba"":[194,201,210,253]}]","{""xy"":[177,70],""glyph_id"":10,""class"":""solid_achromatic_core""}","[194,201,209,253]",255.0,"[194.23921568627452,201.21176470588236,209.18039215686275]",147.86301520834928,"[1.0,1.0,1.0]",1.7320508075688772,124.0,124.0,30.470588235294116,48.410657155828105,30.470588235294116,48.410657155828105,41.589993366272154,93.52941176470588,88.13761285887746,"[16,16,16]","[193.30196078431374,200.27450980392157,208.24313725490197]",0.9372549019607845,1.6233731098390658,1.5464255442081765,"{""nodes"":[{""x"":177,""y"":70,""kind"":""confirmed_support"",""rgba"":[131,131,131,101],""alpha"":101,""raw_luminance_0_255"":57.876297745075085,""master_rgb"":[194.0,201.0,210.0],""composited_rgb"":[169.04705882352943,173.27450980392157,178.70980392156864],""composited_luminance_0_255"":106.27302184207713},{""x"":176,""y"":71,""kind"":""low_alpha_perimeter"",""rgba"":[255,255,255,1],""alpha"":1,""raw_luminance_0_255"":255.0,""master_rgb"":[194.0,201.0,209.0],""composited_rgb"":[194.23921568627452,201.21176470588236,209.18039215686275],""composited_luminance_0_255"":147.86301520834928}],""raw_RGB_step_L2"":[214.77430013854078],""composited_RGB_step_L2"":[48.410657155828105],""composited_luminance_steps"":[41.589993366272154],""composited_luminance_monotonic"":true}"
#14700,193,71,"[198.0025,72.2667]","[198,72]","[51,51,51,25]",25,0,AMBIGUOUS,[10],False,"[{""xy"":[194,71],""glyph_id"":10,""class"":""solid_achromatic_core"",""rgba"":[239,239,239,250],""master_rgba"":[191,197,206,253]},{""xy"":[194,70],""glyph_id"":10,""class"":""solid_achromatic_core"",""rgba"":[234,234,234,233],""master_rgba"":[191,197,206,253]},{""xy"":[194,72],""glyph_id"":10,""class"":""solid_achromatic_core"",""rgba"":[201,201,201,170],""master_rgba"":[191,198,206,253]}]","{""xy"":[194,71],""glyph_id"":10,""class"":""solid_achromatic_core""}","[191,197,205,253]",8.44171547557569,"[177.27450980392157,182.68627450980392,189.90196078431373]",119.4177572287962,"[5.0,5.0,5.0]",8.660254037844387,150.0,188.0,60.78431372549019,95.50597969165463,20.39215686274511,29.640223820471466,98.94645521292233,127.2156862745098,397.183023421922,"[16,16,16]","[173.84313725490196,179.2549019607843,186.47058823529412]",3.4313725490196134,5.943311594599098,4.952442287698517,"{""nodes"":[{""x"":194,""y"":71,""kind"":""confirmed_support"",""rgba"":[239,239,239,250],""alpha"":250,""raw_luminance_0_255"":220.10508943079606,""master_rgb"":[191.0,197.0,206.0],""composited_rgb"":[238.05882352941177,238.1764705882353,238.3529411764706],""composited_luminance_0_255"":218.36421244171854},{""x"":193,""y"":71,""kind"":""low_alpha_perimeter"",""rgba"":[51,51,51,25],""alpha"":25,""raw_luminance_0_255"":8.44171547557569,""master_rgb"":[191.0,197.0,205.0],""composited_rgb"":[177.27450980392157,182.68627450980392,189.90196078431373],""composited_luminance_0_255"":119.4177572287962}],""raw_RGB_step_L2"":[325.6255518229489],""composited_RGB_step_L2"":[95.50597969165463],""composited_luminance_steps"":[-98.94645521292233],""composited_luminance_monotonic"":true}"
#14700,206,71,"[211.7034,72.2667]","[212,72]","[0,0,0,26]",26,0,AMBIGUOUS,[10],False,"[{""xy"":[207,71],""glyph_id"":10,""class"":""solid_achromatic_core"",""rgba"":[237,236,236,221],""master_rgba"":[172,179,186,253]},{""xy"":[207,70],""glyph_id"":10,""class"":""solid_achromatic_core"",""rgba"":[238,238,238,215],""master_rgba"":[171,177,185,253]},{""xy"":[207,72],""glyph_id"":10,""class"":""solid_achromatic_core"",""rgba"":[207,206,206,146],""master_rgba"":[172,179,186,253]}]","{""xy"":[207,71],""glyph_id"":10,""class"":""solid_achromatic_core""}","[174,181,189,253]",0.0,"[156.25882352941176,162.5450980392157,169.7294117647059]",91.84831053794133,"[0.0,0.0,0.0]",0.0,207.0,237.0,72.07450980392159,114.38632148163165,35.780392156862774,55.38237720366424,106.87697865778586,164.9254901960784,354.76320114815866,"[16,16,16]","[157.89019607843136,164.1764705882353,171.3607843137255]",1.631372549019602,2.8256201409750994,2.058375898786082,"{""nodes"":[{""x"":207,""y"":71,""kind"":""confirmed_support"",""rgba"":[237,236,236,221],""alpha"":221,""raw_luminance_0_255"":214.33147567023187,""master_rgb"":[172.0,179.0,186.0],""composited_rgb"":[228.33333333333334,228.39999999999998,229.33333333333331],""composited_luminance_0_255"":198.72528919572719},{""x"":206,""y"":71,""kind"":""low_alpha_perimeter"",""rgba"":[0,0,0,26],""alpha"":26,""raw_luminance_0_255"":0.0,""master_rgb"":[174.0,181.0,189.0],""composited_rgb"":[156.25882352941176,162.5450980392157,169.7294117647059],""composited_luminance_0_255"":91.84831053794133}],""raw_RGB_step_L2"":[409.3421551709523],""composited_RGB_step_L2"":[114.38632148163165],""composited_luminance_steps"":[-106.87697865778586],""composited_luminance_monotonic"":true}"
#14700,66,72,"[64.1544,73.3111]","[64,73]","[255,255,255,1]",1,0,AMBIGUOUS,[6],False,"[{""xy"":[67,72],""glyph_id"":6,""class"":""proven_tonal_attachment"",""rgba"":[0,0,0,1],""master_rgba"":[202,210,218,253]},{""xy"":[67,71],""glyph_id"":6,""class"":""proven_tonal_attachment"",""rgba"":[0,0,0,1],""master_rgba"":[202,210,218,253]}]","{""xy"":[67,72],""glyph_id"":6,""class"":""proven_tonal_attachment""}","[201,209,217,253]",255.0,"[201.21176470588236,209.18039215686275,217.14901960784314]",161.04242157800414,"[1.0,1.0,1.0]",1.7320508075688772,255.0,255.0,0.003921568627447414,0.006792356108107067,0.003921568627447414,0.006792356108107067,0.006821444637580498,254.99607843137255,1.7320508075688772,"[16,16,16]","[200.27450980392157,208.24313725490197,216.21176470588236]",0.9372549019607845,1.6233731098390658,1.6255324931444193,"{""nodes"":[{""x"":68,""y"":72,""kind"":""solid_core"",""rgba"":[147,147,147,83],""alpha"":83,""raw_luminance_0_255"":74.40151570347165,""master_rgb"":[202.0,210.0,217.0],""composited_rgb"":[184.09803921568627,189.49411764705883,194.2156862745098],""composited_luminance_0_255"":129.32412181723808},{""x"":67,""y"":72,""kind"":""confirmed_tonal_attachment"",""rgba"":[0,0,0,1],""alpha"":1,""raw_luminance_0_255"":0.0,""master_rgb"":[202.0,210.0,218.0],""composited_rgb"":[201.2078431372549,209.1764705882353,217.1450980392157],""composited_luminance_0_255"":161.03560013336656},{""x"":66,""y"":72,""kind"":""low_alpha_perimeter"",""rgba"":[255,255,255,1],""alpha"":1,""raw_luminance_0_255"":255.0,""master_rgb"":[201.0,209.0,217.0],""composited_rgb"":[201.21176470588236,209.18039215686275,217.14901960784314],""composited_luminance_0_255"":161.04242157800414}],""raw_RGB_step_L2"":[254.61146871262497,441.6729559300637],""composited_RGB_step_L2"":[34.72604687278695,0.006792356108107067],""composited_luminance_steps"":[31.711478316128478,0.006821444637580498],""composited_luminance_monotonic"":true}"
#14700,80,72,"[78.9093,73.3111]","[79,73]","[0,0,0,1]",1,0,SAFE WORDMARK OWNERSHIP,[6],False,"[{""xy"":[80,71],""glyph_id"":6,""class"":""proven_tonal_attachment"",""rgba"":[0,0,0,1],""master_rgba"":[200,208,215,253]},{""xy"":[79,72],""glyph_id"":6,""class"":""proven_tonal_attachment"",""rgba"":[63,63,63,4],""master_rgba"":[200,207,216,253]}]","{""xy"":[80,71],""glyph_id"":6,""class"":""proven_tonal_attachment""}","[199,207,215,253]",0.0,"[198.21960784313725,206.18823529411765,214.15686274509804]",155.88658690099007,"[0.0,0.0,0.0]",0.0,0.0,0.0,0.9960784313725526,1.408667626834382,0.9960784313725526,1.408667626834382,1.5751758410870877,-0.9960784313725526,0.0,"[16,16,16]","[198.28235294117647,206.25098039215686,214.21960784313725]",0.06274509803921546,0.10867769772981152,0.10711307973261341,"{""nodes"":[{""x"":79,""y"":70,""kind"":""solid_core"",""rgba"":[99,94,94,46],""alpha"":46,""raw_luminance_0_255"":29.238830933520575,""master_rgb"":[201.0,208.0,216.0],""composited_rgb"":[182.60000000000002,187.43529411764706,193.9921568627451],""composited_luminance_0_255"":126.57846836907126},{""x"":80,""y"":71,""kind"":""confirmed_tonal_attachment"",""rgba"":[0,0,0,1],""alpha"":1,""raw_luminance_0_255"":0.0,""master_rgb"":[200.0,208.0,215.0],""composited_rgb"":[199.2156862745098,207.1843137254902,214.15686274509804],""composited_luminance_0_255"":157.46176274207716},{""x"":80,""y"":72,""kind"":""low_alpha_perimeter"",""rgba"":[0,0,0,1],""alpha"":1,""raw_luminance_0_255"":0.0,""master_rgb"":[199.0,207.0,215.0],""composited_rgb"":[198.21960784313725,206.18823529411765,214.15686274509804],""composited_luminance_0_255"":155.88658690099007}],""raw_RGB_step_L2"":[165.74981146293953,0.0],""composited_RGB_step_L2"":[32.75240707437706,1.408667626834382],""composited_luminance_steps"":[30.883294373005896,-1.5751758410870877],""composited_luminance_monotonic"":false}"
#14700,82,72,"[81.0172,73.3111]","[81,73]","[36,36,36,21]",21,0,AMBIGUOUS,[7],False,"[{""xy"":[83,72],""glyph_id"":7,""class"":""solid_achromatic_core"",""rgba"":[183,182,182,154],""master_rgba"":[200,208,216,253]},{""xy"":[83,71],""glyph_id"":7,""class"":""solid_achromatic_core"",""rgba"":[226,226,226,232],""master_rgba"":[200,208,216,253]}]","{""xy"":[83,72],""glyph_id"":7,""class"":""solid_achromatic_core""}","[200,208,216,253]",4.49869839453794,"[186.49411764705883,193.83529411764707,201.17647058823528]",135.75372203373564,"[2.9647058823529413,2.9647058823529413,2.9647058823529413]",5.135021217733613,147.0,147.0,5.709803921568607,6.7422200882624415,5.709803921568607,6.7422200882624415,1.3574750742135677,141.2901960784314,185.59046512649016,"[16,16,16]","[184.8470588235294,192.18823529411765,199.52941176470586]",1.6470588235294201,2.8527895654075768,2.5788840422460453,"{""nodes"":[{""x"":83,""y"":72,""kind"":""confirmed_support"",""rgba"":[183,182,182,154],""alpha"":154,""raw_luminance_0_255"":119.5964680706441,""master_rgb"":[200.0,208.0,216.0],""composited_rgb"":[189.73333333333335,192.2980392156863,195.46666666666667],""composited_luminance_0_255"":134.39624695952207},{""x"":82,""y"":72,""kind"":""low_alpha_perimeter"",""rgba"":[36,36,36,21],""alpha"":21,""raw_luminance_0_255"":4.49869839453794,""master_rgb"":[200.0,208.0,216.0],""composited_rgb"":[186.49411764705883,193.83529411764707,201.17647058823528],""composited_luminance_0_255"":135.75372203373564}],""raw_RGB_step_L2"":[253.45808331951065],""composited_RGB_step_L2"":[6.7422200882624415],""composited_luminance_steps"":[1.3574750742135677],""composited_luminance_monotonic"":true}"
#14700,104,72,"[104.2034,73.3111]","[104,73]","[0,0,0,14]",14,0,AMBIGUOUS,[8],False,"[{""xy"":[103,72],""glyph_id"":8,""class"":""solid_achromatic_core"",""rgba"":[210,210,210,161],""master_rgba"":[198,206,214,253]},{""xy"":[103,71],""glyph_id"":8,""class"":""solid_achromatic_core"",""rgba"":[239,239,239,229],""master_rgba"":[197,205,213,253]}]","{""xy"":[103,72],""glyph_id"":8,""class"":""solid_achromatic_core""}","[199,206,214,253]",0.0,"[188.07450980392156,194.69019607843137,202.25098039215686]",137.36473089053308,"[0.0,0.0,0.0]",0.0,210.0,210.0,17.501960784313752,24.141406119510624,17.501960784313752,24.141406119510624,23.68481312638076,192.49803921568625,229.64956001530882,"[16,16,16]","[188.95294117647057,195.5686274509804,203.12941176470588]",0.8784313725490165,1.5214877682173613,1.3968171729540586,"{""nodes"":[{""x"":103,""y"":72,""kind"":""confirmed_support"",""rgba"":[210,210,210,161],""alpha"":161,""raw_luminance_0_255"":164.34231890249845,""master_rgb"":[198.0,206.0,214.0],""composited_rgb"":[205.5764705882353,208.52549019607844,211.4745098039216],""composited_luminance_0_255"":161.04954401691384},{""x"":104,""y"":72,""kind"":""low_alpha_perimeter"",""rgba"":[0,0,0,14],""alpha"":14,""raw_luminance_0_255"":0.0,""master_rgb"":[199.0,206.0,214.0],""composited_rgb"":[188.07450980392156,194.69019607843137,202.25098039215686],""composited_luminance_0_255"":137.36473089053308}],""raw_RGB_step_L2"":[363.73066958946424],""composited_RGB_step_L2"":[24.141406119510624],""composited_luminance_steps"":[-23.68481312638076],""composited_luminance_monotonic"":true}"
#14700,109,72,"[109.473,73.3111]","[109,73]","[0,0,0,20]",20,0,AMBIGUOUS,[8],False,"[{""xy"":[110,72],""glyph_id"":8,""class"":""solid_achromatic_core"",""rgba"":[195,193,193,141],""master_rgba"":[198,205,213,253]},{""xy"":[110,71],""glyph_id"":8,""class"":""solid_achromatic_core"",""rgba"":[217,217,217,195],""master_rgba"":[198,206,213,253]}]","{""xy"":[110,72],""glyph_id"":8,""class"":""solid_achromatic_core""}","[197,204,212,253]",0.0,"[181.54901960784315,188.0,195.37254901960785]",127.02494868283462,"[0.0,0.0,0.0]",0.0,195.0,195.0,14.792156862745088,19.219310582575837,14.792156862745088,19.219310582575837,17.300336083268135,180.2078431372549,185.48106610204974,"[16,16,16]","[182.80392156862746,189.2549019607843,196.62745098039215]",1.2549019607843093,2.1735539545962306,1.909083427894089,"{""nodes"":[{""x"":110,""y"":72,""kind"":""confirmed_support"",""rgba"":[195,193,193,141],""alpha"":141,""raw_luminance_0_255"":136.66032955631925,""master_rgb"":[198.0,205.0,213.0],""composited_rgb"":[196.34117647058824,198.36470588235295,201.94117647058823],""composited_luminance_0_255"":144.32528476610275},{""x"":109,""y"":72,""kind"":""low_alpha_perimeter"",""rgba"":[0,0,0,20],""alpha"":20,""raw_luminance_0_255"":0.0,""master_rgb"":[197.0,204.0,212.0],""composited_rgb"":[181.54901960784315,188.0,195.37254901960785],""composited_luminance_0_255"":127.02494868283462}],""raw_RGB_step_L2"":[335.44448124838783],""composited_RGB_step_L2"":[19.219310582575837],""composited_luminance_steps"":[-17.300336083268135],""composited_luminance_monotonic"":true}"
#14700,121,72,"[122.1201,73.3111]","[122,73]","[0,0,0,11]",11,0,AMBIGUOUS,[8],False,"[{""xy"":[120,72],""glyph_id"":8,""class"":""solid_achromatic_core"",""rgba"":[170,170,170,124],""master_rgba"":[196,204,212,253]},{""xy"":[120,71],""glyph_id"":8,""class"":""solid_achromatic_core"",""rgba"":[196,196,196,187],""master_rgba"":[198,205,213,253]}]","{""xy"":[120,72],""glyph_id"":8,""class"":""solid_achromatic_core""}","[197,204,213,253]",0.0,"[188.50196078431372,195.20000000000002,203.81176470588235]",138.27563234600925,"[0.0,0.0,0.0]",0.0,170.0,170.0,12.235294117647072,15.361604747646487,8.031372549019608,9.24613742519866,11.701022745962419,157.76470588235293,143.1828667590272,"[16,16,16]","[189.1921568627451,195.8901960784314,204.50196078431372]",0.6901960784313701,1.1954546750279267,1.101008075554887,"{""nodes"":[{""x"":120,""y"":72,""kind"":""confirmed_support"",""rgba"":[170,170,170,124],""alpha"":124,""raw_luminance_0_255"":102.50433385720991,""master_rgb"":[196.0,204.0,212.0],""composited_rgb"":[183.35686274509806,187.46666666666664,191.57647058823528],""composited_luminance_0_255"":126.57460960004683},{""x"":121,""y"":72,""kind"":""low_alpha_perimeter"",""rgba"":[0,0,0,11],""alpha"":11,""raw_luminance_0_255"":0.0,""master_rgb"":[197.0,204.0,213.0],""composited_rgb"":[188.50196078431372,195.20000000000002,203.81176470588235],""composited_luminance_0_255"":138.27563234600925}],""raw_RGB_step_L2"":[294.44863728670913],""composited_RGB_step_L2"":[15.361604747646487],""composited_luminance_steps"":[11.701022745962419],""composited_luminance_monotonic"":true}"
#14700,125,72,"[126.3358,73.3111]","[126,73]","[46,46,46,22]",22,0,SAFE WORDMARK OWNERSHIP,[9],False,"[{""xy"":[125,71],""glyph_id"":9,""class"":""proven_tonal_attachment"",""rgba"":[41,41,41,31],""master_rgba"":[198,205,213,253]},{""xy"":[126,72],""glyph_id"":9,""class"":""solid_achromatic_core"",""rgba"":[178,178,178,140],""master_rgba"":[198,205,213,253]},{""xy"":[126,71],""glyph_id"":9,""class"":""solid_achromatic_core"",""rgba"":[203,204,204,211],""master_rgba"":[199,205,214,253]}]","{""xy"":[125,71],""glyph_id"":9,""class"":""proven_tonal_attachment""}","[197,205,213,253]",6.966827367964099,"[183.97254901960784,191.28235294117647,198.5921568627451]",131.77491081792598,"[3.9686274509803923,3.9686274509803923,3.9686274509803923]",6.873864381410603,5.0,5.0,6.501960784313752,10.32234039667837,4.807843137254906,5.798525578545303,9.101085135866441,-1.5019607843137521,1.7592202320013302,"[16,16,16]","[181.3843137254902,188.69411764705882,196.00392156862745]",2.588235294117652,4.4829550313547495,3.96964486125151,"{""nodes"":[{""x"":126,""y"":71,""kind"":""solid_core"",""rgba"":[203,204,204,211],""alpha"":211,""raw_luminance_0_255"":153.6167804393114,""master_rgb"":[199.0,205.0,214.0],""composited_rgb"":[202.30980392156863,204.17254901960783,205.72549019607843],""composited_luminance_0_255"":153.79182990133734},{""x"":125,""y"":71,""kind"":""confirmed_tonal_attachment"",""rgba"":[41,41,41,31],""alpha"":31,""raw_luminance_0_255"":5.654340622313782,""master_rgb"":[198.0,205.0,213.0],""composited_rgb"":[178.9137254901961,185.06274509803922,192.09019607843135],""composited_luminance_0_255"":122.67382568205954},{""x"":125,""y"":72,""kind"":""low_alpha_perimeter"",""rgba"":[46,46,46,22],""alpha"":22,""raw_luminance_0_255"":6.966827367964099,""master_rgb"":[197.0,205.0,213.0],""composited_rgb"":[183.97254901960784,191.28235294117647,198.5921568627451],""composited_luminance_0_255"":131.77491081792598}],""raw_RGB_step_L2"":[281.7481144568673,8.660254037844387],""composited_RGB_step_L2"":[33.143360384283234,10.32234039667837],""composited_luminance_steps"":[-31.118004219277793,9.101085135866441],""composited_luminance_monotonic"":false}"
#14700,136,72,"[137.9289,73.3111]","[138,73]","[255,255,255,2]",2,0,AMBIGUOUS,[9],False,"[{""xy"":[135,71],""glyph_id"":9,""class"":""solid_achromatic_core"",""rgba"":[197,197,197,156],""master_rgba"":[197,205,213,253]},{""xy"":[137,71],""glyph_id"":9,""class"":""proven_tonal_attachment"",""rgba"":[85,85,85,3],""master_rgba"":[196,204,212,253]}]","{""xy"":[135,71],""glyph_id"":9,""class"":""solid_achromatic_core""}","[197,205,212,253]",255.0,"[197.45490196078433,205.3921568627451,212.3372549019608]",154.40971763957165,"[2.0,2.0,2.0]",3.4641016151377544,58.0,58.0,9.125490196078431,10.555861182568272,2.792156862745088,4.332666082955152,7.657638835746525,48.87450980392157,205.27858629939848,"[16,16,16]","[195.58039215686276,203.51764705882354,210.46274509803922]",1.874509803921569,3.2467462196781316,3.1625976578208963,"{""nodes"":[{""x"":135,""y"":71,""kind"":""confirmed_support"",""rgba"":[197,197,197,156],""alpha"":156,""raw_luminance_0_255"":142.37679935673827,""master_rgb"":[197.0,205.0,213.0],""composited_rgb"":[197.0,200.1058823529412,203.21176470588236],""composited_luminance_0_255"":146.75207880382513},{""x"":136,""y"":72,""kind"":""low_alpha_perimeter"",""rgba"":[255,255,255,2],""alpha"":2,""raw_luminance_0_255"":255.0,""master_rgb"":[197.0,205.0,212.0],""composited_rgb"":[197.45490196078433,205.3921568627451,212.3372549019608],""composited_luminance_0_255"":154.40971763957165}],""raw_RGB_step_L2"":[100.45894683899488],""composited_RGB_step_L2"":[10.555861182568272],""composited_luminance_steps"":[7.657638835746525],""composited_luminance_monotonic"":true}"
#14700,137,72,"[138.9828,73.3111]","[139,73]","[0,0,0,3]",3,0,AMBIGUOUS,[9],False,"[{""xy"":[137,71],""glyph_id"":9,""class"":""proven_tonal_attachment"",""rgba"":[85,85,85,3],""master_rgba"":[196,204,212,253]}]","{""xy"":[137,71],""glyph_id"":9,""class"":""proven_tonal_attachment""}","[196,204,213,253]",0.0,"[193.69411764705882,201.60000000000002,210.49411764705883]",148.30876441277886,"[0.0,0.0,0.0]",0.0,85.0,85.0,1.0,1.4142624962518444,1.0,1.4142624962518444,1.5368315014697203,84.0,1.7320508075688772,"[16,16,16]","[193.88235294117646,201.78823529411767,210.68235294117648]",0.1882352941176464,0.3260330931894346,0.312253286589538,"{""nodes"":[{""x"":136,""y"":70,""kind"":""solid_core"",""rgba"":[175,175,175,151],""alpha"":151,""raw_luminance_0_255"":109.31607663654619,""master_rgb"":[197.0,205.0,212.0],""composited_rgb"":[183.97254901960784,187.23529411764707,190.09019607843138],""composited_luminance_0_255"":126.35039978565126},{""x"":137,""y"":71,""kind"":""confirmed_tonal_attachment"",""rgba"":[85,85,85,3],""alpha"":3,""raw_luminance_0_255"":23.16463635176896,""master_rgb"":[196.0,204.0,212.0],""composited_rgb"":[194.69411764705882,202.60000000000002,210.50588235294117],""composited_luminance_0_255"":149.84559591424858},{""x"":137,""y"":72,""kind"":""low_alpha_perimeter"",""rgba"":[0,0,0,3],""alpha"":3,""raw_luminance_0_255"":0.0,""master_rgb"":[196.0,204.0,213.0],""composited_rgb"":[193.69411764705882,201.60000000000002,210.49411764705883],""composited_luminance_0_255"":148.30876441277886}],""raw_RGB_step_L2"":[155.88457268119896,147.22431864335456],""composited_RGB_step_L2"":[27.709681823210456,1.4142624962518444],""composited_luminance_steps"":[23.495196128597314,-1.5368315014697203],""composited_luminance_monotonic"":false}"
#14700,164,72,"[167.4387,73.3111]","[167,73]","[0,0,0,17]",17,0,AMBIGUOUS,[10],False,"[{""xy"":[165,72],""glyph_id"":10,""class"":""solid_achromatic_core"",""rgba"":[194,194,194,138],""master_rgba"":[195,203,211,253]},{""xy"":[165,71],""glyph_id"":10,""class"":""solid_achromatic_core"",""rgba"":[209,209,209,195],""master_rgba"":[195,203,211,253]}]","{""xy"":[165,72],""glyph_id"":10,""class"":""solid_achromatic_core""}","[194,202,211,253]",0.0,"[181.06666666666666,188.53333333333333,196.93333333333334]",127.6395332302403,"[0.0,0.0,0.0]",0.0,194.0,194.0,13.39215686274511,17.179028818354922,13.39215686274511,17.179028818354922,15.752818885239392,180.6078431372549,181.84495772640776,"[16,16,16]","[182.13333333333333,189.6,198.0]",1.0666666666666629,1.847520861406796,1.6261133014040894,"{""nodes"":[{""x"":165,""y"":72,""kind"":""confirmed_support"",""rgba"":[194,194,194,138],""alpha"":138,""raw_luminance_0_255"":137.5672696980873,""master_rgb"":[195.0,203.0,211.0],""composited_rgb"":[194.45882352941177,198.12941176470588,201.8],""composited_luminance_0_255"":143.3923521154797},{""x"":164,""y"":72,""kind"":""low_alpha_perimeter"",""rgba"":[0,0,0,17],""alpha"":17,""raw_luminance_0_255"":0.0,""master_rgb"":[194.0,202.0,211.0],""composited_rgb"":[181.06666666666666,188.53333333333333,196.93333333333334],""composited_luminance_0_255"":127.6395332302403}],""raw_RGB_step_L2"":[336.0178566683622],""composited_RGB_step_L2"":[17.179028818354922],""composited_luminance_steps"":[-15.752818885239392],""composited_luminance_monotonic"":true}"
#14700,177,72,"[181.1397,73.3111]","[181,73]","[255,255,255,2]",2,0,AMBIGUOUS,[10],False,"[{""xy"":[178,71],""glyph_id"":10,""class"":""solid_achromatic_core"",""rgba"":[146,146,146,113],""master_rgba"":[194,201,210,253]},{""xy"":[178,73],""glyph_id"":10,""class"":""proven_tonal_attachment"",""rgba"":[191,191,191,4],""master_rgba"":[194,202,210,253]}]","{""xy"":[178,71],""glyph_id"":10,""class"":""solid_achromatic_core""}","[194,202,210,253]",255.0,"[194.47843137254904,202.41568627450982,210.3529411764706]",149.53174473220503,"[2.0,2.0,2.0]",3.4641016151377544,64.0,109.0,28.71372549019611,44.30046235665561,0.6509803921568675,1.0227102123245584,38.57303043203753,80.28627450980389,108.59618945651452,"[16,16,16]","[192.60392156862747,200.54117647058825,208.47843137254904]",1.874509803921569,3.2467462196781316,3.1035976115223036,"{""nodes"":[{""x"":178,""y"":71,""kind"":""confirmed_support"",""rgba"":[146,146,146,113],""alpha"":113,""raw_luminance_0_255"":73.29741362036395,""master_rgb"":[194.0,201.0,210.0],""composited_rgb"":[172.72941176470587,176.62745098039215,181.6392156862745],""composited_luminance_0_255"":110.9587143001675},{""x"":177,""y"":72,""kind"":""low_alpha_perimeter"",""rgba"":[255,255,255,2],""alpha"":2,""raw_luminance_0_255"":255.0,""master_rgb"":[194.0,202.0,210.0],""composited_rgb"":[194.47843137254904,202.41568627450982,210.3529411764706],""composited_luminance_0_255"":149.53174473220503}],""raw_RGB_step_L2"":[188.79353802500762],""composited_RGB_step_L2"":[44.30046235665561],""composited_luminance_steps"":[38.57303043203753],""composited_luminance_monotonic"":true}"
#14700,193,72,"[198.0025,73.3111]","[198,73]","[45,45,45,17]",17,0,AMBIGUOUS,[10],False,"[{""xy"":[194,72],""glyph_id"":10,""class"":""solid_achromatic_core"",""rgba"":[201,201,201,170],""master_rgba"":[191,198,206,253]},{""xy"":[194,71],""glyph_id"":10,""class"":""solid_achromatic_core"",""rgba"":[239,239,239,250],""master_rgba"":[191,197,206,253]}]","{""xy"":[194,72],""glyph_id"":10,""class"":""solid_achromatic_core""}","[191,198,205,253]",6.691511583186723,"[181.26666666666668,187.8,194.33333333333334]",126.60012570595558,"[3.0,3.0,3.0]",5.196152422706632,156.0,156.0,16.400000000000006,22.073614213455045,16.400000000000006,22.073614213455045,20.190598583161517,139.6,226.8986557915229,"[16,16,16]","[179.33333333333334,185.86666666666667,192.4]",1.9333333333333371,3.348631561299836,2.9030464225173205,"{""nodes"":[{""x"":194,""y"":72,""kind"":""confirmed_support"",""rgba"":[201,201,201,170],""alpha"":170,""raw_luminance_0_255"":148.93999656224682,""master_rgb"":[191.0,198.0,206.0],""composited_rgb"":[197.66666666666669,200.0,202.66666666666669],""composited_luminance_0_255"":146.7907242891171},{""x"":193,""y"":72,""kind"":""low_alpha_perimeter"",""rgba"":[45,45,45,17],""alpha"":17,""raw_luminance_0_255"":6.691511583186723,""master_rgb"":[191.0,198.0,205.0],""composited_rgb"":[181.26666666666668,187.8,194.33333333333334],""composited_luminance_0_255"":126.60012570595558}],""raw_RGB_step_L2"":[270.19992598074487],""composited_RGB_step_L2"":[22.073614213455045],""composited_luminance_steps"":[-20.190598583161517],""composited_luminance_monotonic"":true}"
#14700,206,72,"[211.7034,73.3111]","[212,73]","[0,0,0,6]",6,0,AMBIGUOUS,[10],False,"[{""xy"":[207,72],""glyph_id"":10,""class"":""solid_achromatic_core"",""rgba"":[207,206,206,146],""master_rgba"":[172,179,186,253]},{""xy"":[207,71],""glyph_id"":10,""class"":""solid_achromatic_core"",""rgba"":[237,236,236,221],""master_rgba"":[172,179,186,253]}]","{""xy"":[207,72],""glyph_id"":10,""class"":""solid_achromatic_core""}","[175,182,189,253]",0.0,"[170.88235294117646,177.71764705882353,184.5529411764706]",111.83583398251687,"[0.0,0.0,0.0]",0.0,207.0,207.0,21.156862745098067,29.903833306846725,21.156862745098067,29.903833306846725,25.99585400984401,185.84313725490193,204.6179976622786,"[16,16,16]","[171.25882352941176,178.09411764705882,184.9294117647059]",0.3764705882352928,0.6520661863788692,0.5301228881929205,"{""nodes"":[{""x"":207,""y"":72,""kind"":""confirmed_support"",""rgba"":[207,206,206,146],""alpha"":146,""raw_luminance_0_255"":157.75381876243537,""master_rgb"":[172.0,179.0,186.0],""composited_rgb"":[192.03921568627453,194.45882352941175,197.45098039215685],""composited_luminance_0_255"":137.83168799236088},{""x"":206,""y"":72,""kind"":""low_alpha_perimeter"",""rgba"":[0,0,0,6],""alpha"":6,""raw_luminance_0_255"":0.0,""master_rgb"":[175.0,182.0,189.0],""composited_rgb"":[170.88235294117646,177.71764705882353,184.5529411764706],""composited_luminance_0_255"":111.83583398251687}],""raw_RGB_step_L2"":[357.38074934165104],""composited_RGB_step_L2"":[29.903833306846725],""composited_luminance_steps"":[-25.99585400984401],""composited_luminance_monotonic"":true}"
#14700,70,73,"[68.3701,74.3556]","[68,74]","[0,0,0,7]",7,0,SAFE WORDMARK OWNERSHIP,[6],False,"[{""xy"":[70,72],""glyph_id"":6,""class"":""solid_achromatic_core"",""rgba"":[213,213,213,170],""master_rgba"":[201,209,217,253]},{""xy"":[69,73],""glyph_id"":6,""class"":""proven_tonal_attachment"",""rgba"":[0,0,0,9],""master_rgba"":[201,208,217,253]},{""xy"":[69,72],""glyph_id"":6,""class"":""solid_achromatic_core"",""rgba"":[219,219,219,188],""master_rgba"":[201,209,217,253]},{""xy"":[71,72],""glyph_id"":6,""class"":""solid_achromatic_core"",""rgba"":[215,213,213,174],""master_rgba"":[201,208,216,253]}]","{""xy"":[70,72],""glyph_id"":6,""class"":""solid_achromatic_core""}","[201,209,217,253]",0.0,"[195.48235294117646,203.2627450980392,211.04313725490195]",150.98003182423662,"[0.0,0.0,0.0]",0.0,0.0,213.0,13.517647058823542,16.25355561017614,2.6039215686274417,3.4874543097330806,15.657056518621914,199.48235294117646,245.95121467478057,"[16,16,16]","[195.92156862745097,203.7019607843137,211.48235294117646]",0.43921568627450824,0.7607438841086807,0.7368361557097955,"{""nodes"":[{""x"":70,""y"":72,""kind"":""confirmed_support"",""rgba"":[213,213,213,170],""alpha"":170,""raw_luminance_0_255"":169.67376106197938,""master_rgb"":[201.0,209.0,217.0],""composited_rgb"":[209.0,211.66666666666669,214.33333333333334],""composited_luminance_0_255"":166.63708834285853},{""x"":70,""y"":73,""kind"":""low_alpha_perimeter"",""rgba"":[0,0,0,7],""alpha"":7,""raw_luminance_0_255"":0.0,""master_rgb"":[201.0,209.0,217.0],""composited_rgb"":[195.48235294117646,203.2627450980392,211.04313725490195],""composited_luminance_0_255"":150.98003182423662}],""raw_RGB_step_L2"":[368.9268220121709],""composited_RGB_step_L2"":[16.25355561017614],""composited_luminance_steps"":[-15.657056518621914],""composited_luminance_monotonic"":true}"
#14700,71,73,"[69.424,74.3556]","[69,74]","[0,0,0,8]",8,0,AMBIGUOUS,[6],False,"[{""xy"":[71,72],""glyph_id"":6,""class"":""solid_achromatic_core"",""rgba"":[215,213,213,174],""master_rgba"":[201,208,216,253]},{""xy"":[70,72],""glyph_id"":6,""class"":""solid_achromatic_core"",""rgba"":[213,213,213,170],""master_rgba"":[201,209,217,253]},{""xy"":[72,72],""glyph_id"":6,""class"":""solid_achromatic_core"",""rgba"":[215,213,213,174],""master_rgba"":[200,208,216,253]}]","{""xy"":[71,72],""glyph_id"":6,""class"":""solid_achromatic_core""}","[200,208,216,253]",0.0,"[193.72549019607843,201.47450980392156,209.2235294117647]",148.00823649639997,"[0.0,0.0,0.0]",0.0,213.0,215.0,16.82745098039217,20.106702293618003,15.274509803921575,19.060451395016255,18.83564411675485,198.17254901960783,252.52867376332605,"[16,16,16]","[194.22745098039215,201.9764705882353,209.72549019607843]",0.5019607843137237,0.8694215818384922,0.832567978405649,"{""nodes"":[{""x"":71,""y"":72,""kind"":""confirmed_support"",""rgba"":[215,213,213,174],""alpha"":174,""raw_luminance_0_255"":170.44115536642147,""master_rgb"":[201.0,208.0,216.0],""composited_rgb"":[210.5529411764706,211.41176470588235,213.95294117647057],""composited_luminance_0_255"":166.84388061315482},{""x"":71,""y"":73,""kind"":""low_alpha_perimeter"",""rgba"":[0,0,0,8],""alpha"":8,""raw_luminance_0_255"":0.0,""master_rgb"":[200.0,208.0,216.0],""composited_rgb"":[193.72549019607843,201.47450980392156,209.2235294117647],""composited_luminance_0_255"":148.00823649639997}],""raw_RGB_step_L2"":[370.08512534280544],""composited_RGB_step_L2"":[20.106702293618003],""composited_luminance_steps"":[-18.83564411675485],""composited_luminance_monotonic"":true}"
#14700,72,73,"[70.4779,74.3556]","[70,74]","[0,0,0,8]",8,0,AMBIGUOUS,[6],False,"[{""xy"":[72,72],""glyph_id"":6,""class"":""solid_achromatic_core"",""rgba"":[215,213,213,174],""master_rgba"":[200,208,216,253]},{""xy"":[71,72],""glyph_id"":6,""class"":""solid_achromatic_core"",""rgba"":[215,213,213,174],""master_rgba"":[201,208,216,253]},{""xy"":[73,72],""glyph_id"":6,""class"":""solid_achromatic_core"",""rgba"":[215,213,213,173],""master_rgba"":[200,208,215,253]}]","{""xy"":[72,72],""glyph_id"":6,""class"":""solid_achromatic_core""}","[200,207,216,253]",0.0,"[193.72549019607843,200.50588235294117,209.2235294117647]",146.85666637920193,"[0.0,0.0,0.0]",0.0,215.0,215.0,16.509803921568647,20.34402199824252,16.45098039215688,20.215802285663973,19.86802391124391,198.49019607843135,252.52867376332605,"[16,16,16]","[194.22745098039215,201.0078431372549,209.72549019607843]",0.5019607843137237,0.8694215818384922,0.8288024892886199,"{""nodes"":[{""x"":72,""y"":72,""kind"":""confirmed_support"",""rgba"":[215,213,213,174],""alpha"":174,""raw_luminance_0_255"":170.44115536642147,""master_rgb"":[200.0,208.0,216.0],""composited_rgb"":[210.23529411764707,211.41176470588235,213.95294117647057],""composited_luminance_0_255"":166.72469029044584},{""x"":72,""y"":73,""kind"":""low_alpha_perimeter"",""rgba"":[0,0,0,8],""alpha"":8,""raw_luminance_0_255"":0.0,""master_rgb"":[200.0,207.0,216.0],""composited_rgb"":[193.72549019607843,200.50588235294117,209.2235294117647],""composited_luminance_0_255"":146.85666637920193}],""raw_RGB_step_L2"":[370.08512534280544],""composited_RGB_step_L2"":[20.34402199824252],""composited_luminance_steps"":[-19.86802391124391],""composited_luminance_monotonic"":true}"
#14700,73,73,"[71.5319,74.3556]","[72,74]","[0,0,0,7]",7,0,AMBIGUOUS,[6],False,"[{""xy"":[73,72],""glyph_id"":6,""class"":""solid_achromatic_core"",""rgba"":[215,213,213,173],""master_rgba"":[200,208,215,253]},{""xy"":[72,72],""glyph_id"":6,""class"":""solid_achromatic_core"",""rgba"":[215,213,213,174],""master_rgba"":[200,208,216,253]},{""xy"":[74,72],""glyph_id"":6,""class"":""solid_achromatic_core"",""rgba"":[215,215,215,175],""master_rgba"":[201,209,217,253]}]","{""xy"":[73,72],""glyph_id"":6,""class"":""solid_achromatic_core""}","[200,208,216,253]",0.0,"[194.50980392156862,202.29019607843136,210.0705882352941]",149.3559099167875,"[0.0,0.0,0.0]",0.0,215.0,215.0,15.666666666666686,18.46762683890734,15.666666666666686,18.46762683890734,17.281508382854327,199.33333333333331,251.07735954629544,"[16,16,16]","[194.94901960784313,202.72941176470587,210.50980392156862]",0.43921568627450824,0.7607438841086807,0.7322051796332971,"{""nodes"":[{""x"":73,""y"":72,""kind"":""confirmed_support"",""rgba"":[215,213,213,173],""alpha"":173,""raw_luminance_0_255"":170.44115536642147,""master_rgb"":[200.0,208.0,215.0],""composited_rgb"":[210.1764705882353,211.39215686274508,213.64313725490194],""composited_luminance_0_255"":166.63741829964184},{""x"":73,""y"":73,""kind"":""low_alpha_perimeter"",""rgba"":[0,0,0,7],""alpha"":7,""raw_luminance_0_255"":0.0,""master_rgb"":[200.0,208.0,216.0],""composited_rgb"":[194.50980392156862,202.29019607843136,210.0705882352941],""composited_luminance_0_255"":149.3559099167875}],""raw_RGB_step_L2"":[370.08512534280544],""composited_RGB_step_L2"":[18.46762683890734],""composited_luminance_steps"":[-17.281508382854327],""composited_luminance_monotonic"":true}"
#14700,74,73,"[72.5858,74.3556]","[73,74]","[0,0,0,9]",9,0,SAFE WORDMARK OWNERSHIP,[6],False,"[{""xy"":[74,72],""glyph_id"":6,""class"":""solid_achromatic_core"",""rgba"":[215,215,215,175],""master_rgba"":[201,209,217,253]},{""xy"":[75,73],""glyph_id"":6,""class"":""proven_tonal_attachment"",""rgba"":[0,0,0,1],""master_rgba"":[201,209,217,253]},{""xy"":[73,72],""glyph_id"":6,""class"":""solid_achromatic_core"",""rgba"":[215,213,213,173],""master_rgba"":[200,208,215,253]},{""xy"":[75,72],""glyph_id"":6,""class"":""solid_achromatic_core"",""rgba"":[206,206,206,162],""master_rgba"":[202,211,218,253]}]","{""xy"":[74,72],""glyph_id"":6,""class"":""solid_achromatic_core""}","[200,209,216,253]",0.0,"[192.94117647058823,201.6235294117647,208.3764705882353]",147.81571895896158,"[0.0,0.0,0.0]",0.0,0.0,215.0,17.666666666666686,22.289068357447878,7.772549019607851,12.50065680704254,21.446540298620448,197.33333333333331,255.56239856776085,"[16,16,16]","[193.50588235294117,202.18823529411765,208.94117647058823]",0.5647058823529392,0.9780992795683038,0.9360986735823644,"{""nodes"":[{""x"":74,""y"":72,""kind"":""confirmed_support"",""rgba"":[215,215,215,175],""alpha"":175,""raw_luminance_0_255"":173.28332975643892,""master_rgb"":[201.0,209.0,217.0],""composited_rgb"":[210.60784313725492,213.11764705882354,215.62745098039215],""composited_luminance_0_255"":169.26225925758203},{""x"":74,""y"":73,""kind"":""low_alpha_perimeter"",""rgba"":[0,0,0,9],""alpha"":9,""raw_luminance_0_255"":0.0,""master_rgb"":[200.0,209.0,216.0],""composited_rgb"":[192.94117647058823,201.6235294117647,208.3764705882353],""composited_luminance_0_255"":147.81571895896158}],""raw_RGB_step_L2"":[372.3909236273086],""composited_RGB_step_L2"":[22.289068357447878],""composited_luminance_steps"":[-21.446540298620448],""composited_luminance_monotonic"":true}"
#14700,78,73,"[76.8015,74.3556]","[77,74]","[51,51,51,5]",5,0,SAFE WORDMARK OWNERSHIP,[6],False,"[{""xy"":[77,72],""glyph_id"":6,""class"":""proven_tonal_attachment"",""rgba"":[0,0,0,30],""master_rgba"":[202,210,217,253]},{""xy"":[79,72],""glyph_id"":6,""class"":""proven_tonal_attachment"",""rgba"":[63,63,63,4],""master_rgba"":[200,207,216,253]}]","{""xy"":[77,72],""glyph_id"":6,""class"":""proven_tonal_attachment""}","[200,208,216,253]",8.44171547557569,"[197.078431372549,204.92156862745097,212.76470588235293]",153.76038680292666,"[1.0,1.0,1.0]",1.7320508075688772,12.0,51.0,21.294117647058812,34.55054413408786,0.8352941176470949,1.1519937417063166,31.114840466790923,29.705882352941188,1.7320508075688772,"[16,16,16]","[196.39215686274508,204.23529411764704,212.078431372549]",0.6862745098039227,1.1886623189198195,1.1594132848650247,"{""nodes"":[{""x"":77,""y"":71,""kind"":""solid_core"",""rgba"":[218,218,218,201],""alpha"":201,""raw_luminance_0_255"":178.78098244290814,""master_rgb"":[202.0,210.0,217.0],""composited_rgb"":[214.61176470588236,216.30588235294118,217.78823529411767],""composited_luminance_0_255"":175.20504073128646},{""x"":77,""y"":72,""kind"":""confirmed_tonal_attachment"",""rgba"":[0,0,0,30],""alpha"":30,""raw_luminance_0_255"":0.0,""master_rgb"":[202.0,210.0,217.0],""composited_rgb"":[178.23529411764704,185.2941176470588,191.47058823529412],""composited_luminance_0_255"":122.64554633613574},{""x"":78,""y"":73,""kind"":""low_alpha_perimeter"",""rgba"":[51,51,51,5],""alpha"":5,""raw_luminance_0_255"":8.44171547557569,""master_rgb"":[200.0,208.0,216.0],""composited_rgb"":[197.078431372549,204.92156862745097,212.76470588235293],""composited_luminance_0_255"":153.76038680292666}],""raw_RGB_step_L2"":[377.58707605001524,88.33459118601274],""composited_RGB_step_L2"":[54.56735021368148,34.55054413408786],""composited_luminance_steps"":[-52.55949439515072,31.114840466790923],""composited_luminance_monotonic"":false}"
#14700,79,73,"[77.8554,74.3556]","[78,74]","[0,0,0,1]",1,0,AMBIGUOUS,[6],False,"[{""xy"":[79,72],""glyph_id"":6,""class"":""proven_tonal_attachment"",""rgba"":[63,63,63,4],""master_rgba"":[200,207,216,253]}]","{""xy"":[79,72],""glyph_id"":6,""class"":""proven_tonal_attachment""}","[199,207,215,253]",0.0,"[198.21960784313725,206.18823529411765,214.15686274509804]",155.88658690099007,"[0.0,0.0,0.0]",0.0,63.0,63.0,1.447058823529403,1.5937256831866276,1.447058823529403,1.5937256831866276,1.9709742089137023,61.5529411764706,1.7116737392445376,"[16,16,16]","[198.28235294117647,206.25098039215686,214.21960784313725]",0.06274509803921546,0.10867769772981152,0.10711307973261341,"{""nodes"":[{""x"":78,""y"":71,""kind"":""solid_core"",""rgba"":[91,91,91,61],""alpha"":61,""raw_luminance_0_255"":26.677203443231566,""master_rgb"":[201.0,209.0,217.0],""composited_rgb"":[174.68627450980392,180.77254901960785,186.85882352941178],""composited_luminance_0_255"":116.31781944756797},{""x"":79,""y"":72,""kind"":""confirmed_tonal_attachment"",""rgba"":[63,63,63,4],""alpha"":4,""raw_luminance_0_255"":12.675174325952444,""master_rgb"":[200.0,207.0,216.0],""composited_rgb"":[197.85098039215688,204.74117647058824,213.60000000000002],""composited_luminance_0_255"":153.91561269207637},{""x"":79,""y"":73,""kind"":""low_alpha_perimeter"",""rgba"":[0,0,0,1],""alpha"":1,""raw_luminance_0_255"":0.0,""master_rgb"":[199.0,207.0,215.0],""composited_rgb"":[198.21960784313725,206.18823529411765,214.15686274509804],""composited_luminance_0_255"":155.88658690099007}],""raw_RGB_step_L2"":[48.49742261192856,109.11920087683927],""composited_RGB_step_L2"":[42.733935221682444,1.5937256831866276],""composited_luminance_steps"":[37.597793244508395,1.9709742089137023],""composited_luminance_monotonic"":true}"
#14700,83,73,"[82.0711,74.3556]","[82,74]","[0,0,0,12]",12,0,AMBIGUOUS,[7],False,"[{""xy"":[83,72],""glyph_id"":7,""class"":""solid_achromatic_core"",""rgba"":[183,182,182,154],""master_rgba"":[200,208,216,253]},{""xy"":[84,72],""glyph_id"":7,""class"":""solid_achromatic_core"",""rgba"":[218,218,218,180],""master_rgba"":[200,208,216,253]}]","{""xy"":[83,72],""glyph_id"":7,""class"":""solid_achromatic_core""}","[200,208,216,253]",0.0,"[190.58823529411762,198.21176470588233,205.83529411764704]",142.68863841846056,"[0.0,0.0,0.0]",0.0,183.0,183.0,10.36862745098037,11.967098301308088,10.36862745098037,11.967098301308088,8.292391458938482,172.63137254901963,190.72546870747766,"[16,16,16]","[191.3411764705882,198.96470588235292,206.58823529411762]",0.7529411764705856,1.3041323727577383,1.2235168937610865,"{""nodes"":[{""x"":83,""y"":72,""kind"":""confirmed_support"",""rgba"":[183,182,182,154],""alpha"":154,""raw_luminance_0_255"":119.5964680706441,""master_rgb"":[200.0,208.0,216.0],""composited_rgb"":[189.73333333333335,192.2980392156863,195.46666666666667],""composited_luminance_0_255"":134.39624695952207},{""x"":83,""y"":73,""kind"":""low_alpha_perimeter"",""rgba"":[0,0,0,12],""alpha"":12,""raw_luminance_0_255"":0.0,""master_rgb"":[200.0,208.0,216.0],""composited_rgb"":[190.58823529411762,198.21176470588233,205.83529411764704],""composited_luminance_0_255"":142.68863841846056}],""raw_RGB_step_L2"":[315.81165272991433],""composited_RGB_step_L2"":[11.967098301308088],""composited_luminance_steps"":[8.292391458938482],""composited_luminance_monotonic"":true}"
#14700,84,73,"[83.125,74.3556]","[83,74]","[0,0,0,8]",8,0,AMBIGUOUS,[7],False,"[{""xy"":[84,72],""glyph_id"":7,""class"":""solid_achromatic_core"",""rgba"":[218,218,218,180],""master_rgba"":[200,208,216,253]},{""xy"":[83,72],""glyph_id"":7,""class"":""solid_achromatic_core"",""rgba"":[183,182,182,154],""master_rgba"":[200,208,216,253]},{""xy"":[85,72],""glyph_id"":7,""class"":""solid_achromatic_core"",""rgba"":[214,212,212,175],""master_rgba"":[200,207,216,253]}]","{""xy"":[84,72],""glyph_id"":7,""class"":""solid_achromatic_core""}","[200,208,216,253]",0.0,"[193.72549019607843,201.47450980392156,209.2235294117647]",148.00823649639997,"[0.0,0.0,0.0]",0.0,183.0,218.0,18.980392156862763,24.735320152621302,13.756862745098033,17.011648992998175,24.79058027115886,199.01960784313724,266.5320536823637,"[16,16,16]","[194.22745098039215,201.9764705882353,209.72549019607843]",0.5019607843137237,0.8694215818384922,0.832567978405649,"{""nodes"":[{""x"":84,""y"":72,""kind"":""confirmed_support"",""rgba"":[218,218,218,180],""alpha"":180,""raw_luminance_0_255"":178.78098244290814,""master_rgb"":[200.0,208.0,216.0],""composited_rgb"":[212.7058823529412,215.05882352941177,217.41176470588238],""composited_luminance_0_255"":172.79881676755883},{""x"":84,""y"":73,""kind"":""low_alpha_perimeter"",""rgba"":[0,0,0,8],""alpha"":8,""raw_luminance_0_255"":0.0,""master_rgb"":[200.0,208.0,216.0],""composited_rgb"":[193.72549019607843,201.47450980392156,209.2235294117647],""composited_luminance_0_255"":148.00823649639997}],""raw_RGB_step_L2"":[377.58707605001524],""composited_RGB_step_L2"":[24.735320152621302],""composited_luminance_steps"":[-24.79058027115886],""composited_luminance_monotonic"":true}"
#14700,85,73,"[84.1789,74.3556]","[84,74]","[0,0,0,8]",8,0,AMBIGUOUS,[7],False,"[{""xy"":[85,72],""glyph_id"":7,""class"":""solid_achromatic_core"",""rgba"":[214,212,212,175],""master_rgba"":[200,207,216,253]},{""xy"":[84,72],""glyph_id"":7,""class"":""solid_achromatic_core"",""rgba"":[218,218,218,180],""master_rgba"":[200,208,216,253]},{""xy"":[86,72],""glyph_id"":7,""class"":""solid_achromatic_core"",""rgba"":[215,213,213,174],""master_rgba"":[200,208,216,253]}]","{""xy"":[85,72],""glyph_id"":7,""class"":""solid_achromatic_core""}","[200,208,216,253]",0.0,"[193.72549019607843,201.47450980392156,209.2235294117647]",148.00823649639997,"[0.0,0.0,0.0]",0.0,214.0,214.0,15.882352941176492,18.67421992511633,15.882352941176492,18.67421992511633,17.149355562933835,198.1176470588235,252.79133728751953,"[16,16,16]","[194.22745098039215,201.9764705882353,209.72549019607843]",0.5019607843137237,0.8694215818384922,0.832567978405649,"{""nodes"":[{""x"":85,""y"":72,""kind"":""confirmed_support"",""rgba"":[214,212,212,175],""alpha"":175,""raw_luminance_0_255"":168.64826530523573,""master_rgb"":[200.0,207.0,216.0],""composited_rgb"":[209.60784313725492,210.4313725490196,213.2549019607843],""composited_luminance_0_255"":165.1575920593338},{""x"":85,""y"":73,""kind"":""low_alpha_perimeter"",""rgba"":[0,0,0,8],""alpha"":8,""raw_luminance_0_255"":0.0,""master_rgb"":[200.0,208.0,216.0],""composited_rgb"":[193.72549019607843,201.47450980392156,209.2235294117647],""composited_luminance_0_255"":148.00823649639997}],""raw_RGB_step_L2"":[368.35309147609985],""composited_RGB_step_L2"":[18.67421992511633],""composited_luminance_steps"":[-17.149355562933835],""composited_luminance_monotonic"":true}"
#14700,86,73,"[85.2328,74.3556]","[85,74]","[0,0,0,8]",8,0,AMBIGUOUS,[7],False,"[{""xy"":[86,72],""glyph_id"":7,""class"":""solid_achromatic_core"",""rgba"":[215,213,213,174],""master_rgba"":[200,208,216,253]},{""xy"":[85,72],""glyph_id"":7,""class"":""solid_achromatic_core"",""rgba"":[214,212,212,175],""master_rgba"":[200,207,216,253]},{""xy"":[87,72],""glyph_id"":7,""class"":""solid_achromatic_core"",""rgba"":[215,213,213,174],""master_rgba"":[200,208,216,253]}]","{""xy"":[86,72],""glyph_id"":7,""class"":""solid_achromatic_core""}","[201,208,216,253]",0.0,"[194.69411764705882,201.47450980392156,209.2235294117647]",148.33553497297837,"[0.0,0.0,0.0]",0.0,214.0,215.0,15.541176470588255,19.043228106511982,14.9137254901961,17.85767518072941,18.38915531746747,199.45882352941175,252.52867376332605,"[16,16,16]","[195.19607843137254,201.9764705882353,209.72549019607843]",0.5019607843137237,0.8694215818384922,0.8336730677824562,"{""nodes"":[{""x"":86,""y"":72,""kind"":""confirmed_support"",""rgba"":[215,213,213,174],""alpha"":174,""raw_luminance_0_255"":170.44115536642147,""master_rgb"":[200.0,208.0,216.0],""composited_rgb"":[210.23529411764707,211.41176470588235,213.95294117647057],""composited_luminance_0_255"":166.72469029044584},{""x"":86,""y"":73,""kind"":""low_alpha_perimeter"",""rgba"":[0,0,0,8],""alpha"":8,""raw_luminance_0_255"":0.0,""master_rgb"":[201.0,208.0,216.0],""composited_rgb"":[194.69411764705882,201.47450980392156,209.2235294117647],""composited_luminance_0_255"":148.33553497297837}],""raw_RGB_step_L2"":[370.08512534280544],""composited_RGB_step_L2"":[19.043228106511982],""composited_luminance_steps"":[-18.38915531746747],""composited_luminance_monotonic"":true}"
#14700,87,73,"[86.2868,74.3556]","[86,74]","[0,0,0,8]",8,0,AMBIGUOUS,[7],False,"[{""xy"":[87,72],""glyph_id"":7,""class"":""solid_achromatic_core"",""rgba"":[215,213,213,174],""master_rgba"":[200,208,216,253]},{""xy"":[86,72],""glyph_id"":7,""class"":""solid_achromatic_core"",""rgba"":[215,213,213,174],""master_rgba"":[200,208,216,253]},{""xy"":[88,72],""glyph_id"":7,""class"":""solid_achromatic_core"",""rgba"":[215,213,213,174],""master_rgba"":[201,208,216,253]}]","{""xy"":[87,72],""glyph_id"":7,""class"":""solid_achromatic_core""}","[200,207,216,253]",0.0,"[193.72549019607843,200.50588235294117,209.2235294117647]",146.85666637920193,"[0.0,0.0,0.0]",0.0,215.0,215.0,16.509803921568647,20.34402199824252,16.509803921568647,20.34402199824252,19.86802391124391,198.49019607843135,252.52867376332605,"[16,16,16]","[194.22745098039215,201.0078431372549,209.72549019607843]",0.5019607843137237,0.8694215818384922,0.8288024892886199,"{""nodes"":[{""x"":87,""y"":72,""kind"":""confirmed_support"",""rgba"":[215,213,213,174],""alpha"":174,""raw_luminance_0_255"":170.44115536642147,""master_rgb"":[200.0,208.0,216.0],""composited_rgb"":[210.23529411764707,211.41176470588235,213.95294117647057],""composited_luminance_0_255"":166.72469029044584},{""x"":87,""y"":73,""kind"":""low_alpha_perimeter"",""rgba"":[0,0,0,8],""alpha"":8,""raw_luminance_0_255"":0.0,""master_rgb"":[200.0,207.0,216.0],""composited_rgb"":[193.72549019607843,200.50588235294117,209.2235294117647],""composited_luminance_0_255"":146.85666637920193}],""raw_RGB_step_L2"":[370.08512534280544],""composited_RGB_step_L2"":[20.34402199824252],""composited_luminance_steps"":[-19.86802391124391],""composited_luminance_monotonic"":true}"
#14700,88,73,"[87.3407,74.3556]","[87,74]","[0,0,0,8]",8,0,AMBIGUOUS,[7],False,"[{""xy"":[88,72],""glyph_id"":7,""class"":""solid_achromatic_core"",""rgba"":[215,213,213,174],""master_rgba"":[201,208,216,253]},{""xy"":[87,72],""glyph_id"":7,""class"":""solid_achromatic_core"",""rgba"":[215,213,213,174],""master_rgba"":[200,208,216,253]},{""xy"":[89,72],""glyph_id"":7,""class"":""solid_achromatic_core"",""rgba"":[215,213,213,174],""master_rgba"":[201,209,216,253]}]","{""xy"":[88,72],""glyph_id"":7,""class"":""solid_achromatic_core""}","[200,208,216,253]",0.0,"[193.72549019607843,201.47450980392156,209.2235294117647]",148.00823649639997,"[0.0,0.0,0.0]",0.0,215.0,215.0,16.82745098039217,20.106702293618003,16.509803921568647,19.84162282060934,18.83564411675485,198.17254901960783,252.52867376332605,"[16,16,16]","[194.22745098039215,201.9764705882353,209.72549019607843]",0.5019607843137237,0.8694215818384922,0.832567978405649,"{""nodes"":[{""x"":88,""y"":72,""kind"":""confirmed_support"",""rgba"":[215,213,213,174],""alpha"":174,""raw_luminance_0_255"":170.44115536642147,""master_rgb"":[201.0,208.0,216.0],""composited_rgb"":[210.5529411764706,211.41176470588235,213.95294117647057],""composited_luminance_0_255"":166.84388061315482},{""x"":88,""y"":73,""kind"":""low_alpha_perimeter"",""rgba"":[0,0,0,8],""alpha"":8,""raw_luminance_0_255"":0.0,""master_rgb"":[200.0,208.0,216.0],""composited_rgb"":[193.72549019607843,201.47450980392156,209.2235294117647],""composited_luminance_0_255"":148.00823649639997}],""raw_RGB_step_L2"":[370.08512534280544],""composited_RGB_step_L2"":[20.106702293618003],""composited_luminance_steps"":[-18.83564411675485],""composited_luminance_monotonic"":true}"
#14700,89,73,"[88.3946,74.3556]","[88,74]","[0,0,0,8]",8,0,AMBIGUOUS,[7],False,"[{""xy"":[89,72],""glyph_id"":7,""class"":""solid_achromatic_core"",""rgba"":[215,213,213,174],""master_rgba"":[201,209,216,253]},{""xy"":[88,72],""glyph_id"":7,""class"":""solid_achromatic_core"",""rgba"":[215,213,213,174],""master_rgba"":[201,208,216,253]},{""xy"":[90,72],""glyph_id"":7,""class"":""solid_achromatic_core"",""rgba"":[215,213,213,174],""master_rgba"":[200,207,215,253]}]","{""xy"":[89,72],""glyph_id"":7,""class"":""solid_achromatic_core""}","[200,207,215,253]",0.0,"[193.72549019607843,200.50588235294117,208.2549019607843]",146.7345069914917,"[0.0,0.0,0.0]",0.0,215.0,215.0,16.82745098039217,21.014242071931786,16.509803921568647,20.33796872683878,20.51328333145588,198.17254901960783,252.52867376332605,"[16,16,16]","[194.22745098039215,201.0078431372549,208.75686274509803]",0.5019607843137237,0.8694215818384922,0.8284169447461238,"{""nodes"":[{""x"":89,""y"":72,""kind"":""confirmed_support"",""rgba"":[215,213,213,174],""alpha"":174,""raw_luminance_0_255"":170.44115536642147,""master_rgb"":[201.0,209.0,216.0],""composited_rgb"":[210.5529411764706,211.7294117647059,213.95294117647057],""composited_luminance_0_255"":167.2477903229476},{""x"":89,""y"":73,""kind"":""low_alpha_perimeter"",""rgba"":[0,0,0,8],""alpha"":8,""raw_luminance_0_255"":0.0,""master_rgb"":[200.0,207.0,215.0],""composited_rgb"":[193.72549019607843,200.50588235294117,208.2549019607843],""composited_luminance_0_255"":146.7345069914917}],""raw_RGB_step_L2"":[370.08512534280544],""composited_RGB_step_L2"":[21.014242071931786],""composited_luminance_steps"":[-20.51328333145588],""composited_luminance_monotonic"":true}"
#14700,90,73,"[89.4485,74.3556]","[89,74]","[0,0,0,8]",8,0,AMBIGUOUS,[7],False,"[{""xy"":[90,72],""glyph_id"":7,""class"":""solid_achromatic_core"",""rgba"":[215,213,213,174],""master_rgba"":[200,207,215,253]},{""xy"":[89,72],""glyph_id"":7,""class"":""solid_achromatic_core"",""rgba"":[215,213,213,174],""master_rgba"":[201,209,216,253]},{""xy"":[91,72],""glyph_id"":7,""class"":""solid_achromatic_core"",""rgba"":[215,213,213,174],""master_rgba"":[200,207,214,253]}]","{""xy"":[90,72],""glyph_id"":7,""class"":""solid_achromatic_core""}","[199,207,215,253]",0.0,"[192.75686274509803,200.50588235294117,208.2549019607843]",146.4093379801839,"[0.0,0.0,0.0]",0.0,215.0,215.0,17.47843137254904,21.131845864716485,17.47843137254904,21.053210629645665,19.87089983103931,197.52156862745096,252.52867376332605,"[16,16,16]","[193.25882352941176,201.0078431372549,208.75686274509803]",0.5019607843137237,0.8694215818384922,0.8273139119450548,"{""nodes"":[{""x"":90,""y"":72,""kind"":""confirmed_support"",""rgba"":[215,213,213,174],""alpha"":174,""raw_luminance_0_255"":170.44115536642147,""master_rgb"":[200.0,207.0,215.0],""composited_rgb"":[210.23529411764707,211.09411764705882,213.63529411764705],""composited_luminance_0_255"":166.2802378112232},{""x"":90,""y"":73,""kind"":""low_alpha_perimeter"",""rgba"":[0,0,0,8],""alpha"":8,""raw_luminance_0_255"":0.0,""master_rgb"":[199.0,207.0,215.0],""composited_rgb"":[192.75686274509803,200.50588235294117,208.2549019607843],""composited_luminance_0_255"":146.4093379801839}],""raw_RGB_step_L2"":[370.08512534280544],""composited_RGB_step_L2"":[21.131845864716485],""composited_luminance_steps"":[-19.87089983103931],""composited_luminance_monotonic"":true}"
#14700,91,73,"[90.5025,74.3556]","[91,74]","[0,0,0,8]",8,0,AMBIGUOUS,[7],False,"[{""xy"":[91,72],""glyph_id"":7,""class"":""solid_achromatic_core"",""rgba"":[215,213,213,174],""master_rgba"":[200,207,214,253]},{""xy"":[90,72],""glyph_id"":7,""class"":""solid_achromatic_core"",""rgba"":[215,213,213,174],""master_rgba"":[200,207,215,253]},{""xy"":[92,72],""glyph_id"":7,""class"":""solid_achromatic_core"",""rgba"":[215,213,213,174],""master_rgba"":[199,207,215,253]}]","{""xy"":[91,72],""glyph_id"":7,""class"":""solid_achromatic_core""}","[199,206,214,253]",0.0,"[192.75686274509803,199.53725490196078,207.28627450980392]",145.14360775168373,"[0.0,0.0,0.0]",0.0,215.0,215.0,17.47843137254904,21.804451256085507,17.160784313725514,21.64171076306167,21.095371977661785,197.52156862745096,252.52867376332605,"[16,16,16]","[193.25882352941176,200.0392156862745,207.78823529411764]",0.5019607843137237,0.8694215818384922,0.8231703355470188,"{""nodes"":[{""x"":91,""y"":72,""kind"":""confirmed_support"",""rgba"":[215,213,213,174],""alpha"":174,""raw_luminance_0_255"":170.44115536642147,""master_rgb"":[200.0,207.0,214.0],""composited_rgb"":[210.23529411764707,211.09411764705882,213.31764705882352],""composited_luminance_0_255"":166.23897972934552},{""x"":91,""y"":73,""kind"":""low_alpha_perimeter"",""rgba"":[0,0,0,8],""alpha"":8,""raw_luminance_0_255"":0.0,""master_rgb"":[199.0,206.0,214.0],""composited_rgb"":[192.75686274509803,199.53725490196078,207.28627450980392],""composited_luminance_0_255"":145.14360775168373}],""raw_RGB_step_L2"":[370.08512534280544],""composited_RGB_step_L2"":[21.804451256085507],""composited_luminance_steps"":[-21.095371977661785],""composited_luminance_monotonic"":true}"
#14700,92,73,"[91.5564,74.3556]","[92,74]","[0,0,0,8]",8,0,AMBIGUOUS,[7],False,"[{""xy"":[92,72],""glyph_id"":7,""class"":""solid_achromatic_core"",""rgba"":[215,213,213,174],""master_rgba"":[199,207,215,253]},{""xy"":[91,72],""glyph_id"":7,""class"":""solid_achromatic_core"",""rgba"":[215,213,213,174],""master_rgba"":[200,207,214,253]},{""xy"":[93,72],""glyph_id"":7,""class"":""solid_achromatic_core"",""rgba"":[215,213,213,174],""master_rgba"":[200,208,216,253]}]","{""xy"":[92,72],""glyph_id"":7,""class"":""solid_achromatic_core""}","[199,206,214,253]",0.0,"[192.75686274509803,199.53725490196078,207.28627450980392]",145.14360775168373,"[0.0,0.0,0.0]",0.0,215.0,215.0,17.160784313725514,21.64171076306167,17.160784313725514,21.64171076306167,21.017675855863644,197.83921568627449,252.52867376332605,"[16,16,16]","[193.25882352941176,200.0392156862745,207.78823529411764]",0.5019607843137237,0.8694215818384922,0.8231703355470188,"{""nodes"":[{""x"":92,""y"":72,""kind"":""confirmed_support"",""rgba"":[215,213,213,174],""alpha"":174,""raw_luminance_0_255"":170.44115536642147,""master_rgb"":[199.0,207.0,215.0],""composited_rgb"":[209.91764705882355,211.09411764705882,213.63529411764705],""composited_luminance_0_255"":166.16128360754738},{""x"":92,""y"":73,""kind"":""low_alpha_perimeter"",""rgba"":[0,0,0,8],""alpha"":8,""raw_luminance_0_255"":0.0,""master_rgb"":[199.0,206.0,214.0],""composited_rgb"":[192.75686274509803,199.53725490196078,207.28627450980392],""composited_luminance_0_255"":145.14360775168373}],""raw_RGB_step_L2"":[370.08512534280544],""composited_RGB_step_L2"":[21.64171076306167],""composited_luminance_steps"":[-21.017675855863644],""composited_luminance_monotonic"":true}"
#14700,93,73,"[92.6103,74.3556]","[93,74]","[0,0,0,8]",8,0,AMBIGUOUS,[7],False,"[{""xy"":[93,72],""glyph_id"":7,""class"":""solid_achromatic_core"",""rgba"":[215,213,213,174],""master_rgba"":[200,208,216,253]},{""xy"":[92,72],""glyph_id"":7,""class"":""solid_achromatic_core"",""rgba"":[215,213,213,174],""master_rgba"":[199,207,215,253]},{""xy"":[94,72],""glyph_id"":7,""class"":""solid_achromatic_core"",""rgba"":[215,213,213,174],""master_rgba"":[199,207,215,253]}]","{""xy"":[93,72],""glyph_id"":7,""class"":""solid_achromatic_core""}","[199,207,215,253]",0.0,"[192.75686274509803,200.50588235294117,208.2549019607843]",146.4093379801839,"[0.0,0.0,0.0]",0.0,215.0,215.0,17.47843137254904,21.375254011229874,17.160784313725514,20.86987936398858,20.315352310261943,197.52156862745096,252.52867376332605,"[16,16,16]","[193.25882352941176,201.0078431372549,208.75686274509803]",0.5019607843137237,0.8694215818384922,0.8273139119450548,"{""nodes"":[{""x"":93,""y"":72,""kind"":""confirmed_support"",""rgba"":[215,213,213,174],""alpha"":174,""raw_luminance_0_255"":170.44115536642147,""master_rgb"":[200.0,208.0,216.0],""composited_rgb"":[210.23529411764707,211.41176470588235,213.95294117647057],""composited_luminance_0_255"":166.72469029044584},{""x"":93,""y"":73,""kind"":""low_alpha_perimeter"",""rgba"":[0,0,0,8],""alpha"":8,""raw_luminance_0_255"":0.0,""master_rgb"":[199.0,207.0,215.0],""composited_rgb"":[192.75686274509803,200.50588235294117,208.2549019607843],""composited_luminance_0_255"":146.4093379801839}],""raw_RGB_step_L2"":[370.08512534280544],""composited_RGB_step_L2"":[21.375254011229874],""composited_luminance_steps"":[-20.315352310261943],""composited_luminance_monotonic"":true}"
#14700,94,73,"[93.6642,74.3556]","[94,74]","[0,0,0,8]",8,0,AMBIGUOUS,[7],False,"[{""xy"":[94,72],""glyph_id"":7,""class"":""solid_achromatic_core"",""rgba"":[215,213,213,174],""master_rgba"":[199,207,215,253]},{""xy"":[93,72],""glyph_id"":7,""class"":""solid_achromatic_core"",""rgba"":[215,213,213,174],""master_rgba"":[200,208,216,253]},{""xy"":[95,72],""glyph_id"":7,""class"":""solid_achromatic_core"",""rgba"":[215,213,213,174],""master_rgba"":[199,206,214,253]}]","{""xy"":[94,72],""glyph_id"":7,""class"":""solid_achromatic_core""}","[200,207,215,253]",0.0,"[193.72549019607843,200.50588235294117,208.2549019607843]",146.7345069914917,"[0.0,0.0,0.0]",0.0,215.0,215.0,16.192156862745122,20.08096835994153,16.192156862745122,19.831851010292162,19.426776616055662,198.80784313725488,252.52867376332605,"[16,16,16]","[194.22745098039215,201.0078431372549,208.75686274509803]",0.5019607843137237,0.8694215818384922,0.8284169447461238,"{""nodes"":[{""x"":94,""y"":72,""kind"":""confirmed_support"",""rgba"":[215,213,213,174],""alpha"":174,""raw_luminance_0_255"":170.44115536642147,""master_rgb"":[199.0,207.0,215.0],""composited_rgb"":[209.91764705882355,211.09411764705882,213.63529411764705],""composited_luminance_0_255"":166.16128360754738},{""x"":94,""y"":73,""kind"":""low_alpha_perimeter"",""rgba"":[0,0,0,8],""alpha"":8,""raw_luminance_0_255"":0.0,""master_rgb"":[200.0,207.0,215.0],""composited_rgb"":[193.72549019607843,200.50588235294117,208.2549019607843],""composited_luminance_0_255"":146.7345069914917}],""raw_RGB_step_L2"":[370.08512534280544],""composited_RGB_step_L2"":[20.08096835994153],""composited_luminance_steps"":[-19.426776616055662],""composited_luminance_monotonic"":true}"
#14700,95,73,"[94.7181,74.3556]","[95,74]","[0,0,0,8]",8,0,AMBIGUOUS,[7],False,"[{""xy"":[95,72],""glyph_id"":7,""class"":""solid_achromatic_core"",""rgba"":[215,213,213,174],""master_rgba"":[199,206,214,253]},{""xy"":[94,72],""glyph_id"":7,""class"":""solid_achromatic_core"",""rgba"":[215,213,213,174],""master_rgba"":[199,207,215,253]},{""xy"":[96,72],""glyph_id"":7,""class"":""solid_achromatic_core"",""rgba"":[212,212,212,175],""master_rgba"":[198,206,214,253]}]","{""xy"":[95,72],""glyph_id"":7,""class"":""solid_achromatic_core""}","[199,207,215,253]",0.0,"[192.75686274509803,200.50588235294117,208.2549019607843]",146.4093379801839,"[0.0,0.0,0.0]",0.0,212.0,215.0,17.160784313725514,20.63029056724335,14.850980392156885,18.222426410836395,19.308369354313726,197.83921568627449,252.52867376332605,"[16,16,16]","[193.25882352941176,201.0078431372549,208.75686274509803]",0.5019607843137237,0.8694215818384922,0.8273139119450548,"{""nodes"":[{""x"":95,""y"":72,""kind"":""confirmed_support"",""rgba"":[215,213,213,174],""alpha"":174,""raw_luminance_0_255"":170.44115536642147,""master_rgb"":[199.0,206.0,214.0],""composited_rgb"":[209.91764705882355,210.7764705882353,213.31764705882352],""composited_luminance_0_255"":165.71770733449762},{""x"":95,""y"":73,""kind"":""low_alpha_perimeter"",""rgba"":[0,0,0,8],""alpha"":8,""raw_luminance_0_255"":0.0,""master_rgb"":[199.0,207.0,215.0],""composited_rgb"":[192.75686274509803,200.50588235294117,208.2549019607843],""composited_luminance_0_255"":146.4093379801839}],""raw_RGB_step_L2"":[370.08512534280544],""composited_RGB_step_L2"":[20.63029056724335],""composited_luminance_steps"":[-19.308369354313726],""composited_luminance_monotonic"":true}"
#14700,96,73,"[95.7721,74.3556]","[96,74]","[0,0,0,8]",8,0,AMBIGUOUS,[7],False,"[{""xy"":[96,72],""glyph_id"":7,""class"":""solid_achromatic_core"",""rgba"":[212,212,212,175],""master_rgba"":[198,206,214,253]},{""xy"":[95,72],""glyph_id"":7,""class"":""solid_achromatic_core"",""rgba"":[215,213,213,174],""master_rgba"":[199,206,214,253]},{""xy"":[97,72],""glyph_id"":7,""class"":""solid_achromatic_core"",""rgba"":[217,217,217,178],""master_rgba"":[198,206,214,253]}]","{""xy"":[96,72],""glyph_id"":7,""class"":""solid_achromatic_core""}","[198,206,215,253]",0.0,"[191.78823529411764,199.53725490196078,208.2549019607843]",144.94198061813515,"[0.0,0.0,0.0]",0.0,212.0,212.0,15.819607843137277,19.527515854110245,15.819607843137277,19.527515854110245,18.996554414973474,196.18039215686272,251.99641161100138,"[16,16,16]","[192.29019607843136,200.0392156862745,208.75686274509803]",0.5019607843137237,0.8694215818384922,0.822454238938434,"{""nodes"":[{""x"":96,""y"":72,""kind"":""confirmed_support"",""rgba"":[212,212,212,175],""alpha"":175,""raw_luminance_0_255"":167.88557840625936,""master_rgb"":[198.0,206.0,214.0],""composited_rgb"":[207.60784313725492,210.11764705882354,212.62745098039215],""composited_luminance_0_255"":163.93853503310862},{""x"":96,""y"":73,""kind"":""low_alpha_perimeter"",""rgba"":[0,0,0,8],""alpha"":8,""raw_luminance_0_255"":0.0,""master_rgb"":[198.0,206.0,215.0],""composited_rgb"":[191.78823529411764,199.53725490196078,208.2549019607843],""composited_luminance_0_255"":144.94198061813515}],""raw_RGB_step_L2"":[367.194771204602],""composited_RGB_step_L2"":[19.527515854110245],""composited_luminance_steps"":[-18.996554414973474],""composited_luminance_monotonic"":true}"
#14700,97,73,"[96.826,74.3556]","[97,74]","[0,0,0,8]",8,0,AMBIGUOUS,[7],False,"[{""xy"":[97,72],""glyph_id"":7,""class"":""solid_achromatic_core"",""rgba"":[217,217,217,178],""master_rgba"":[198,206,214,253]},{""xy"":[96,72],""glyph_id"":7,""class"":""solid_achromatic_core"",""rgba"":[212,212,212,175],""master_rgba"":[198,206,214,253]},{""xy"":[98,72],""glyph_id"":7,""class"":""solid_achromatic_core"",""rgba"":[201,201,201,172],""master_rgba"":[199,206,215,253]}]","{""xy"":[97,72],""glyph_id"":7,""class"":""solid_achromatic_core""}","[199,206,215,253]",0.0,"[192.75686274509803,199.53725490196078,208.2549019607843]",145.26502414116493,"[0.0,0.0,0.0]",0.0,201.0,217.0,18.50588235294117,24.574251895208338,7.592156862745128,8.629575495994084,25.026483346000077,198.49411764705883,262.3615470319822,"[16,16,16]","[193.25882352941176,200.0392156862745,208.75686274509803]",0.5019607843137237,0.8694215818384922,0.8235552093958916,"{""nodes"":[{""x"":97,""y"":72,""kind"":""confirmed_support"",""rgba"":[217,217,217,178],""alpha"":178,""raw_luminance_0_255"":176.93729912945741,""master_rgb"":[198.0,206.0,214.0],""composited_rgb"":[211.2627450980392,213.67843137254903,216.09411764705882],""composited_luminance_0_255"":170.291507487165},{""x"":97,""y"":73,""kind"":""low_alpha_perimeter"",""rgba"":[0,0,0,8],""alpha"":8,""raw_luminance_0_255"":0.0,""master_rgb"":[199.0,206.0,215.0],""composited_rgb"":[192.75686274509803,199.53725490196078,208.2549019607843],""composited_luminance_0_255"":145.26502414116493}],""raw_RGB_step_L2"":[375.85502524244635],""composited_RGB_step_L2"":[24.574251895208338],""composited_luminance_steps"":[-25.026483346000077],""composited_luminance_monotonic"":true}"
#14700,98,73,"[97.8799,74.3556]","[98,74]","[0,0,0,10]",10,0,AMBIGUOUS,[7],False,"[{""xy"":[98,72],""glyph_id"":7,""class"":""solid_achromatic_core"",""rgba"":[201,201,201,172],""master_rgba"":[199,206,215,253]},{""xy"":[97,72],""glyph_id"":7,""class"":""solid_achromatic_core"",""rgba"":[217,217,217,178],""master_rgba"":[198,206,214,253]},{""xy"":[99,72],""glyph_id"":7,""class"":""proven_tonal_attachment"",""rgba"":[91,91,91,25],""master_rgba"":[199,207,215,253]}]","{""xy"":[98,72],""glyph_id"":7,""class"":""solid_achromatic_core""}","[199,206,214,253]",0.0,"[191.19607843137254,197.921568627451,205.60784313725492]",142.52286363051397,"[0.0,0.0,0.0]",0.0,91.0,201.0,9.15294117647062,10.291951219279989,2.784313725490165,4.545214771209012,8.687829196334093,191.84705882352938,234.82533536969112,"[16,16,16]","[191.8235294117647,198.54901960784315,206.23529411764707]",0.6274509803921546,1.0867769772981153,1.0185202324776412,"{""nodes"":[{""x"":98,""y"":72,""kind"":""confirmed_support"",""rgba"":[201,201,201,172],""alpha"":172,""raw_luminance_0_255"":148.93999656224682,""master_rgb"":[199.0,206.0,215.0],""composited_rgb"":[200.34901960784316,202.62745098039215,205.55686274509804],""composited_luminance_0_255"":151.21069282684806},{""x"":98,""y"":73,""kind"":""low_alpha_perimeter"",""rgba"":[0,0,0,10],""alpha"":10,""raw_luminance_0_255"":0.0,""master_rgb"":[199.0,206.0,214.0],""composited_rgb"":[191.19607843137254,197.921568627451,205.60784313725492],""composited_luminance_0_255"":142.52286363051397}],""raw_RGB_step_L2"":[348.14221232134435],""composited_RGB_step_L2"":[10.291951219279989],""composited_luminance_steps"":[-8.687829196334093],""composited_luminance_monotonic"":true}"
#14700,103,73,"[103.1495,74.3556]","[103,74]","[0,0,0,6]",6,0,SAFE WORDMARK OWNERSHIP,[8],False,"[{""xy"":[103,72],""glyph_id"":8,""class"":""solid_achromatic_core"",""rgba"":[210,210,210,161],""master_rgba"":[198,206,214,253]},{""xy"":[102,73],""glyph_id"":8,""class"":""proven_tonal_attachment"",""rgba"":[0,0,0,8],""master_rgba"":[198,205,213,253]},{""xy"":[102,72],""glyph_id"":8,""class"":""solid_achromatic_core"",""rgba"":[220,220,220,191],""master_rgba"":[197,205,213,253]}]","{""xy"":[103,72],""glyph_id"":8,""class"":""solid_achromatic_core""}","[199,207,214,253]",0.0,"[194.31764705882352,202.12941176470588,208.96470588235294]",148.95806813497592,"[0.0,0.0,0.0]",0.0,0.0,210.0,11.258823529411785,13.189770365378884,3.5607843137254918,5.107252609723844,12.091475881937924,198.74117647058821,229.64956001530882,"[16,16,16]","[194.69411764705882,202.50588235294117,209.34117647058824]",0.3764705882352928,0.6520661863788692,0.6265116891545119,"{""nodes"":[{""x"":103,""y"":72,""kind"":""confirmed_support"",""rgba"":[210,210,210,161],""alpha"":161,""raw_luminance_0_255"":164.34231890249845,""master_rgb"":[198.0,206.0,214.0],""composited_rgb"":[205.5764705882353,208.52549019607844,211.4745098039216],""composited_luminance_0_255"":161.04954401691384},{""x"":103,""y"":73,""kind"":""low_alpha_perimeter"",""rgba"":[0,0,0,6],""alpha"":6,""raw_luminance_0_255"":0.0,""master_rgb"":[199.0,207.0,214.0],""composited_rgb"":[194.31764705882352,202.12941176470588,208.96470588235294],""composited_luminance_0_255"":148.95806813497592}],""raw_RGB_step_L2"":[363.73066958946424],""composited_RGB_step_L2"":[13.189770365378884],""composited_luminance_steps"":[-12.091475881937924],""composited_luminance_monotonic"":true}"
#14700,109,73,"[109.473,74.3556]","[109,74]","[0,63,63,4]",4,63,PROTECTED / OTHER,[8],False,"[{""xy"":[110,72],""glyph_id"":8,""class"":""solid_achromatic_core"",""rgba"":[195,193,193,141],""master_rgba"":[198,205,213,253]}]","{""xy"":[110,72],""glyph_id"":8,""class"":""solid_achromatic_core""}","[198,205,213,253]",9.980432264254954,"[194.89411764705883,202.77254901960788,210.64705882352945]",150.13885878238642,"[0.0,0.9882352941176471,0.9882352941176471]",1.397575755756941,195.0,195.0,8.705882352941217,9.864859244036529,8.705882352941217,9.864859244036529,5.813574016283667,186.29411764705878,184.34568212743997,"[16,16,16]","[195.1450980392157,202.03529411764708,209.90980392156865]",0.7372549019607959,1.0724181731850957,0.8931894517597243,"{""nodes"":[{""x"":110,""y"":72,""kind"":""confirmed_support"",""rgba"":[195,193,193,141],""alpha"":141,""raw_luminance_0_255"":136.66032955631925,""master_rgb"":[198.0,205.0,213.0],""composited_rgb"":[196.34117647058824,198.36470588235295,201.94117647058823],""composited_luminance_0_255"":144.32528476610275},{""x"":109,""y"":73,""kind"":""low_alpha_perimeter"",""rgba"":[0,63,63,4],""alpha"":4,""raw_luminance_0_255"":9.980432264254954,""master_rgb"":[198.0,205.0,213.0],""composited_rgb"":[194.89411764705883,202.77254901960788,210.64705882352945],""composited_luminance_0_255"":150.13885878238642}],""raw_RGB_step_L2"":[268.00186566514793],""composited_RGB_step_L2"":[9.864859244036529],""composited_luminance_steps"":[5.813574016283667],""composited_luminance_monotonic"":true}"
#14700,110,73,"[110.527,74.3556]","[111,74]","[0,0,0,7]",7,0,AMBIGUOUS,[8],False,"[{""xy"":[110,72],""glyph_id"":8,""class"":""solid_achromatic_core"",""rgba"":[195,193,193,141],""master_rgba"":[198,205,213,253]},{""xy"":[111,72],""glyph_id"":8,""class"":""solid_achromatic_core"",""rgba"":[222,222,222,199],""master_rgba"":[198,206,214,253]}]","{""xy"":[110,72],""glyph_id"":8,""class"":""solid_achromatic_core""}","[198,206,214,253]",0.0,"[192.56470588235294,200.34509803921569,208.12549019607843]",146.13837019556277,"[0.0,0.0,0.0]",0.0,195.0,195.0,6.184313725490199,7.511951773943717,6.184313725490199,7.511951773943717,1.813085429460017,188.8156862745098,185.48106610204974,"[16,16,16]","[193.00392156862745,200.7843137254902,208.56470588235294]",0.43921568627450824,0.7607438841086807,0.7229683190110165,"{""nodes"":[{""x"":110,""y"":72,""kind"":""confirmed_support"",""rgba"":[195,193,193,141],""alpha"":141,""raw_luminance_0_255"":136.66032955631925,""master_rgb"":[198.0,205.0,213.0],""composited_rgb"":[196.34117647058824,198.36470588235295,201.94117647058823],""composited_luminance_0_255"":144.32528476610275},{""x"":110,""y"":73,""kind"":""low_alpha_perimeter"",""rgba"":[0,0,0,7],""alpha"":7,""raw_luminance_0_255"":0.0,""master_rgb"":[198.0,206.0,214.0],""composited_rgb"":[192.56470588235294,200.34509803921569,208.12549019607843],""composited_luminance_0_255"":146.13837019556277}],""raw_RGB_step_L2"":[335.44448124838783],""composited_RGB_step_L2"":[7.511951773943717],""composited_luminance_steps"":[1.813085429460017],""composited_luminance_monotonic"":true}"
#14700,111,73,"[111.5809,74.3556]","[112,74]","[0,0,0,9]",9,0,AMBIGUOUS,[8],False,"[{""xy"":[111,72],""glyph_id"":8,""class"":""solid_achromatic_core"",""rgba"":[222,222,222,199],""master_rgba"":[198,206,214,253]},{""xy"":[110,72],""glyph_id"":8,""class"":""solid_achromatic_core"",""rgba"":[195,193,193,141],""master_rgba"":[198,205,213,253]},{""xy"":[112,72],""glyph_id"":8,""class"":""solid_achromatic_core"",""rgba"":[150,150,150,66],""master_rgba"":[198,206,214,253]}]","{""xy"":[111,72],""glyph_id"":8,""class"":""solid_achromatic_core""}","[198,206,214,253]",0.0,"[191.01176470588234,198.72941176470587,206.4470588235294]",143.50971639642856,"[0.0,0.0,0.0]",0.0,150.0,222.0,25.71764705882356,35.24291100144032,5.329411764705895,6.988463058280776,35.71925548416226,196.28235294117644,300.0727081442269,"[16,16,16]","[191.57647058823528,199.2941176470588,207.01176470588234]",0.5647058823529392,0.9780992795683038,0.9201322018512883,"{""nodes"":[{""x"":111,""y"":72,""kind"":""confirmed_support"",""rgba"":[222,222,222,199],""alpha"":199,""raw_luminance_0_255"":186.26748872304017,""master_rgb"":[198.0,206.0,214.0],""composited_rgb"":[216.7294117647059,218.48627450980393,220.24313725490197],""composited_luminance_0_255"":179.22897188059082},{""x"":111,""y"":73,""kind"":""low_alpha_perimeter"",""rgba"":[0,0,0,9],""alpha"":9,""raw_luminance_0_255"":0.0,""master_rgb"":[198.0,206.0,214.0],""composited_rgb"":[191.01176470588234,198.72941176470587,206.4470588235294],""composited_luminance_0_255"":143.50971639642856}],""raw_RGB_step_L2"":[384.51527928029077],""composited_RGB_step_L2"":[35.24291100144032],""composited_luminance_steps"":[-35.71925548416226],""composited_luminance_monotonic"":true}"
#14700,112,73,"[112.6348,74.3556]","[113,74]","[0,0,0,4]",4,0,AMBIGUOUS,[8],False,"[{""xy"":[112,72],""glyph_id"":8,""class"":""solid_achromatic_core"",""rgba"":[150,150,150,66],""master_rgba"":[198,206,214,253]},{""xy"":[111,72],""glyph_id"":8,""class"":""solid_achromatic_core"",""rgba"":[222,222,222,199],""master_rgba"":[198,206,214,253]}]","{""xy"":[112,72],""glyph_id"":8,""class"":""solid_achromatic_core""}","[198,206,213,253]",0.0,"[194.89411764705883,202.7686274509804,209.6588235294118]",150.00840143373838,"[0.0,0.0,0.0]",0.0,150.0,150.0,12.22352941176473,19.05472763217799,12.22352941176473,19.05472763217799,17.612459334430184,137.77647058823527,67.24432547032113,"[16,16,16]","[195.1450980392157,203.01960784313727,209.90980392156865]",0.25098039215686185,0.4347107909192461,0.4192167596171714,"{""nodes"":[{""x"":112,""y"":72,""kind"":""confirmed_support"",""rgba"":[150,150,150,66],""alpha"":66,""raw_luminance_0_255"":77.77176508782098,""master_rgb"":[198.0,206.0,214.0],""composited_rgb"":[185.57647058823528,191.50588235294117,197.43529411764706],""composited_luminance_0_255"":132.3959420993082},{""x"":112,""y"":73,""kind"":""low_alpha_perimeter"",""rgba"":[0,0,0,4],""alpha"":4,""raw_luminance_0_255"":0.0,""master_rgb"":[198.0,206.0,213.0],""composited_rgb"":[194.89411764705883,202.7686274509804,209.6588235294118],""composited_luminance_0_255"":150.00840143373838}],""raw_RGB_step_L2"":[259.8076211353316],""composited_RGB_step_L2"":[19.05472763217799],""composited_luminance_steps"":[17.612459334430184],""composited_luminance_monotonic"":true}"
#14700,125,73,"[126.3358,74.3556]","[126,74]","[0,0,0,1]",1,0,AMBIGUOUS,[9],False,"[{""xy"":[126,72],""glyph_id"":9,""class"":""solid_achromatic_core"",""rgba"":[178,178,178,140],""master_rgba"":[198,205,213,253]}]","{""xy"":[126,72],""glyph_id"":9,""class"":""solid_achromatic_core""}","[196,204,213,253]",0.0,"[195.23137254901962,203.2,212.16470588235293]",150.9628854852075,"[0.0,0.0,0.0]",0.0,178.0,178.0,18.38039215686274,23.976743185093692,18.38039215686274,23.976743185093692,20.005006497885745,159.61960784313726,169.26551421418205,"[16,16,16]","[195.29411764705884,203.2627450980392,212.22745098039215]",0.06274509803921546,0.10867769772981152,0.10512376592072314,"{""nodes"":[{""x"":126,""y"":72,""kind"":""confirmed_support"",""rgba"":[178,178,178,140],""alpha"":140,""raw_luminance_0_255"":113.52630460163809,""master_rgb"":[198.0,205.0,213.0],""composited_rgb"":[187.01960784313724,190.1764705882353,193.7843137254902],""composited_luminance_0_255"":130.95787898732175},{""x"":125,""y"":73,""kind"":""low_alpha_perimeter"",""rgba"":[0,0,0,1],""alpha"":1,""raw_luminance_0_255"":0.0,""master_rgb"":[196.0,204.0,213.0],""composited_rgb"":[195.23137254901962,203.2,212.16470588235293],""composited_luminance_0_255"":150.9628854852075}],""raw_RGB_step_L2"":[308.3050437472602],""composited_RGB_step_L2"":[23.976743185093692],""composited_luminance_steps"":[20.005006497885745],""composited_luminance_monotonic"":true}"
#14700,126,73,"[127.3897,74.3556]","[127,74]","[0,0,0,5]",5,0,AMBIGUOUS,[9],False,"[{""xy"":[126,72],""glyph_id"":9,""class"":""solid_achromatic_core"",""rgba"":[178,178,178,140],""master_rgba"":[198,205,213,253]},{""xy"":[127,72],""glyph_id"":9,""class"":""solid_achromatic_core"",""rgba"":[230,230,230,189],""master_rgba"":[197,205,213,253]}]","{""xy"":[126,72],""glyph_id"":9,""class"":""solid_achromatic_core""}","[196,204,212,253]",0.0,"[192.15686274509804,200.0,207.84313725490196]",145.55873685608543,"[0.0,0.0,0.0]",0.0,178.0,178.0,14.058823529411768,17.903732489698015,14.058823529411768,17.903732489698015,14.600857868763683,163.94117647058823,169.26551421418205,"[16,16,16]","[192.47058823529412,200.31372549019608,208.15686274509804]",0.3137254901960773,0.5433884886490576,0.514996578518975,"{""nodes"":[{""x"":126,""y"":72,""kind"":""confirmed_support"",""rgba"":[178,178,178,140],""alpha"":140,""raw_luminance_0_255"":113.52630460163809,""master_rgb"":[198.0,205.0,213.0],""composited_rgb"":[187.01960784313724,190.1764705882353,193.7843137254902],""composited_luminance_0_255"":130.95787898732175},{""x"":126,""y"":73,""kind"":""low_alpha_perimeter"",""rgba"":[0,0,0,5],""alpha"":5,""raw_luminance_0_255"":0.0,""master_rgb"":[196.0,204.0,212.0],""composited_rgb"":[192.15686274509804,200.0,207.84313725490196],""composited_luminance_0_255"":145.55873685608543}],""raw_RGB_step_L2"":[308.3050437472602],""composited_RGB_step_L2"":[17.903732489698015],""composited_luminance_steps"":[14.600857868763683],""composited_luminance_monotonic"":true}"
#14700,127,73,"[128.4436,74.3556]","[128,74]","[0,0,0,7]",7,0,AMBIGUOUS,[9],False,"[{""xy"":[127,72],""glyph_id"":9,""class"":""solid_achromatic_core"",""rgba"":[230,230,230,189],""master_rgba"":[197,205,213,253]},{""xy"":[126,72],""glyph_id"":9,""class"":""solid_achromatic_core"",""rgba"":[178,178,178,140],""master_rgba"":[198,205,213,253]},{""xy"":[128,72],""glyph_id"":9,""class"":""solid_achromatic_core"",""rgba"":[211,211,211,171],""master_rgba"":[196,204,211,253]}]","{""xy"":[127,72],""glyph_id"":9,""class"":""solid_achromatic_core""}","[196,205,212,253]",0.0,"[190.61960784313726,199.37254901960785,206.18039215686275]",144.10206962169673,"[0.0,0.0,0.0]",0.0,178.0,230.0,30.839215686274486,43.72336229764702,12.396078431372558,15.848994258081342,44.526596896728705,199.16078431372551,295.26372001968275,"[16,16,16]","[191.05882352941177,199.81176470588235,206.61960784313726]",0.43921568627450824,0.7607438841086807,0.7170600433175593,"{""nodes"":[{""x"":127,""y"":72,""kind"":""confirmed_support"",""rgba"":[230,230,230,189],""alpha"":189,""raw_luminance_0_255"":201.7809747848207,""master_rgb"":[197.0,205.0,213.0],""composited_rgb"":[221.45882352941175,223.52941176470588,225.6],""composited_luminance_0_255"":188.62866651842543},{""x"":127,""y"":73,""kind"":""low_alpha_perimeter"",""rgba"":[0,0,0,7],""alpha"":7,""raw_luminance_0_255"":0.0,""master_rgb"":[196.0,205.0,212.0],""composited_rgb"":[190.61960784313726,199.37254901960785,206.18039215686275],""composited_luminance_0_255"":144.10206962169673}],""raw_RGB_step_L2"":[398.37168574084177],""composited_RGB_step_L2"":[43.72336229764702],""composited_luminance_steps"":[-44.526596896728705],""composited_luminance_monotonic"":true}"
#14700,128,73,"[129.4975,74.3556]","[129,74]","[0,0,0,7]",7,0,AMBIGUOUS,[9],False,"[{""xy"":[128,72],""glyph_id"":9,""class"":""solid_achromatic_core"",""rgba"":[211,211,211,171],""master_rgba"":[196,204,211,253]},{""xy"":[127,72],""glyph_id"":9,""class"":""solid_achromatic_core"",""rgba"":[230,230,230,189],""master_rgba"":[197,205,213,253]},{""xy"":[129,72],""glyph_id"":9,""class"":""solid_achromatic_core"",""rgba"":[215,215,215,174],""master_rgba"":[196,204,212,253]}]","{""xy"":[128,72],""glyph_id"":9,""class"":""solid_achromatic_core""}","[196,204,212,253]",0.0,"[190.61960784313726,198.4,206.18039215686275]",142.96164541479268,"[0.0,0.0,0.0]",0.0,211.0,211.0,15.439215686274508,19.17203324899116,15.439215686274508,19.17203324899116,18.413452172235395,195.5607843137255,245.07500073683394,"[16,16,16]","[191.05882352941177,198.8392156862745,206.61960784313726]",0.43921568627450824,0.7607438841086807,0.7137650661130976,"{""nodes"":[{""x"":128,""y"":72,""kind"":""confirmed_support"",""rgba"":[211,211,211,171],""alpha"":171,""raw_luminance_0_255"":166.10843754205516,""master_rgb"":[196.0,204.0,211.0],""composited_rgb"":[206.05882352941177,208.69411764705882,211.0],""composited_luminance_0_255"":161.37509758702808},{""x"":128,""y"":73,""kind"":""low_alpha_perimeter"",""rgba"":[0,0,0,7],""alpha"":7,""raw_luminance_0_255"":0.0,""master_rgb"":[196.0,204.0,212.0],""composited_rgb"":[190.61960784313726,198.4,206.18039215686275],""composited_luminance_0_255"":142.96164541479268}],""raw_RGB_step_L2"":[365.4627203970331],""composited_RGB_step_L2"":[19.17203324899116],""composited_luminance_steps"":[-18.413452172235395],""composited_luminance_monotonic"":true}"
#14700,129,73,"[130.5515,74.3556]","[131,74]","[0,0,0,8]",8,0,AMBIGUOUS,[9],False,"[{""xy"":[129,72],""glyph_id"":9,""class"":""solid_achromatic_core"",""rgba"":[215,215,215,174],""master_rgba"":[196,204,212,253]},{""xy"":[128,72],""glyph_id"":9,""class"":""solid_achromatic_core"",""rgba"":[211,211,211,171],""master_rgba"":[196,204,211,253]},{""xy"":[130,72],""glyph_id"":9,""class"":""solid_achromatic_core"",""rgba"":[213,212,212,174],""master_rgba"":[197,204,213,253]}]","{""xy"":[129,72],""glyph_id"":9,""class"":""solid_achromatic_core""}","[197,204,212,253]",0.0,"[190.81960784313725,197.6,205.34901960784313]",141.99212185981065,"[0.0,0.0,0.0]",0.0,211.0,215.0,18.145098039215696,24.45964090219247,15.23921568627452,19.678585327510685,24.390024957336607,196.8549019607843,254.10204200451648,"[16,16,16]","[191.32156862745097,198.10196078431372,205.85098039215686]",0.5019607843137237,0.8694215818384922,0.8127057626741419,"{""nodes"":[{""x"":129,""y"":72,""kind"":""confirmed_support"",""rgba"":[215,215,215,174],""alpha"":174,""raw_luminance_0_255"":173.28332975643892,""master_rgb"":[196.0,204.0,212.0],""composited_rgb"":[208.96470588235294,211.50588235294117,214.04705882352943],""composited_luminance_0_255"":166.38214681714726},{""x"":129,""y"":73,""kind"":""low_alpha_perimeter"",""rgba"":[0,0,0,8],""alpha"":8,""raw_luminance_0_255"":0.0,""master_rgb"":[197.0,204.0,212.0],""composited_rgb"":[190.81960784313725,197.6,205.34901960784313],""composited_luminance_0_255"":141.99212185981065}],""raw_RGB_step_L2"":[372.3909236273086],""composited_RGB_step_L2"":[24.45964090219247],""composited_luminance_steps"":[-24.390024957336607],""composited_luminance_monotonic"":true}"
#14700,130,73,"[131.6054,74.3556]","[132,74]","[0,0,0,8]",8,0,AMBIGUOUS,[9],False,"[{""xy"":[130,72],""glyph_id"":9,""class"":""solid_achromatic_core"",""rgba"":[213,212,212,174],""master_rgba"":[197,204,213,253]},{""xy"":[129,72],""glyph_id"":9,""class"":""solid_achromatic_core"",""rgba"":[215,215,215,174],""master_rgba"":[196,204,212,253]},{""xy"":[131,72],""glyph_id"":9,""class"":""solid_achromatic_core"",""rgba"":[215,215,215,174],""master_rgba"":[197,205,213,253]}]","{""xy"":[130,72],""glyph_id"":9,""class"":""solid_achromatic_core""}","[197,205,213,253]",0.0,"[190.81960784313725,198.5686274509804,206.31764705882352]",143.24189683388454,"[0.0,0.0,0.0]",0.0,213.0,213.0,17.09803921568627,21.14093932747141,17.09803921568627,21.14093932747141,19.942503513138405,195.90196078431373,250.951007225876,"[16,16,16]","[191.32156862745097,199.0705882352941,206.81960784313725]",0.5019607843137237,0.8694215818384922,0.816834363838467,"{""nodes"":[{""x"":130,""y"":72,""kind"":""confirmed_support"",""rgba"":[213,212,212,174],""alpha"":174,""raw_luminance_0_255"":168.26574603886542,""master_rgb"":[197.0,204.0,213.0],""composited_rgb"":[207.91764705882352,209.45882352941175,212.31764705882352],""composited_luminance_0_255"":163.18440034702294},{""x"":130,""y"":73,""kind"":""low_alpha_perimeter"",""rgba"":[0,0,0,8],""alpha"":8,""raw_luminance_0_255"":0.0,""master_rgb"":[197.0,205.0,213.0],""composited_rgb"":[190.81960784313725,198.5686274509804,206.31764705882352],""composited_luminance_0_255"":143.24189683388454}],""raw_RGB_step_L2"":[367.77302783102516],""composited_RGB_step_L2"":[21.14093932747141],""composited_luminance_steps"":[-19.942503513138405],""composited_luminance_monotonic"":true}"
#14700,131,73,"[132.6593,74.3556]","[133,74]","[0,0,0,7]",7,0,AMBIGUOUS,[9],False,"[{""xy"":[131,72],""glyph_id"":9,""class"":""solid_achromatic_core"",""rgba"":[215,215,215,174],""master_rgba"":[197,205,213,253]},{""xy"":[130,72],""glyph_id"":9,""class"":""solid_achromatic_core"",""rgba"":[213,212,212,174],""master_rgba"":[197,204,213,253]},{""xy"":[132,72],""glyph_id"":9,""class"":""solid_achromatic_core"",""rgba"":[206,205,205,169],""master_rgba"":[196,204,212,253]}]","{""xy"":[131,72],""glyph_id"":9,""class"":""solid_achromatic_core""}","[196,204,213,253]",0.0,"[190.61960784313726,198.4,207.1529411764706]",143.08270475120972,"[0.0,0.0,0.0]",0.0,206.0,215.0,18.66274509803921,24.093541595952818,12.007843137254895,13.544499685910791,23.863277752927416,196.3372549019608,254.10204200451648,"[16,16,16]","[191.05882352941177,198.8392156862745,207.5921568627451]",0.43921568627450824,0.7607438841086807,0.7141025015682771,"{""nodes"":[{""x"":131,""y"":72,""kind"":""confirmed_support"",""rgba"":[215,215,215,174],""alpha"":174,""raw_luminance_0_255"":173.28332975643892,""master_rgb"":[197.0,205.0,213.0],""composited_rgb"":[209.28235294117647,211.8235294117647,214.36470588235295],""composited_luminance_0_255"":166.94598250413713},{""x"":131,""y"":73,""kind"":""low_alpha_perimeter"",""rgba"":[0,0,0,7],""alpha"":7,""raw_luminance_0_255"":0.0,""master_rgb"":[196.0,204.0,213.0],""composited_rgb"":[190.61960784313726,198.4,207.1529411764706],""composited_luminance_0_255"":143.08270475120972}],""raw_RGB_step_L2"":[372.3909236273086],""composited_RGB_step_L2"":[24.093541595952818],""composited_luminance_steps"":[-23.863277752927416],""composited_luminance_monotonic"":true}"
#14700,132,73,"[133.7132,74.3556]","[134,74]","[0,0,0,12]",12,0,AMBIGUOUS,[9],False,"[{""xy"":[132,72],""glyph_id"":9,""class"":""solid_achromatic_core"",""rgba"":[206,205,205,169],""master_rgba"":[196,204,212,253]},{""xy"":[131,72],""glyph_id"":9,""class"":""solid_achromatic_core"",""rgba"":[215,215,215,174],""master_rgba"":[197,205,213,253]},{""xy"":[133,72],""glyph_id"":9,""class"":""solid_achromatic_core"",""rgba"":[191,191,191,140],""master_rgba"":[196,203,212,253]}]","{""xy"":[132,72],""glyph_id"":9,""class"":""solid_achromatic_core""}","[196,204,213,253]",0.0,"[186.77647058823527,194.39999999999998,202.9764705882353]",136.70337804780837,"[0.0,0.0,0.0]",0.0,191.0,206.0,15.850980392156885,19.385554497702458,6.478431372549039,7.231646883486748,18.001012418176458,190.14901960784312,235.70443458795816,"[16,16,16]","[187.52941176470586,195.15294117647056,203.72941176470587]",0.7529411764705856,1.3041323727577383,1.1933305091781392,"{""nodes"":[{""x"":132,""y"":72,""kind"":""confirmed_support"",""rgba"":[206,205,205,169],""alpha"":169,""raw_luminance_0_255"":156.04019354425526,""master_rgb"":[196.0,204.0,212.0],""composited_rgb"":[202.62745098039215,204.6627450980392,207.36078431372547],""composited_luminance_0_255"":154.70439046598483},{""x"":132,""y"":73,""kind"":""low_alpha_perimeter"",""rgba"":[0,0,0,12],""alpha"":12,""raw_luminance_0_255"":0.0,""master_rgb"":[196.0,204.0,213.0],""composited_rgb"":[186.77647058823527,194.39999999999998,202.9764705882353],""composited_luminance_0_255"":136.70337804780837}],""raw_RGB_step_L2"":[355.648703076505],""composited_RGB_step_L2"":[19.385554497702458],""composited_luminance_steps"":[-18.001012418176458],""composited_luminance_monotonic"":true}"
#14700,135,73,"[136.875,74.3556]","[137,74]","[255,255,255,4]",4,0,AMBIGUOUS,[9],False,"[{""xy"":[134,72],""glyph_id"":9,""class"":""solid_achromatic_core"",""rgba"":[98,98,98,78],""master_rgba"":[197,204,212,253]}]","{""xy"":[134,72],""glyph_id"":9,""class"":""solid_achromatic_core""}","[196,204,212,253]",255.0,"[196.92549019607844,204.8,212.67450980392158]",153.5478902080312,"[4.0,4.0,4.0]",6.928203230275509,157.0,157.0,35.5450980392157,57.269282239232325,35.5450980392157,57.269282239232325,49.74161763547491,121.4549019607843,44.99256686014214,"[16,16,16]","[193.1764705882353,201.05098039215687,208.92549019607844]",3.749019607843138,6.493492439356263,6.266302052534371,"{""nodes"":[{""x"":134,""y"":72,""kind"":""confirmed_support"",""rgba"":[98,98,98,78],""alpha"":78,""raw_luminance_0_255"":31.145386918548475,""master_rgb"":[197.0,204.0,212.0],""composited_rgb"":[166.71764705882353,171.57647058823528,177.12941176470588],""composited_luminance_0_255"":103.80627257255628},{""x"":135,""y"":73,""kind"":""low_alpha_perimeter"",""rgba"":[255,255,255,4],""alpha"":4,""raw_luminance_0_255"":255.0,""master_rgb"":[196.0,204.0,212.0],""composited_rgb"":[196.92549019607844,204.8,212.67450980392158],""composited_luminance_0_255"":153.5478902080312}],""raw_RGB_step_L2"":[271.93197678831376],""composited_RGB_step_L2"":[57.269282239232325],""composited_luminance_steps"":[49.74161763547491],""composited_luminance_monotonic"":true}"
#14700,142,73,"[144.2525,74.3556]","[144,74]","[0,0,0,7]",7,0,SAFE WORDMARK OWNERSHIP,[10],False,"[{""xy"":[142,72],""glyph_id"":10,""class"":""solid_achromatic_core"",""rgba"":[216,216,216,161],""master_rgba"":[196,204,211,253]},{""xy"":[141,73],""glyph_id"":10,""class"":""proven_tonal_attachment"",""rgba"":[0,0,0,10],""master_rgba"":[195,203,211,253]},{""xy"":[141,72],""glyph_id"":10,""class"":""solid_achromatic_core"",""rgba"":[211,211,211,187],""master_rgba"":[196,203,212,253]},{""xy"":[143,72],""glyph_id"":10,""class"":""proven_tonal_attachment"",""rgba"":[0,0,0,24],""master_rgba"":[195,203,211,253]}]","{""xy"":[142,72],""glyph_id"":10,""class"":""solid_achromatic_core""}","[194,202,211,253]",0.0,"[188.67450980392155,196.4549019607843,205.2078431372549]",139.9451544501029,"[0.0,0.0,0.0]",0.0,0.0,216.0,19.952941176470603,26.58696393513119,2.4823529411764866,3.14845793833515,26.415762689332013,196.0470588235294,236.21097601574618,"[16,16,16]","[189.11372549019606,196.8941176470588,205.64705882352942]",0.43921568627450824,0.7607438841086807,0.7049318499804258,"{""nodes"":[{""x"":142,""y"":72,""kind"":""confirmed_support"",""rgba"":[216,216,216,161],""alpha"":161,""raw_luminance_0_255"":175.10475467100497,""master_rgb"":[196.0,204.0,211.0],""composited_rgb"":[208.62745098039215,211.57647058823528,214.15686274509804],""composited_luminance_0_255"":166.36091713943492},{""x"":142,""y"":73,""kind"":""low_alpha_perimeter"",""rgba"":[0,0,0,7],""alpha"":7,""raw_luminance_0_255"":0.0,""master_rgb"":[194.0,202.0,211.0],""composited_rgb"":[188.67450980392155,196.4549019607843,205.2078431372549],""composited_luminance_0_255"":139.9451544501029}],""raw_RGB_step_L2"":[374.1229744348775],""composited_RGB_step_L2"":[26.58696393513119],""composited_luminance_steps"":[-26.415762689332013],""composited_luminance_monotonic"":true}"
#14700,143,73,"[145.3064,74.3556]","[145,74]","[31,31,31,8]",8,0,AMBIGUOUS,[10],False,"[{""xy"":[143,72],""glyph_id"":10,""class"":""proven_tonal_attachment"",""rgba"":[0,0,0,24],""master_rgba"":[195,203,211,253]},{""xy"":[142,72],""glyph_id"":10,""class"":""solid_achromatic_core"",""rgba"":[216,216,216,161],""master_rgba"":[196,204,211,253]}]","{""xy"":[143,72],""glyph_id"":10,""class"":""proven_tonal_attachment""}","[194,202,211,253]",3.49403117705887,"[188.8862745098039,196.63529411764705,205.35294117647058]",140.2402948907916,"[0.9725490196078431,0.9725490196078431,0.9725490196078431]",1.6845043148120846,31.0,31.0,14.21176470588233,22.673999085410166,14.21176470588233,22.673999085410166,19.598445096851478,16.78823529411767,1.6845043148120846,"[16,16,16]","[188.4156862745098,196.16470588235293,204.88235294117646]",0.470588235294116,0.8150827329735865,0.7539204701126323,"{""nodes"":[{""x"":143,""y"":71,""kind"":""solid_core"",""rgba"":[11,11,11,44],""alpha"":44,""raw_luminance_0_255"":0.8533666197942859,""master_rgb"":[196.0,204.0,212.0],""composited_rgb"":[164.078431372549,170.69803921568626,177.31764705882352],""composited_luminance_0_255"":102.25433417547937},{""x"":143,""y"":72,""kind"":""confirmed_tonal_attachment"",""rgba"":[0,0,0,24],""alpha"":24,""raw_luminance_0_255"":0.0,""master_rgb"":[195.0,203.0,211.0],""composited_rgb"":[176.64705882352942,183.89411764705883,191.14117647058825],""composited_luminance_0_255"":120.64184979394012},{""x"":143,""y"":73,""kind"":""low_alpha_perimeter"",""rgba"":[31,31,31,8],""alpha"":8,""raw_luminance_0_255"":3.49403117705887,""master_rgb"":[194.0,202.0,211.0],""composited_rgb"":[188.8862745098039,196.63529411764705,205.35294117647058],""composited_luminance_0_255"":140.2402948907916}],""raw_RGB_step_L2"":[19.05255888325765,53.693575034635195],""composited_RGB_step_L2"":[22.873496614343843,22.673999085410166],""composited_luminance_steps"":[18.387515618460753,19.598445096851478],""composited_luminance_monotonic"":true}"
#14700,164,73,"[167.4387,74.3556]","[167,74]","[0,0,0,3]",3,0,AMBIGUOUS,[10],False,"[{""xy"":[165,72],""glyph_id"":10,""class"":""solid_achromatic_core"",""rgba"":[194,194,194,138],""master_rgba"":[195,203,211,253]}]","{""xy"":[165,72],""glyph_id"":10,""class"":""solid_achromatic_core""}","[195,203,211,253]",0.0,"[192.7058823529412,200.61176470588236,208.51764705882354]",146.55087224887802,"[0.0,0.0,0.0]",0.0,194.0,194.0,6.71764705882353,7.373036070687167,6.71764705882353,7.373036070687167,3.1585201333983264,187.28235294117647,181.84495772640776,"[16,16,16]","[192.89411764705883,200.8,208.7058823529412]",0.1882352941176464,0.3260330931894346,0.31009557071183735,"{""nodes"":[{""x"":165,""y"":72,""kind"":""confirmed_support"",""rgba"":[194,194,194,138],""alpha"":138,""raw_luminance_0_255"":137.5672696980873,""master_rgb"":[195.0,203.0,211.0],""composited_rgb"":[194.45882352941177,198.12941176470588,201.8],""composited_luminance_0_255"":143.3923521154797},{""x"":164,""y"":73,""kind"":""low_alpha_perimeter"",""rgba"":[0,0,0,3],""alpha"":3,""raw_luminance_0_255"":0.0,""master_rgb"":[195.0,203.0,211.0],""composited_rgb"":[192.7058823529412,200.61176470588236,208.51764705882354],""composited_luminance_0_255"":146.55087224887802}],""raw_RGB_step_L2"":[336.0178566683622],""composited_RGB_step_L2"":[7.373036070687167],""composited_luminance_steps"":[3.1585201333983264],""composited_luminance_monotonic"":true}"
#14700,165,73,"[168.4926,74.3556]","[168,74]","[0,0,0,6]",6,0,SAFE WORDMARK OWNERSHIP,[10],False,"[{""xy"":[165,72],""glyph_id"":10,""class"":""solid_achromatic_core"",""rgba"":[194,194,194,138],""master_rgba"":[195,203,211,253]},{""xy"":[166,73],""glyph_id"":10,""class"":""proven_tonal_attachment"",""rgba"":[0,0,0,10],""master_rgba"":[194,201,210,253]},{""xy"":[166,72],""glyph_id"":10,""class"":""solid_achromatic_core"",""rgba"":[212,212,212,194],""master_rgba"":[195,202,211,253]}]","{""xy"":[165,72],""glyph_id"":10,""class"":""solid_achromatic_core""}","[195,202,211,253]",0.0,"[190.41176470588235,197.24705882352941,206.03529411764706]",141.532639539951,"[0.0,0.0,0.0]",0.0,0.0,194.0,4.235294117647044,5.924098927000273,4.235294117647044,5.924098927000273,1.8597125755287038,189.76470588235296,181.84495772640776,"[16,16,16]","[190.78823529411764,197.6235294117647,206.41176470588235]",0.3764705882352928,0.6520661863788692,0.6081107190977946,"{""nodes"":[{""x"":165,""y"":72,""kind"":""confirmed_support"",""rgba"":[194,194,194,138],""alpha"":138,""raw_luminance_0_255"":137.5672696980873,""master_rgb"":[195.0,203.0,211.0],""composited_rgb"":[194.45882352941177,198.12941176470588,201.8],""composited_luminance_0_255"":143.3923521154797},{""x"":165,""y"":73,""kind"":""low_alpha_perimeter"",""rgba"":[0,0,0,6],""alpha"":6,""raw_luminance_0_255"":0.0,""master_rgb"":[195.0,202.0,211.0],""composited_rgb"":[190.41176470588235,197.24705882352941,206.03529411764706],""composited_luminance_0_255"":141.532639539951}],""raw_RGB_step_L2"":[336.0178566683622],""composited_RGB_step_L2"":[5.924098927000273],""composited_luminance_steps"":[-1.8597125755287038],""composited_luminance_monotonic"":true}"
#14700,182,73,"[186.4093,74.3556]","[186,74]","[0,0,0,9]",9,0,AMBIGUOUS,[10],False,"[{""xy"":[182,72],""glyph_id"":10,""class"":""solid_achromatic_core"",""rgba"":[214,212,212,175],""master_rgba"":[193,202,210,253]},{""xy"":[181,72],""glyph_id"":10,""class"":""solid_achromatic_core"",""rgba"":[211,211,211,165],""master_rgba"":[193,200,209,253]},{""xy"":[183,72],""glyph_id"":10,""class"":""solid_achromatic_core"",""rgba"":[213,212,212,174],""master_rgba"":[194,201,209,253]}]","{""xy"":[182,72],""glyph_id"":10,""class"":""solid_achromatic_core""}","[194,202,210,253]",0.0,"[187.1529411764706,194.87058823529412,202.58823529411765]",137.3137498668271,"[0.0,0.0,0.0]",0.0,211.0,214.0,20.258823529411785,26.14124235944705,17.4941176470588,22.70275809045002,24.815884697410468,193.74117647058821,252.79133728751953,"[16,16,16]","[187.71764705882353,195.43529411764706,203.1529411764706]",0.5647058823529392,0.9780992795683038,0.8967685054178958,"{""nodes"":[{""x"":182,""y"":72,""kind"":""confirmed_support"",""rgba"":[214,212,212,175],""alpha"":175,""raw_luminance_0_255"":168.64826530523573,""master_rgb"":[193.0,202.0,210.0],""composited_rgb"":[207.41176470588238,208.86274509803923,211.37254901960785],""composited_luminance_0_255"":162.12963456423756},{""x"":182,""y"":73,""kind"":""low_alpha_perimeter"",""rgba"":[0,0,0,9],""alpha"":9,""raw_luminance_0_255"":0.0,""master_rgb"":[194.0,202.0,210.0],""composited_rgb"":[187.1529411764706,194.87058823529412,202.58823529411765],""composited_luminance_0_255"":137.3137498668271}],""raw_RGB_step_L2"":[368.35309147609985],""composited_RGB_step_L2"":[26.14124235944705],""composited_luminance_steps"":[-24.815884697410468],""composited_luminance_monotonic"":true}"
#14700,183,73,"[187.4632,74.3556]","[187,74]","[0,0,0,7]",7,0,AMBIGUOUS,[10],False,"[{""xy"":[183,72],""glyph_id"":10,""class"":""solid_achromatic_core"",""rgba"":[213,212,212,174],""master_rgba"":[194,201,209,253]},{""xy"":[182,72],""glyph_id"":10,""class"":""solid_achromatic_core"",""rgba"":[214,212,212,175],""master_rgba"":[193,202,210,253]},{""xy"":[184,72],""glyph_id"":10,""class"":""solid_achromatic_core"",""rgba"":[215,213,213,174],""master_rgba"":[194,201,209,253]}]","{""xy"":[183,72],""glyph_id"":10,""class"":""solid_achromatic_core""}","[194,201,209,253]",0.0,"[188.67450980392155,195.48235294117646,203.2627450980392]",138.58815630921842,"[0.0,0.0,0.0]",0.0,213.0,213.0,18.290196078431393,23.764240595975775,18.290196078431393,23.764240595975775,22.889717781941698,194.7098039215686,250.951007225876,"[16,16,16]","[189.11372549019606,195.92156862745097,203.7019607843137]",0.43921568627450824,0.7607438841086807,0.7009831004690739,"{""nodes"":[{""x"":183,""y"":72,""kind"":""confirmed_support"",""rgba"":[213,212,212,174],""alpha"":174,""raw_luminance_0_255"":168.26574603886542,""master_rgb"":[194.0,201.0,209.0],""composited_rgb"":[206.96470588235294,208.50588235294117,211.04705882352943],""composited_luminance_0_255"":161.47787409116012},{""x"":183,""y"":73,""kind"":""low_alpha_perimeter"",""rgba"":[0,0,0,7],""alpha"":7,""raw_luminance_0_255"":0.0,""master_rgb"":[194.0,201.0,209.0],""composited_rgb"":[188.67450980392155,195.48235294117646,203.2627450980392],""composited_luminance_0_255"":138.58815630921842}],""raw_RGB_step_L2"":[367.77302783102516],""composited_RGB_step_L2"":[23.764240595975775],""composited_luminance_steps"":[-22.889717781941698],""composited_luminance_monotonic"":true}"
#14700,184,73,"[188.5172,74.3556]","[189,74]","[0,0,0,8]",8,0,AMBIGUOUS,[10],False,"[{""xy"":[184,72],""glyph_id"":10,""class"":""solid_achromatic_core"",""rgba"":[215,213,213,174],""master_rgba"":[194,201,209,253]},{""xy"":[183,72],""glyph_id"":10,""class"":""solid_achromatic_core"",""rgba"":[213,212,212,174],""master_rgba"":[194,201,209,253]},{""xy"":[185,72],""glyph_id"":10,""class"":""solid_achromatic_core"",""rgba"":[215,213,213,174],""master_rgba"":[193,202,209,253]}]","{""xy"":[184,72],""glyph_id"":10,""class"":""solid_achromatic_core""}","[194,201,209,253]",0.0,"[187.91372549019607,194.69411764705882,202.44313725490196]",137.34039702165254,"[0.0,0.0,0.0]",0.0,213.0,215.0,20.415686274509824,26.704205412208495,19.050980392156873,25.05458370342832,25.581320806102582,194.58431372549018,252.52867376332605,"[16,16,16]","[188.4156862745098,195.19607843137254,202.94509803921568]",0.5019607843137237,0.8694215818384922,0.7970809122571154,"{""nodes"":[{""x"":184,""y"":72,""kind"":""confirmed_support"",""rgba"":[215,213,213,174],""alpha"":174,""raw_luminance_0_255"":170.44115536642147,""master_rgb"":[194.0,201.0,209.0],""composited_rgb"":[208.3294117647059,209.18823529411765,211.7294117647059],""composited_luminance_0_255"":162.92171782775512},{""x"":184,""y"":73,""kind"":""low_alpha_perimeter"",""rgba"":[0,0,0,8],""alpha"":8,""raw_luminance_0_255"":0.0,""master_rgb"":[194.0,201.0,209.0],""composited_rgb"":[187.91372549019607,194.69411764705882,202.44313725490196],""composited_luminance_0_255"":137.34039702165254}],""raw_RGB_step_L2"":[370.08512534280544],""composited_RGB_step_L2"":[26.704205412208495],""composited_luminance_steps"":[-25.581320806102582],""composited_luminance_monotonic"":true}"
#14700,185,73,"[189.5711,74.3556]","[190,74]","[0,0,0,8]",8,0,AMBIGUOUS,[10],False,"[{""xy"":[185,72],""glyph_id"":10,""class"":""solid_achromatic_core"",""rgba"":[215,213,213,174],""master_rgba"":[193,202,209,253]},{""xy"":[184,72],""glyph_id"":10,""class"":""solid_achromatic_core"",""rgba"":[215,213,213,174],""master_rgba"":[194,201,209,253]},{""xy"":[186,72],""glyph_id"":10,""class"":""solid_achromatic_core"",""rgba"":[215,213,213,174],""master_rgba"":[193,201,209,253]}]","{""xy"":[185,72],""glyph_id"":10,""class"":""solid_achromatic_core""}","[194,202,210,253]",0.0,"[187.91372549019607,195.6627450980392,203.41176470588235]",138.56634795192318,"[0.0,0.0,0.0]",0.0,215.0,215.0,20.0980392156863,25.782685701231262,20.0980392156863,25.61353778677663,24.63617683406264,194.9019607843137,252.52867376332605,"[16,16,16]","[188.4156862745098,196.16470588235293,203.91372549019607]",0.5019607843137237,0.8694215818384922,0.8011868965716076,"{""nodes"":[{""x"":185,""y"":72,""kind"":""confirmed_support"",""rgba"":[215,213,213,174],""alpha"":174,""raw_luminance_0_255"":170.44115536642147,""master_rgb"":[193.0,202.0,209.0],""composited_rgb"":[208.01176470588237,209.50588235294117,211.7294117647059],""composited_luminance_0_255"":163.20252478598582},{""x"":185,""y"":73,""kind"":""low_alpha_perimeter"",""rgba"":[0,0,0,8],""alpha"":8,""raw_luminance_0_255"":0.0,""master_rgb"":[194.0,202.0,210.0],""composited_rgb"":[187.91372549019607,195.6627450980392,203.41176470588235],""composited_luminance_0_255"":138.56634795192318}],""raw_RGB_step_L2"":[370.08512534280544],""composited_RGB_step_L2"":[25.782685701231262],""composited_luminance_steps"":[-24.63617683406264],""composited_luminance_monotonic"":true}"
#14700,186,73,"[190.625,74.3556]","[191,74]","[0,0,0,8]",8,0,AMBIGUOUS,[10],False,"[{""xy"":[186,72],""glyph_id"":10,""class"":""solid_achromatic_core"",""rgba"":[215,213,213,174],""master_rgba"":[193,201,209,253]},{""xy"":[185,72],""glyph_id"":10,""class"":""solid_achromatic_core"",""rgba"":[215,213,213,174],""master_rgba"":[193,202,209,253]},{""xy"":[187,72],""glyph_id"":10,""class"":""solid_achromatic_core"",""rgba"":[215,213,213,174],""master_rgba"":[193,201,209,253]}]","{""xy"":[186,72],""glyph_id"":10,""class"":""solid_achromatic_core""}","[193,201,209,253]",0.0,"[186.94509803921568,194.69411764705882,202.44313725490196]",137.02792089037783,"[0.0,0.0,0.0]",0.0,215.0,215.0,21.06666666666669,27.205124243102844,21.06666666666669,27.205124243102844,25.776256633378125,193.9333333333333,252.52867376332605,"[16,16,16]","[187.4470588235294,195.19607843137254,202.94509803921568]",0.5019607843137237,0.8694215818384922,0.795990341570473,"{""nodes"":[{""x"":186,""y"":72,""kind"":""confirmed_support"",""rgba"":[215,213,213,174],""alpha"":174,""raw_luminance_0_255"":170.44115536642147,""master_rgb"":[193.0,201.0,209.0],""composited_rgb"":[208.01176470588237,209.18823529411765,211.7294117647059],""composited_luminance_0_255"":162.80417752375595},{""x"":186,""y"":73,""kind"":""low_alpha_perimeter"",""rgba"":[0,0,0,8],""alpha"":8,""raw_luminance_0_255"":0.0,""master_rgb"":[193.0,201.0,209.0],""composited_rgb"":[186.94509803921568,194.69411764705882,202.44313725490196],""composited_luminance_0_255"":137.02792089037783}],""raw_RGB_step_L2"":[370.08512534280544],""composited_RGB_step_L2"":[27.205124243102844],""composited_luminance_steps"":[-25.776256633378125],""composited_luminance_monotonic"":true}"
#14700,187,73,"[191.6789,74.3556]","[192,74]","[0,0,0,8]",8,0,AMBIGUOUS,[10],False,"[{""xy"":[187,72],""glyph_id"":10,""class"":""solid_achromatic_core"",""rgba"":[215,213,213,174],""master_rgba"":[193,201,209,253]},{""xy"":[186,72],""glyph_id"":10,""class"":""solid_achromatic_core"",""rgba"":[215,213,213,174],""master_rgba"":[193,201,209,253]},{""xy"":[188,72],""glyph_id"":10,""class"":""solid_achromatic_core"",""rgba"":[215,215,215,174],""master_rgba"":[192,200,208,253]}]","{""xy"":[187,72],""glyph_id"":10,""class"":""solid_achromatic_core""}","[193,201,209,253]",0.0,"[186.94509803921568,194.69411764705882,202.44313725490196]",137.02792089037783,"[0.0,0.0,0.0]",0.0,215.0,215.0,21.06666666666669,27.205124243102844,20.749019607843138,27.205124243102844,25.776256633378125,193.9333333333333,252.52867376332605,"[16,16,16]","[187.4470588235294,195.19607843137254,202.94509803921568]",0.5019607843137237,0.8694215818384922,0.795990341570473,"{""nodes"":[{""x"":187,""y"":72,""kind"":""confirmed_support"",""rgba"":[215,213,213,174],""alpha"":174,""raw_luminance_0_255"":170.44115536642147,""master_rgb"":[193.0,201.0,209.0],""composited_rgb"":[208.01176470588237,209.18823529411765,211.7294117647059],""composited_luminance_0_255"":162.80417752375595},{""x"":187,""y"":73,""kind"":""low_alpha_perimeter"",""rgba"":[0,0,0,8],""alpha"":8,""raw_luminance_0_255"":0.0,""master_rgb"":[193.0,201.0,209.0],""composited_rgb"":[186.94509803921568,194.69411764705882,202.44313725490196],""composited_luminance_0_255"":137.02792089037783}],""raw_RGB_step_L2"":[370.08512534280544],""composited_RGB_step_L2"":[27.205124243102844],""composited_luminance_steps"":[-25.776256633378125],""composited_luminance_monotonic"":true}"
#14700,188,73,"[192.7328,74.3556]","[193,74]","[0,0,0,8]",8,0,AMBIGUOUS,[10],False,"[{""xy"":[188,72],""glyph_id"":10,""class"":""solid_achromatic_core"",""rgba"":[215,215,215,174],""master_rgba"":[192,200,208,253]},{""xy"":[187,72],""glyph_id"":10,""class"":""solid_achromatic_core"",""rgba"":[215,213,213,174],""master_rgba"":[193,201,209,253]},{""xy"":[189,72],""glyph_id"":10,""class"":""solid_achromatic_core"",""rgba"":[214,212,212,175],""master_rgba"":[191,199,208,253]}]","{""xy"":[188,72],""glyph_id"":10,""class"":""solid_achromatic_core""}","[192,200,209,253]",0.0,"[185.9764705882353,193.72549019607843,202.44313725490196]",135.61649313491273,"[0.0,0.0,0.0]",0.0,214.0,215.0,21.71764705882353,29.172034503579756,20.807843137254935,26.522019751869802,28.521428944130435,193.28235294117647,254.10204200451648,"[16,16,16]","[186.478431372549,194.22745098039215,202.94509803921568]",0.5019607843137237,0.8694215818384922,0.7911842774071829,"{""nodes"":[{""x"":188,""y"":72,""kind"":""confirmed_support"",""rgba"":[215,215,215,174],""alpha"":174,""raw_luminance_0_255"":173.28332975643892,""master_rgb"":[192.0,200.0,208.0],""composited_rgb"":[207.69411764705882,210.23529411764707,212.7764705882353],""composited_luminance_0_255"":164.13792207904316},{""x"":188,""y"":73,""kind"":""low_alpha_perimeter"",""rgba"":[0,0,0,8],""alpha"":8,""raw_luminance_0_255"":0.0,""master_rgb"":[192.0,200.0,209.0],""composited_rgb"":[185.9764705882353,193.72549019607843,202.44313725490196],""composited_luminance_0_255"":135.61649313491273}],""raw_RGB_step_L2"":[372.3909236273086],""composited_RGB_step_L2"":[29.172034503579756],""composited_luminance_steps"":[-28.521428944130435],""composited_luminance_monotonic"":true}"
#14700,189,73,"[193.7868,74.3556]","[194,74]","[0,0,0,8]",8,0,SAFE WORDMARK OWNERSHIP,[10],False,"[{""xy"":[189,72],""glyph_id"":10,""class"":""solid_achromatic_core"",""rgba"":[214,212,212,175],""master_rgba"":[191,199,208,253]},{""xy"":[190,73],""glyph_id"":10,""class"":""proven_tonal_attachment"",""rgba"":[0,0,0,6],""master_rgba"":[191,199,207,253]},{""xy"":[188,72],""glyph_id"":10,""class"":""solid_achromatic_core"",""rgba"":[215,215,215,174],""master_rgba"":[192,200,208,253]},{""xy"":[190,72],""glyph_id"":10,""class"":""solid_achromatic_core"",""rgba"":[232,232,232,194],""master_rgba"":[191,198,206,253]}]","{""xy"":[189,72],""glyph_id"":10,""class"":""solid_achromatic_core""}","[192,199,208,253]",0.0,"[185.9764705882353,192.75686274509803,201.47450980392156]",134.40561802668665,"[0.0,0.0,0.0]",0.0,0.0,214.0,20.807843137254935,27.365643547178855,1.5607843137254918,1.7734771125728388,26.239887360054468,193.19215686274507,252.79133728751953,"[16,16,16]","[186.478431372549,193.25882352941176,201.9764705882353]",0.5019607843137237,0.8694215818384922,0.7870927921667032,"{""nodes"":[{""x"":189,""y"":72,""kind"":""confirmed_support"",""rgba"":[214,212,212,175],""alpha"":175,""raw_luminance_0_255"":168.64826530523573,""master_rgb"":[191.0,199.0,208.0],""composited_rgb"":[206.78431372549022,207.921568627451,210.7450980392157],""composited_luminance_0_255"":160.64550538674112},{""x"":189,""y"":73,""kind"":""low_alpha_perimeter"",""rgba"":[0,0,0,8],""alpha"":8,""raw_luminance_0_255"":0.0,""master_rgb"":[192.0,199.0,208.0],""composited_rgb"":[185.9764705882353,192.75686274509803,201.47450980392156],""composited_luminance_0_255"":134.40561802668665}],""raw_RGB_step_L2"":[368.35309147609985],""composited_RGB_step_L2"":[27.365643547178855],""composited_luminance_steps"":[-26.239887360054468],""composited_luminance_monotonic"":true}"
#14700,194,73,"[199.0564,74.3556]","[199,74]","[0,0,0,10]",10,0,SAFE WORDMARK OWNERSHIP,[10],False,"[{""xy"":[194,72],""glyph_id"":10,""class"":""solid_achromatic_core"",""rgba"":[201,201,201,170],""master_rgba"":[191,198,206,253]},{""xy"":[195,73],""glyph_id"":10,""class"":""proven_tonal_attachment"",""rgba"":[0,0,0,6],""master_rgba"":[190,197,205,253]},{""xy"":[195,72],""glyph_id"":10,""class"":""solid_achromatic_core"",""rgba"":[224,222,222,182],""master_rgba"":[191,197,205,253]}]","{""xy"":[194,72],""glyph_id"":10,""class"":""solid_achromatic_core""}","[190,197,205,253]",0.0,"[182.54901960784315,189.27450980392157,196.9607843137255]",128.91497281811735,"[0.0,0.0,0.0]",0.0,0.0,201.0,15.117647058823536,19.39423847349867,3.2156862745097783,5.364017843735417,17.875751470999745,185.88235294117646,232.09480821422954,"[16,16,16]","[183.1764705882353,189.90196078431373,197.58823529411765]",0.6274509803921546,1.0867769772981153,0.9606784278471139,"{""nodes"":[{""x"":194,""y"":72,""kind"":""confirmed_support"",""rgba"":[201,201,201,170],""alpha"":170,""raw_luminance_0_255"":148.93999656224682,""master_rgb"":[191.0,198.0,206.0],""composited_rgb"":[197.66666666666669,200.0,202.66666666666669],""composited_luminance_0_255"":146.7907242891171},{""x"":194,""y"":73,""kind"":""low_alpha_perimeter"",""rgba"":[0,0,0,10],""alpha"":10,""raw_luminance_0_255"":0.0,""master_rgb"":[190.0,197.0,205.0],""composited_rgb"":[182.54901960784315,189.27450980392157,196.9607843137255],""composited_luminance_0_255"":128.91497281811735}],""raw_RGB_step_L2"":[348.14221232134435],""composited_RGB_step_L2"":[19.39423847349867],""composited_luminance_steps"":[-17.875751470999745],""composited_luminance_monotonic"":true}"
#14700,207,73,"[212.7574,74.3556]","[213,74]","[0,0,0,6]",6,0,SAFE WORDMARK OWNERSHIP,[10],False,"[{""xy"":[207,72],""glyph_id"":10,""class"":""solid_achromatic_core"",""rgba"":[207,206,206,146],""master_rgba"":[172,179,186,253]},{""xy"":[208,73],""glyph_id"":10,""class"":""proven_tonal_attachment"",""rgba"":[0,0,0,10],""master_rgba"":[169,175,182,253]},{""xy"":[208,72],""glyph_id"":10,""class"":""solid_achromatic_core"",""rgba"":[213,213,213,191],""master_rgba"":[169,176,183,253]}]","{""xy"":[207,72],""glyph_id"":10,""class"":""solid_achromatic_core""}","[171,178,185,253]",0.0,"[166.9764705882353,173.81176470588235,180.64705882352942]",106.42188275762167,"[0.0,0.0,0.0]",0.0,0.0,207.0,25.062745098039244,36.56246723070197,5.784313725490193,9.319572983767499,31.40980523473921,181.93725490196076,204.6179976622786,"[16,16,16]","[167.35294117647058,174.18823529411765,181.0235294117647]",0.3764705882352928,0.6520661863788692,0.5150078634996618,"{""nodes"":[{""x"":207,""y"":72,""kind"":""confirmed_support"",""rgba"":[207,206,206,146],""alpha"":146,""raw_luminance_0_255"":157.75381876243537,""master_rgb"":[172.0,179.0,186.0],""composited_rgb"":[192.03921568627453,194.45882352941175,197.45098039215685],""composited_luminance_0_255"":137.83168799236088},{""x"":207,""y"":73,""kind"":""low_alpha_perimeter"",""rgba"":[0,0,0,6],""alpha"":6,""raw_luminance_0_255"":0.0,""master_rgb"":[171.0,178.0,185.0],""composited_rgb"":[166.9764705882353,173.81176470588235,180.64705882352942],""composited_luminance_0_255"":106.42188275762167}],""raw_RGB_step_L2"":[357.38074934165104],""composited_RGB_step_L2"":[36.56246723070197],""composited_luminance_steps"":[-31.40980523473921],""composited_luminance_monotonic"":true}"
#14700,68,74,"[66.2623,75.4]","[66,75]","[255,255,255,2]",2,0,AMBIGUOUS,[6],False,"[{""xy"":[69,73],""glyph_id"":6,""class"":""proven_tonal_attachment"",""rgba"":[0,0,0,9],""master_rgba"":[201,208,217,253]}]","{""xy"":[69,73],""glyph_id"":6,""class"":""proven_tonal_attachment""}","[200,209,216,253]",255.0,"[200.4313725490196,209.3607843137255,216.30588235294118]",160.88133612566986,"[2.0,2.0,2.0]",3.4641016151377544,255.0,255.0,8.70196078431374,12.915621232388775,8.70196078431374,12.915621232388775,13.767644905897015,246.29803921568626,3.4641016151377544,"[16,16,16]","[198.55686274509804,207.48627450980393,214.4313725490196]",1.874509803921569,3.2467462196781316,3.239475401761183,"{""nodes"":[{""x"":69,""y"":72,""kind"":""solid_core"",""rgba"":[219,219,219,188],""alpha"":188,""raw_luminance_0_255"":180.63582387238012,""master_rgb"":[201.0,209.0,217.0],""composited_rgb"":[214.27058823529413,216.37254901960785,218.47450980392156],""composited_luminance_0_255"":175.2527698063126},{""x"":69,""y"":73,""kind"":""confirmed_tonal_attachment"",""rgba"":[0,0,0,9],""alpha"":9,""raw_luminance_0_255"":0.0,""master_rgb"":[201.0,208.0,217.0],""composited_rgb"":[193.90588235294118,200.65882352941176,209.34117647058824],""composited_luminance_0_255"":147.11369121977285},{""x"":68,""y"":74,""kind"":""low_alpha_perimeter"",""rgba"":[255,255,255,2],""alpha"":2,""raw_luminance_0_255"":255.0,""master_rgb"":[200.0,209.0,216.0],""composited_rgb"":[200.4313725490196,209.3607843137255,216.30588235294118],""composited_luminance_0_255"":160.88133612566986}],""raw_RGB_step_L2"":[379.31912685758414,441.6729559300637],""composited_RGB_step_L2"":[27.295790742049526,12.915621232388775],""composited_luminance_steps"":[-28.139078586539767,13.767644905897015],""composited_luminance_monotonic"":false}"
#14700,69,74,"[67.3162,75.4]","[67,75]","[255,255,255,2]",2,0,AMBIGUOUS,[6],False,"[{""xy"":[69,73],""glyph_id"":6,""class"":""proven_tonal_attachment"",""rgba"":[0,0,0,9],""master_rgba"":[201,208,217,253]}]","{""xy"":[69,73],""glyph_id"":6,""class"":""proven_tonal_attachment""}","[201,208,217,253]",255.0,"[201.42352941176472,208.3686274509804,217.2980392156863]",160.12287509095,"[2.0,2.0,2.0]",3.4641016151377544,255.0,255.0,7.95686274509805,13.38909102793773,7.95686274509805,13.38909102793773,13.009183871177157,247.04313725490195,3.4641016151377544,"[16,16,16]","[199.54901960784315,206.49411764705883,215.42352941176472]",1.874509803921569,3.2467462196781316,3.2306590855209834,"{""nodes"":[{""x"":69,""y"":72,""kind"":""solid_core"",""rgba"":[219,219,219,188],""alpha"":188,""raw_luminance_0_255"":180.63582387238012,""master_rgb"":[201.0,209.0,217.0],""composited_rgb"":[214.27058823529413,216.37254901960785,218.47450980392156],""composited_luminance_0_255"":175.2527698063126},{""x"":69,""y"":73,""kind"":""confirmed_tonal_attachment"",""rgba"":[0,0,0,9],""alpha"":9,""raw_luminance_0_255"":0.0,""master_rgb"":[201.0,208.0,217.0],""composited_rgb"":[193.90588235294118,200.65882352941176,209.34117647058824],""composited_luminance_0_255"":147.11369121977285},{""x"":69,""y"":74,""kind"":""low_alpha_perimeter"",""rgba"":[255,255,255,2],""alpha"":2,""raw_luminance_0_255"":255.0,""master_rgb"":[201.0,208.0,217.0],""composited_rgb"":[201.42352941176472,208.3686274509804,217.2980392156863],""composited_luminance_0_255"":160.12287509095}],""raw_RGB_step_L2"":[379.31912685758414,441.6729559300637],""composited_RGB_step_L2"":[27.295790742049526,13.38909102793773],""composited_luminance_steps"":[-28.139078586539767,13.009183871177157],""composited_luminance_monotonic"":false}"
#14700,70,74,"[68.3701,75.4]","[68,75]","[255,255,255,3]",3,0,AMBIGUOUS,[6],False,"[{""xy"":[69,73],""glyph_id"":6,""class"":""proven_tonal_attachment"",""rgba"":[0,0,0,9],""master_rgba"":[201,208,217,253]}]","{""xy"":[69,73],""glyph_id"":6,""class"":""proven_tonal_attachment""}","[201,209,218,253]",255.0,"[201.63529411764708,209.54117647058825,218.43529411764706]",161.81652667387692,"[3.0,3.0,3.0]",5.196152422706632,255.0,255.0,9.094117647058823,14.877599798977904,9.094117647058823,14.877599798977904,14.702835454104076,245.90588235294118,5.196152422706632,"[16,16,16]","[198.82352941176472,206.7294117647059,215.6235294117647]",2.8117647058823536,4.870119329517197,4.861363129979196,"{""nodes"":[{""x"":69,""y"":72,""kind"":""solid_core"",""rgba"":[219,219,219,188],""alpha"":188,""raw_luminance_0_255"":180.63582387238012,""master_rgb"":[201.0,209.0,217.0],""composited_rgb"":[214.27058823529413,216.37254901960785,218.47450980392156],""composited_luminance_0_255"":175.2527698063126},{""x"":69,""y"":73,""kind"":""confirmed_tonal_attachment"",""rgba"":[0,0,0,9],""alpha"":9,""raw_luminance_0_255"":0.0,""master_rgb"":[201.0,208.0,217.0],""composited_rgb"":[193.90588235294118,200.65882352941176,209.34117647058824],""composited_luminance_0_255"":147.11369121977285},{""x"":70,""y"":74,""kind"":""low_alpha_perimeter"",""rgba"":[255,255,255,3],""alpha"":3,""raw_luminance_0_255"":255.0,""master_rgb"":[201.0,209.0,218.0],""composited_rgb"":[201.63529411764708,209.54117647058825,218.43529411764706],""composited_luminance_0_255"":161.81652667387692}],""raw_RGB_step_L2"":[379.31912685758414,441.6729559300637],""composited_RGB_step_L2"":[27.295790742049526,14.877599798977904],""composited_luminance_steps"":[-28.139078586539767,14.702835454104076],""composited_luminance_monotonic"":false}"
#14700,74,74,"[72.5858,75.4]","[73,75]","[255,255,255,2]",2,0,AMBIGUOUS,[6],False,"[{""xy"":[75,73],""glyph_id"":6,""class"":""proven_tonal_attachment"",""rgba"":[0,0,0,1],""master_rgba"":[201,209,217,253]}]","{""xy"":[75,73],""glyph_id"":6,""class"":""proven_tonal_attachment""}","[200,207,215,253]",255.0,"[200.4313725490196,207.3764705882353,215.31372549019608]",158.27741535577627,"[2.0,2.0,2.0]",3.4641016151377544,255.0,255.0,0.8352941176470665,1.1799295556293274,0.8352941176470665,1.1799295556293274,1.0309950375957726,254.16470588235293,3.4641016151377544,"[16,16,16]","[198.55686274509804,205.50196078431372,213.4392156862745]",1.874509803921569,3.2467462196781316,3.2088500703678733,"{""nodes"":[{""x"":75,""y"":72,""kind"":""solid_core"",""rgba"":[206,206,206,162],""alpha"":162,""raw_luminance_0_255"":157.38767341701103,""master_rgb"":[202.0,211.0,218.0],""composited_rgb"":[204.54117647058825,207.82352941176472,210.3764705882353],""composited_luminance_0_255"":159.6597169102526},{""x"":75,""y"":73,""kind"":""confirmed_tonal_attachment"",""rgba"":[0,0,0,1],""alpha"":1,""raw_luminance_0_255"":0.0,""master_rgb"":[201.0,209.0,217.0],""composited_rgb"":[200.21176470588236,208.18039215686275,216.14901960784314],""composited_luminance_0_255"":159.30841039337204},{""x"":74,""y"":74,""kind"":""low_alpha_perimeter"",""rgba"":[255,255,255,2],""alpha"":2,""raw_luminance_0_255"":255.0,""master_rgb"":[200.0,207.0,215.0],""composited_rgb"":[200.4313725490196,207.3764705882353,215.31372549019608],""composited_luminance_0_255"":158.27741535577627}],""raw_RGB_step_L2"":[356.8024663591887,441.6729559300637],""composited_RGB_step_L2"":[7.224505480030331,1.1799295556293274],""composited_luminance_steps"":[-0.35130651688055536,-1.0309950375957726],""composited_luminance_monotonic"":true}"
#14700,75,74,"[73.6397,75.4]","[74,75]","[255,255,255,3]",3,0,AMBIGUOUS,[6],False,"[{""xy"":[75,73],""glyph_id"":6,""class"":""proven_tonal_attachment"",""rgba"":[0,0,0,1],""master_rgba"":[201,209,217,253]}]","{""xy"":[75,73],""glyph_id"":6,""class"":""proven_tonal_attachment""}","[201,208,216,253]",255.0,"[201.63529411764708,208.5529411764706,216.45882352941177]",160.3165412804591,"[3.0,3.0,3.0]",5.196152422706632,255.0,255.0,1.4235294117647186,1.5037311022883295,1.4235294117647186,1.5037311022883295,1.0081308870870487,253.57647058823528,5.196152422706632,"[16,16,16]","[198.82352941176472,205.74117647058824,213.64705882352942]",2.8117647058823536,4.870119329517197,4.835127954809565,"{""nodes"":[{""x"":75,""y"":72,""kind"":""solid_core"",""rgba"":[206,206,206,162],""alpha"":162,""raw_luminance_0_255"":157.38767341701103,""master_rgb"":[202.0,211.0,218.0],""composited_rgb"":[204.54117647058825,207.82352941176472,210.3764705882353],""composited_luminance_0_255"":159.6597169102526},{""x"":75,""y"":73,""kind"":""confirmed_tonal_attachment"",""rgba"":[0,0,0,1],""alpha"":1,""raw_luminance_0_255"":0.0,""master_rgb"":[201.0,209.0,217.0],""composited_rgb"":[200.21176470588236,208.18039215686275,216.14901960784314],""composited_luminance_0_255"":159.30841039337204},{""x"":75,""y"":74,""kind"":""low_alpha_perimeter"",""rgba"":[255,255,255,3],""alpha"":3,""raw_luminance_0_255"":255.0,""master_rgb"":[201.0,208.0,216.0],""composited_rgb"":[201.63529411764708,208.5529411764706,216.45882352941177],""composited_luminance_0_255"":160.3165412804591}],""raw_RGB_step_L2"":[356.8024663591887,441.6729559300637],""composited_RGB_step_L2"":[7.224505480030331,1.5037311022883295],""composited_luminance_steps"":[-0.35130651688055536,1.0081308870870487],""composited_luminance_monotonic"":false}"
#14700,76,74,"[74.6936,75.4]","[75,75]","[170,170,170,6]",6,0,AMBIGUOUS,[6],False,"[{""xy"":[75,73],""glyph_id"":6,""class"":""proven_tonal_attachment"",""rgba"":[0,0,0,1],""master_rgba"":[201,209,217,253]}]","{""xy"":[75,73],""glyph_id"":6,""class"":""proven_tonal_attachment""}","[200,208,216,253]",102.50433385720991,"[199.2941176470588,207.10588235294117,214.91764705882352]",157.49162661297402,"[4.0,4.0,4.0]",6.928203230275509,170.0,170.0,1.2313725490196248,1.8742800745273371,1.2313725490196248,1.8742800745273371,1.8167837803980262,168.76862745098038,6.928203230275509,"[16,16,16]","[195.6705882352941,203.48235294117646,211.2941176470588]",3.623529411764707,6.27613704389664,6.150124644807022,"{""nodes"":[{""x"":75,""y"":72,""kind"":""solid_core"",""rgba"":[206,206,206,162],""alpha"":162,""raw_luminance_0_255"":157.38767341701103,""master_rgb"":[202.0,211.0,218.0],""composited_rgb"":[204.54117647058825,207.82352941176472,210.3764705882353],""composited_luminance_0_255"":159.6597169102526},{""x"":75,""y"":73,""kind"":""confirmed_tonal_attachment"",""rgba"":[0,0,0,1],""alpha"":1,""raw_luminance_0_255"":0.0,""master_rgb"":[201.0,209.0,217.0],""composited_rgb"":[200.21176470588236,208.18039215686275,216.14901960784314],""composited_luminance_0_255"":159.30841039337204},{""x"":76,""y"":74,""kind"":""low_alpha_perimeter"",""rgba"":[170,170,170,6],""alpha"":6,""raw_luminance_0_255"":102.50433385720991,""master_rgb"":[200.0,208.0,216.0],""composited_rgb"":[199.2941176470588,207.10588235294117,214.91764705882352],""composited_luminance_0_255"":157.49162661297402}],""raw_RGB_step_L2"":[356.8024663591887,294.44863728670913],""composited_RGB_step_L2"":[7.224505480030331,1.8742800745273371],""composited_luminance_steps"":[-0.35130651688055536,-1.8167837803980262],""composited_luminance_monotonic"":true}"
#14700,101,74,"[101.0417,75.4]","[101,75]","[127,127,127,2]",2,0,AMBIGUOUS,[8],False,"[{""xy"":[102,73],""glyph_id"":8,""class"":""proven_tonal_attachment"",""rgba"":[0,0,0,8],""master_rgba"":[198,205,213,253]}]","{""xy"":[102,73],""glyph_id"":8,""class"":""proven_tonal_attachment""}","[196,204,212,253]",54.118843140584076,"[195.45882352941177,203.39607843137256,211.33333333333334]",151.17011190818852,"[0.996078431372549,0.996078431372549,0.996078431372549]",1.725258451460764,127.0,127.0,5.015686274509818,7.869854494555488,5.015686274509818,7.869854494555488,7.607293051366327,121.98431372549018,1.725258451460764,"[16,16,16]","[194.58823529411765,202.52549019607844,210.46274509803922]",0.8705882352941217,1.507903056001147,1.4553880057140702,"{""nodes"":[{""x"":102,""y"":72,""kind"":""solid_core"",""rgba"":[220,220,220,191],""alpha"":191,""raw_luminance_0_255"":182.50184262915258,""master_rgb"":[197.0,205.0,213.0],""composited_rgb"":[214.22745098039215,216.23529411764707,218.24313725490197],""composited_luminance_0_255"":175.02555699009676},{""x"":102,""y"":73,""kind"":""confirmed_tonal_attachment"",""rgba"":[0,0,0,8],""alpha"":8,""raw_luminance_0_255"":0.0,""master_rgb"":[198.0,205.0,213.0],""composited_rgb"":[191.78823529411764,198.5686274509804,206.31764705882352],""composited_luminance_0_255"":143.5628188568222},{""x"":101,""y"":74,""kind"":""low_alpha_perimeter"",""rgba"":[127,127,127,2],""alpha"":2,""raw_luminance_0_255"":54.118843140584076,""master_rgb"":[196.0,204.0,212.0],""composited_rgb"":[195.45882352941177,203.39607843137256,211.33333333333334],""composited_luminance_0_255"":151.17011190818852}],""raw_RGB_step_L2"":[381.051177665153,219.9704525612474],""composited_RGB_step_L2"":[30.949100603135832,7.869854494555488],""composited_luminance_steps"":[-31.46273813327457,7.607293051366327],""composited_luminance_monotonic"":false}"
#14700,102,74,"[102.0956,75.4]","[102,75]","[255,255,255,2]",2,0,AMBIGUOUS,[8],False,"[{""xy"":[102,73],""glyph_id"":8,""class"":""proven_tonal_attachment"",""rgba"":[0,0,0,8],""master_rgba"":[198,205,213,253]}]","{""xy"":[102,73],""glyph_id"":8,""class"":""proven_tonal_attachment""}","[199,207,215,253]",255.0,"[199.4392156862745,207.3764705882353,215.31372549019608]",157.92919082206328,"[2.0,2.0,2.0]",3.4641016151377544,255.0,255.0,8.996078431372553,14.732448161628252,8.996078431372553,14.732448161628252,14.366371965241086,246.00392156862745,3.4641016151377544,"[16,16,16]","[197.56470588235294,205.50196078431372,213.4392156862745]",1.874509803921569,3.2467462196781316,3.2045864489136875,"{""nodes"":[{""x"":102,""y"":72,""kind"":""solid_core"",""rgba"":[220,220,220,191],""alpha"":191,""raw_luminance_0_255"":182.50184262915258,""master_rgb"":[197.0,205.0,213.0],""composited_rgb"":[214.22745098039215,216.23529411764707,218.24313725490197],""composited_luminance_0_255"":175.02555699009676},{""x"":102,""y"":73,""kind"":""confirmed_tonal_attachment"",""rgba"":[0,0,0,8],""alpha"":8,""raw_luminance_0_255"":0.0,""master_rgb"":[198.0,205.0,213.0],""composited_rgb"":[191.78823529411764,198.5686274509804,206.31764705882352],""composited_luminance_0_255"":143.5628188568222},{""x"":102,""y"":74,""kind"":""low_alpha_perimeter"",""rgba"":[255,255,255,2],""alpha"":2,""raw_luminance_0_255"":255.0,""master_rgb"":[199.0,207.0,215.0],""composited_rgb"":[199.4392156862745,207.3764705882353,215.31372549019608],""composited_luminance_0_255"":157.92919082206328}],""raw_RGB_step_L2"":[381.051177665153,441.6729559300637],""composited_RGB_step_L2"":[30.949100603135832,14.732448161628252],""composited_luminance_steps"":[-31.46273813327457,14.366371965241086],""composited_luminance_monotonic"":false}"
#14700,103,74,"[103.1495,75.4]","[103,75]","[255,255,255,2]",2,0,AMBIGUOUS,[8],False,"[{""xy"":[102,73],""glyph_id"":8,""class"":""proven_tonal_attachment"",""rgba"":[0,0,0,8],""master_rgba"":[198,205,213,253]}]","{""xy"":[102,73],""glyph_id"":8,""class"":""proven_tonal_attachment""}","[200,208,216,253]",255.0,"[200.4313725490196,208.3686274509804,216.30588235294118]",159.6408750278203,"[2.0,2.0,2.0]",3.4641016151377544,255.0,255.0,9.988235294117658,16.447147652335715,9.988235294117658,16.447147652335715,16.07805617099811,245.01176470588234,3.4641016151377544,"[16,16,16]","[198.55686274509804,206.49411764705883,214.4313725490196]",1.874509803921569,3.2467462196781316,3.224894772549561,"{""nodes"":[{""x"":102,""y"":72,""kind"":""solid_core"",""rgba"":[220,220,220,191],""alpha"":191,""raw_luminance_0_255"":182.50184262915258,""master_rgb"":[197.0,205.0,213.0],""composited_rgb"":[214.22745098039215,216.23529411764707,218.24313725490197],""composited_luminance_0_255"":175.02555699009676},{""x"":102,""y"":73,""kind"":""confirmed_tonal_attachment"",""rgba"":[0,0,0,8],""alpha"":8,""raw_luminance_0_255"":0.0,""master_rgb"":[198.0,205.0,213.0],""composited_rgb"":[191.78823529411764,198.5686274509804,206.31764705882352],""composited_luminance_0_255"":143.5628188568222},{""x"":103,""y"":74,""kind"":""low_alpha_perimeter"",""rgba"":[255,255,255,2],""alpha"":2,""raw_luminance_0_255"":255.0,""master_rgb"":[200.0,208.0,216.0],""composited_rgb"":[200.4313725490196,208.3686274509804,216.30588235294118],""composited_luminance_0_255"":159.6408750278203}],""raw_RGB_step_L2"":[381.051177665153,441.6729559300637],""composited_RGB_step_L2"":[30.949100603135832,16.447147652335715],""composited_luminance_steps"":[-31.46273813327457,16.07805617099811],""composited_luminance_monotonic"":false}"
#14700,119,74,"[120.0123,75.4]","[120,75]","[255,255,255,3]",3,0,AMBIGUOUS,[8],False,"[{""xy"":[119,73],""glyph_id"":8,""class"":""proven_tonal_attachment"",""rgba"":[0,0,0,6],""master_rgba"":[197,205,212,253]},{""xy"":[118,73],""glyph_id"":8,""class"":""proven_tonal_attachment"",""rgba"":[0,0,0,5],""master_rgba"":[197,205,214,253]}]","{""xy"":[119,73],""glyph_id"":8,""class"":""proven_tonal_attachment""}","[196,204,212,253]",255.0,"[196.69411764705882,204.60000000000002,212.50588235294117]",153.2030198545937,"[3.0,3.0,3.0]",5.196152422706632,255.0,255.0,5.494117647058829,8.276276179831411,3.6196078431372882,5.749210868070217,7.470388472348617,249.50588235294117,5.196152422706632,"[16,16,16]","[193.88235294117646,201.78823529411767,209.69411764705882]",2.8117647058823536,4.870119329517197,4.707770858824631,"{""nodes"":[{""x"":119,""y"":72,""kind"":""solid_core"",""rgba"":[228,228,228,190],""alpha"":190,""raw_luminance_0_255"":197.834665670943,""master_rgb"":[197.0,205.0,213.0],""composited_rgb"":[220.09803921568627,222.13725490196077,224.17647058823528],""composited_luminance_0_255"":185.9914941921512},{""x"":119,""y"":73,""kind"":""confirmed_tonal_attachment"",""rgba"":[0,0,0,6],""alpha"":6,""raw_luminance_0_255"":0.0,""master_rgb"":[197.0,205.0,212.0],""composited_rgb"":[192.36470588235292,200.17647058823528,207.01176470588234],""composited_luminance_0_255"":145.73263138224507},{""x"":119,""y"":74,""kind"":""low_alpha_perimeter"",""rgba"":[255,255,255,3],""alpha"":3,""raw_luminance_0_255"":255.0,""master_rgb"":[196.0,204.0,212.0],""composited_rgb"":[196.69411764705882,204.60000000000002,212.50588235294117],""composited_luminance_0_255"":153.2030198545937}],""raw_RGB_step_L2"":[394.90758412570403,441.6729559300637],""composited_RGB_step_L2"":[39.31972728134609,8.276276179831411],""composited_luminance_steps"":[-40.258862809906134,7.470388472348617],""composited_luminance_monotonic"":false}"
#14700,120,74,"[121.0662,75.4]","[121,75]","[191,191,191,4]",4,0,AMBIGUOUS,[8],False,"[{""xy"":[119,73],""glyph_id"":8,""class"":""proven_tonal_attachment"",""rgba"":[0,0,0,6],""master_rgba"":[197,205,212,253]}]","{""xy"":[119,73],""glyph_id"":8,""class"":""proven_tonal_attachment""}","[196,203,212,253]",132.85387116711036,"[195.921568627451,202.81176470588235,211.67058823529413]",150.6670540238648,"[2.996078431372549,2.996078431372549,2.996078431372549]",5.1893600665985185,191.0,191.0,4.658823529411791,6.4265608494880695,4.658823529411791,6.4265608494880695,4.934422641619733,186.3411764705882,5.1893600665985185,"[16,16,16]","[193.1764705882353,200.06666666666666,208.92549019607844]",2.7450980392156907,4.754649275679278,4.5523993942276775,"{""nodes"":[{""x"":119,""y"":72,""kind"":""solid_core"",""rgba"":[228,228,228,190],""alpha"":190,""raw_luminance_0_255"":197.834665670943,""master_rgb"":[197.0,205.0,213.0],""composited_rgb"":[220.09803921568627,222.13725490196077,224.17647058823528],""composited_luminance_0_255"":185.9914941921512},{""x"":119,""y"":73,""kind"":""confirmed_tonal_attachment"",""rgba"":[0,0,0,6],""alpha"":6,""raw_luminance_0_255"":0.0,""master_rgb"":[197.0,205.0,212.0],""composited_rgb"":[192.36470588235292,200.17647058823528,207.01176470588234],""composited_luminance_0_255"":145.73263138224507},{""x"":120,""y"":74,""kind"":""low_alpha_perimeter"",""rgba"":[191,191,191,4],""alpha"":4,""raw_luminance_0_255"":132.85387116711036,""master_rgb"":[196.0,203.0,212.0],""composited_rgb"":[195.921568627451,202.81176470588235,211.67058823529413],""composited_luminance_0_255"":150.6670540238648}],""raw_RGB_step_L2"":[394.90758412570403,330.82170424565555],""composited_RGB_step_L2"":[39.31972728134609,6.4265608494880695],""composited_luminance_steps"":[-40.258862809906134,4.934422641619733],""composited_luminance_monotonic"":false}"
#14700,141,74,"[143.1985,75.4]","[143,75]","[255,255,255,2]",2,0,AMBIGUOUS,[10],False,"[{""xy"":[141,73],""glyph_id"":10,""class"":""proven_tonal_attachment"",""rgba"":[0,0,0,10],""master_rgba"":[195,203,211,253]},{""xy"":[140,73],""glyph_id"":10,""class"":""proven_tonal_attachment"",""rgba"":[0,0,0,1],""master_rgba"":[196,203,211,253]}]","{""xy"":[141,73],""glyph_id"":10,""class"":""proven_tonal_attachment""}","[195,203,211,253]",255.0,"[195.47058823529412,203.4078431372549,211.34509803921569]",151.18983559310396,"[2.0,2.0,2.0]",3.4641016151377544,255.0,255.0,8.61960784313726,14.499233033316019,1.203921568627436,1.697504783895881,13.602351433438656,246.38039215686274,3.4641016151377544,"[16,16,16]","[193.59607843137255,201.53333333333333,209.47058823529412]",1.874509803921569,3.2467462196781316,3.1237213376532225,"{""nodes"":[{""x"":141,""y"":72,""kind"":""solid_core"",""rgba"":[211,211,211,187],""alpha"":187,""raw_luminance_0_255"":166.10843754205516,""master_rgb"":[196.0,203.0,212.0],""composited_rgb"":[207.0,208.86666666666667,211.26666666666665],""composited_luminance_0_255"":161.96952534197652},{""x"":141,""y"":73,""kind"":""confirmed_tonal_attachment"",""rgba"":[0,0,0,10],""alpha"":10,""raw_luminance_0_255"":0.0,""master_rgb"":[195.0,203.0,211.0],""composited_rgb"":[187.35294117647058,195.0392156862745,202.72549019607843],""composited_luminance_0_255"":137.5874841596653},{""x"":141,""y"":74,""kind"":""low_alpha_perimeter"",""rgba"":[255,255,255,2],""alpha"":2,""raw_luminance_0_255"":255.0,""master_rgb"":[195.0,203.0,211.0],""composited_rgb"":[195.47058823529412,203.4078431372549,211.34509803921569],""composited_luminance_0_255"":151.18983559310396}],""raw_RGB_step_L2"":[365.4627203970331,441.6729559300637],""composited_RGB_step_L2"":[25.49817672956448,14.499233033316019],""composited_luminance_steps"":[-24.382041182311212,13.602351433438656],""composited_luminance_monotonic"":false}"
#14700,142,74,"[144.2525,75.4]","[144,75]","[255,255,255,2]",2,0,AMBIGUOUS,[10],False,"[{""xy"":[141,73],""glyph_id"":10,""class"":""proven_tonal_attachment"",""rgba"":[0,0,0,10],""master_rgba"":[195,203,211,253]}]","{""xy"":[141,73],""glyph_id"":10,""class"":""proven_tonal_attachment""}","[193,202,210,253]",255.0,"[193.48627450980393,202.41568627450982,210.3529411764706]",149.19700822539494,"[2.0,2.0,2.0]",3.4641016151377544,255.0,255.0,7.627450980392183,12.255941602959947,7.627450980392183,12.255941602959947,11.60952406572963,247.37254901960782,3.4641016151377544,"[16,16,16]","[191.61176470588236,200.54117647058825,208.47843137254904]",1.874509803921569,3.2467462196781316,3.0993820547854227,"{""nodes"":[{""x"":141,""y"":72,""kind"":""solid_core"",""rgba"":[211,211,211,187],""alpha"":187,""raw_luminance_0_255"":166.10843754205516,""master_rgb"":[196.0,203.0,212.0],""composited_rgb"":[207.0,208.86666666666667,211.26666666666665],""composited_luminance_0_255"":161.96952534197652},{""x"":141,""y"":73,""kind"":""confirmed_tonal_attachment"",""rgba"":[0,0,0,10],""alpha"":10,""raw_luminance_0_255"":0.0,""master_rgb"":[195.0,203.0,211.0],""composited_rgb"":[187.35294117647058,195.0392156862745,202.72549019607843],""composited_luminance_0_255"":137.5874841596653},{""x"":142,""y"":74,""kind"":""low_alpha_perimeter"",""rgba"":[255,255,255,2],""alpha"":2,""raw_luminance_0_255"":255.0,""master_rgb"":[193.0,202.0,210.0],""composited_rgb"":[193.48627450980393,202.41568627450982,210.3529411764706],""composited_luminance_0_255"":149.19700822539494}],""raw_RGB_step_L2"":[365.4627203970331,441.6729559300637],""composited_RGB_step_L2"":[25.49817672956448,12.255941602959947],""composited_luminance_steps"":[-24.382041182311212,11.60952406572963],""composited_luminance_monotonic"":false}"
#14700,165,74,"[168.4926,75.4]","[168,75]","[255,255,255,1]",1,0,AMBIGUOUS,[10],False,"[{""xy"":[166,73],""glyph_id"":10,""class"":""proven_tonal_attachment"",""rgba"":[0,0,0,10],""master_rgba"":[194,201,210,253]}]","{""xy"":[166,73],""glyph_id"":10,""class"":""proven_tonal_attachment""}","[195,203,211,253]",255.0,"[195.23529411764707,203.20392156862746,211.17254901960786]",150.84151271122403,"[1.0,1.0,1.0]",1.7320508075688772,255.0,255.0,10.086274509803928,16.384185133577734,10.086274509803928,16.384185133577734,15.861379042408203,244.91372549019607,1.7320508075688772,"[16,16,16]","[194.2980392156863,202.26666666666668,210.23529411764707]",0.9372549019607845,1.6233731098390658,1.5645027424689033,"{""nodes"":[{""x"":166,""y"":72,""kind"":""solid_core"",""rgba"":[212,212,212,194],""alpha"":194,""raw_luminance_0_255"":167.88557840625936,""master_rgb"":[195.0,202.0,211.0],""composited_rgb"":[207.93333333333334,209.60784313725492,211.76078431372548],""composited_luminance_0_255"":163.30560293623478},{""x"":166,""y"":73,""kind"":""confirmed_tonal_attachment"",""rgba"":[0,0,0,10],""alpha"":10,""raw_luminance_0_255"":0.0,""master_rgb"":[194.0,201.0,210.0],""composited_rgb"":[186.3921568627451,193.11764705882354,201.76470588235296],""composited_luminance_0_255"":134.98013366881582},{""x"":165,""y"":74,""kind"":""low_alpha_perimeter"",""rgba"":[255,255,255,1],""alpha"":1,""raw_luminance_0_255"":255.0,""master_rgb"":[195.0,203.0,211.0],""composited_rgb"":[195.23529411764707,203.20392156862746,211.17254901960786],""composited_luminance_0_255"":150.84151271122403}],""raw_RGB_step_L2"":[367.194771204602,441.6729559300637],""composited_RGB_step_L2"":[28.911423943629767,16.384185133577734],""composited_luminance_steps"":[-28.325469267418953,15.861379042408203],""composited_luminance_monotonic"":false}"
#14700,166,74,"[169.5466,75.4]","[170,75]","[255,255,255,3]",3,0,AMBIGUOUS,[10],False,"[{""xy"":[166,73],""glyph_id"":10,""class"":""proven_tonal_attachment"",""rgba"":[0,0,0,10],""master_rgba"":[194,201,210,253]},{""xy"":[167,73],""glyph_id"":10,""class"":""proven_tonal_attachment"",""rgba"":[0,0,0,5],""master_rgba"":[194,201,209,253]}]","{""xy"":[166,73],""glyph_id"":10,""class"":""proven_tonal_attachment""}","[194,202,210,253]",255.0,"[194.71764705882353,202.6235294117647,210.52941176470588]",149.8848428086483,"[3.0,3.0,3.0]",5.196152422706632,255.0,255.0,9.505882352941171,15.378415247258356,5.627450980392155,9.114753915853079,14.904709139832477,245.49411764705883,5.196152422706632,"[16,16,16]","[191.90588235294118,199.81176470588235,207.71764705882353]",2.8117647058823536,4.870119329517197,4.647611987461659,"{""nodes"":[{""x"":166,""y"":72,""kind"":""solid_core"",""rgba"":[212,212,212,194],""alpha"":194,""raw_luminance_0_255"":167.88557840625936,""master_rgb"":[195.0,202.0,211.0],""composited_rgb"":[207.93333333333334,209.60784313725492,211.76078431372548],""composited_luminance_0_255"":163.30560293623478},{""x"":166,""y"":73,""kind"":""confirmed_tonal_attachment"",""rgba"":[0,0,0,10],""alpha"":10,""raw_luminance_0_255"":0.0,""master_rgb"":[194.0,201.0,210.0],""composited_rgb"":[186.3921568627451,193.11764705882354,201.76470588235296],""composited_luminance_0_255"":134.98013366881582},{""x"":166,""y"":74,""kind"":""low_alpha_perimeter"",""rgba"":[255,255,255,3],""alpha"":3,""raw_luminance_0_255"":255.0,""master_rgb"":[194.0,202.0,210.0],""composited_rgb"":[194.71764705882353,202.6235294117647,210.52941176470588],""composited_luminance_0_255"":149.8848428086483}],""raw_RGB_step_L2"":[367.194771204602,441.6729559300637],""composited_RGB_step_L2"":[28.911423943629767,15.378415247258356],""composited_luminance_steps"":[-28.325469267418953,14.904709139832477],""composited_luminance_monotonic"":false}"
#14700,178,74,"[182.1936,75.4]","[182,75]","[0,0,0,1]",1,0,AMBIGUOUS,[10],False,"[{""xy"":[178,73],""glyph_id"":10,""class"":""proven_tonal_attachment"",""rgba"":[191,191,191,4],""master_rgba"":[194,202,210,253]}]","{""xy"":[178,73],""glyph_id"":10,""class"":""proven_tonal_attachment""}","[194,201,209,253]",0.0,"[193.23921568627452,200.21176470588236,208.18039215686275]",146.2134019712872,"[0.0,0.0,0.0]",0.0,191.0,191.0,1.6156862745098124,2.331312355957074,1.6156862745098124,2.331312355957074,2.353517644253344,189.3843137254902,5.1893600665985185,"[16,16,16]","[193.30196078431374,200.27450980392157,208.24313725490197]",0.06274509803921546,0.10867769772981152,0.10318769285390772,"{""nodes"":[{""x"":179,""y"":72,""kind"":""solid_core"",""rgba"":[40,40,40,50],""alpha"":50,""raw_luminance_0_255"":5.410847645880906,""master_rgb"":[193.0,200.0,208.0],""composited_rgb"":[163.0,168.62745098039215,175.05882352941177],""composited_luminance_0_255"":99.75981627191615},{""x"":178,""y"":73,""kind"":""confirmed_tonal_attachment"",""rgba"":[191,191,191,4],""alpha"":4,""raw_luminance_0_255"":132.85387116711036,""master_rgb"":[194.0,202.0,210.0],""composited_rgb"":[193.9529411764706,201.82745098039217,209.70196078431374],""composited_luminance_0_255"":148.56691961554054},{""x"":178,""y"":74,""kind"":""low_alpha_perimeter"",""rgba"":[0,0,0,1],""alpha"":1,""raw_luminance_0_255"":0.0,""master_rgb"":[194.0,201.0,209.0],""composited_rgb"":[193.23921568627452,200.21176470588236,208.18039215686275],""composited_luminance_0_255"":146.2134019712872}],""raw_RGB_step_L2"":[261.5396719429005,330.82170424565555],""composited_RGB_step_L2"":[57.1005387569682,2.331312355957074],""composited_luminance_steps"":[48.80710334362439,-2.353517644253344],""composited_luminance_monotonic"":false}"
#14700,179,74,"[183.2475,75.4]","[183,75]","[51,51,51,5]",5,0,AMBIGUOUS,[10],False,"[{""xy"":[178,73],""glyph_id"":10,""class"":""proven_tonal_attachment"",""rgba"":[191,191,191,4],""master_rgba"":[194,202,210,253]}]","{""xy"":[178,73],""glyph_id"":10,""class"":""proven_tonal_attachment""}","[193,200,209,253]",8.44171547557569,"[190.2156862745098,197.078431372549,205.90196078431373]",141.25609295037148,"[1.0,1.0,1.0]",1.7320508075688772,140.0,140.0,4.749019607843167,7.138645630503657,4.749019607843167,7.138645630503657,7.31082666516906,135.25098039215683,3.4573092590296413,"[16,16,16]","[189.52941176470588,196.39215686274508,205.2156862745098]",0.6862745098039227,1.1886623189198195,1.1033587179543929,"{""nodes"":[{""x"":179,""y"":72,""kind"":""solid_core"",""rgba"":[40,40,40,50],""alpha"":50,""raw_luminance_0_255"":5.410847645880906,""master_rgb"":[193.0,200.0,208.0],""composited_rgb"":[163.0,168.62745098039215,175.05882352941177],""composited_luminance_0_255"":99.75981627191615},{""x"":178,""y"":73,""kind"":""confirmed_tonal_attachment"",""rgba"":[191,191,191,4],""alpha"":4,""raw_luminance_0_255"":132.85387116711036,""master_rgb"":[194.0,202.0,210.0],""composited_rgb"":[193.9529411764706,201.82745098039217,209.70196078431374],""composited_luminance_0_255"":148.56691961554054},{""x"":179,""y"":74,""kind"":""low_alpha_perimeter"",""rgba"":[51,51,51,5],""alpha"":5,""raw_luminance_0_255"":8.44171547557569,""master_rgb"":[193.0,200.0,209.0],""composited_rgb"":[190.2156862745098,197.078431372549,205.90196078431373],""composited_luminance_0_255"":141.25609295037148}],""raw_RGB_step_L2"":[261.5396719429005,242.4871130596428],""composited_RGB_step_L2"":[57.1005387569682,7.138645630503657],""composited_luminance_steps"":[48.80710334362439,-7.31082666516906],""composited_luminance_monotonic"":false}"
#14700,189,74,"[193.7868,75.4]","[194,75]","[255,255,255,2]",2,0,AMBIGUOUS,[10],False,"[{""xy"":[190,73],""glyph_id"":10,""class"":""proven_tonal_attachment"",""rgba"":[0,0,0,6],""master_rgba"":[191,199,207,253]}]","{""xy"":[190,73],""glyph_id"":10,""class"":""proven_tonal_attachment""}","[193,200,208,253]",255.0,"[193.48627450980393,200.4313725490196,208.3686274509804]",146.58002672159205,"[2.0,2.0,2.0]",3.4641016151377544,255.0,255.0,6.980392156862763,11.181740759511401,6.980392156862763,11.181740759511401,10.159864805483863,248.01960784313724,3.4641016151377544,"[16,16,16]","[191.61176470588236,198.55686274509804,206.49411764705883]",1.874509803921569,3.2467462196781316,3.0676694056432154,"{""nodes"":[{""x"":190,""y"":72,""kind"":""solid_core"",""rgba"":[232,232,232,194],""alpha"":194,""raw_luminance_0_255"":205.77282570565913,""master_rgb"":[191.0,198.0,206.0],""composited_rgb"":[222.1921568627451,223.86666666666667,225.78039215686275],""composited_luminance_0_255"":189.41032613571994},{""x"":190,""y"":73,""kind"":""confirmed_tonal_attachment"",""rgba"":[0,0,0,6],""alpha"":6,""raw_luminance_0_255"":0.0,""master_rgb"":[191.0,199.0,207.0],""composited_rgb"":[186.50588235294117,194.31764705882352,202.12941176470588],""composited_luminance_0_255"":136.42016191610819},{""x"":189,""y"":74,""kind"":""low_alpha_perimeter"",""rgba"":[255,255,255,2],""alpha"":2,""raw_luminance_0_255"":255.0,""master_rgb"":[193.0,200.0,208.0],""composited_rgb"":[193.48627450980393,200.4313725490196,208.3686274509804],""composited_luminance_0_255"":146.58002672159205}],""raw_RGB_step_L2"":[401.8357873559795,441.6729559300637],""composited_RGB_step_L2"":[52.01945426168915,11.181740759511401],""composited_luminance_steps"":[-52.990164219611756,10.159864805483863],""composited_luminance_monotonic"":false}"
#14700,190,74,"[194.8407,75.4]","[195,75]","[255,255,255,3]",3,0,AMBIGUOUS,[10],False,"[{""xy"":[190,73],""glyph_id"":10,""class"":""proven_tonal_attachment"",""rgba"":[0,0,0,6],""master_rgba"":[191,199,207,253]},{""xy"":[191,73],""glyph_id"":10,""class"":""proven_tonal_attachment"",""rgba"":[0,0,0,6],""master_rgba"":[191,198,207,253]}]","{""xy"":[190,73],""glyph_id"":10,""class"":""proven_tonal_attachment""}","[193,200,208,253]",255.0,"[193.7294117647059,200.64705882352942,208.5529411764706]",146.94072424013132,"[3.0,3.0,3.0]",5.196152422706632,255.0,255.0,7.22352941176473,11.554330813752646,7.22352941176473,11.554330813752646,10.520562324023132,247.77647058823527,5.196152422706632,"[16,16,16]","[190.91764705882355,197.83529411764707,205.74117647058824]",2.8117647058823536,4.870119329517197,4.5939583868792795,"{""nodes"":[{""x"":190,""y"":72,""kind"":""solid_core"",""rgba"":[232,232,232,194],""alpha"":194,""raw_luminance_0_255"":205.77282570565913,""master_rgb"":[191.0,198.0,206.0],""composited_rgb"":[222.1921568627451,223.86666666666667,225.78039215686275],""composited_luminance_0_255"":189.41032613571994},{""x"":190,""y"":73,""kind"":""confirmed_tonal_attachment"",""rgba"":[0,0,0,6],""alpha"":6,""raw_luminance_0_255"":0.0,""master_rgb"":[191.0,199.0,207.0],""composited_rgb"":[186.50588235294117,194.31764705882352,202.12941176470588],""composited_luminance_0_255"":136.42016191610819},{""x"":190,""y"":74,""kind"":""low_alpha_perimeter"",""rgba"":[255,255,255,3],""alpha"":3,""raw_luminance_0_255"":255.0,""master_rgb"":[193.0,200.0,208.0],""composited_rgb"":[193.7294117647059,200.64705882352942,208.5529411764706],""composited_luminance_0_255"":146.94072424013132}],""raw_RGB_step_L2"":[401.8357873559795,441.6729559300637],""composited_RGB_step_L2"":[52.01945426168915,11.554330813752646],""composited_luminance_steps"":[-52.990164219611756,10.520562324023132],""composited_luminance_monotonic"":false}"
#14700,194,74,"[199.0564,75.4]","[199,75]","[255,255,255,2]",2,0,AMBIGUOUS,[10],False,"[{""xy"":[195,73],""glyph_id"":10,""class"":""proven_tonal_attachment"",""rgba"":[0,0,0,6],""master_rgba"":[190,197,205,253]}]","{""xy"":[195,73],""glyph_id"":10,""class"":""proven_tonal_attachment""}","[190,197,206,253]",255.0,"[190.50980392156862,197.45490196078433,206.3843137254902]",141.8495164337153,"[2.0,2.0,2.0]",3.4641016151377544,255.0,255.0,6.207843137254912,9.447312769765865,6.207843137254912,9.447312769765865,8.182896639953356,248.7921568627451,3.4641016151377544,"[16,16,16]","[188.63529411764705,195.58039215686276,204.50980392156862]",1.874509803921569,3.2467462196781316,3.0091865028547886,"{""nodes"":[{""x"":195,""y"":72,""kind"":""solid_core"",""rgba"":[224,222,222,182],""alpha"":182,""raw_luminance_0_255"":187.07761903233487,""master_rgb"":[191.0,197.0,205.0],""composited_rgb"":[214.5529411764706,214.84313725490193,217.13333333333333],""composited_luminance_0_255"":173.1888733899987},{""x"":195,""y"":73,""kind"":""confirmed_tonal_attachment"",""rgba"":[0,0,0,6],""alpha"":6,""raw_luminance_0_255"":0.0,""master_rgb"":[190.0,197.0,205.0],""composited_rgb"":[185.52941176470588,192.36470588235292,200.17647058823528],""composited_luminance_0_255"":133.66661979376195},{""x"":194,""y"":74,""kind"":""low_alpha_perimeter"",""rgba"":[255,255,255,2],""alpha"":2,""raw_luminance_0_255"":255.0,""master_rgb"":[190.0,197.0,206.0],""composited_rgb"":[190.50980392156862,197.45490196078433,206.3843137254902],""composited_luminance_0_255"":141.8495164337153}],""raw_RGB_step_L2"":[385.6734369904155,441.6729559300637],""composited_RGB_step_L2"":[40.43736305252929,9.447312769765865],""composited_luminance_steps"":[-39.52225359623674,8.182896639953356],""composited_luminance_monotonic"":false}"
#14700,195,74,"[200.1103,75.4]","[200,75]","[255,255,255,3]",3,0,AMBIGUOUS,[10],False,"[{""xy"":[195,73],""glyph_id"":10,""class"":""proven_tonal_attachment"",""rgba"":[0,0,0,6],""master_rgba"":[190,197,205,253]},{""xy"":[196,73],""glyph_id"":10,""class"":""proven_tonal_attachment"",""rgba"":[0,0,0,7],""master_rgba"":[189,196,204,253]}]","{""xy"":[195,73],""glyph_id"":10,""class"":""proven_tonal_attachment""}","[190,197,205,253]",255.0,"[190.76470588235296,197.68235294117648,205.58823529411765]",142.09932445902984,"[3.0,3.0,3.0]",5.196152422706632,255.0,255.0,5.411764705882376,9.218073116021536,5.411764705882376,9.218073116021536,8.432704665267892,249.58823529411762,5.196152422706632,"[16,16,16]","[187.9529411764706,194.87058823529412,202.7764705882353]",2.8117647058823536,4.870119329517197,4.504434851979056,"{""nodes"":[{""x"":195,""y"":72,""kind"":""solid_core"",""rgba"":[224,222,222,182],""alpha"":182,""raw_luminance_0_255"":187.07761903233487,""master_rgb"":[191.0,197.0,205.0],""composited_rgb"":[214.5529411764706,214.84313725490193,217.13333333333333],""composited_luminance_0_255"":173.1888733899987},{""x"":195,""y"":73,""kind"":""confirmed_tonal_attachment"",""rgba"":[0,0,0,6],""alpha"":6,""raw_luminance_0_255"":0.0,""master_rgb"":[190.0,197.0,205.0],""composited_rgb"":[185.52941176470588,192.36470588235292,200.17647058823528],""composited_luminance_0_255"":133.66661979376195},{""x"":195,""y"":74,""kind"":""low_alpha_perimeter"",""rgba"":[255,255,255,3],""alpha"":3,""raw_luminance_0_255"":255.0,""master_rgb"":[190.0,197.0,205.0],""composited_rgb"":[190.76470588235296,197.68235294117648,205.58823529411765],""composited_luminance_0_255"":142.09932445902984}],""raw_RGB_step_L2"":[385.6734369904155,441.6729559300637],""composited_RGB_step_L2"":[40.43736305252929,9.218073116021536],""composited_luminance_steps"":[-39.52225359623674,8.432704665267892],""composited_luminance_monotonic"":false}"
#14700,207,74,"[212.7574,75.4]","[213,75]","[255,255,255,3]",3,0,AMBIGUOUS,[10],False,"[{""xy"":[208,73],""glyph_id"":10,""class"":""proven_tonal_attachment"",""rgba"":[0,0,0,10],""master_rgba"":[169,175,182,253]}]","{""xy"":[208,73],""glyph_id"":10,""class"":""proven_tonal_attachment""}","[171,177,185,253]",255.0,"[171.98823529411766,177.91764705882355,185.82352941176472]",112.49330032454245,"[3.0,3.0,3.0]",5.196152422706632,255.0,255.0,10.960784313725497,17.55722888282287,10.960784313725497,17.55722888282287,13.384532669944349,244.0392156862745,5.196152422706632,"[16,16,16]","[169.1764705882353,175.1058823529412,183.01176470588237]",2.8117647058823536,4.870119329517197,3.9267588314690727,"{""nodes"":[{""x"":208,""y"":72,""kind"":""solid_core"",""rgba"":[213,213,213,191],""alpha"":191,""raw_luminance_0_255"":169.67376106197938,""master_rgb"":[169.0,176.0,183.0],""composited_rgb"":[201.95686274509802,203.71372549019605,205.47058823529412],""composited_luminance_0_255"":153.07865888273182},{""x"":208,""y"":73,""kind"":""confirmed_tonal_attachment"",""rgba"":[0,0,0,10],""alpha"":10,""raw_luminance_0_255"":0.0,""master_rgb"":[169.0,175.0,182.0],""composited_rgb"":[162.37254901960785,168.1372549019608,174.86274509803923],""composited_luminance_0_255"":99.1087676545981},{""x"":207,""y"":74,""kind"":""low_alpha_perimeter"",""rgba"":[255,255,255,3],""alpha"":3,""raw_luminance_0_255"":255.0,""master_rgb"":[171.0,177.0,185.0],""composited_rgb"":[171.98823529411766,177.91764705882355,185.82352941176472],""composited_luminance_0_255"":112.49330032454245}],""raw_RGB_step_L2"":[368.9268220121709,441.6729559300637],""composited_RGB_step_L2"":[61.3957915019295,17.55722888282287],""composited_luminance_steps"":[-53.96989122813372,13.384532669944349],""composited_luminance_monotonic"":false}"
#14700,208,74,"[213.8113,75.4]","[214,75]","[255,255,255,2]",2,0,AMBIGUOUS,[10],False,"[{""xy"":[208,73],""glyph_id"":10,""class"":""proven_tonal_attachment"",""rgba"":[0,0,0,10],""master_rgba"":[169,175,182,253]}]","{""xy"":[208,73],""glyph_id"":10,""class"":""proven_tonal_attachment""}","[169,175,182,253]",255.0,"[169.67450980392158,175.62745098039215,182.57254901960783]",109.18004678465185,"[2.0,2.0,2.0]",3.4641016151377544,255.0,255.0,7.709803921568607,12.994719893019578,7.709803921568607,12.994719893019578,10.071279130053753,247.2901960784314,3.4641016151377544,"[16,16,16]","[167.8,173.75294117647059,180.69803921568626]",1.874509803921569,3.2467462196781316,2.581287195440865,"{""nodes"":[{""x"":208,""y"":72,""kind"":""solid_core"",""rgba"":[213,213,213,191],""alpha"":191,""raw_luminance_0_255"":169.67376106197938,""master_rgb"":[169.0,176.0,183.0],""composited_rgb"":[201.95686274509802,203.71372549019605,205.47058823529412],""composited_luminance_0_255"":153.07865888273182},{""x"":208,""y"":73,""kind"":""confirmed_tonal_attachment"",""rgba"":[0,0,0,10],""alpha"":10,""raw_luminance_0_255"":0.0,""master_rgb"":[169.0,175.0,182.0],""composited_rgb"":[162.37254901960785,168.1372549019608,174.86274509803923],""composited_luminance_0_255"":99.1087676545981},{""x"":208,""y"":74,""kind"":""low_alpha_perimeter"",""rgba"":[255,255,255,2],""alpha"":2,""raw_luminance_0_255"":255.0,""master_rgb"":[169.0,175.0,182.0],""composited_rgb"":[169.67450980392158,175.62745098039215,182.57254901960783],""composited_luminance_0_255"":109.18004678465185}],""raw_RGB_step_L2"":[368.9268220121709,441.6729559300637],""composited_RGB_step_L2"":[61.3957915019295,12.994719893019578],""composited_luminance_steps"":[-53.96989122813372,10.071279130053753],""composited_luminance_monotonic"":false}"
#14700,209,74,"[214.8652,75.4]","[215,75]","[255,255,255,1]",1,0,AMBIGUOUS,[10],False,"[{""xy"":[208,73],""glyph_id"":10,""class"":""proven_tonal_attachment"",""rgba"":[0,0,0,10],""master_rgba"":[169,175,182,253]}]","{""xy"":[208,73],""glyph_id"":10,""class"":""proven_tonal_attachment""}","[164,171,178,253]",255.0,"[164.35686274509806,171.3294117647059,178.30196078431374]",103.03902282695003,"[1.0,1.0,1.0]",1.7320508075688772,255.0,255.0,3.4392156862745082,5.094661022507393,3.4392156862745082,5.094661022507393,3.9302551723519343,251.5607843137255,1.7320508075688772,"[16,16,16]","[163.41960784313727,170.3921568627451,177.36470588235295]",0.9372549019607845,1.6233731098390658,1.251960054597987,"{""nodes"":[{""x"":208,""y"":72,""kind"":""solid_core"",""rgba"":[213,213,213,191],""alpha"":191,""raw_luminance_0_255"":169.67376106197938,""master_rgb"":[169.0,176.0,183.0],""composited_rgb"":[201.95686274509802,203.71372549019605,205.47058823529412],""composited_luminance_0_255"":153.07865888273182},{""x"":208,""y"":73,""kind"":""confirmed_tonal_attachment"",""rgba"":[0,0,0,10],""alpha"":10,""raw_luminance_0_255"":0.0,""master_rgb"":[169.0,175.0,182.0],""composited_rgb"":[162.37254901960785,168.1372549019608,174.86274509803923],""composited_luminance_0_255"":99.1087676545981},{""x"":209,""y"":74,""kind"":""low_alpha_perimeter"",""rgba"":[255,255,255,1],""alpha"":1,""raw_luminance_0_255"":255.0,""master_rgb"":[164.0,171.0,178.0],""composited_rgb"":[164.35686274509806,171.3294117647059,178.30196078431374],""composited_luminance_0_255"":103.03902282695003}],""raw_RGB_step_L2"":[368.9268220121709,441.6729559300637],""composited_RGB_step_L2"":[61.3957915019295,5.094661022507393],""composited_luminance_steps"":[-53.96989122813372,3.9302551723519343],""composited_luminance_monotonic"":false}"
#14607,41,48,,,"[85,85,85,3]",3,0,PROTECTED NEGATIVE CONTROL,[],True,"[{""xy"":[40,49],""glyph_id"":1,""class"":""solid_achromatic_core"",""rgba"":[71,79,87,32],""master_rgba"":[208,216,223,253]}]","{""xy"":[40,49],""glyph_id"":1,""class"":""solid_achromatic_core""}","[209,217,224,253]",23.16463635176896,"[207.54117647058825,215.44705882352943,222.36470588235295]",172.0379554764088,"[1.0,1.0,1.0]",1.7320508075688772,14.0,14.0,16.73333333333335,28.755137748643886,16.73333333333335,28.755137748643886,28.567475025268664,-2.7333333333333485,15.504167935610887,"[16,16,16]","[206.7294117647059,214.63529411764708,221.5529411764706]",0.8117647058823536,1.4060177143794428,1.463918769181987,
#14607,131,59,,,"[0,63,191,4]",4,191,PROTECTED NEGATIVE CONTROL,[],True,"[{""xy"":[132,60],""glyph_id"":9,""class"":""solid_achromatic_core"",""rgba"":[15,0,0,32],""master_rgba"":[197,206,213,253]}]","{""xy"":[132,60],""glyph_id"":9,""class"":""solid_achromatic_core""}","[198,206,214,253]",18.657334176186556,"[194.89411764705883,203.75686274509806,213.63921568627453]",151.71190242809013,"[0.0,0.9882352941176471,2.996078431372549]",3.1548526056656887,191.0,191.0,27.368627450980398,41.66825095027272,27.368627450980398,41.66825095027272,36.25667490274057,163.6313725490196,3.6737375462369783,"[16,16,16]","[195.1450980392157,203.01960784313727,210.89411764705883]",2.7450980392156907,2.8534363831384546,1.158847407930267,
#14607,75,60,,,"[63,0,0,4]",4,63,PROTECTED NEGATIVE CONTROL,[],True,"[{""xy"":[76,61],""glyph_id"":11,""class"":""solid_achromatic_core"",""rgba"":[14,9,9,53],""master_rgba"":[201,209,217,253]}]","{""xy"":[76,61],""glyph_id"":11,""class"":""solid_achromatic_core""}","[202,210,217,253]",2.69474206169749,"[199.81960784313728,206.7058823529412,213.59607843137258]",157.00916174845742,"[0.9882352941176471,0.0,0.0]",0.9882352941176471,49.0,49.0,39.8274509803922,67.4460396047253,39.8274509803922,67.4460396047253,58.73704251378629,9.1725490196078,3.2696523793891865,"[16,16,16]","[199.08235294117648,206.95686274509805,213.84705882352944]",0.7372549019607959,0.8182463595761652,0.0845001965479355,
#14607,75,73,,,"[127,0,0,4]",4,127,PROTECTED NEGATIVE CONTROL,[],True,"[{""xy"":[76,72],""glyph_id"":25,""class"":""solid_achromatic_core"",""rgba"":[5,0,0,50],""master_rgba"":[203,211,218,253]}]","{""xy"":[76,72],""glyph_id"":25,""class"":""solid_achromatic_core""}","[201,209,217,253]",11.505666051688175,"[199.83921568627454,205.721568627451,213.59607843137258]",155.80582677520164,"[1.992156862745098,0.0,0.0]",1.992156862745098,122.0,122.0,38.341176470588266,63.597661354771844,38.341176470588266,63.597661354771844,54.758406631602014,83.65882352941173,1.011764705882353,"[16,16,16]","[198.0980392156863,205.97254901960787,213.84705882352944]",1.7411764705882433,1.7769855982040361,0.2667431551660684,
#14607,159,73,,,"[255,255,255,1]",1,0,PROTECTED NEGATIVE CONTROL,[],True,"[{""xy"":[160,74],""glyph_id"":32,""class"":""solid_achromatic_core"",""rgba"":[23,23,23,33],""master_rgba"":[194,202,210,253]}]","{""xy"":[160,74],""glyph_id"":32,""class"":""solid_achromatic_core""}","[195,202,210,253]",255.0,"[195.23529411764707,202.2078431372549,210.1764705882353]",149.51690505621022,"[1.0,1.0,1.0]",1.7320508075688772,232.0,232.0,24.37647058823532,41.06577464241886,24.37647058823532,41.06577464241886,36.12630260737971,207.62352941176468,3.423347478489075,"[16,16,16]","[194.2980392156863,201.27058823529413,209.23921568627452]",0.9372549019607845,1.6233731098390658,1.5565173532467043,
#14607,39,78,,,"[109,0,0,7]",7,109,PROTECTED NEGATIVE CONTROL,[],True,"[{""xy"":[38,77],""glyph_id"":40,""class"":""solid_achromatic_core"",""rgba"":[55,40,40,51],""master_rgba"":[205,214,222,253]}]","{""xy"":[38,77],""glyph_id"":40,""class"":""solid_achromatic_core""}","[206,214,221,253]",8.29058547816729,"[203.3372549019608,208.12549019607843,214.93333333333334]",160.1903688714864,"[2.992156862745098,0.0,0.0]",2.992156862745098,54.0,54.0,29.333333333333314,50.00128441256857,29.333333333333314,50.00128441256857,45.535816767632895,24.666666666666686,13.860936177289052,"[16,16,16]","[200.7843137254902,208.56470588235294,215.37254901960785]",2.552941176470597,2.6274187882136815,0.303530248281362,
