review_number,sheet,style,output,source,visual_result,reason,output_sha256,source_sha256,master_sha256
5901,all-review/review-060.jpg,WHITE,picons/19.2e/prisa-tv/white/1_0_1_75F6_422_1_C00000_0_0_0.png,picons/19.2e/prisa-tv/transparent/1_0_1_75F6_422_1_C00000_0_0_0.png,VISUAL_PASS,Individually visually inspected in all-review/review-060.jpg; readable against WHITE background; no correction selected.,31c7558d5d13225825230b0349f4c8644a284d6067127949f867cdc3bba300fa,3cbbdfcfbe2b2d683d7d0e9708fad578a380a97f8610b41bd095307a9c419073,c6ae4a808a65ffc8e6458336fccbfe4216de1e832ec0a9abf800907f2f783589
5902,all-review/review-060.jpg,BLACK,picons/19.2e/prosiebensat-1/black/1_0_19_14B7_407_1_C00000_0_0_0.png,picons/19.2e/prosiebensat-1/transparent/1_0_19_14B7_407_1_C00000_0_0_0.png,VISUAL_PASS,Individually visually inspected in all-review/review-060.jpg; readable against BLACK background; no correction selected.,c14fd2151333aab738033e167a657c9fe07a549c91c0e4e34df4e42876605e76,90bfdc7a0297642a0fcaef5437d0ea8bb28370d92cc7a654ba4dda2dc6e0fb60,61e69f7fc46e340453bf74ccd7af6ac9d8eba9f8e232884659e1ea99f6abf3fe
5903,all-review/review-060.jpg,WHITE,picons/19.2e/prosiebensat-1/white/1_0_19_14B7_407_1_C00000_0_0_0.png,picons/19.2e/prosiebensat-1/transparent/1_0_19_14B7_407_1_C00000_0_0_0.png,VISUAL_PASS,Individually visually inspected in all-review/review-060.jpg; readable against WHITE background; no correction selected.,c09608a5c5062df3fc966ceb93ce669a42726ab0d9059be32e468a856972ef9f,90bfdc7a0297642a0fcaef5437d0ea8bb28370d92cc7a654ba4dda2dc6e0fb60,c6ae4a808a65ffc8e6458336fccbfe4216de1e832ec0a9abf800907f2f783589
5904,all-review/review-060.jpg,BLACK,picons/19.2e/prosiebensat-1/black/1_0_19_14B8_407_1_C00000_0_0_0.png,picons/19.2e/prosiebensat-1/transparent/1_0_19_14B8_407_1_C00000_0_0_0.png,VISUAL_PASS,Individually visually inspected in all-review/review-060.jpg; readable against BLACK background; no correction selected.,f81a76351d718eb1b899d8c540fe531b94043cd656a0972dd9ead0399a8463c8,29288522a7a8e8a11013d05618af18ce2fe8c5d02a70daed91a78b4233a55711,61e69f7fc46e340453bf74ccd7af6ac9d8eba9f8e232884659e1ea99f6abf3fe
5905,all-review/review-060.jpg,BLACK,picons/19.2e/prosiebensat-1/black/1_0_19_14B9_407_1_C00000_0_0_0.png,picons/19.2e/prosiebensat-1/transparent/1_0_19_14B9_407_1_C00000_0_0_0.png,VISUAL_PASS,Individually visually inspected in all-review/review-060.jpg; readable against BLACK background; no correction selected.,0d9e84c6d37763097ec9639aee8784790f80deb7e869f2da112f1037a3e88ff9,1cb0513723d29ec4aaac30371c2ff8ca969397bd0a089a9cb296d91f3d003152,61e69f7fc46e340453bf74ccd7af6ac9d8eba9f8e232884659e1ea99f6abf3fe
5906,all-review/review-060.jpg,WHITE,picons/19.2e/prosiebensat-1/white/1_0_19_14B9_407_1_C00000_0_0_0.png,picons/19.2e/prosiebensat-1/transparent/1_0_19_14B9_407_1_C00000_0_0_0.png,VISUAL_PASS,Individually visually inspected in all-review/review-060.jpg; readable against WHITE background; no correction selected.,237b9f184a19127bf351b20ce38a3cc3fda9fc8f41594aa68d9b9d651f52e40e,1cb0513723d29ec4aaac30371c2ff8ca969397bd0a089a9cb296d91f3d003152,c6ae4a808a65ffc8e6458336fccbfe4216de1e832ec0a9abf800907f2f783589
5907,all-review/review-060.jpg,BLACK,picons/19.2e/prosiebensat-1/black/1_0_19_EF75_3F9_1_C00000_0_0_0.png,picons/19.2e/prosiebensat-1/transparent/1_0_19_EF75_3F9_1_C00000_0_0_0.png,VISUAL_PASS,Individually visually inspected in all-review/review-060.jpg; readable against BLACK background; no correction selected.,cb961680ec7ebbc65839bf9d6d9027caa0de8187626f48ea3011f3f0a31629ef,99a593075bb368a7c10bd33ef820f509a59788cf7acac1b6456c92fa27c778f4,61e69f7fc46e340453bf74ccd7af6ac9d8eba9f8e232884659e1ea99f6abf3fe
5908,all-review/review-060.jpg,WHITE,picons/19.2e/prosiebensat-1/white/1_0_19_EF75_3F9_1_C00000_0_0_0.png,picons/19.2e/prosiebensat-1/transparent/1_0_19_EF75_3F9_1_C00000_0_0_0.png,VISUAL_PASS,Individually visually inspected in all-review/review-060.jpg; readable against WHITE background; no correction selected.,a17bcf456466fbdf5a11bc3b34ced055c99e3c161bbe195178a5d0d37658dfc1,99a593075bb368a7c10bd33ef820f509a59788cf7acac1b6456c92fa27c778f4,c6ae4a808a65ffc8e6458336fccbfe4216de1e832ec0a9abf800907f2f783589
5909,all-review/review-060.jpg,BLACK,picons/19.2e/prosiebensat-1/black/1_0_19_EF79_3F9_1_C00000_0_0_0.png,picons/19.2e/prosiebensat-1/transparent/1_0_19_EF79_3F9_1_C00000_0_0_0.png,VISUAL_PASS,Individually visually inspected in all-review/review-060.jpg; readable against BLACK background; no correction selected.,209f6c9c819fbf78f25fc1196b95886711a84c43a6a41f4e4838bdc1a8201341,49b9c0144c9ab75cbad05c8c746fa70016559f7ff1c9118f0003651103288204,61e69f7fc46e340453bf74ccd7af6ac9d8eba9f8e232884659e1ea99f6abf3fe
5910,all-review/review-060.jpg,WHITE,picons/19.2e/prosiebensat-1/white/1_0_19_EF79_3F9_1_C00000_0_0_0.png,picons/19.2e/prosiebensat-1/transparent/1_0_19_EF79_3F9_1_C00000_0_0_0.png,VISUAL_PASS,Individually visually inspected in all-review/review-060.jpg; readable against WHITE background; no correction selected.,8ddbc58941145a8d95141791febf74b6838626bff4c9759448bf6c7cadfa0718,49b9c0144c9ab75cbad05c8c746fa70016559f7ff1c9118f0003651103288204,c6ae4a808a65ffc8e6458336fccbfe4216de1e832ec0a9abf800907f2f783589
5911,all-review/review-060.jpg,BLACK,picons/19.2e/prosiebensat-1/black/1_0_19_EF8A_3F9_1_C00000_0_0_0.png,picons/19.2e/prosiebensat-1/transparent/1_0_19_EF8A_3F9_1_C00000_0_0_0.png,VISUAL_PASS,Individually visually inspected in all-review/review-060.jpg; readable against BLACK background; no correction selected.,f0037308fbfeadc78f742cb6c4899221bcf94f213b4541650f7261407380acbf,b2f248b67b30b841f4ea1637aa8e0be6235008b97609b414131285103ef23a49,61e69f7fc46e340453bf74ccd7af6ac9d8eba9f8e232884659e1ea99f6abf3fe
5912,all-review/review-060.jpg,WHITE,picons/19.2e/prosiebensat-1/white/1_0_19_EF8A_3F9_1_C00000_0_0_0.png,picons/19.2e/prosiebensat-1/transparent/1_0_19_EF8A_3F9_1_C00000_0_0_0.png,VISUAL_PASS,Individually visually inspected in all-review/review-060.jpg; readable against WHITE background; no correction selected.,411213989b4cf61eed96dd41d25a2b4a73511a49c7af88fb44eda5503557d03c,b2f248b67b30b841f4ea1637aa8e0be6235008b97609b414131285103ef23a49,c6ae4a808a65ffc8e6458336fccbfe4216de1e832ec0a9abf800907f2f783589
5913,all-review/review-060.jpg,BLACK,picons/19.2e/prosiebensat-1/black/1_0_19_EF8B_3F9_1_C00000_0_0_0.png,picons/19.2e/prosiebensat-1/transparent/1_0_19_EF8B_3F9_1_C00000_0_0_0.png,VISUAL_PASS,Individually visually inspected in all-review/review-060.jpg; readable against BLACK background; no correction selected.,9cac05cc48a3e54cba93f448a39321ff6c2a423cc72704770eb2dc0bec642f8d,91fd1f5899e35f4a1b2f382037658bf9003dec2b245cbbeaa5b4922ffd1b915e,61e69f7fc46e340453bf74ccd7af6ac9d8eba9f8e232884659e1ea99f6abf3fe
5914,all-review/review-060.jpg,WHITE,picons/19.2e/prosiebensat-1/white/1_0_19_EF8B_3F9_1_C00000_0_0_0.png,picons/19.2e/prosiebensat-1/transparent/1_0_19_EF8B_3F9_1_C00000_0_0_0.png,VISUAL_PASS,Individually visually inspected in all-review/review-060.jpg; readable against WHITE background; no correction selected.,ac7fc27ee5e4a7b24ebea4db4b9bcb35af01e48f17b86501c12c32f23db9725a,91fd1f5899e35f4a1b2f382037658bf9003dec2b245cbbeaa5b4922ffd1b915e,c6ae4a808a65ffc8e6458336fccbfe4216de1e832ec0a9abf800907f2f783589
5915,all-review/review-060.jpg,BLACK,picons/19.2e/prosiebensat-1/black/1_0_19_EF8E_3F9_1_C00000_0_0_0.png,picons/19.2e/prosiebensat-1/transparent/1_0_19_EF8E_3F9_1_C00000_0_0_0.png,VISUAL_PASS,Individually visually inspected in all-review/review-060.jpg; readable against BLACK background; no correction selected.,d650d59528fcebb8c8770bcfabedf41fb6f514092994d98d42cdd96604588eff,08060979b48ad60b210e40f43a2b1270fa123b6ebb08c64e2ba407b804885b7e,61e69f7fc46e340453bf74ccd7af6ac9d8eba9f8e232884659e1ea99f6abf3fe
5916,all-review/review-060.jpg,WHITE,picons/19.2e/prosiebensat-1/white/1_0_19_EF8E_3F9_1_C00000_0_0_0.png,picons/19.2e/prosiebensat-1/transparent/1_0_19_EF8E_3F9_1_C00000_0_0_0.png,VISUAL_PASS,Individually visually inspected in all-review/review-060.jpg; readable against WHITE background; no correction selected.,bd263cc91d3fa89ee7cbaf57f921293cfddd3d52058979654feb6fed5f14d412,08060979b48ad60b210e40f43a2b1270fa123b6ebb08c64e2ba407b804885b7e,c6ae4a808a65ffc8e6458336fccbfe4216de1e832ec0a9abf800907f2f783589
5917,all-review/review-060.jpg,WHITE,picons/19.2e/prosiebensat-1/white/1_0_1_14BD_407_1_C00000_0_0_0.png,picons/19.2e/prosiebensat-1/transparent/1_0_1_14BD_407_1_C00000_0_0_0.png,VISUAL_PASS,Individually visually inspected in all-review/review-060.jpg; readable against WHITE background; no correction selected.,e083b972d8f47bd614f6c4b8b9977b06c5cd94aaef5656d06e64e79eb8d64d84,51f04775fb7368acf81140ca4baace2235790a4b82b2b4b531b0bb5dd03305a8,c6ae4a808a65ffc8e6458336fccbfe4216de1e832ec0a9abf800907f2f783589
5918,all-review/review-060.jpg,BLACK,picons/19.2e/prosiebensat-1/black/1_0_1_14C0_407_1_C00000_0_0_0.png,picons/19.2e/prosiebensat-1/transparent/1_0_1_14C0_407_1_C00000_0_0_0.png,VISUAL_PASS,Individually visually inspected in all-review/review-060.jpg; readable against BLACK background; no correction selected.,63a607e66f4b20554fa6296ab276a1a8d447f9d7602764752f3975ad692c8a24,9fb9e26d180b5b2c95a5adf997a021e3ea2870abbfff76ad6a28d8b4cceb7215,61e69f7fc46e340453bf74ccd7af6ac9d8eba9f8e232884659e1ea99f6abf3fe
5919,all-review/review-060.jpg,WHITE,picons/19.2e/prosiebensat-1/white/1_0_1_14C0_407_1_C00000_0_0_0.png,picons/19.2e/prosiebensat-1/transparent/1_0_1_14C0_407_1_C00000_0_0_0.png,VISUAL_PASS,Individually visually inspected in all-review/review-060.jpg; readable against WHITE background; no correction selected.,82be85cf04ae11194bc05c7539e272a97ed48508a5a53cab8404b756cf63d8d2,9fb9e26d180b5b2c95a5adf997a021e3ea2870abbfff76ad6a28d8b4cceb7215,c6ae4a808a65ffc8e6458336fccbfe4216de1e832ec0a9abf800907f2f783589
5920,all-review/review-060.jpg,BLACK,picons/19.2e/prosiebensat-1/black/1_0_1_445E_453_1_C00000_0_0_0.png,picons/19.2e/prosiebensat-1/transparent/1_0_1_445E_453_1_C00000_0_0_0.png,VISUAL_PASS,Individually visually inspected in all-review/review-060.jpg; readable against BLACK background; no correction selected.,cb657214334aa95e59c97adc990a8aa7c47bef43838b5360dceb26ca67875a58,aa06410822db9667518634c38e6bf1afea818c46601936351bde152a84a9e6f5,61e69f7fc46e340453bf74ccd7af6ac9d8eba9f8e232884659e1ea99f6abf3fe
5921,all-review/review-060.jpg,WHITE,picons/19.2e/prosiebensat-1/white/1_0_1_445E_453_1_C00000_0_0_0.png,picons/19.2e/prosiebensat-1/transparent/1_0_1_445E_453_1_C00000_0_0_0.png,VISUAL_PASS,Individually visually inspected in all-review/review-060.jpg; readable against WHITE background; no correction selected.,c9c4e287bd530aec7657fa8563d2c1bf0deee49a8c70b998f21a03b8f8955b30,aa06410822db9667518634c38e6bf1afea818c46601936351bde152a84a9e6f5,c6ae4a808a65ffc8e6458336fccbfe4216de1e832ec0a9abf800907f2f783589
5922,all-review/review-060.jpg,BLACK,picons/19.2e/prosiebensat-1/black/1_0_1_4460_453_1_C00000_0_0_0.png,picons/19.2e/prosiebensat-1/transparent/1_0_1_4460_453_1_C00000_0_0_0.png,VISUAL_PASS,Individually visually inspected in all-review/review-060.jpg; readable against BLACK background; no correction selected.,75b782afd4c7ef11fe9a94b2418c01c44939ad71266d474fe7f7dadc4c48f64b,b2d51a21baeb5be61b051a02a0a34279d25aa286166bc4f6b3a9bb17ae63e790,61e69f7fc46e340453bf74ccd7af6ac9d8eba9f8e232884659e1ea99f6abf3fe
5923,all-review/review-060.jpg,WHITE,picons/19.2e/prosiebensat-1/white/1_0_1_4460_453_1_C00000_0_0_0.png,picons/19.2e/prosiebensat-1/transparent/1_0_1_4460_453_1_C00000_0_0_0.png,VISUAL_PASS,Individually visually inspected in all-review/review-060.jpg; readable against WHITE background; no correction selected.,1b22425bef0c2ef2c91537995814d7d9295d62dc4a04c4810a33a54a3a6929dc,b2d51a21baeb5be61b051a02a0a34279d25aa286166bc4f6b3a9bb17ae63e790,c6ae4a808a65ffc8e6458336fccbfe4216de1e832ec0a9abf800907f2f783589
5924,all-review/review-060.jpg,BLACK,picons/19.2e/prosiebensat-1/black/1_0_1_4463_453_1_C00000_0_0_0.png,picons/19.2e/prosiebensat-1/transparent/1_0_1_4463_453_1_C00000_0_0_0.png,VISUAL_PASS,Individually visually inspected in all-review/review-060.jpg; readable against BLACK background; no correction selected.,05cd9fedaf23dad533641b7f9c16ce8713992073ed2363b071afb3b77a5e4710,464ce681900e73374ca710b9d42b448e1731c893628f87a61d641ab6a3dde594,61e69f7fc46e340453bf74ccd7af6ac9d8eba9f8e232884659e1ea99f6abf3fe
5925,all-review/review-060.jpg,WHITE,picons/19.2e/prosiebensat-1/white/1_0_1_4463_453_1_C00000_0_0_0.png,picons/19.2e/prosiebensat-1/transparent/1_0_1_4463_453_1_C00000_0_0_0.png,VISUAL_PASS,Individually visually inspected in all-review/review-060.jpg; readable against WHITE background; no correction selected.,56cc302eb985a78a7233f42700ee8ab2f3459f353030a6c7260143dbfe454192,464ce681900e73374ca710b9d42b448e1731c893628f87a61d641ab6a3dde594,c6ae4a808a65ffc8e6458336fccbfe4216de1e832ec0a9abf800907f2f783589
5926,all-review/review-060.jpg,BLACK,picons/19.2e/prosiebensat-1/black/1_0_1_4464_453_1_C00000_0_0_0.png,picons/19.2e/prosiebensat-1/transparent/1_0_1_4464_453_1_C00000_0_0_0.png,VISUAL_PASS,Individually visually inspected in all-review/review-060.jpg; readable against BLACK background; no correction selected.,05cd9fedaf23dad533641b7f9c16ce8713992073ed2363b071afb3b77a5e4710,464ce681900e73374ca710b9d42b448e1731c893628f87a61d641ab6a3dde594,61e69f7fc46e340453bf74ccd7af6ac9d8eba9f8e232884659e1ea99f6abf3fe
5927,all-review/review-060.jpg,WHITE,picons/19.2e/prosiebensat-1/white/1_0_1_4464_453_1_C00000_0_0_0.png,picons/19.2e/prosiebensat-1/transparent/1_0_1_4464_453_1_C00000_0_0_0.png,VISUAL_PASS,Individually visually inspected in all-review/review-060.jpg; readable against WHITE background; no correction selected.,56cc302eb985a78a7233f42700ee8ab2f3459f353030a6c7260143dbfe454192,464ce681900e73374ca710b9d42b448e1731c893628f87a61d641ab6a3dde594,c6ae4a808a65ffc8e6458336fccbfe4216de1e832ec0a9abf800907f2f783589
5928,all-review/review-060.jpg,BLACK,picons/19.2e/prosiebensat-1/black/1_0_1_4465_453_1_C00000_0_0_0.png,picons/19.2e/prosiebensat-1/transparent/1_0_1_4465_453_1_C00000_0_0_0.png,VISUAL_PASS,Individually visually inspected in all-review/review-060.jpg; readable against BLACK background; no correction selected.,7a87cd13d9409f57641318ed7156a044d2fa7c67f1b7df18605450653d472538,05095f80139de6fb74d2841cfc2157a8ae02ce10eead6ab3e83d2232a0f41e34,61e69f7fc46e340453bf74ccd7af6ac9d8eba9f8e232884659e1ea99f6abf3fe
5929,all-review/review-060.jpg,WHITE,picons/19.2e/prosiebensat-1/white/1_0_1_4465_453_1_C00000_0_0_0.png,picons/19.2e/prosiebensat-1/transparent/1_0_1_4465_453_1_C00000_0_0_0.png,VISUAL_PASS,Individually visually inspected in all-review/review-060.jpg; readable against WHITE background; no correction selected.,0c84b1ad2e6a357e2c6ef6bf7378ec8377fbfc058eabcd58f331c2d146fc8a1c,05095f80139de6fb74d2841cfc2157a8ae02ce10eead6ab3e83d2232a0f41e34,c6ae4a808a65ffc8e6458336fccbfe4216de1e832ec0a9abf800907f2f783589
5930,all-review/review-060.jpg,BLACK,picons/19.2e/prosiebensat-1/black/1_0_1_4E22_43A_1_C00000_0_0_0.png,picons/19.2e/prosiebensat-1/transparent/1_0_1_4E22_43A_1_C00000_0_0_0.png,VISUAL_PASS,Individually visually inspected in all-review/review-060.jpg; readable against BLACK background; no correction selected.,8528a174e0b31a2f590fb161484882f51a17b68b52ef511ce204ff1ad8b46fce,01a53b765070c19615c6c34f059371e8f5dcfd2b0a07da6869e9897a4f59b95a,61e69f7fc46e340453bf74ccd7af6ac9d8eba9f8e232884659e1ea99f6abf3fe
5931,all-review/review-060.jpg,WHITE,picons/19.2e/prosiebensat-1/white/1_0_1_4E22_43A_1_C00000_0_0_0.png,picons/19.2e/prosiebensat-1/transparent/1_0_1_4E22_43A_1_C00000_0_0_0.png,VISUAL_PASS,Individually visually inspected in all-review/review-060.jpg; readable against WHITE background; no correction selected.,5159f594ae32378864bda536de786bbd8d2ca019fc99c6d3d30bcdbb7c692a5a,01a53b765070c19615c6c34f059371e8f5dcfd2b0a07da6869e9897a4f59b95a,c6ae4a808a65ffc8e6458336fccbfe4216de1e832ec0a9abf800907f2f783589
5932,all-review/review-060.jpg,BLACK,picons/19.2e/prosiebensat-1/black/1_0_1_4E24_43A_1_C00000_0_0_0.png,picons/19.2e/prosiebensat-1/transparent/1_0_1_4E24_43A_1_C00000_0_0_0.png,VISUAL_PASS,Individually visually inspected in all-review/review-060.jpg; readable against BLACK background; no correction selected.,f15c094c4bb9574c6b3e88183af51312d2ae63d3c7f75fbae6ce182881db49e1,586d68be89f5eb4f16fd0a0e1fe2510a30fe3844e3aaf8261685edef0011d378,61e69f7fc46e340453bf74ccd7af6ac9d8eba9f8e232884659e1ea99f6abf3fe
5933,all-review/review-060.jpg,WHITE,picons/19.2e/prosiebensat-1/white/1_0_1_4E24_43A_1_C00000_0_0_0.png,picons/19.2e/prosiebensat-1/transparent/1_0_1_4E24_43A_1_C00000_0_0_0.png,VISUAL_PASS,Individually visually inspected in all-review/review-060.jpg; readable against WHITE background; no correction selected.,1b62ae2ca26928ac88803d8f73b151c988527057f4872b13a2165c1f7944eba4,586d68be89f5eb4f16fd0a0e1fe2510a30fe3844e3aaf8261685edef0011d378,c6ae4a808a65ffc8e6458336fccbfe4216de1e832ec0a9abf800907f2f783589
5934,all-review/review-060.jpg,BLACK,picons/19.2e/prosiebensat-1/black/1_0_1_4E25_43A_1_C00000_0_0_0.png,picons/19.2e/prosiebensat-1/transparent/1_0_1_4E25_43A_1_C00000_0_0_0.png,VISUAL_PASS,Individually visually inspected in all-review/review-060.jpg; readable against BLACK background; no correction selected.,05cd9fedaf23dad533641b7f9c16ce8713992073ed2363b071afb3b77a5e4710,464ce681900e73374ca710b9d42b448e1731c893628f87a61d641ab6a3dde594,61e69f7fc46e340453bf74ccd7af6ac9d8eba9f8e232884659e1ea99f6abf3fe
5935,all-review/review-060.jpg,WHITE,picons/19.2e/prosiebensat-1/white/1_0_1_4E25_43A_1_C00000_0_0_0.png,picons/19.2e/prosiebensat-1/transparent/1_0_1_4E25_43A_1_C00000_0_0_0.png,VISUAL_PASS,Individually visually inspected in all-review/review-060.jpg; readable against WHITE background; no correction selected.,56cc302eb985a78a7233f42700ee8ab2f3459f353030a6c7260143dbfe454192,464ce681900e73374ca710b9d42b448e1731c893628f87a61d641ab6a3dde594,c6ae4a808a65ffc8e6458336fccbfe4216de1e832ec0a9abf800907f2f783589
5936,all-review/review-060.jpg,BLACK,picons/19.2e/prosiebensat-1/black/1_0_1_4E27_43A_1_C00000_0_0_0.png,picons/19.2e/prosiebensat-1/transparent/1_0_1_4E27_43A_1_C00000_0_0_0.png,VISUAL_PASS,Individually visually inspected in all-review/review-060.jpg; readable against BLACK background; no correction selected.,34239334d5744c31896b1348987471f527b70847286dccb89ebdc3e1cd56a04f,e411e0c943fdfea5031f6cb7a73711ceaa685d488545be70da800f7887263b40,61e69f7fc46e340453bf74ccd7af6ac9d8eba9f8e232884659e1ea99f6abf3fe
5937,all-review/review-060.jpg,WHITE,picons/19.2e/prosiebensat-1/white/1_0_1_4E27_43A_1_C00000_0_0_0.png,picons/19.2e/prosiebensat-1/transparent/1_0_1_4E27_43A_1_C00000_0_0_0.png,VISUAL_PASS,Individually visually inspected in all-review/review-060.jpg; readable against WHITE background; no correction selected.,658c46caa5046e95a122def3b3be9f8f893c7a726ab478400874c77acaf3e03f,e411e0c943fdfea5031f6cb7a73711ceaa685d488545be70da800f7887263b40,c6ae4a808a65ffc8e6458336fccbfe4216de1e832ec0a9abf800907f2f783589
5938,all-review/review-060.jpg,BLACK,picons/19.2e/prosiebensat-1/black/1_0_1_4E28_43A_1_C00000_0_0_0.png,picons/19.2e/prosiebensat-1/transparent/1_0_1_4E28_43A_1_C00000_0_0_0.png,VISUAL_PASS,Individually visually inspected in all-review/review-060.jpg; readable against BLACK background; no correction selected.,05cd9fedaf23dad533641b7f9c16ce8713992073ed2363b071afb3b77a5e4710,464ce681900e73374ca710b9d42b448e1731c893628f87a61d641ab6a3dde594,61e69f7fc46e340453bf74ccd7af6ac9d8eba9f8e232884659e1ea99f6abf3fe
5939,all-review/review-060.jpg,WHITE,picons/19.2e/prosiebensat-1/white/1_0_1_4E28_43A_1_C00000_0_0_0.png,picons/19.2e/prosiebensat-1/transparent/1_0_1_4E28_43A_1_C00000_0_0_0.png,VISUAL_PASS,Individually visually inspected in all-review/review-060.jpg; readable against WHITE background; no correction selected.,56cc302eb985a78a7233f42700ee8ab2f3459f353030a6c7260143dbfe454192,464ce681900e73374ca710b9d42b448e1731c893628f87a61d641ab6a3dde594,c6ae4a808a65ffc8e6458336fccbfe4216de1e832ec0a9abf800907f2f783589
5940,all-review/review-060.jpg,BLACK,picons/19.2e/prosiebensat-1/black/1_0_1_4E29_43A_1_C00000_0_0_0.png,picons/19.2e/prosiebensat-1/transparent/1_0_1_4E29_43A_1_C00000_0_0_0.png,VISUAL_PASS,Individually visually inspected in all-review/review-060.jpg; readable against BLACK background; no correction selected.,05cd9fedaf23dad533641b7f9c16ce8713992073ed2363b071afb3b77a5e4710,464ce681900e73374ca710b9d42b448e1731c893628f87a61d641ab6a3dde594,61e69f7fc46e340453bf74ccd7af6ac9d8eba9f8e232884659e1ea99f6abf3fe
5941,all-review/review-060.jpg,WHITE,picons/19.2e/prosiebensat-1/white/1_0_1_4E29_43A_1_C00000_0_0_0.png,picons/19.2e/prosiebensat-1/transparent/1_0_1_4E29_43A_1_C00000_0_0_0.png,VISUAL_PASS,Individually visually inspected in all-review/review-060.jpg; readable against WHITE background; no correction selected.,56cc302eb985a78a7233f42700ee8ab2f3459f353030a6c7260143dbfe454192,464ce681900e73374ca710b9d42b448e1731c893628f87a61d641ab6a3dde594,c6ae4a808a65ffc8e6458336fccbfe4216de1e832ec0a9abf800907f2f783589
5942,all-review/review-060.jpg,BLACK,picons/19.2e/prosiebensat-1/black/1_0_1_4E2A_43A_1_C00000_0_0_0.png,picons/19.2e/prosiebensat-1/transparent/1_0_1_4E2A_43A_1_C00000_0_0_0.png,VISUAL_PASS,Individually visually inspected in all-review/review-060.jpg; readable against BLACK background; no correction selected.,2e2114a915963df93786037e42bfbc07e634a6114b194f790061f1bc388763f9,951ff7cbe3cc75c0a01d18fd840ec374740236799602bf6eb0447fa706a41df5,61e69f7fc46e340453bf74ccd7af6ac9d8eba9f8e232884659e1ea99f6abf3fe
5943,all-review/review-060.jpg,WHITE,picons/19.2e/prosiebensat-1/white/1_0_1_4E2A_43A_1_C00000_0_0_0.png,picons/19.2e/prosiebensat-1/transparent/1_0_1_4E2A_43A_1_C00000_0_0_0.png,VISUAL_PASS,Individually visually inspected in all-review/review-060.jpg; readable against WHITE background; no correction selected.,93e86f5722e3a1c170acb095057704c43b5a63b6b37fe804ae04991a9beb0f9e,951ff7cbe3cc75c0a01d18fd840ec374740236799602bf6eb0447fa706a41df5,c6ae4a808a65ffc8e6458336fccbfe4216de1e832ec0a9abf800907f2f783589
5944,all-review/review-060.jpg,BLACK,picons/19.2e/radio-maria-osterreich/black/1_0_2_3354_45B_1_C00000_0_0_0.png,picons/19.2e/radio-maria-osterreich/transparent/1_0_2_3354_45B_1_C00000_0_0_0.png,VISUAL_PASS,Individually visually inspected in all-review/review-060.jpg; readable against BLACK background; no correction selected.,8156337c1b8997feca548ae8df7ba47c5c82dd2371ce60c7c32a2c222895031c,2096bfa30a079ef726b0e22caaae94140c591b25881f47d4c775e91c1149e454,61e69f7fc46e340453bf74ccd7af6ac9d8eba9f8e232884659e1ea99f6abf3fe
5945,all-review/review-060.jpg,WHITE,picons/19.2e/radio-maria-osterreich/white/1_0_2_3354_45B_1_C00000_0_0_0.png,picons/19.2e/radio-maria-osterreich/transparent/1_0_2_3354_45B_1_C00000_0_0_0.png,VISUAL_PASS,Individually visually inspected in all-review/review-060.jpg; readable against WHITE background; no correction selected.,7c8f88d4fff0244e4780a3bb913d586d47a8cdfccf89a6e222afd604c4cf7ad2,2096bfa30a079ef726b0e22caaae94140c591b25881f47d4c775e91c1149e454,c6ae4a808a65ffc8e6458336fccbfe4216de1e832ec0a9abf800907f2f783589
5946,all-review/review-060.jpg,WHITE,picons/19.2e/rtl/white/1_0_19_2E91_411_1_C00000_0_0_0.png,picons/19.2e/rtl/transparent/1_0_19_2E91_411_1_C00000_0_0_0.png,VISUAL_PASS,Individually visually inspected in all-review/review-060.jpg; readable against WHITE background; no correction selected.,4fbb45578e4f30a48a026e427d5b7ee50376ae6b6eeda41eb1d92af1a895e12b,54536d84c9fa1df91f59b1885e486f878e4c81827b1c8fb2880b3766353c5c6d,c6ae4a808a65ffc8e6458336fccbfe4216de1e832ec0a9abf800907f2f783589
5947,all-review/review-060.jpg,WHITE,picons/19.2e/rtl/white/1_0_19_2E9B_411_1_C00000_0_0_0.png,picons/19.2e/rtl/transparent/1_0_19_2E9B_411_1_C00000_0_0_0.png,VISUAL_PASS,Individually visually inspected in all-review/review-060.jpg; readable against WHITE background; no correction selected.,894de95b131f895fa60cddd04caf9f489f2857c076519286d843cdae79ed0634,033228e8460c705a92cd31005888d3fa070845101c6330bfec2b95539a3225d3,c6ae4a808a65ffc8e6458336fccbfe4216de1e832ec0a9abf800907f2f783589
5948,all-review/review-060.jpg,WHITE,picons/19.2e/rtl/white/1_0_19_2EAF_411_1_C00000_0_0_0.png,picons/19.2e/rtl/transparent/1_0_19_2EAF_411_1_C00000_0_0_0.png,VISUAL_PASS,Individually visually inspected in all-review/review-060.jpg; readable against WHITE background; no correction selected.,93acaa104d74dc1b74f73589354c17e0f8b765b7fa68a65831115110620272a0,04f57bae309a1a07a6c8aa9e429a5c9bf53f288d6c35a2cacf84b5cbb21cb302,c6ae4a808a65ffc8e6458336fccbfe4216de1e832ec0a9abf800907f2f783589
5949,all-review/review-060.jpg,BLACK,picons/19.2e/rtl/black/1_0_1_7080_443_1_C00000_0_0_0.png,picons/19.2e/rtl/transparent/1_0_1_7080_443_1_C00000_0_0_0.png,VISUAL_PASS,Individually visually inspected in all-review/review-060.jpg; readable against BLACK background; no correction selected.,258bdbfc5e2c6ff7fe0881256edaec2f40ce75311c967d2bd81057e93fc97b1e,cb546e677bf6fb13cc1d98b4ad1bb2802d9d290a036e69b25b070accf674c76f,61e69f7fc46e340453bf74ccd7af6ac9d8eba9f8e232884659e1ea99f6abf3fe
5950,all-review/review-060.jpg,WHITE,picons/19.2e/rtl/white/1_0_1_7080_443_1_C00000_0_0_0.png,picons/19.2e/rtl/transparent/1_0_1_7080_443_1_C00000_0_0_0.png,VISUAL_PASS,Individually visually inspected in all-review/review-060.jpg; readable against WHITE background; no correction selected.,e0c423e932dfad08d9d5b496cec682678be0f141d4e632e21f37c06f44d3ca0c,cb546e677bf6fb13cc1d98b4ad1bb2802d9d290a036e69b25b070accf674c76f,c6ae4a808a65ffc8e6458336fccbfe4216de1e832ec0a9abf800907f2f783589
5951,all-review/review-060.jpg,BLACK,picons/19.2e/rtl/black/1_0_1_7085_443_1_C00000_0_0_0.png,picons/19.2e/rtl/transparent/1_0_1_7085_443_1_C00000_0_0_0.png,VISUAL_PASS,Individually visually inspected in all-review/review-060.jpg; readable against BLACK background; no correction selected.,bab810aee24a9b52e922c8295a87b22dd85bbe84597fd109e1896bcf7dad5d7f,ca4a638e591cc080a5e7833001769fa28721434a33cc617cc731b2e89109c534,61e69f7fc46e340453bf74ccd7af6ac9d8eba9f8e232884659e1ea99f6abf3fe
5952,all-review/review-060.jpg,WHITE,picons/19.2e/rtl/white/1_0_1_7085_443_1_C00000_0_0_0.png,picons/19.2e/rtl/transparent/1_0_1_7085_443_1_C00000_0_0_0.png,VISUAL_PASS,Individually visually inspected in all-review/review-060.jpg; readable against WHITE background; no correction selected.,3e2048a727f40ea3490334acc5e585c14e727f8e76bb495512e72b52676b2c23,ca4a638e591cc080a5e7833001769fa28721434a33cc617cc731b2e89109c534,c6ae4a808a65ffc8e6458336fccbfe4216de1e832ec0a9abf800907f2f783589
5953,all-review/review-060.jpg,BLACK,picons/19.2e/rtl/black/1_0_1_708A_443_1_C00000_0_0_0.png,picons/19.2e/rtl/transparent/1_0_1_708A_443_1_C00000_0_0_0.png,VISUAL_PASS,Individually visually inspected in all-review/review-060.jpg; readable against BLACK background; no correction selected.,c2788d938665ef625f20707f2d48002fa650bf4882df74bd43d66ab2f3bf67e0,c8f428db2e30aac33f1cc9bc0f18c94732efe1739c272e9e78b021eb045d1df2,61e69f7fc46e340453bf74ccd7af6ac9d8eba9f8e232884659e1ea99f6abf3fe
5954,all-review/review-060.jpg,WHITE,picons/19.2e/rtl/white/1_0_1_708A_443_1_C00000_0_0_0.png,picons/19.2e/rtl/transparent/1_0_1_708A_443_1_C00000_0_0_0.png,VISUAL_PASS,Individually visually inspected in all-review/review-060.jpg; readable against WHITE background; no correction selected.,f698dc05798b8c59ce6eb781e7f05f805dfec4b4d536d6b98c8d3b34f5ca8314,c8f428db2e30aac33f1cc9bc0f18c94732efe1739c272e9e78b021eb045d1df2,c6ae4a808a65ffc8e6458336fccbfe4216de1e832ec0a9abf800907f2f783589
5955,all-review/review-060.jpg,BLACK,picons/19.2e/rtl/black/1_0_1_708F_443_1_C00000_0_0_0.png,picons/19.2e/rtl/transparent/1_0_1_708F_443_1_C00000_0_0_0.png,VISUAL_PASS,Individually visually inspected in all-review/review-060.jpg; readable against BLACK background; no correction selected.,d7789ef2b5cac6e60b2802f1e1118b5125f20feaca441a1c30a24d3da3849bb7,97dbdf8ecb43e0541d142f87041bb2d947f24ef274ea1065599f87bc407402ba,61e69f7fc46e340453bf74ccd7af6ac9d8eba9f8e232884659e1ea99f6abf3fe
5956,all-review/review-060.jpg,WHITE,picons/19.2e/rtl/white/1_0_1_708F_443_1_C00000_0_0_0.png,picons/19.2e/rtl/transparent/1_0_1_708F_443_1_C00000_0_0_0.png,VISUAL_PASS,Individually visually inspected in all-review/review-060.jpg; readable against WHITE background; no correction selected.,cc35eb95c12f4969b8eda844e85fbbf09c4d6908bb0551aaed16fe678cc45842,97dbdf8ecb43e0541d142f87041bb2d947f24ef274ea1065599f87bc407402ba,c6ae4a808a65ffc8e6458336fccbfe4216de1e832ec0a9abf800907f2f783589
5957,all-review/review-060.jpg,BLACK,picons/19.2e/rtl/black/1_0_1_7094_443_1_C00000_0_0_0.png,picons/19.2e/rtl/transparent/1_0_1_7094_443_1_C00000_0_0_0.png,VISUAL_PASS,Individually visually inspected in all-review/review-060.jpg; readable against BLACK background; no correction selected.,f7616d2d7232fbe215834e5830141000a320489ff9f33e14e32e0a2f01640b99,4abbdcbf0aff037dfcd7aad42d2736a412d5e72cee52701100c9df7f42161c57,61e69f7fc46e340453bf74ccd7af6ac9d8eba9f8e232884659e1ea99f6abf3fe
5958,all-review/review-060.jpg,WHITE,picons/19.2e/rtl/white/1_0_1_7094_443_1_C00000_0_0_0.png,picons/19.2e/rtl/transparent/1_0_1_7094_443_1_C00000_0_0_0.png,VISUAL_PASS,Individually visually inspected in all-review/review-060.jpg; readable against WHITE background; no correction selected.,2ce415293b819f61f7960a0c8b48936c6c9358f5eabc48df100209f21047b46d,4abbdcbf0aff037dfcd7aad42d2736a412d5e72cee52701100c9df7f42161c57,c6ae4a808a65ffc8e6458336fccbfe4216de1e832ec0a9abf800907f2f783589
5959,all-review/review-060.jpg,BLACK,picons/19.2e/rtl-deutschland/black/1_0_1_2EE3_441_1_C00000_0_0_0.png,picons/19.2e/rtl-deutschland/transparent/1_0_1_2EE3_441_1_C00000_0_0_0.png,VISUAL_PASS,Individually visually inspected in all-review/review-060.jpg; readable against BLACK background; no correction selected.,0942211749d2e2cd529fed6f7bb4308ca9532fcf7f650569521d8c54be44f7b3,7523dd7cf92687d2c4f5023c854804925fbc25403acf5b7c587b011e9c7aea3e,61e69f7fc46e340453bf74ccd7af6ac9d8eba9f8e232884659e1ea99f6abf3fe
5960,all-review/review-060.jpg,WHITE,picons/19.2e/rtl-deutschland/white/1_0_1_2EE3_441_1_C00000_0_0_0.png,picons/19.2e/rtl-deutschland/transparent/1_0_1_2EE3_441_1_C00000_0_0_0.png,VISUAL_PASS,Individually visually inspected in all-review/review-060.jpg; readable against WHITE background; no correction selected.,977cb4afbbedc554dcecf7f7aa05917c94697ce9323c0f3b0ca0969c9c9921b5,7523dd7cf92687d2c4f5023c854804925fbc25403acf5b7c587b011e9c7aea3e,c6ae4a808a65ffc8e6458336fccbfe4216de1e832ec0a9abf800907f2f783589
5961,all-review/review-060.jpg,BLACK,picons/19.2e/rtl-deutschland/black/1_0_1_2EE4_441_1_C00000_0_0_0.png,picons/19.2e/rtl-deutschland/transparent/1_0_1_2EE4_441_1_C00000_0_0_0.png,VISUAL_PASS,Individually visually inspected in all-review/review-060.jpg; readable against BLACK background; no correction selected.,588688d818536db56d66a9d1af6f65dbaf04b75cbd09e136b446beb658a189d5,08d8d849a5f63f638f0a99ec3482f355fbd6050bfa9ded017d52caf32efbee54,61e69f7fc46e340453bf74ccd7af6ac9d8eba9f8e232884659e1ea99f6abf3fe
5962,all-review/review-060.jpg,WHITE,picons/19.2e/rtl-deutschland/white/1_0_1_2EE4_441_1_C00000_0_0_0.png,picons/19.2e/rtl-deutschland/transparent/1_0_1_2EE4_441_1_C00000_0_0_0.png,VISUAL_PASS,Individually visually inspected in all-review/review-060.jpg; readable against WHITE background; no correction selected.,9de549575bf0e3b0971efc1ae0505e66df7fd3221d21e646ebac42fea6481fc1,08d8d849a5f63f638f0a99ec3482f355fbd6050bfa9ded017d52caf32efbee54,c6ae4a808a65ffc8e6458336fccbfe4216de1e832ec0a9abf800907f2f783589
5963,all-review/review-060.jpg,BLACK,picons/19.2e/rtl-deutschland/black/1_0_1_2EE5_441_1_C00000_0_0_0.png,picons/19.2e/rtl-deutschland/transparent/1_0_1_2EE5_441_1_C00000_0_0_0.png,VISUAL_PASS,Individually visually inspected in all-review/review-060.jpg; readable against BLACK background; no correction selected.,0d56c422e480e5ab86c61c25171dfd9fed7eea6ceeaab767620a950b7ccc3acc,6f2792c74be82d9351d87139544dea293c842765b98262277fcec700b7cae993,61e69f7fc46e340453bf74ccd7af6ac9d8eba9f8e232884659e1ea99f6abf3fe
5964,all-review/review-060.jpg,WHITE,picons/19.2e/rtl-deutschland/white/1_0_1_2EE5_441_1_C00000_0_0_0.png,picons/19.2e/rtl-deutschland/transparent/1_0_1_2EE5_441_1_C00000_0_0_0.png,VISUAL_PASS,Individually visually inspected in all-review/review-060.jpg; readable against WHITE background; no correction selected.,5220ee2024997a24a74ff89f89579575267b8c535f522b88c106425d98951747,6f2792c74be82d9351d87139544dea293c842765b98262277fcec700b7cae993,c6ae4a808a65ffc8e6458336fccbfe4216de1e832ec0a9abf800907f2f783589
5965,all-review/review-060.jpg,BLACK,picons/19.2e/rtl-deutschland/black/1_0_1_2EE6_441_1_C00000_0_0_0.png,picons/19.2e/rtl-deutschland/transparent/1_0_1_2EE6_441_1_C00000_0_0_0.png,VISUAL_PASS,Individually visually inspected in all-review/review-060.jpg; readable against BLACK background; no correction selected.,923656b8b895c19ad84af7d0174a5f82da807a590250e96ea873ecc69fbb90b4,ff80cab6590486ffe7362ad8cefb7a2dd9b3df7398b13e712b904bc933aab9f7,61e69f7fc46e340453bf74ccd7af6ac9d8eba9f8e232884659e1ea99f6abf3fe
5966,all-review/review-060.jpg,WHITE,picons/19.2e/rtl-deutschland/white/1_0_1_2EE6_441_1_C00000_0_0_0.png,picons/19.2e/rtl-deutschland/transparent/1_0_1_2EE6_441_1_C00000_0_0_0.png,VISUAL_PASS,Individually visually inspected in all-review/review-060.jpg; readable against WHITE background; no correction selected.,f07c835c0e4c4f8a68d1411792312a2ba87001cb2ea6ee22c745f04f23031dda,ff80cab6590486ffe7362ad8cefb7a2dd9b3df7398b13e712b904bc933aab9f7,c6ae4a808a65ffc8e6458336fccbfe4216de1e832ec0a9abf800907f2f783589
5967,all-review/review-060.jpg,BLACK,picons/19.2e/rtl-deutschland/black/1_0_1_2EE9_441_1_C00000_0_0_0.png,picons/19.2e/rtl-deutschland/transparent/1_0_1_2EE9_441_1_C00000_0_0_0.png,VISUAL_PASS,Individually visually inspected in all-review/review-060.jpg; readable against BLACK background; no correction selected.,baf677318a77b50deed89a1df2a86c9d88983b6c369de20573428094f06882ec,3f518706b221ee3b2e1795f732487205424bee4950dd69e838ae8140eb8644a9,61e69f7fc46e340453bf74ccd7af6ac9d8eba9f8e232884659e1ea99f6abf3fe
5968,all-review/review-060.jpg,WHITE,picons/19.2e/rtl-deutschland/white/1_0_1_2EE9_441_1_C00000_0_0_0.png,picons/19.2e/rtl-deutschland/transparent/1_0_1_2EE9_441_1_C00000_0_0_0.png,VISUAL_PASS,Individually visually inspected in all-review/review-060.jpg; readable against WHITE background; no correction selected.,74c77999dd9eb8f20d0ac0123761293802bb54dcda26da0c69fd7da7405c5d13,3f518706b221ee3b2e1795f732487205424bee4950dd69e838ae8140eb8644a9,c6ae4a808a65ffc8e6458336fccbfe4216de1e832ec0a9abf800907f2f783589
5969,all-review/review-060.jpg,BLACK,picons/19.2e/rtl-deutschland/black/1_0_1_2EFE_441_1_C00000_0_0_0.png,picons/19.2e/rtl-deutschland/transparent/1_0_1_2EFE_441_1_C00000_0_0_0.png,VISUAL_PASS,Individually visually inspected in all-review/review-060.jpg; readable against BLACK background; no correction selected.,dae5e5bb7c613280c5fa64e6a16aad8ed5159ad54be510db9f974a96b363acc1,d62d313c74efdd968cfd99268e4d8a115e6486e2b36968a7278f73b28fe2bc03,61e69f7fc46e340453bf74ccd7af6ac9d8eba9f8e232884659e1ea99f6abf3fe
5970,all-review/review-060.jpg,WHITE,picons/19.2e/rtl-deutschland/white/1_0_1_2EFE_441_1_C00000_0_0_0.png,picons/19.2e/rtl-deutschland/transparent/1_0_1_2EFE_441_1_C00000_0_0_0.png,VISUAL_PASS,Individually visually inspected in all-review/review-060.jpg; readable against WHITE background; no correction selected.,a7bb7a3af38ad4a38f5b7b9b545e42a7254faa0066f37ceeef2f6fff88fc7641,d62d313c74efdd968cfd99268e4d8a115e6486e2b36968a7278f73b28fe2bc03,c6ae4a808a65ffc8e6458336fccbfe4216de1e832ec0a9abf800907f2f783589
5971,all-review/review-060.jpg,WHITE,picons/19.2e/rtl-deutschland/white/1_0_1_2F08_441_1_C00000_0_0_0.png,picons/19.2e/rtl-deutschland/transparent/1_0_1_2F08_441_1_C00000_0_0_0.png,VISUAL_PASS,Individually visually inspected in all-review/review-060.jpg; readable against WHITE background; no correction selected.,0858f7c513c9bde788e2621847301744103a8b25c5f30fe9978730490011f935,551a1539a7f0920613622d7b20622cf08d8fa394df9fb42d3090801b9c44a944,c6ae4a808a65ffc8e6458336fccbfe4216de1e832ec0a9abf800907f2f783589
5972,all-review/review-060.jpg,BLACK,picons/19.2e/rtl-deutschland/black/1_0_1_2F1D_441_1_C00000_0_0_0.png,picons/19.2e/rtl-deutschland/transparent/1_0_1_2F1D_441_1_C00000_0_0_0.png,VISUAL_PASS,Individually visually inspected in all-review/review-060.jpg; readable against BLACK background; no correction selected.,289ee89e84b97d53e56d8e48001c336cbdbbc49c08f98faeb8d2fae65ad91085,d709cb0c77fba3aa074009405363db45a0faf44c7380081bb95d03f50386fcd2,61e69f7fc46e340453bf74ccd7af6ac9d8eba9f8e232884659e1ea99f6abf3fe
5973,all-review/review-060.jpg,WHITE,picons/19.2e/rtl-deutschland/white/1_0_1_2F1D_441_1_C00000_0_0_0.png,picons/19.2e/rtl-deutschland/transparent/1_0_1_2F1D_441_1_C00000_0_0_0.png,VISUAL_PASS,Individually visually inspected in all-review/review-060.jpg; readable against WHITE background; no correction selected.,7fabb0505f12675cca2510a7a0c3edce3d92c3a287a196821f1434c4af081482,d709cb0c77fba3aa074009405363db45a0faf44c7380081bb95d03f50386fcd2,c6ae4a808a65ffc8e6458336fccbfe4216de1e832ec0a9abf800907f2f783589
5974,all-review/review-060.jpg,BLACK,picons/19.2e/rtl-deutschland/black/1_0_1_2F3A_441_1_C00000_0_0_0.png,picons/19.2e/rtl-deutschland/transparent/1_0_1_2F3A_441_1_C00000_0_0_0.png,VISUAL_PASS,Individually visually inspected in all-review/review-060.jpg; readable against BLACK background; no correction selected.,a229412aef2fd3f626ab03bd71c60a23b53718e02c6988b14323ea387e115604,cbfca515f1e91094489d479d6e6655956a2eb4783f4ba9a6fc20cb5b7d446bba,61e69f7fc46e340453bf74ccd7af6ac9d8eba9f8e232884659e1ea99f6abf3fe
5975,all-review/review-060.jpg,WHITE,picons/19.2e/rtl-deutschland/white/1_0_1_2F3A_441_1_C00000_0_0_0.png,picons/19.2e/rtl-deutschland/transparent/1_0_1_2F3A_441_1_C00000_0_0_0.png,VISUAL_PASS,Individually visually inspected in all-review/review-060.jpg; readable against WHITE background; no correction selected.,5d25ef6632ac3357cb073dc7eb26837f1f64d591392b4c9854ef2c6a4c43c891,cbfca515f1e91094489d479d6e6655956a2eb4783f4ba9a6fc20cb5b7d446bba,c6ae4a808a65ffc8e6458336fccbfe4216de1e832ec0a9abf800907f2f783589
5976,all-review/review-060.jpg,BLACK,picons/19.2e/rtl-deutschland/black/1_0_2_2F3B_441_1_C00000_0_0_0.png,picons/19.2e/rtl-deutschland/transparent/1_0_2_2F3B_441_1_C00000_0_0_0.png,VISUAL_PASS,Individually visually inspected in all-review/review-060.jpg; readable against BLACK background; no correction selected.,f56a8df6c537a949f104dd57c479937ebaf53265aa65afc5e948e9146bf87aec,ab136518d27f95a56009f11216575e6d16e5e79a6a7b094384092752790b2afb,61e69f7fc46e340453bf74ccd7af6ac9d8eba9f8e232884659e1ea99f6abf3fe
5977,all-review/review-060.jpg,WHITE,picons/19.2e/rtl-deutschland/white/1_0_2_2F3B_441_1_C00000_0_0_0.png,picons/19.2e/rtl-deutschland/transparent/1_0_2_2F3B_441_1_C00000_0_0_0.png,VISUAL_PASS,Individually visually inspected in all-review/review-060.jpg; readable against WHITE background; no correction selected.,e399ea69c87d67c8ff0ac5cf77f88a422e1432c58be2525581c94a5d83960084,ab136518d27f95a56009f11216575e6d16e5e79a6a7b094384092752790b2afb,c6ae4a808a65ffc8e6458336fccbfe4216de1e832ec0a9abf800907f2f783589
5978,all-review/review-060.jpg,BLACK,picons/19.2e/servustv/black/1_0_1_3337_45B_1_C00000_0_0_0.png,picons/19.2e/servustv/transparent/1_0_1_3337_45B_1_C00000_0_0_0.png,VISUAL_PASS,Individually visually inspected in all-review/review-060.jpg; readable against BLACK background; no correction selected.,b84c8659c7cff4fb081bce8a92d45dc794ee8d23b671bd1ed275a868a76d66a4,2e8c22153e6c1cdc9050e92b4420b92e52ad1e894921ae5afffbdad8d8e15109,61e69f7fc46e340453bf74ccd7af6ac9d8eba9f8e232884659e1ea99f6abf3fe
5979,all-review/review-060.jpg,WHITE,picons/19.2e/servustv/white/1_0_1_3337_45B_1_C00000_0_0_0.png,picons/19.2e/servustv/transparent/1_0_1_3337_45B_1_C00000_0_0_0.png,VISUAL_PASS,Individually visually inspected in all-review/review-060.jpg; readable against WHITE background; no correction selected.,a9063f6c1cae6a7edb23ea0ad5b975a6baf196b844147d50b4c468636d32417d,2e8c22153e6c1cdc9050e92b4420b92e52ad1e894921ae5afffbdad8d8e15109,c6ae4a808a65ffc8e6458336fccbfe4216de1e832ec0a9abf800907f2f783589
5980,all-review/review-060.jpg,BLACK,picons/19.2e/ses/black/1_0_16_6D66_437_1_C00000_0_0_0.png,picons/19.2e/ses/transparent/1_0_16_6D66_437_1_C00000_0_0_0.png,VISUAL_PASS,Individually visually inspected in all-review/review-060.jpg; readable against BLACK background; no correction selected.,5ab53b303be8d2d5486cbc94f8c0ce7ff3796a189795a3e87ca625fd99c9a0b1,a2a2d76370cb8820fab40a55c5d26e445cf2e6b204ddc8f4d7f1e9f7b658bfc3,61e69f7fc46e340453bf74ccd7af6ac9d8eba9f8e232884659e1ea99f6abf3fe
5981,all-review/review-060.jpg,WHITE,picons/19.2e/ses/white/1_0_16_6D66_437_1_C00000_0_0_0.png,picons/19.2e/ses/transparent/1_0_16_6D66_437_1_C00000_0_0_0.png,VISUAL_PASS,Individually visually inspected in all-review/review-060.jpg; readable against WHITE background; no correction selected.,999606eda0e799677e076cd5de0b965a49c75460a2ee253b667c3e46fbd3275a,a2a2d76370cb8820fab40a55c5d26e445cf2e6b204ddc8f4d7f1e9f7b658bfc3,c6ae4a808a65ffc8e6458336fccbfe4216de1e832ec0a9abf800907f2f783589
5982,all-review/review-060.jpg,BLACK,picons/19.2e/ses/black/1_0_19_1090_3EE_1_C00000_0_0_0.png,picons/19.2e/ses/transparent/1_0_19_1090_3EE_1_C00000_0_0_0.png,VISUAL_PASS,Individually visually inspected in all-review/review-060.jpg; readable against BLACK background; no correction selected.,bd4594b13557018504fd9b1a4448fcddc36c7adff0bb5119a13f041cc27fb25e,374448d7d72305a2c571dece57fd0f50a26c69126143b45f67c3915f99083f32,61e69f7fc46e340453bf74ccd7af6ac9d8eba9f8e232884659e1ea99f6abf3fe
5983,all-review/review-060.jpg,WHITE,picons/19.2e/ses/white/1_0_19_1090_3EE_1_C00000_0_0_0.png,picons/19.2e/ses/transparent/1_0_19_1090_3EE_1_C00000_0_0_0.png,VISUAL_PASS,Individually visually inspected in all-review/review-060.jpg; readable against WHITE background; no correction selected.,acff57ae4bcdc334de8bb63c8ccceba23c49f0c1d3dad351492c14d2b0316d07,374448d7d72305a2c571dece57fd0f50a26c69126143b45f67c3915f99083f32,c6ae4a808a65ffc8e6458336fccbfe4216de1e832ec0a9abf800907f2f783589
5984,all-review/review-060.jpg,BLACK,picons/19.2e/ses/black/1_0_19_10CC_418_1_C00000_0_0_0.png,picons/19.2e/ses/transparent/1_0_19_10CC_418_1_C00000_0_0_0.png,VISUAL_PASS,Individually visually inspected in all-review/review-060.jpg; readable against BLACK background; no correction selected.,d550312b1f1c44af55defe2c9513a9dceba758fdd598888b3c0ab9e0dcfa49ef,8d180ef6bbf2cffe443461a6be279e8c70c402874e5c697de9208aa68accf81c,61e69f7fc46e340453bf74ccd7af6ac9d8eba9f8e232884659e1ea99f6abf3fe
5985,all-review/review-060.jpg,WHITE,picons/19.2e/ses/white/1_0_19_10CC_418_1_C00000_0_0_0.png,picons/19.2e/ses/transparent/1_0_19_10CC_418_1_C00000_0_0_0.png,VISUAL_PASS,Individually visually inspected in all-review/review-060.jpg; readable against WHITE background; no correction selected.,33e6e1560fa871a03ae4ed2aa4a9a0e4c020cfb9ed9210afe8d9ea451eb447d2,8d180ef6bbf2cffe443461a6be279e8c70c402874e5c697de9208aa68accf81c,c6ae4a808a65ffc8e6458336fccbfe4216de1e832ec0a9abf800907f2f783589
5986,all-review/review-060.jpg,BLACK,picons/19.2e/ses/black/1_0_19_10CD_418_1_C00000_0_0_0.png,picons/19.2e/ses/transparent/1_0_19_10CD_418_1_C00000_0_0_0.png,VISUAL_PASS,Individually visually inspected in all-review/review-060.jpg; readable against BLACK background; no correction selected.,abbfaae675b203935010d0b677d7c469f661979eeec6bfdfddb68c14f79b355b,8dd717475c441e5d1d8ac3ec6c1a884358eeef8cac99f461ee083028a7b56599,61e69f7fc46e340453bf74ccd7af6ac9d8eba9f8e232884659e1ea99f6abf3fe
5987,all-review/review-060.jpg,WHITE,picons/19.2e/ses/white/1_0_19_10CD_418_1_C00000_0_0_0.png,picons/19.2e/ses/transparent/1_0_19_10CD_418_1_C00000_0_0_0.png,VISUAL_PASS,Individually visually inspected in all-review/review-060.jpg; readable against WHITE background; no correction selected.,593db7029d143da6e022b2a4a630f4ae57e048c183afe8ac74a268740e478f93,8dd717475c441e5d1d8ac3ec6c1a884358eeef8cac99f461ee083028a7b56599,c6ae4a808a65ffc8e6458336fccbfe4216de1e832ec0a9abf800907f2f783589
5988,all-review/review-060.jpg,BLACK,picons/19.2e/ses/black/1_0_19_10CE_418_1_C00000_0_0_0.png,picons/19.2e/ses/transparent/1_0_19_10CE_418_1_C00000_0_0_0.png,VISUAL_PASS,Individually visually inspected in all-review/review-060.jpg; readable against BLACK background; no correction selected.,1fb982e347f3004bf85d9baf0b557d51bb89f570dbabc1cea1506defa5c1bba0,bd0e3c6296800b4c2fce87bec939d337faa2a60ec7f976c961e032920879c94e,61e69f7fc46e340453bf74ccd7af6ac9d8eba9f8e232884659e1ea99f6abf3fe
5989,all-review/review-060.jpg,WHITE,picons/19.2e/ses/white/1_0_19_10CE_418_1_C00000_0_0_0.png,picons/19.2e/ses/transparent/1_0_19_10CE_418_1_C00000_0_0_0.png,VISUAL_PASS,Individually visually inspected in all-review/review-060.jpg; readable against WHITE background; no correction selected.,beabbc68603b438543f4f781ee0ded01782568aacdda0a5dbe4a3bc9846ae5be,bd0e3c6296800b4c2fce87bec939d337faa2a60ec7f976c961e032920879c94e,c6ae4a808a65ffc8e6458336fccbfe4216de1e832ec0a9abf800907f2f783589
5990,all-review/review-060.jpg,BLACK,picons/19.2e/ses/black/1_0_19_10CF_418_1_C00000_0_0_0.png,picons/19.2e/ses/transparent/1_0_19_10CF_418_1_C00000_0_0_0.png,VISUAL_PASS,Individually visually inspected in all-review/review-060.jpg; readable against BLACK background; no correction selected.,049b54fc6d1c5b11fe8b7b4a3e103398d5f6604ba4771a64e8313ceca66a842c,88f21433e9fc1bc464727b64b96d44387389c8879fcb2876f52eb8606ab6c498,61e69f7fc46e340453bf74ccd7af6ac9d8eba9f8e232884659e1ea99f6abf3fe
5991,all-review/review-060.jpg,WHITE,picons/19.2e/ses/white/1_0_19_10CF_418_1_C00000_0_0_0.png,picons/19.2e/ses/transparent/1_0_19_10CF_418_1_C00000_0_0_0.png,VISUAL_PASS,Individually visually inspected in all-review/review-060.jpg; readable against WHITE background; no correction selected.,f3cb02d3b4fe27ef6d271a5dc552f27ac00458d662047e47da674869ed84481c,88f21433e9fc1bc464727b64b96d44387389c8879fcb2876f52eb8606ab6c498,c6ae4a808a65ffc8e6458336fccbfe4216de1e832ec0a9abf800907f2f783589
5992,all-review/review-060.jpg,BLACK,picons/19.2e/ses/black/1_0_19_10D0_418_1_C00000_0_0_0.png,picons/19.2e/ses/transparent/1_0_19_10D0_418_1_C00000_0_0_0.png,VISUAL_PASS,Individually visually inspected in all-review/review-060.jpg; readable against BLACK background; no correction selected.,66c632fb9da6efb1103dbb2b095ad371f203f11ca61249f0e5c19d8f447fa763,438056f1ba74505ea8b5bcf59a99dcc93e7c5013a530fef4ebab6677c58f3986,61e69f7fc46e340453bf74ccd7af6ac9d8eba9f8e232884659e1ea99f6abf3fe
5993,all-review/review-060.jpg,WHITE,picons/19.2e/ses/white/1_0_19_10D0_418_1_C00000_0_0_0.png,picons/19.2e/ses/transparent/1_0_19_10D0_418_1_C00000_0_0_0.png,VISUAL_PASS,Individually visually inspected in all-review/review-060.jpg; readable against WHITE background; no correction selected.,bbf9261197f76cd81e62916e7050e3cfaeb5489715814e3bd765b102b0e6d3b5,438056f1ba74505ea8b5bcf59a99dcc93e7c5013a530fef4ebab6677c58f3986,c6ae4a808a65ffc8e6458336fccbfe4216de1e832ec0a9abf800907f2f783589
5994,all-review/review-060.jpg,BLACK,picons/19.2e/ses/black/1_0_19_10D1_418_1_C00000_0_0_0.png,picons/19.2e/ses/transparent/1_0_19_10D1_418_1_C00000_0_0_0.png,VISUAL_PASS,Individually visually inspected in all-review/review-060.jpg; readable against BLACK background; no correction selected.,c9a36ec011ef24e319e40a8dae5a0af67e93246cecca714f702984743295c936,bcd9f227c2230c183afd7b06064e9594059d690ab1525ebb99a5c79b38ed7ae1,61e69f7fc46e340453bf74ccd7af6ac9d8eba9f8e232884659e1ea99f6abf3fe
5995,all-review/review-060.jpg,WHITE,picons/19.2e/ses/white/1_0_19_10D1_418_1_C00000_0_0_0.png,picons/19.2e/ses/transparent/1_0_19_10D1_418_1_C00000_0_0_0.png,VISUAL_PASS,Individually visually inspected in all-review/review-060.jpg; readable against WHITE background; no correction selected.,27994d8948b93e90c190c248251cf0e7b24d65d280eb5983534a1ce72f822e0c,bcd9f227c2230c183afd7b06064e9594059d690ab1525ebb99a5c79b38ed7ae1,c6ae4a808a65ffc8e6458336fccbfe4216de1e832ec0a9abf800907f2f783589
5996,all-review/review-060.jpg,BLACK,picons/19.2e/ses/black/1_0_19_13A7_3EA_1_C00000_0_0_0.png,picons/19.2e/ses/transparent/1_0_19_13A7_3EA_1_C00000_0_0_0.png,VISUAL_PASS,Individually visually inspected in all-review/review-060.jpg; readable against BLACK background; no correction selected.,f75d73a65ff7df1f60ec1f59f82459ca83664a39c6764034c3396ca4d3908563,35a3a01847003a0188af21e216d67abf18e43dd06b4fa2c77fdfb658e4e5c486,61e69f7fc46e340453bf74ccd7af6ac9d8eba9f8e232884659e1ea99f6abf3fe
5997,all-review/review-060.jpg,WHITE,picons/19.2e/ses/white/1_0_19_13A7_3EA_1_C00000_0_0_0.png,picons/19.2e/ses/transparent/1_0_19_13A7_3EA_1_C00000_0_0_0.png,VISUAL_PASS,Individually visually inspected in all-review/review-060.jpg; readable against WHITE background; no correction selected.,948e382cb8d28fafe3fe8a85dd0d640651f0aae92d24ab3ae062458cb1f42c23,35a3a01847003a0188af21e216d67abf18e43dd06b4fa2c77fdfb658e4e5c486,c6ae4a808a65ffc8e6458336fccbfe4216de1e832ec0a9abf800907f2f783589
5998,all-review/review-060.jpg,WHITE,picons/19.2e/ses/white/1_0_19_296C_45A_1_C00000_0_0_0.png,picons/19.2e/ses/transparent/1_0_19_296C_45A_1_C00000_0_0_0.png,VISUAL_PASS,Individually visually inspected in all-review/review-060.jpg; readable against WHITE background; no correction selected.,0e5216d20ee881c002269386855403678e43a57f3e8d9b85e0836fa303a95edc,9aeb80c5df74c8a8225b3ba0de4b3349d36a41c0d8624de59c7e187978202ea8,c6ae4a808a65ffc8e6458336fccbfe4216de1e832ec0a9abf800907f2f783589
5999,all-review/review-060.jpg,BLACK,picons/19.2e/ses/black/1_0_19_296D_45A_1_C00000_0_0_0.png,picons/19.2e/ses/transparent/1_0_19_296D_45A_1_C00000_0_0_0.png,VISUAL_PASS,Individually visually inspected in all-review/review-060.jpg; readable against BLACK background; no correction selected.,d6c00c4ee535a780009ac32d3167811446db8da479cb7ccdaa795fe3e3e38707,766263c6f8ce2f8cab8ec6b42aeb4be092064e9c4d1681c90727e8c0c86f8e39,61e69f7fc46e340453bf74ccd7af6ac9d8eba9f8e232884659e1ea99f6abf3fe
6000,all-review/review-060.jpg,WHITE,picons/19.2e/ses/white/1_0_19_296D_45A_1_C00000_0_0_0.png,picons/19.2e/ses/transparent/1_0_19_296D_45A_1_C00000_0_0_0.png,VISUAL_PASS,Individually visually inspected in all-review/review-060.jpg; readable against WHITE background; no correction selected.,517cbef4c364fa8e71650127658e95416ad606a81424ec837cdf4b9a9b9d8571,766263c6f8ce2f8cab8ec6b42aeb4be092064e9c4d1681c90727e8c0c86f8e39,c6ae4a808a65ffc8e6458336fccbfe4216de1e832ec0a9abf800907f2f783589
6001,all-review/review-061.jpg,BLACK,picons/19.2e/ses/black/1_0_19_296E_45A_1_C00000_0_0_0.png,picons/19.2e/ses/transparent/1_0_19_296E_45A_1_C00000_0_0_0.png,VISUAL_PASS,Individually visually inspected in all-review/review-061.jpg; readable against BLACK background; no correction selected.,6260b58ffec33ba5e62354f69112a047cde5f2eca014800158aed6d2d17718b1,ac4332f6f9d7509fe26b7a25849c2ed10a8edd5ef0fb831e2c4092a3a2a7011c,61e69f7fc46e340453bf74ccd7af6ac9d8eba9f8e232884659e1ea99f6abf3fe
6002,all-review/review-061.jpg,WHITE,picons/19.2e/ses/white/1_0_19_296E_45A_1_C00000_0_0_0.png,picons/19.2e/ses/transparent/1_0_19_296E_45A_1_C00000_0_0_0.png,VISUAL_PASS,Individually visually inspected in all-review/review-061.jpg; readable against WHITE background; no correction selected.,9c1d717f245598e07fea516a7d0da42b2d02979f4ad6c3c4ee3cf02c99a58dae,ac4332f6f9d7509fe26b7a25849c2ed10a8edd5ef0fb831e2c4092a3a2a7011c,c6ae4a808a65ffc8e6458336fccbfe4216de1e832ec0a9abf800907f2f783589
6003,all-review/review-061.jpg,WHITE,picons/19.2e/ses/white/1_0_19_296F_45A_1_C00000_0_0_0.png,picons/19.2e/ses/transparent/1_0_19_296F_45A_1_C00000_0_0_0.png,VISUAL_PASS,Individually visually inspected in all-review/review-061.jpg; readable against WHITE background; no correction selected.,c3e66681c4581617e2c4a0729064923f7a2f29022a12711bf777a679542895be,0983d15d64a7fbfafea3b0f058506fc45e82a518477c13e3b1a7c7eb2ec3030a,c6ae4a808a65ffc8e6458336fccbfe4216de1e832ec0a9abf800907f2f783589
6004,all-review/review-061.jpg,BLACK,picons/19.2e/ses/black/1_0_19_29D1_45C_1_C00000_0_0_0.png,picons/19.2e/ses/transparent/1_0_19_29D1_45C_1_C00000_0_0_0.png,VISUAL_PASS,Individually visually inspected in all-review/review-061.jpg; readable against BLACK background; no correction selected.,9e2eebfd4973c58803d54eccd8b9c17a722ece958c3840545dcd3a6af6e66242,9d182de518dd163a2a4b24086b58513317f642b8eb3c1d8aacff26bce6b86068,61e69f7fc46e340453bf74ccd7af6ac9d8eba9f8e232884659e1ea99f6abf3fe
6005,all-review/review-061.jpg,WHITE,picons/19.2e/ses/white/1_0_19_29D1_45C_1_C00000_0_0_0.png,picons/19.2e/ses/transparent/1_0_19_29D1_45C_1_C00000_0_0_0.png,VISUAL_PASS,Individually visually inspected in all-review/review-061.jpg; readable against WHITE background; no correction selected.,bfad3322410797fbb01b5807c0b798774413f1f270141015f92d9ecad2fa5181,9d182de518dd163a2a4b24086b58513317f642b8eb3c1d8aacff26bce6b86068,c6ae4a808a65ffc8e6458336fccbfe4216de1e832ec0a9abf800907f2f783589
6006,all-review/review-061.jpg,BLACK,picons/19.2e/ses/black/1_0_19_29D2_45C_1_C00000_0_0_0.png,picons/19.2e/ses/transparent/1_0_19_29D2_45C_1_C00000_0_0_0.png,VISUAL_PASS,Individually visually inspected in all-review/review-061.jpg; readable against BLACK background; no correction selected.,211ca7fb0e578a7fe78e9b8c080f5456584faad4389cba8a2c53ae07a022aa53,b601db1612202ab79a226cda519692c1ebd11f93358c14a8eec3de0d4ffc746f,61e69f7fc46e340453bf74ccd7af6ac9d8eba9f8e232884659e1ea99f6abf3fe
6007,all-review/review-061.jpg,WHITE,picons/19.2e/ses/white/1_0_19_29D2_45C_1_C00000_0_0_0.png,picons/19.2e/ses/transparent/1_0_19_29D2_45C_1_C00000_0_0_0.png,VISUAL_PASS,Individually visually inspected in all-review/review-061.jpg; readable against WHITE background; no correction selected.,117bdc790e6d2a4ed4bc8cb9c8255a9aa1ee30ae2b9c2c0fa9d556ffb5cdbb97,b601db1612202ab79a226cda519692c1ebd11f93358c14a8eec3de0d4ffc746f,c6ae4a808a65ffc8e6458336fccbfe4216de1e832ec0a9abf800907f2f783589
6008,all-review/review-061.jpg,BLACK,picons/19.2e/ses/black/1_0_19_6E3D_431_1_C00000_0_0_0.png,picons/19.2e/ses/transparent/1_0_19_6E3D_431_1_C00000_0_0_0.png,VISUAL_PASS,Individually visually inspected in all-review/review-061.jpg; readable against BLACK background; no correction selected.,de8af9e25917541352dab7af5649616a8219235f76068cb9d5666a46e5e1c9f4,ad53b8e374da726ebc2a282327d25c005da5fb5e1b4451be2a38df4c565ecf8f,61e69f7fc46e340453bf74ccd7af6ac9d8eba9f8e232884659e1ea99f6abf3fe
6009,all-review/review-061.jpg,WHITE,picons/19.2e/ses/white/1_0_19_6E3D_431_1_C00000_0_0_0.png,picons/19.2e/ses/transparent/1_0_19_6E3D_431_1_C00000_0_0_0.png,VISUAL_PASS,Individually visually inspected in all-review/review-061.jpg; readable against WHITE background; no correction selected.,a9bbe0bddb8d982b610198c2a17b2be8fa4a9fd64ccc5ab58c7eac23af3135e0,ad53b8e374da726ebc2a282327d25c005da5fb5e1b4451be2a38df4c565ecf8f,c6ae4a808a65ffc8e6458336fccbfe4216de1e832ec0a9abf800907f2f783589
6010,all-review/review-061.jpg,BLACK,picons/19.2e/ses/black/1_0_1F_1086_3EE_1_C00000_0_0_0.png,picons/19.2e/ses/transparent/1_0_1F_1086_3EE_1_C00000_0_0_0.png,VISUAL_PASS,Individually visually inspected in all-review/review-061.jpg; readable against BLACK background; no correction selected.,51ecbd3fe552dbe7de313e4123d5e9698b8328e213b14c752819e05c9eb49459,41d0f2280ae6765d2d15c2c1b8a43a6bde04381a7bb044f036d7530d486b67ae,61e69f7fc46e340453bf74ccd7af6ac9d8eba9f8e232884659e1ea99f6abf3fe
6011,all-review/review-061.jpg,WHITE,picons/19.2e/ses/white/1_0_1F_1086_3EE_1_C00000_0_0_0.png,picons/19.2e/ses/transparent/1_0_1F_1086_3EE_1_C00000_0_0_0.png,VISUAL_PASS,Individually visually inspected in all-review/review-061.jpg; readable against WHITE background; no correction selected.,c24f39d221c0646296f8ebcbde4a2e3ed6db2573db8fc35dd69d5d46a6818a0b,41d0f2280ae6765d2d15c2c1b8a43a6bde04381a7bb044f036d7530d486b67ae,c6ae4a808a65ffc8e6458336fccbfe4216de1e832ec0a9abf800907f2f783589
6012,all-review/review-061.jpg,BLACK,picons/19.2e/ses/black/1_0_1F_109A_3EE_1_C00000_0_0_0.png,picons/19.2e/ses/transparent/1_0_1F_109A_3EE_1_C00000_0_0_0.png,VISUAL_PASS,Individually visually inspected in all-review/review-061.jpg; readable against BLACK background; no correction selected.,47e8c02cd02fa2325f48b164e5d72b042c51d12b2a7f5008550324a047a59f44,ab5560907b967788e9db3c395cb338e2093fd7fbf3e7896130b87dfcf6c325f6,61e69f7fc46e340453bf74ccd7af6ac9d8eba9f8e232884659e1ea99f6abf3fe
6013,all-review/review-061.jpg,WHITE,picons/19.2e/ses/white/1_0_1F_109A_3EE_1_C00000_0_0_0.png,picons/19.2e/ses/transparent/1_0_1F_109A_3EE_1_C00000_0_0_0.png,VISUAL_PASS,Individually visually inspected in all-review/review-061.jpg; readable against WHITE background; no correction selected.,442f61183c8084d354ba1826f2903a2da7ccd5867611f8dbc24cb2bd6433831a,ab5560907b967788e9db3c395cb338e2093fd7fbf3e7896130b87dfcf6c325f6,c6ae4a808a65ffc8e6458336fccbfe4216de1e832ec0a9abf800907f2f783589
6014,all-review/review-061.jpg,BLACK,picons/19.2e/ses/black/1_0_1F_109B_3EE_1_C00000_0_0_0.png,picons/19.2e/ses/transparent/1_0_1F_109B_3EE_1_C00000_0_0_0.png,VISUAL_PASS,Individually visually inspected in all-review/review-061.jpg; readable against BLACK background; no correction selected.,2e04cc2645f44b60334640114b673f020d72efa4249320b061e4a31866a33d02,5615063329c6bd675dc6c8dcb7f44c75425d11f2438c3a429cdf4e70581074c3,61e69f7fc46e340453bf74ccd7af6ac9d8eba9f8e232884659e1ea99f6abf3fe
6015,all-review/review-061.jpg,WHITE,picons/19.2e/ses/white/1_0_1F_109B_3EE_1_C00000_0_0_0.png,picons/19.2e/ses/transparent/1_0_1F_109B_3EE_1_C00000_0_0_0.png,VISUAL_PASS,Individually visually inspected in all-review/review-061.jpg; readable against WHITE background; no correction selected.,a810c7eda74642fd219289a7fe426b00ac801994ab41ba1fbb8a0d564cb2daf8,5615063329c6bd675dc6c8dcb7f44c75425d11f2438c3a429cdf4e70581074c3,c6ae4a808a65ffc8e6458336fccbfe4216de1e832ec0a9abf800907f2f783589
6016,all-review/review-061.jpg,BLACK,picons/19.2e/ses/black/1_0_1F_109C_3EE_1_C00000_0_0_0.png,picons/19.2e/ses/transparent/1_0_1F_109C_3EE_1_C00000_0_0_0.png,VISUAL_PASS,Individually visually inspected in all-review/review-061.jpg; readable against BLACK background; no correction selected.,86ee77df449a36527b65ff2dadb639b48dc72f009736e615ae4026ea3f04300c,a5f488d5dea057a13cc117d32809d3db311ec90f041e1c91e6de062a5822578d,61e69f7fc46e340453bf74ccd7af6ac9d8eba9f8e232884659e1ea99f6abf3fe
6017,all-review/review-061.jpg,WHITE,picons/19.2e/ses/white/1_0_1F_109C_3EE_1_C00000_0_0_0.png,picons/19.2e/ses/transparent/1_0_1F_109C_3EE_1_C00000_0_0_0.png,VISUAL_PASS,Individually visually inspected in all-review/review-061.jpg; readable against WHITE background; no correction selected.,dd23287f75962b240a48a96be877712300966d084f6fe581f185f146a704655f,a5f488d5dea057a13cc117d32809d3db311ec90f041e1c91e6de062a5822578d,c6ae4a808a65ffc8e6458336fccbfe4216de1e832ec0a9abf800907f2f783589
6018,all-review/review-061.jpg,BLACK,picons/19.2e/ses/black/1_0_1F_109D_3EE_1_C00000_0_0_0.png,picons/19.2e/ses/transparent/1_0_1F_109D_3EE_1_C00000_0_0_0.png,VISUAL_PASS,Individually visually inspected in all-review/review-061.jpg; readable against BLACK background; no correction selected.,d6e12ab11e3fd01f1d33c9a334b02775e7c23d46efa8d85f1b14b8251bdfcb73,889cfbda1c8798bad7cbbf6e7186b2a715601b011448efaa0bb0009407f95030,61e69f7fc46e340453bf74ccd7af6ac9d8eba9f8e232884659e1ea99f6abf3fe
6019,all-review/review-061.jpg,WHITE,picons/19.2e/ses/white/1_0_1F_109D_3EE_1_C00000_0_0_0.png,picons/19.2e/ses/transparent/1_0_1F_109D_3EE_1_C00000_0_0_0.png,VISUAL_PASS,Individually visually inspected in all-review/review-061.jpg; readable against WHITE background; no correction selected.,14efe2ca3d8593a316d238f66a0b58263b52052de1899aa8bac8d3dee05f5e74,889cfbda1c8798bad7cbbf6e7186b2a715601b011448efaa0bb0009407f95030,c6ae4a808a65ffc8e6458336fccbfe4216de1e832ec0a9abf800907f2f783589
6020,all-review/review-061.jpg,BLACK,picons/19.2e/ses/black/1_0_1F_109E_3EE_1_C00000_0_0_0.png,picons/19.2e/ses/transparent/1_0_1F_109E_3EE_1_C00000_0_0_0.png,VISUAL_PASS,Individually visually inspected in all-review/review-061.jpg; readable against BLACK background; no correction selected.,7c54fba2027a7ef19936bb24565aec8e62698d369f964a2002c21ee5d66dc8b3,a0841252ee81a0df09ffdb88fd8a59435f575344a0047f382dc4a1ab0c5cbce8,61e69f7fc46e340453bf74ccd7af6ac9d8eba9f8e232884659e1ea99f6abf3fe
6021,all-review/review-061.jpg,WHITE,picons/19.2e/ses/white/1_0_1F_109E_3EE_1_C00000_0_0_0.png,picons/19.2e/ses/transparent/1_0_1F_109E_3EE_1_C00000_0_0_0.png,VISUAL_PASS,Individually visually inspected in all-review/review-061.jpg; readable against WHITE background; no correction selected.,4d1be2c97884afe3e6f2349851c2024c6ab64288295f3ca3e6d0d9c0d7201a0f,a0841252ee81a0df09ffdb88fd8a59435f575344a0047f382dc4a1ab0c5cbce8,c6ae4a808a65ffc8e6458336fccbfe4216de1e832ec0a9abf800907f2f783589
6022,all-review/review-061.jpg,BLACK,picons/19.2e/ses/black/1_0_1F_13BA_3EA_1_C00000_0_0_0.png,picons/19.2e/ses/transparent/1_0_1F_13BA_3EA_1_C00000_0_0_0.png,VISUAL_PASS,Individually visually inspected in all-review/review-061.jpg; readable against BLACK background; no correction selected.,c9d636d5877453b66be96055a9d81fd9b433e85683bc1b285fec681fc7ae06ac,8a2b06076abcdb3b7044b2c97f5b22acc247c60d62ac4f255cc99210ef5f0b1d,61e69f7fc46e340453bf74ccd7af6ac9d8eba9f8e232884659e1ea99f6abf3fe
6023,all-review/review-061.jpg,WHITE,picons/19.2e/ses/white/1_0_1F_13BA_3EA_1_C00000_0_0_0.png,picons/19.2e/ses/transparent/1_0_1F_13BA_3EA_1_C00000_0_0_0.png,VISUAL_PASS,Individually visually inspected in all-review/review-061.jpg; readable against WHITE background; no correction selected.,38722ccf7f90c063c35f3674dccd5b33ca13b6cda8f3d02d82ccc6ef124f4681,8a2b06076abcdb3b7044b2c97f5b22acc247c60d62ac4f255cc99210ef5f0b1d,c6ae4a808a65ffc8e6458336fccbfe4216de1e832ec0a9abf800907f2f783589
6024,all-review/review-061.jpg,BLACK,picons/19.2e/ses/black/1_0_1F_13BB_3EA_1_C00000_0_0_0.png,picons/19.2e/ses/transparent/1_0_1F_13BB_3EA_1_C00000_0_0_0.png,VISUAL_PASS,Individually visually inspected in all-review/review-061.jpg; readable against BLACK background; no correction selected.,8488ea48d558fe7d717f4266cb440b9c86225ae7e2445bc892fc6be88c4c0f02,75efb24dc5ff1702f3845f3a63c1e6601301af92d11119df4455d144cf8a673c,61e69f7fc46e340453bf74ccd7af6ac9d8eba9f8e232884659e1ea99f6abf3fe
6025,all-review/review-061.jpg,WHITE,picons/19.2e/ses/white/1_0_1F_13BB_3EA_1_C00000_0_0_0.png,picons/19.2e/ses/transparent/1_0_1F_13BB_3EA_1_C00000_0_0_0.png,VISUAL_PASS,Individually visually inspected in all-review/review-061.jpg; readable against WHITE background; no correction selected.,d560afcb72d6cc5e68b5c0a8d7892b2dc5ef62596a25ee9e972056d0a7e3dd99,75efb24dc5ff1702f3845f3a63c1e6601301af92d11119df4455d144cf8a673c,c6ae4a808a65ffc8e6458336fccbfe4216de1e832ec0a9abf800907f2f783589
6026,all-review/review-061.jpg,BLACK,picons/19.2e/ses/black/1_0_1F_13BC_3EA_1_C00000_0_0_0.png,picons/19.2e/ses/transparent/1_0_1F_13BC_3EA_1_C00000_0_0_0.png,VISUAL_PASS,Individually visually inspected in all-review/review-061.jpg; readable against BLACK background; no correction selected.,2ea71e4e2f534e8706ec82cc989376d15fca7e4a0857bb6da4ca7ab402f9de6d,9dd97c6a1d7f9ae7cad092e045e7b3e9d9bc32176f2f5331f3fc23e4439837ea,61e69f7fc46e340453bf74ccd7af6ac9d8eba9f8e232884659e1ea99f6abf3fe
6027,all-review/review-061.jpg,WHITE,picons/19.2e/ses/white/1_0_1F_13BC_3EA_1_C00000_0_0_0.png,picons/19.2e/ses/transparent/1_0_1F_13BC_3EA_1_C00000_0_0_0.png,VISUAL_PASS,Individually visually inspected in all-review/review-061.jpg; readable against WHITE background; no correction selected.,c75b62ebeba2029cedcbcca1c561f9b2f907925b0f36fd2bdfbc15b9a850d71b,9dd97c6a1d7f9ae7cad092e045e7b3e9d9bc32176f2f5331f3fc23e4439837ea,c6ae4a808a65ffc8e6458336fccbfe4216de1e832ec0a9abf800907f2f783589
6028,all-review/review-061.jpg,BLACK,picons/19.2e/ses/black/1_0_1F_13BD_3EA_1_C00000_0_0_0.png,picons/19.2e/ses/transparent/1_0_1F_13BD_3EA_1_C00000_0_0_0.png,VISUAL_PASS,Individually visually inspected in all-review/review-061.jpg; readable against BLACK background; no correction selected.,686e70968394a717f893ec4a12a7252b5261742a23983db8d2b6ddc79a8beabb,744b64c4cb668f743fd7e8bbe2f63c1fffb85ef8daae2fe7b2237d63b2409d9c,61e69f7fc46e340453bf74ccd7af6ac9d8eba9f8e232884659e1ea99f6abf3fe
6029,all-review/review-061.jpg,WHITE,picons/19.2e/ses/white/1_0_1F_13BD_3EA_1_C00000_0_0_0.png,picons/19.2e/ses/transparent/1_0_1F_13BD_3EA_1_C00000_0_0_0.png,VISUAL_PASS,Individually visually inspected in all-review/review-061.jpg; readable against WHITE background; no correction selected.,d3f8f0a9c3f471d5eb8e58b1302a10b117a0a615338e0592aad4c5b230aa16ff,744b64c4cb668f743fd7e8bbe2f63c1fffb85ef8daae2fe7b2237d63b2409d9c,c6ae4a808a65ffc8e6458336fccbfe4216de1e832ec0a9abf800907f2f783589
6030,all-review/review-061.jpg,BLACK,picons/19.2e/ses/black/1_0_1F_13BE_3EA_1_C00000_0_0_0.png,picons/19.2e/ses/transparent/1_0_1F_13BE_3EA_1_C00000_0_0_0.png,VISUAL_PASS,Individually visually inspected in all-review/review-061.jpg; readable against BLACK background; no correction selected.,74e1e3c05cc0904aed1dd8568fc100eb9349bf44927c703220f2d996574d53ce,b8be1c7e7580183aa934e09481513e92ebdc8093f72b08cad2b081cde5feb5fb,61e69f7fc46e340453bf74ccd7af6ac9d8eba9f8e232884659e1ea99f6abf3fe
6031,all-review/review-061.jpg,WHITE,picons/19.2e/ses/white/1_0_1F_13BE_3EA_1_C00000_0_0_0.png,picons/19.2e/ses/transparent/1_0_1F_13BE_3EA_1_C00000_0_0_0.png,VISUAL_PASS,Individually visually inspected in all-review/review-061.jpg; readable against WHITE background; no correction selected.,2b4beafd7c0510c0f8f514dc7b746f269151e5f8a8b8afc68c7dacaa19a3ea39,b8be1c7e7580183aa934e09481513e92ebdc8093f72b08cad2b081cde5feb5fb,c6ae4a808a65ffc8e6458336fccbfe4216de1e832ec0a9abf800907f2f783589
6032,all-review/review-061.jpg,BLACK,picons/19.2e/ses/black/1_0_1F_2BC1_40C_1_C00000_0_0_0.png,picons/19.2e/ses/transparent/1_0_1F_2BC1_40C_1_C00000_0_0_0.png,VISUAL_PASS,Individually visually inspected in all-review/review-061.jpg; readable against BLACK background; no correction selected.,3e85c052f9b0fbded234d4c06017422a72399de56500261ad313b545d3f08b44,47f7ddf2ea44a4d8cd7aeb9e91001ce1481a731dcb0ad119bbaa1e36cd2b2650,61e69f7fc46e340453bf74ccd7af6ac9d8eba9f8e232884659e1ea99f6abf3fe
6033,all-review/review-061.jpg,WHITE,picons/19.2e/ses/white/1_0_1F_2BC1_40C_1_C00000_0_0_0.png,picons/19.2e/ses/transparent/1_0_1F_2BC1_40C_1_C00000_0_0_0.png,VISUAL_PASS,Individually visually inspected in all-review/review-061.jpg; readable against WHITE background; no correction selected.,969820e7ced4386d18ce10aca9e3140300c6b3466a8e68d7fc99b6c8b32d3bba,47f7ddf2ea44a4d8cd7aeb9e91001ce1481a731dcb0ad119bbaa1e36cd2b2650,c6ae4a808a65ffc8e6458336fccbfe4216de1e832ec0a9abf800907f2f783589
6034,all-review/review-061.jpg,BLACK,picons/19.2e/ses/black/1_0_1F_2BC2_40C_1_C00000_0_0_0.png,picons/19.2e/ses/transparent/1_0_1F_2BC2_40C_1_C00000_0_0_0.png,VISUAL_PASS,Individually visually inspected in all-review/review-061.jpg; readable against BLACK background; no correction selected.,e612dfef110e0bcc926a00d4346986800681186301299e015b6ac54a3ea729c2,cb3bf943283d62482edf58038a2ad9ae40bb6e98a2d0cf4cf91646598aaa4906,61e69f7fc46e340453bf74ccd7af6ac9d8eba9f8e232884659e1ea99f6abf3fe
6035,all-review/review-061.jpg,WHITE,picons/19.2e/ses/white/1_0_1F_2BC2_40C_1_C00000_0_0_0.png,picons/19.2e/ses/transparent/1_0_1F_2BC2_40C_1_C00000_0_0_0.png,VISUAL_PASS,Individually visually inspected in all-review/review-061.jpg; readable against WHITE background; no correction selected.,85065e9f79b5e43994d807c15ae542220d4ce3dfa4da121ee6422bac218bc5ed,cb3bf943283d62482edf58038a2ad9ae40bb6e98a2d0cf4cf91646598aaa4906,c6ae4a808a65ffc8e6458336fccbfe4216de1e832ec0a9abf800907f2f783589
6036,all-review/review-061.jpg,BLACK,picons/19.2e/ses/black/1_0_1F_2BC3_40C_1_C00000_0_0_0.png,picons/19.2e/ses/transparent/1_0_1F_2BC3_40C_1_C00000_0_0_0.png,VISUAL_PASS,Individually visually inspected in all-review/review-061.jpg; readable against BLACK background; no correction selected.,f6cf8e68bfca09a1a861d2edb345bec9edaa4d50ddfcdc9b92f76fc2aedb38d4,ab8b85b52234334b66964f234e47a2a00ee297364ec3581c6cbb9317429d03b0,61e69f7fc46e340453bf74ccd7af6ac9d8eba9f8e232884659e1ea99f6abf3fe
6037,all-review/review-061.jpg,WHITE,picons/19.2e/ses/white/1_0_1F_2BC3_40C_1_C00000_0_0_0.png,picons/19.2e/ses/transparent/1_0_1F_2BC3_40C_1_C00000_0_0_0.png,VISUAL_PASS,Individually visually inspected in all-review/review-061.jpg; readable against WHITE background; no correction selected.,3292a3de86b94bc379ca2b8af28d1818b831306322a3e9363271422730512f84,ab8b85b52234334b66964f234e47a2a00ee297364ec3581c6cbb9317429d03b0,c6ae4a808a65ffc8e6458336fccbfe4216de1e832ec0a9abf800907f2f783589
6038,all-review/review-061.jpg,WHITE,picons/19.2e/ses/white/1_0_1F_2BC4_40C_1_C00000_0_0_0.png,picons/19.2e/ses/transparent/1_0_1F_2BC4_40C_1_C00000_0_0_0.png,VISUAL_PASS,Individually visually inspected in all-review/review-061.jpg; readable against WHITE background; no correction selected.,735506bdec65e942937ca7b892a53b834acc50ad881fa57baaaf692d76af7583,ba4d93469453fcb1a501c4f340da73676e12c0847b6a7f10345a81ddd13f6010,c6ae4a808a65ffc8e6458336fccbfe4216de1e832ec0a9abf800907f2f783589
6039,all-review/review-061.jpg,BLACK,picons/19.2e/ses/black/1_0_1F_2BC9_40C_1_C00000_0_0_0.png,picons/19.2e/ses/transparent/1_0_1F_2BC9_40C_1_C00000_0_0_0.png,VISUAL_PASS,Individually visually inspected in all-review/review-061.jpg; readable against BLACK background; no correction selected.,7d9bbfa0a5a6ea73efe9ca24d2153ef5833c8b3f6be2d628a61014d687341764,f21b92a3b53f4a7c6e2a8f44475e0e359b5413202f5308976f18b5cf594696d0,61e69f7fc46e340453bf74ccd7af6ac9d8eba9f8e232884659e1ea99f6abf3fe
6040,all-review/review-061.jpg,WHITE,picons/19.2e/ses/white/1_0_1F_2BC9_40C_1_C00000_0_0_0.png,picons/19.2e/ses/transparent/1_0_1F_2BC9_40C_1_C00000_0_0_0.png,VISUAL_PASS,Individually visually inspected in all-review/review-061.jpg; readable against WHITE background; no correction selected.,9415d32b2cf567df9947d65368190c1a407eaaed106331199bc3a6c8efacb0db,f21b92a3b53f4a7c6e2a8f44475e0e359b5413202f5308976f18b5cf594696d0,c6ae4a808a65ffc8e6458336fccbfe4216de1e832ec0a9abf800907f2f783589
6041,all-review/review-061.jpg,WHITE,picons/19.2e/ses/white/1_0_1F_2BCA_40C_1_C00000_0_0_0.png,picons/19.2e/ses/transparent/1_0_1F_2BCA_40C_1_C00000_0_0_0.png,VISUAL_PASS,Individually visually inspected in all-review/review-061.jpg; readable against WHITE background; no correction selected.,994ea99eee70fd66bd0cb78a0649d81befe0d7b2d7453bca11da2069025b05c0,daf810815d09bec2652fc8db4e696dc95b12e84993251703ac28006aadc24ce1,c6ae4a808a65ffc8e6458336fccbfe4216de1e832ec0a9abf800907f2f783589
6042,all-review/review-061.jpg,BLACK,picons/19.2e/ses/black/1_0_1F_2BCC_40C_1_C00000_0_0_0.png,picons/19.2e/ses/transparent/1_0_1F_2BCC_40C_1_C00000_0_0_0.png,VISUAL_PASS,Individually visually inspected in all-review/review-061.jpg; readable against BLACK background; no correction selected.,230f1ad8e487d0c0366ee831ebc9515bbe37e4aa4656d19cb68a5e03cb3d4df6,ff662a1f2974333b511c11d5288821bef2af6d6310836e759029008892c6a358,61e69f7fc46e340453bf74ccd7af6ac9d8eba9f8e232884659e1ea99f6abf3fe
6043,all-review/review-061.jpg,WHITE,picons/19.2e/ses/white/1_0_1F_2BCC_40C_1_C00000_0_0_0.png,picons/19.2e/ses/transparent/1_0_1F_2BCC_40C_1_C00000_0_0_0.png,VISUAL_PASS,Individually visually inspected in all-review/review-061.jpg; readable against WHITE background; no correction selected.,ee5ef54ed02f6e661c80bb58f3b7fc547fcbcae155f7dfbcde6f267f7720074d,ff662a1f2974333b511c11d5288821bef2af6d6310836e759029008892c6a358,c6ae4a808a65ffc8e6458336fccbfe4216de1e832ec0a9abf800907f2f783589
6044,all-review/review-061.jpg,BLACK,picons/19.2e/ses/black/1_0_1F_2BCD_40C_1_C00000_0_0_0.png,picons/19.2e/ses/transparent/1_0_1F_2BCD_40C_1_C00000_0_0_0.png,VISUAL_PASS,Individually visually inspected in all-review/review-061.jpg; readable against BLACK background; no correction selected.,3e30e966eeea968d8ef935a8575822afe2ec3e274a5ab5390209caed2706eb9d,c0813a5981ffc63e878038df5ba179e09d5bb51b54a29f48ceb62be629608ead,61e69f7fc46e340453bf74ccd7af6ac9d8eba9f8e232884659e1ea99f6abf3fe
6045,all-review/review-061.jpg,WHITE,picons/19.2e/ses/white/1_0_1F_2BCD_40C_1_C00000_0_0_0.png,picons/19.2e/ses/transparent/1_0_1F_2BCD_40C_1_C00000_0_0_0.png,VISUAL_PASS,Individually visually inspected in all-review/review-061.jpg; readable against WHITE background; no correction selected.,ae0c382e7afab94ac1c8ceab0cb70069597048c7ed25b766b259d800a8a44999,c0813a5981ffc63e878038df5ba179e09d5bb51b54a29f48ceb62be629608ead,c6ae4a808a65ffc8e6458336fccbfe4216de1e832ec0a9abf800907f2f783589
6046,all-review/review-061.jpg,BLACK,picons/19.2e/ses/black/1_0_1F_2C88_41A_1_C00000_0_0_0.png,picons/19.2e/ses/transparent/1_0_1F_2C88_41A_1_C00000_0_0_0.png,VISUAL_PASS,Individually visually inspected in all-review/review-061.jpg; readable against BLACK background; no correction selected.,dd44c064bcaf7baf834b41878b5fef37bc8805d28b94652579f67a5f0a503330,ed088abaece18b3d84584adb93a875a8dbd4bd6403aa1244232115553069273b,61e69f7fc46e340453bf74ccd7af6ac9d8eba9f8e232884659e1ea99f6abf3fe
6047,all-review/review-061.jpg,WHITE,picons/19.2e/ses/white/1_0_1F_2C88_41A_1_C00000_0_0_0.png,picons/19.2e/ses/transparent/1_0_1F_2C88_41A_1_C00000_0_0_0.png,VISUAL_PASS,Individually visually inspected in all-review/review-061.jpg; readable against WHITE background; no correction selected.,e0c8f4a5e41aeead402600a331493d003f1bc4306b77509b680ef76998eb401b,ed088abaece18b3d84584adb93a875a8dbd4bd6403aa1244232115553069273b,c6ae4a808a65ffc8e6458336fccbfe4216de1e832ec0a9abf800907f2f783589
6048,all-review/review-061.jpg,BLACK,picons/19.2e/ses/black/1_0_1F_2C8D_41A_1_C00000_0_0_0.png,picons/19.2e/ses/transparent/1_0_1F_2C8D_41A_1_C00000_0_0_0.png,VISUAL_PASS,Individually visually inspected in all-review/review-061.jpg; readable against BLACK background; no correction selected.,5e57037c6294dd63572586cbf792793be1d8215d6a7d6a5f89c89c704a5f9e60,a8a93ebbe8508b3b84b4f40705f589522f1c2d83318caba66d31d596cb89c911,61e69f7fc46e340453bf74ccd7af6ac9d8eba9f8e232884659e1ea99f6abf3fe
6049,all-review/review-061.jpg,BLACK,picons/19.2e/ses/black/1_0_1F_2C8E_41A_1_C00000_0_0_0.png,picons/19.2e/ses/transparent/1_0_1F_2C8E_41A_1_C00000_0_0_0.png,VISUAL_PASS,Individually visually inspected in all-review/review-061.jpg; readable against BLACK background; no correction selected.,0ce27467e1216bf26188d71dfb3da8b0a1a3833f3a0d47e589677a750f91cf8b,07b037735bd68d4e06cabf691387c076d1716bdaef389e893e4dba8676e9a392,61e69f7fc46e340453bf74ccd7af6ac9d8eba9f8e232884659e1ea99f6abf3fe
6050,all-review/review-061.jpg,WHITE,picons/19.2e/ses/white/1_0_1F_2C8E_41A_1_C00000_0_0_0.png,picons/19.2e/ses/transparent/1_0_1F_2C8E_41A_1_C00000_0_0_0.png,VISUAL_PASS,Individually visually inspected in all-review/review-061.jpg; readable against WHITE background; no correction selected.,f8addf38c44cb1d7969e0fc8d4debf54aa422ca4f47ae24927698caaaf29c83a,07b037735bd68d4e06cabf691387c076d1716bdaef389e893e4dba8676e9a392,c6ae4a808a65ffc8e6458336fccbfe4216de1e832ec0a9abf800907f2f783589
6051,all-review/review-061.jpg,BLACK,picons/19.2e/ses/black/1_0_1F_2C90_41A_1_C00000_0_0_0.png,picons/19.2e/ses/transparent/1_0_1F_2C90_41A_1_C00000_0_0_0.png,VISUAL_PASS,Individually visually inspected in all-review/review-061.jpg; readable against BLACK background; no correction selected.,034bb9d34730d817a610999a2addcfc7d0dfb9c8ccc7d3e46da637667e856cde,421296b3f9eabe45887378349c6254fc256113a86be1c9d690f272f1786d4c04,61e69f7fc46e340453bf74ccd7af6ac9d8eba9f8e232884659e1ea99f6abf3fe
6052,all-review/review-061.jpg,WHITE,picons/19.2e/ses/white/1_0_1F_2C90_41A_1_C00000_0_0_0.png,picons/19.2e/ses/transparent/1_0_1F_2C90_41A_1_C00000_0_0_0.png,VISUAL_PASS,Individually visually inspected in all-review/review-061.jpg; readable against WHITE background; no correction selected.,88400ffb48f3a3c4c4792d7dcb4ef25493cdd032156b1a895501805553d622cf,421296b3f9eabe45887378349c6254fc256113a86be1c9d690f272f1786d4c04,c6ae4a808a65ffc8e6458336fccbfe4216de1e832ec0a9abf800907f2f783589
6053,all-review/review-061.jpg,BLACK,picons/19.2e/ses/black/1_0_1F_2C91_41A_1_C00000_0_0_0.png,picons/19.2e/ses/transparent/1_0_1F_2C91_41A_1_C00000_0_0_0.png,VISUAL_PASS,Individually visually inspected in all-review/review-061.jpg; readable against BLACK background; no correction selected.,d79870cc6742b2e3ea1660ed2c41cd37260eda50268845ee3c65579ae4aedd37,a0b0f3a725714a0dca6c54704b2df0e3ce3b3f87cd021a8b3f58249a645bdfa6,61e69f7fc46e340453bf74ccd7af6ac9d8eba9f8e232884659e1ea99f6abf3fe
6054,all-review/review-061.jpg,BLACK,picons/19.2e/ses/black/1_0_1F_2C92_41A_1_C00000_0_0_0.png,picons/19.2e/ses/transparent/1_0_1F_2C92_41A_1_C00000_0_0_0.png,VISUAL_PASS,Individually visually inspected in all-review/review-061.jpg; readable against BLACK background; no correction selected.,258199a840411756ecd552f0dd878be90da3640e0dbaa6360a386622f574c37b,a42b00d0bccd7a696116a11875cc8fe38fa817e200a060e4c69aa679b809a085,61e69f7fc46e340453bf74ccd7af6ac9d8eba9f8e232884659e1ea99f6abf3fe
6055,all-review/review-061.jpg,WHITE,picons/19.2e/ses/white/1_0_1F_2C92_41A_1_C00000_0_0_0.png,picons/19.2e/ses/transparent/1_0_1F_2C92_41A_1_C00000_0_0_0.png,VISUAL_PASS,Individually visually inspected in all-review/review-061.jpg; readable against WHITE background; no correction selected.,f380163dad72cefac30bdc610a5af7f6ed503cd33f11d7d573b5b2de3f1287a8,a42b00d0bccd7a696116a11875cc8fe38fa817e200a060e4c69aa679b809a085,c6ae4a808a65ffc8e6458336fccbfe4216de1e832ec0a9abf800907f2f783589
6056,all-review/review-061.jpg,BLACK,picons/19.2e/ses/black/1_0_1_2936_458_1_C00000_0_0_0.png,picons/19.2e/ses/transparent/1_0_1_2936_458_1_C00000_0_0_0.png,VISUAL_PASS,Individually visually inspected in all-review/review-061.jpg; readable against BLACK background; no correction selected.,7b91409f21d734724c71244103dfac1a6218222ce818c2f3041dce271f4cd9fa,4b4c53f1ff1f648fb129429f5d0617f0495ac14e2af8a740c9500778ba9e1010,61e69f7fc46e340453bf74ccd7af6ac9d8eba9f8e232884659e1ea99f6abf3fe
6057,all-review/review-061.jpg,WHITE,picons/19.2e/ses/white/1_0_1_2936_458_1_C00000_0_0_0.png,picons/19.2e/ses/transparent/1_0_1_2936_458_1_C00000_0_0_0.png,VISUAL_PASS,Individually visually inspected in all-review/review-061.jpg; readable against WHITE background; no correction selected.,5e24ea04fa86ec1d858593d9e02fc2ce4d83c88cd66cd2b7ef188b4a55fe2a5b,4b4c53f1ff1f648fb129429f5d0617f0495ac14e2af8a740c9500778ba9e1010,c6ae4a808a65ffc8e6458336fccbfe4216de1e832ec0a9abf800907f2f783589
6058,all-review/review-061.jpg,BLACK,picons/19.2e/ses/black/1_0_1_2938_458_1_C00000_0_0_0.png,picons/19.2e/ses/transparent/1_0_1_2938_458_1_C00000_0_0_0.png,VISUAL_PASS,Individually visually inspected in all-review/review-061.jpg; readable against BLACK background; no correction selected.,e931c181aeda88a6cc399fea6b5a4e5fafcdda6b4e45101d2c3571caf8bfd317,d8501adb640aff17d59e8e89edc205454f642f2e77767c2f2dc18173524177db,61e69f7fc46e340453bf74ccd7af6ac9d8eba9f8e232884659e1ea99f6abf3fe
6059,all-review/review-061.jpg,WHITE,picons/19.2e/ses/white/1_0_1_2938_458_1_C00000_0_0_0.png,picons/19.2e/ses/transparent/1_0_1_2938_458_1_C00000_0_0_0.png,VISUAL_PASS,Individually visually inspected in all-review/review-061.jpg; readable against WHITE background; no correction selected.,84e673e90e200d6545c32c5f4381db923ba22c6801c57d6549394b6c7879138e,d8501adb640aff17d59e8e89edc205454f642f2e77767c2f2dc18173524177db,c6ae4a808a65ffc8e6458336fccbfe4216de1e832ec0a9abf800907f2f783589
6060,all-review/review-061.jpg,BLACK,picons/19.2e/ses/black/1_0_1_2939_458_1_C00000_0_0_0.png,picons/19.2e/ses/transparent/1_0_1_2939_458_1_C00000_0_0_0.png,VISUAL_PASS,Individually visually inspected in all-review/review-061.jpg; readable against BLACK background; no correction selected.,d1cb09b95258cd05264e7cf2ef00a51aedab12491693b27ae7424864c2173673,83a08e602c5da634a4bec6173362c73f85167ea9f628fa637ee9e874ff996875,61e69f7fc46e340453bf74ccd7af6ac9d8eba9f8e232884659e1ea99f6abf3fe
6061,all-review/review-061.jpg,WHITE,picons/19.2e/ses/white/1_0_1_2939_458_1_C00000_0_0_0.png,picons/19.2e/ses/transparent/1_0_1_2939_458_1_C00000_0_0_0.png,VISUAL_PASS,Individually visually inspected in all-review/review-061.jpg; readable against WHITE background; no correction selected.,3219e08c918a009c0a5b47dc43aa4dba6652b810c6b5c4721d5a28ba898a88af,83a08e602c5da634a4bec6173362c73f85167ea9f628fa637ee9e874ff996875,c6ae4a808a65ffc8e6458336fccbfe4216de1e832ec0a9abf800907f2f783589
6062,all-review/review-061.jpg,WHITE,picons/19.2e/ses/white/1_0_1_293A_458_1_C00000_0_0_0.png,picons/19.2e/ses/transparent/1_0_1_293A_458_1_C00000_0_0_0.png,VISUAL_PASS,Individually visually inspected in all-review/review-061.jpg; readable against WHITE background; no correction selected.,9a8c5a1b3ef7eb277801536bacd9fa6edd63573c244d10e88c105b6aade17fce,214d11fd61606755e81254ce90d6e05474c79376a6a8c9478d45b025a83cb1ef,c6ae4a808a65ffc8e6458336fccbfe4216de1e832ec0a9abf800907f2f783589
6063,all-review/review-061.jpg,BLACK,picons/19.2e/ses/black/1_0_1_293B_458_1_C00000_0_0_0.png,picons/19.2e/ses/transparent/1_0_1_293B_458_1_C00000_0_0_0.png,VISUAL_PASS,Individually visually inspected in all-review/review-061.jpg; readable against BLACK background; no correction selected.,52fa116ce077d4ce22208315de0cf601166db4b6a63ff856575e252e77ac716d,0b1a7fd54381ca3ea31fe5c4f51e168be6a2be2f41c11ca2a695171ab97bdf7e,61e69f7fc46e340453bf74ccd7af6ac9d8eba9f8e232884659e1ea99f6abf3fe
6064,all-review/review-061.jpg,WHITE,picons/19.2e/ses/white/1_0_1_293B_458_1_C00000_0_0_0.png,picons/19.2e/ses/transparent/1_0_1_293B_458_1_C00000_0_0_0.png,VISUAL_PASS,Individually visually inspected in all-review/review-061.jpg; readable against WHITE background; no correction selected.,d574629079d0bc8a2b9defad19289fac0bff46091ea7d811cbcb3acfad7e0814,0b1a7fd54381ca3ea31fe5c4f51e168be6a2be2f41c11ca2a695171ab97bdf7e,c6ae4a808a65ffc8e6458336fccbfe4216de1e832ec0a9abf800907f2f783589
6065,all-review/review-061.jpg,WHITE,picons/19.2e/ses/white/1_0_1_293C_458_1_C00000_0_0_0.png,picons/19.2e/ses/transparent/1_0_1_293C_458_1_C00000_0_0_0.png,VISUAL_PASS,Individually visually inspected in all-review/review-061.jpg; readable against WHITE background; no correction selected.,60d273795b6407e974b0bf98d3df9311a4bafe804fd680e9546c337fdccaaf55,42f6d9fefe1997e72bbd4c0afa6b4e0d594aa8c8e5b2943af9dd4c89385470d6,c6ae4a808a65ffc8e6458336fccbfe4216de1e832ec0a9abf800907f2f783589
6066,all-review/review-061.jpg,BLACK,picons/19.2e/ses/black/1_0_1_293D_458_1_C00000_0_0_0.png,picons/19.2e/ses/transparent/1_0_1_293D_458_1_C00000_0_0_0.png,VISUAL_PASS,Individually visually inspected in all-review/review-061.jpg; readable against BLACK background; no correction selected.,ca5817637b579b80451843c6f941db2d52cf94e1554b6804595e611139050203,d0df0b06633665c326f9223c42778a54fc1aa543c90ad2438258c9f3acc44643,61e69f7fc46e340453bf74ccd7af6ac9d8eba9f8e232884659e1ea99f6abf3fe
6067,all-review/review-061.jpg,WHITE,picons/19.2e/ses/white/1_0_1_293D_458_1_C00000_0_0_0.png,picons/19.2e/ses/transparent/1_0_1_293D_458_1_C00000_0_0_0.png,VISUAL_PASS,Individually visually inspected in all-review/review-061.jpg; readable against WHITE background; no correction selected.,4557aeb11c02c071bc0861ac543bdc4dd29b149b6d07589522be1ace855f1ef2,d0df0b06633665c326f9223c42778a54fc1aa543c90ad2438258c9f3acc44643,c6ae4a808a65ffc8e6458336fccbfe4216de1e832ec0a9abf800907f2f783589
6068,all-review/review-061.jpg,BLACK,picons/19.2e/ses/black/1_0_1_293E_458_1_C00000_0_0_0.png,picons/19.2e/ses/transparent/1_0_1_293E_458_1_C00000_0_0_0.png,VISUAL_PASS,Individually visually inspected in all-review/review-061.jpg; readable against BLACK background; no correction selected.,12537fde4a68abead5c02da016718df6a28cd1660c171e9f1c7a200c9d0ab921,46364168650716faace41060c582900aa276a711afcc13e740026d89da42bb81,61e69f7fc46e340453bf74ccd7af6ac9d8eba9f8e232884659e1ea99f6abf3fe
6069,all-review/review-061.jpg,WHITE,picons/19.2e/ses/white/1_0_1_293E_458_1_C00000_0_0_0.png,picons/19.2e/ses/transparent/1_0_1_293E_458_1_C00000_0_0_0.png,VISUAL_PASS,Individually visually inspected in all-review/review-061.jpg; readable against WHITE background; no correction selected.,60c035db9a2f8e83ff8b40e5616dda15dfa7b645cf0e21e3ff691aba7acaef62,46364168650716faace41060c582900aa276a711afcc13e740026d89da42bb81,c6ae4a808a65ffc8e6458336fccbfe4216de1e832ec0a9abf800907f2f783589
6070,all-review/review-061.jpg,WHITE,picons/19.2e/ses/white/1_0_1_293F_458_1_C00000_0_0_0.png,picons/19.2e/ses/transparent/1_0_1_293F_458_1_C00000_0_0_0.png,VISUAL_PASS,Individually visually inspected in all-review/review-061.jpg; readable against WHITE background; no correction selected.,ac6a3abf41ced6aee6dbbb05e0647386008f3d922f0c15f227f23c776e713fa3,8b747d3b012be8203c0793c91db0971307d63dc6b98382467d95001f35fe3a4a,c6ae4a808a65ffc8e6458336fccbfe4216de1e832ec0a9abf800907f2f783589
6071,all-review/review-061.jpg,BLACK,picons/19.2e/ses/black/1_0_1_2940_458_1_C00000_0_0_0.png,picons/19.2e/ses/transparent/1_0_1_2940_458_1_C00000_0_0_0.png,VISUAL_PASS,Individually visually inspected in all-review/review-061.jpg; readable against BLACK background; no correction selected.,4034e2cdffc0e27a6a3eaa8f8da04fba90ea48a628cbec51c982826120a20df1,6c8d57be040f0fade3194b48bd92a94162bbfb81019c23c61ba09b5fe72b3b36,61e69f7fc46e340453bf74ccd7af6ac9d8eba9f8e232884659e1ea99f6abf3fe
6072,all-review/review-061.jpg,WHITE,picons/19.2e/ses/white/1_0_1_2940_458_1_C00000_0_0_0.png,picons/19.2e/ses/transparent/1_0_1_2940_458_1_C00000_0_0_0.png,VISUAL_PASS,Individually visually inspected in all-review/review-061.jpg; readable against WHITE background; no correction selected.,60330a0829bcdc660252e074309d659bb50fe3f7af1c40b5956c30f504821865,6c8d57be040f0fade3194b48bd92a94162bbfb81019c23c61ba09b5fe72b3b36,c6ae4a808a65ffc8e6458336fccbfe4216de1e832ec0a9abf800907f2f783589
6073,all-review/review-061.jpg,BLACK,picons/19.2e/ses/black/1_0_1_2941_458_1_C00000_0_0_0.png,picons/19.2e/ses/transparent/1_0_1_2941_458_1_C00000_0_0_0.png,VISUAL_PASS,Individually visually inspected in all-review/review-061.jpg; readable against BLACK background; no correction selected.,556c86a6a0100f62d4b233ccd5fcf7d029fb62bc633156a5b24042adf57674ee,d6d359bd487b056c3f8e034a654e53b8e87821c9d5097025c1a298ef39bd5aa9,61e69f7fc46e340453bf74ccd7af6ac9d8eba9f8e232884659e1ea99f6abf3fe
6074,all-review/review-061.jpg,WHITE,picons/19.2e/ses/white/1_0_1_2941_458_1_C00000_0_0_0.png,picons/19.2e/ses/transparent/1_0_1_2941_458_1_C00000_0_0_0.png,VISUAL_PASS,Individually visually inspected in all-review/review-061.jpg; readable against WHITE background; no correction selected.,3d6702ba66e9dc22aefb318465aa8c8296a02ad6499d4b38d00b42192a5f8a31,d6d359bd487b056c3f8e034a654e53b8e87821c9d5097025c1a298ef39bd5aa9,c6ae4a808a65ffc8e6458336fccbfe4216de1e832ec0a9abf800907f2f783589
6075,all-review/review-061.jpg,BLACK,picons/19.2e/ses/black/1_0_1_2942_458_1_C00000_0_0_0.png,picons/19.2e/ses/transparent/1_0_1_2942_458_1_C00000_0_0_0.png,VISUAL_PASS,Individually visually inspected in all-review/review-061.jpg; readable against BLACK background; no correction selected.,15eac1b2d0024a60a86907615551f3d990d2360529dffe1e4e5e7dc854e2e529,1386981037fec8b152a2102c43b0d21b029e05f255969fa0384e868206d94d31,61e69f7fc46e340453bf74ccd7af6ac9d8eba9f8e232884659e1ea99f6abf3fe
6076,all-review/review-061.jpg,WHITE,picons/19.2e/ses/white/1_0_1_2942_458_1_C00000_0_0_0.png,picons/19.2e/ses/transparent/1_0_1_2942_458_1_C00000_0_0_0.png,VISUAL_PASS,Individually visually inspected in all-review/review-061.jpg; readable against WHITE background; no correction selected.,0d3a75543a133b040be2fa6c2d3671413dea7162be42d5159eb9181e3bce3a19,1386981037fec8b152a2102c43b0d21b029e05f255969fa0384e868206d94d31,c6ae4a808a65ffc8e6458336fccbfe4216de1e832ec0a9abf800907f2f783589
6077,all-review/review-061.jpg,BLACK,picons/19.2e/ses/black/1_0_1_308_5_85_C00000_0_0_0.png,picons/19.2e/ses/transparent/1_0_1_308_5_85_C00000_0_0_0.png,VISUAL_PASS,Individually visually inspected in all-review/review-061.jpg; readable against BLACK background; no correction selected.,ad9dbb63bbf4218fb76f65f15b8561c0119bc3bab4f84b5749686ba3579c1cd8,f9a9294e614954c00f1af32aa119bc38f2b1c9905fe95c4f82b7fa2fe9546db0,61e69f7fc46e340453bf74ccd7af6ac9d8eba9f8e232884659e1ea99f6abf3fe
6078,all-review/review-061.jpg,BLACK,picons/19.2e/ses/black/1_0_1_313E_459_1_C00000_0_0_0.png,picons/19.2e/ses/transparent/1_0_1_313E_459_1_C00000_0_0_0.png,VISUAL_PASS,Individually visually inspected in all-review/review-061.jpg; readable against BLACK background; no correction selected.,55bf3212b91f83361d548fce565b629d3079072a6b7e8c110e73541c29271193,2910ec6d4d606bcae28232790155c727bdd3f6276fc4d003e336122b2e2a1c11,61e69f7fc46e340453bf74ccd7af6ac9d8eba9f8e232884659e1ea99f6abf3fe
6079,all-review/review-061.jpg,WHITE,picons/19.2e/ses/white/1_0_1_313E_459_1_C00000_0_0_0.png,picons/19.2e/ses/transparent/1_0_1_313E_459_1_C00000_0_0_0.png,VISUAL_PASS,Individually visually inspected in all-review/review-061.jpg; readable against WHITE background; no correction selected.,40d43b80ee646925ad76da5d34280ebc91119c7305779fa7305c0efa3fc0f7fb,2910ec6d4d606bcae28232790155c727bdd3f6276fc4d003e336122b2e2a1c11,c6ae4a808a65ffc8e6458336fccbfe4216de1e832ec0a9abf800907f2f783589
6080,all-review/review-061.jpg,BLACK,picons/19.2e/ses/black/1_0_1_6D67_437_1_C00000_0_0_0.png,picons/19.2e/ses/transparent/1_0_1_6D67_437_1_C00000_0_0_0.png,VISUAL_PASS,Individually visually inspected in all-review/review-061.jpg; readable against BLACK background; no correction selected.,d7c72b364ba29cdeb871f923d7aad362f1a99c738a379a327dcd52962a300089,e68e591c506a461ea05a07438fd560e883a34829c4d2770cca0102a31d32ab80,61e69f7fc46e340453bf74ccd7af6ac9d8eba9f8e232884659e1ea99f6abf3fe
6081,all-review/review-061.jpg,WHITE,picons/19.2e/ses/white/1_0_1_6D67_437_1_C00000_0_0_0.png,picons/19.2e/ses/transparent/1_0_1_6D67_437_1_C00000_0_0_0.png,VISUAL_PASS,Individually visually inspected in all-review/review-061.jpg; readable against WHITE background; no correction selected.,f20987f118e9bb144d31cedd63b082be185d6b5f2d44714ac27d4796d522814b,e68e591c506a461ea05a07438fd560e883a34829c4d2770cca0102a31d32ab80,c6ae4a808a65ffc8e6458336fccbfe4216de1e832ec0a9abf800907f2f783589
6082,all-review/review-061.jpg,WHITE,picons/19.2e/ses/white/1_0_1_6D68_437_1_C00000_0_0_0.png,picons/19.2e/ses/transparent/1_0_1_6D68_437_1_C00000_0_0_0.png,VISUAL_PASS,Individually visually inspected in all-review/review-061.jpg; readable against WHITE background; no correction selected.,e892212cdf0d75675c6541bda64b54464634778703b43d64a80a0723c18dd39d,ac4ec4a81a8e20158bffdb03eca83a1ce80be32c16b6f7cd67490d60c2304a8b,c6ae4a808a65ffc8e6458336fccbfe4216de1e832ec0a9abf800907f2f783589
6083,all-review/review-061.jpg,WHITE,picons/19.2e/ses/white/1_0_1_6D6B_437_1_C00000_0_0_0.png,picons/19.2e/ses/transparent/1_0_1_6D6B_437_1_C00000_0_0_0.png,VISUAL_PASS,Individually visually inspected in all-review/review-061.jpg; readable against WHITE background; no correction selected.,e892212cdf0d75675c6541bda64b54464634778703b43d64a80a0723c18dd39d,ac4ec4a81a8e20158bffdb03eca83a1ce80be32c16b6f7cd67490d60c2304a8b,c6ae4a808a65ffc8e6458336fccbfe4216de1e832ec0a9abf800907f2f783589
6084,all-review/review-061.jpg,WHITE,picons/19.2e/ses/white/1_0_1_6D6E_437_1_C00000_0_0_0.png,picons/19.2e/ses/transparent/1_0_1_6D6E_437_1_C00000_0_0_0.png,VISUAL_PASS,Individually visually inspected in all-review/review-061.jpg; readable against WHITE background; no correction selected.,e892212cdf0d75675c6541bda64b54464634778703b43d64a80a0723c18dd39d,ac4ec4a81a8e20158bffdb03eca83a1ce80be32c16b6f7cd67490d60c2304a8b,c6ae4a808a65ffc8e6458336fccbfe4216de1e832ec0a9abf800907f2f783589
6085,all-review/review-061.jpg,WHITE,picons/19.2e/ses/white/1_0_1_6E2D_431_1_C00000_0_0_0.png,picons/19.2e/ses/transparent/1_0_1_6E2D_431_1_C00000_0_0_0.png,VISUAL_PASS,Individually visually inspected in all-review/review-061.jpg; readable against WHITE background; no correction selected.,c362fdc895d1456f904b1ad0e5ffcf03013826a3d63173cca7e947045fc7aa24,42da61cec36331b7c5e56e449b259c76d1aed5bd7f1058dd25a92f0ab267e87c,c6ae4a808a65ffc8e6458336fccbfe4216de1e832ec0a9abf800907f2f783589
6086,all-review/review-061.jpg,WHITE,picons/19.2e/ses/white/1_0_1_6E40_431_1_C00000_0_0_0.png,picons/19.2e/ses/transparent/1_0_1_6E40_431_1_C00000_0_0_0.png,VISUAL_PASS,Individually visually inspected in all-review/review-061.jpg; readable against WHITE background; no correction selected.,8d3b53fb0ae716f63b525f0406124df476a108d8f2945061fa874159b688aac0,67b3cd4287eab5fcc254c12031e18e202188ffb06c37498e5d339c250d4f5e10,c6ae4a808a65ffc8e6458336fccbfe4216de1e832ec0a9abf800907f2f783589
6087,all-review/review-061.jpg,BLACK,picons/19.2e/ses/black/1_0_1_6E42_431_1_C00000_0_0_0.png,picons/19.2e/ses/transparent/1_0_1_6E42_431_1_C00000_0_0_0.png,VISUAL_PASS,Individually visually inspected in all-review/review-061.jpg; readable against BLACK background; no correction selected.,5513f290f845100541410e0685b722b2e9ca54c90020f497fcc3c2778939bdfc,581656c2a55e9e93efdd196b70a8ba5f9c9ce93ec0b5bcbf5d39548c03f0d98e,61e69f7fc46e340453bf74ccd7af6ac9d8eba9f8e232884659e1ea99f6abf3fe
6088,all-review/review-061.jpg,WHITE,picons/19.2e/ses/white/1_0_1_6E42_431_1_C00000_0_0_0.png,picons/19.2e/ses/transparent/1_0_1_6E42_431_1_C00000_0_0_0.png,VISUAL_PASS,Individually visually inspected in all-review/review-061.jpg; readable against WHITE background; no correction selected.,6a22bf16477b10c68bbb8b2c8d4133071f5ac1d08370ac3ab8c56962f25c4b6a,581656c2a55e9e93efdd196b70a8ba5f9c9ce93ec0b5bcbf5d39548c03f0d98e,c6ae4a808a65ffc8e6458336fccbfe4216de1e832ec0a9abf800907f2f783589
6089,all-review/review-061.jpg,WHITE,picons/19.2e/ses/white/1_0_1_6E43_431_1_C00000_0_0_0.png,picons/19.2e/ses/transparent/1_0_1_6E43_431_1_C00000_0_0_0.png,VISUAL_PASS,Individually visually inspected in all-review/review-061.jpg; readable against WHITE background; no correction selected.,2abd9bf21216fe17f0d8785d50b021dbe17ab467b2741f5e4de14ef31318b0f6,e25ce18a1dbf263d72ea32a8f59c8e49b76477de202cd60f08950846773d73d1,c6ae4a808a65ffc8e6458336fccbfe4216de1e832ec0a9abf800907f2f783589
6090,all-review/review-061.jpg,BLACK,picons/19.2e/ses/black/1_0_1_6E44_431_1_C00000_0_0_0.png,picons/19.2e/ses/transparent/1_0_1_6E44_431_1_C00000_0_0_0.png,VISUAL_PASS,Individually visually inspected in all-review/review-061.jpg; readable against BLACK background; no correction selected.,94f2920c96838b18810d834e3289183399dd9c191eb663d7cc2556248b1d0491,3696a62af2b9cfbd9b0be2663fe28b44d4e76c955ebee0d7ce249fdb99dc0359,61e69f7fc46e340453bf74ccd7af6ac9d8eba9f8e232884659e1ea99f6abf3fe
6091,all-review/review-061.jpg,WHITE,picons/19.2e/ses/white/1_0_1_6E44_431_1_C00000_0_0_0.png,picons/19.2e/ses/transparent/1_0_1_6E44_431_1_C00000_0_0_0.png,VISUAL_PASS,Individually visually inspected in all-review/review-061.jpg; readable against WHITE background; no correction selected.,a344a79bfeb2e62513c5f48271010b05472fe8e6d7e5215f94d3fc403c3f6f94,3696a62af2b9cfbd9b0be2663fe28b44d4e76c955ebee0d7ce249fdb99dc0359,c6ae4a808a65ffc8e6458336fccbfe4216de1e832ec0a9abf800907f2f783589
6092,all-review/review-061.jpg,BLACK,picons/19.2e/ses/black/1_0_1_6E45_431_1_C00000_0_0_0.png,picons/19.2e/ses/transparent/1_0_1_6E45_431_1_C00000_0_0_0.png,VISUAL_PASS,Individually visually inspected in all-review/review-061.jpg; readable against BLACK background; no correction selected.,737873c9b3ba3fcea7d82dcb8e291878a67e1807e830e18e060cda429dcdc122,b92ff2e556274e5adb5fe1800522ed40cfb057272fe4b873f2d1256a247d69a1,61e69f7fc46e340453bf74ccd7af6ac9d8eba9f8e232884659e1ea99f6abf3fe
6093,all-review/review-061.jpg,WHITE,picons/19.2e/ses/white/1_0_1_6E45_431_1_C00000_0_0_0.png,picons/19.2e/ses/transparent/1_0_1_6E45_431_1_C00000_0_0_0.png,VISUAL_PASS,Individually visually inspected in all-review/review-061.jpg; readable against WHITE background; no correction selected.,478624c63760bbc5f318bb5aee8e4b753f071f27aa738caee31a1478e805f2e6,b92ff2e556274e5adb5fe1800522ed40cfb057272fe4b873f2d1256a247d69a1,c6ae4a808a65ffc8e6458336fccbfe4216de1e832ec0a9abf800907f2f783589
6094,all-review/review-061.jpg,BLACK,picons/19.2e/ses/black/1_0_1_6E46_431_1_C00000_0_0_0.png,picons/19.2e/ses/transparent/1_0_1_6E46_431_1_C00000_0_0_0.png,VISUAL_PASS,Individually visually inspected in all-review/review-061.jpg; readable against BLACK background; no correction selected.,9c720bc4922cdec716f41df91d646993d809bdbd57f4c93cb3938ca8b8030528,6430e4a91790d37f7bcf40b270545d5cba156f072e3f2b3a2c0aa128a3980b04,61e69f7fc46e340453bf74ccd7af6ac9d8eba9f8e232884659e1ea99f6abf3fe
6095,all-review/review-061.jpg,WHITE,picons/19.2e/ses/white/1_0_1_6E46_431_1_C00000_0_0_0.png,picons/19.2e/ses/transparent/1_0_1_6E46_431_1_C00000_0_0_0.png,VISUAL_PASS,Individually visually inspected in all-review/review-061.jpg; readable against WHITE background; no correction selected.,c99824d82fd6463f3bbdbe60272ed3167600614904a2e0e37a84f9c0d2b626ee,6430e4a91790d37f7bcf40b270545d5cba156f072e3f2b3a2c0aa128a3980b04,c6ae4a808a65ffc8e6458336fccbfe4216de1e832ec0a9abf800907f2f783589
6096,all-review/review-061.jpg,WHITE,picons/19.2e/ses/white/1_0_1_6E47_431_1_C00000_0_0_0.png,picons/19.2e/ses/transparent/1_0_1_6E47_431_1_C00000_0_0_0.png,VISUAL_PASS,Individually visually inspected in all-review/review-061.jpg; readable against WHITE background; no correction selected.,b65346150babe8a3ad45cce2f3d33aa7e563b0f97e6c42d2e0589f2fdde94b80,7c194f70ae6ea0e0bdd44877f50158dc0ba064828e72a0e083e849f1bea046f0,c6ae4a808a65ffc8e6458336fccbfe4216de1e832ec0a9abf800907f2f783589
6097,all-review/review-061.jpg,BLACK,picons/19.2e/ses-astra/black/1_0_19_30D8_413_1_C00000_0_0_0.png,picons/19.2e/ses-astra/transparent/1_0_19_30D8_413_1_C00000_0_0_0.png,VISUAL_PASS,Individually visually inspected in all-review/review-061.jpg; readable against BLACK background; no correction selected.,920e19141dbeb1e022d7652392c7f3ce61d04867433c8ae5d2156dfc68100385,5b4b920a3c9e6ba9cf0c8e40a017ee02c2d8a45935b3512ff07cf097784e489e,61e69f7fc46e340453bf74ccd7af6ac9d8eba9f8e232884659e1ea99f6abf3fe
6098,all-review/review-061.jpg,WHITE,picons/19.2e/ses-astra/white/1_0_19_30D8_413_1_C00000_0_0_0.png,picons/19.2e/ses-astra/transparent/1_0_19_30D8_413_1_C00000_0_0_0.png,VISUAL_PASS,Individually visually inspected in all-review/review-061.jpg; readable against WHITE background; no correction selected.,8ec5ce709c6e75dd007b672ccae00a9a2491370c709fd34d2fb29ef097b42411,5b4b920a3c9e6ba9cf0c8e40a017ee02c2d8a45935b3512ff07cf097784e489e,c6ae4a808a65ffc8e6458336fccbfe4216de1e832ec0a9abf800907f2f783589
6099,all-review/review-061.jpg,WHITE,picons/19.2e/ses-astra/white/1_0_1F_183D_40B_1_C00000_0_0_0.png,picons/19.2e/ses-astra/transparent/1_0_1F_183D_40B_1_C00000_0_0_0.png,VISUAL_PASS,Individually visually inspected in all-review/review-061.jpg; readable against WHITE background; no correction selected.,94f8032c9f0c8dc845507c8eb9561ef256bb88fd7a0e675a6213ac87c9845e40,6d3d0e15193dc1b158db08808dff300d76a512aaa3bf34ebfc05646bbcf817ab,c6ae4a808a65ffc8e6458336fccbfe4216de1e832ec0a9abf800907f2f783589
6100,all-review/review-061.jpg,BLACK,picons/19.2e/ses-astra/black/1_0_1F_7_40B_1_C00000_0_0_0.png,picons/19.2e/ses-astra/transparent/1_0_1F_7_40B_1_C00000_0_0_0.png,VISUAL_PASS,Individually visually inspected in all-review/review-061.jpg; readable against BLACK background; no correction selected.,a4fb68062632dcdf8a2d00132803fe05fdacee2657db93872b47cebf32783b21,729dd869703fce38074ef3fabb566491d97328f062f7950c3971229c9cec3706,61e69f7fc46e340453bf74ccd7af6ac9d8eba9f8e232884659e1ea99f6abf3fe
6101,all-review/review-062.jpg,WHITE,picons/19.2e/ses-astra/white/1_0_1F_7_40B_1_C00000_0_0_0.png,picons/19.2e/ses-astra/transparent/1_0_1F_7_40B_1_C00000_0_0_0.png,VISUAL_PASS,Individually visually inspected in all-review/review-062.jpg; readable against WHITE background; no correction selected.,ca4bdd4b1b2ffb3e6b443712b5dee455fc648c92fce9205eeb6d54335fd575b4,729dd869703fce38074ef3fabb566491d97328f062f7950c3971229c9cec3706,c6ae4a808a65ffc8e6458336fccbfe4216de1e832ec0a9abf800907f2f783589
6102,all-review/review-062.jpg,BLACK,picons/19.2e/ses-astra/black/1_0_1_164E_42C_1_C00000_0_0_0.png,picons/19.2e/ses-astra/transparent/1_0_1_164E_42C_1_C00000_0_0_0.png,VISUAL_PASS,Individually visually inspected in all-review/review-062.jpg; readable against BLACK background; no correction selected.,11215f94cac79e6a468566dd30dd4b8d0a64c547b4a86f6c159decd959a773cb,a473364230fa27ba260ae752090888ccef780de708ac647ac8094daeddf38775,61e69f7fc46e340453bf74ccd7af6ac9d8eba9f8e232884659e1ea99f6abf3fe
6103,all-review/review-062.jpg,WHITE,picons/19.2e/ses-astra/white/1_0_1_164E_42C_1_C00000_0_0_0.png,picons/19.2e/ses-astra/transparent/1_0_1_164E_42C_1_C00000_0_0_0.png,VISUAL_PASS,Individually visually inspected in all-review/review-062.jpg; readable against WHITE background; no correction selected.,364e1c791c60fa703721f473fc424bb3eebc9144dc649082b1db2a9515457eaf,a473364230fa27ba260ae752090888ccef780de708ac647ac8094daeddf38775,c6ae4a808a65ffc8e6458336fccbfe4216de1e832ec0a9abf800907f2f783589
6104,all-review/review-062.jpg,BLACK,picons/19.2e/ses-astra/black/1_0_1_17D5_42A_1_C00000_0_0_0.png,picons/19.2e/ses-astra/transparent/1_0_1_17D5_42A_1_C00000_0_0_0.png,VISUAL_PASS,Individually visually inspected in all-review/review-062.jpg; readable against BLACK background; no correction selected.,52b73f5acaf4b9c782e03967fafabbfac4e9eb75a71f1f2b1b2609fcca00bd8b,7369b7f4383b8f644edcc7999279c43a2ede254d657a3596b4f209ae9a1fbc28,61e69f7fc46e340453bf74ccd7af6ac9d8eba9f8e232884659e1ea99f6abf3fe
6105,all-review/review-062.jpg,WHITE,picons/19.2e/ses-astra/white/1_0_1_17D5_42A_1_C00000_0_0_0.png,picons/19.2e/ses-astra/transparent/1_0_1_17D5_42A_1_C00000_0_0_0.png,VISUAL_PASS,Individually visually inspected in all-review/review-062.jpg; readable against WHITE background; no correction selected.,6576297f3eafd040042906dd0e68df116bc598a4e4324acf14c58b34a03626e6,7369b7f4383b8f644edcc7999279c43a2ede254d657a3596b4f209ae9a1fbc28,c6ae4a808a65ffc8e6458336fccbfe4216de1e832ec0a9abf800907f2f783589
6106,all-review/review-062.jpg,BLACK,picons/19.2e/ses-astra/black/1_0_1_1EE7_457_1_C00000_0_0_0.png,picons/19.2e/ses-astra/transparent/1_0_1_1EE7_457_1_C00000_0_0_0.png,VISUAL_PASS,Individually visually inspected in all-review/review-062.jpg; readable against BLACK background; no correction selected.,5cc2031292eca3fada5e3df92df20dbf2af092e606282226f74001988a728c16,fb90904552ddc21760aafbf98ee873c8ebebcc7a24f283a5e610ba0993fc8953,61e69f7fc46e340453bf74ccd7af6ac9d8eba9f8e232884659e1ea99f6abf3fe
6107,all-review/review-062.jpg,WHITE,picons/19.2e/ses-astra/white/1_0_1_1EE7_457_1_C00000_0_0_0.png,picons/19.2e/ses-astra/transparent/1_0_1_1EE7_457_1_C00000_0_0_0.png,VISUAL_PASS,Individually visually inspected in all-review/review-062.jpg; readable against WHITE background; no correction selected.,0ba474e2a2660d390e93aba8b5ae269dfb362829c12f067ec79cf60ef43931f8,fb90904552ddc21760aafbf98ee873c8ebebcc7a24f283a5e610ba0993fc8953,c6ae4a808a65ffc8e6458336fccbfe4216de1e832ec0a9abf800907f2f783589
6108,all-review/review-062.jpg,BLACK,picons/19.2e/ses-astra/black/1_0_1_2F44_454_1_C00000_0_0_0.png,picons/19.2e/ses-astra/transparent/1_0_1_2F44_454_1_C00000_0_0_0.png,VISUAL_PASS,Individually visually inspected in all-review/review-062.jpg; readable against BLACK background; no correction selected.,665c35bbc537de59390b0902dc6300620988ad417e47149a1f880a7c9e378b00,cb0ab84402cc5d59e8e48f285162fdd4b8285e4233845788e86852e696ddbfc5,61e69f7fc46e340453bf74ccd7af6ac9d8eba9f8e232884659e1ea99f6abf3fe
6109,all-review/review-062.jpg,WHITE,picons/19.2e/ses-astra/white/1_0_1_2F44_454_1_C00000_0_0_0.png,picons/19.2e/ses-astra/transparent/1_0_1_2F44_454_1_C00000_0_0_0.png,VISUAL_PASS,Individually visually inspected in all-review/review-062.jpg; readable against WHITE background; no correction selected.,82c4d085f7ab58f8a8e19bbee58a062acc3fc0b3e9880ac34eadbee8ee1bf398,cb0ab84402cc5d59e8e48f285162fdd4b8285e4233845788e86852e696ddbfc5,c6ae4a808a65ffc8e6458336fccbfe4216de1e832ec0a9abf800907f2f783589
6110,all-review/review-062.jpg,WHITE,picons/19.2e/ses-astra/white/1_0_1_2F5A_454_1_C00000_0_0_0.png,picons/19.2e/ses-astra/transparent/1_0_1_2F5A_454_1_C00000_0_0_0.png,VISUAL_PASS,Individually visually inspected in all-review/review-062.jpg; readable against WHITE background; no correction selected.,a764665146e65c50c61d60289d47315b2dac0aff59a013909b89e3d4dcaaf963,0a16eec91ecf5e37e8cffdea4bb63088797ef70542cacd884d43c1415b893de1,c6ae4a808a65ffc8e6458336fccbfe4216de1e832ec0a9abf800907f2f783589
6111,all-review/review-062.jpg,BLACK,picons/19.2e/ses-astra/black/1_0_1_2F69_454_1_C00000_0_0_0.png,picons/19.2e/ses-astra/transparent/1_0_1_2F69_454_1_C00000_0_0_0.png,VISUAL_PASS,Individually visually inspected in all-review/review-062.jpg; readable against BLACK background; no correction selected.,aaa5828fb6534aa02bdeccc2016da97398d792ce0d839461c26fc8a1e5b0d461,cf8a80ceb661b83dd7ebd0fd6693c407db7b91bf50724e26bf8d1fd8b92da1f5,61e69f7fc46e340453bf74ccd7af6ac9d8eba9f8e232884659e1ea99f6abf3fe
6112,all-review/review-062.jpg,WHITE,picons/19.2e/ses-astra/white/1_0_1_2F69_454_1_C00000_0_0_0.png,picons/19.2e/ses-astra/transparent/1_0_1_2F69_454_1_C00000_0_0_0.png,VISUAL_PASS,Individually visually inspected in all-review/review-062.jpg; readable against WHITE background; no correction selected.,9a7ab166629d9a11b1c9b8355762c902d77a6eba64b711aa29c9c3338c2b605c,cf8a80ceb661b83dd7ebd0fd6693c407db7b91bf50724e26bf8d1fd8b92da1f5,c6ae4a808a65ffc8e6458336fccbfe4216de1e832ec0a9abf800907f2f783589
6113,all-review/review-062.jpg,BLACK,picons/19.2e/ses-astra/black/1_0_1_2F6A_454_1_C00000_0_0_0.png,picons/19.2e/ses-astra/transparent/1_0_1_2F6A_454_1_C00000_0_0_0.png,VISUAL_PASS,Individually visually inspected in all-review/review-062.jpg; readable against BLACK background; no correction selected.,0c2324344bf4b7f127bdc43cce46e9bb0abef8cb53182a94220ca56f8868a753,c31e6d6c9d703cd1e9b589f034545e698f9e7a34419960307f5c03675c3c0038,61e69f7fc46e340453bf74ccd7af6ac9d8eba9f8e232884659e1ea99f6abf3fe
6114,all-review/review-062.jpg,WHITE,picons/19.2e/ses-astra/white/1_0_1_2F6A_454_1_C00000_0_0_0.png,picons/19.2e/ses-astra/transparent/1_0_1_2F6A_454_1_C00000_0_0_0.png,VISUAL_PASS,Individually visually inspected in all-review/review-062.jpg; readable against WHITE background; no correction selected.,cef59c430320bc18d00260c664c5282124c8eedd1d3de2e81790237c70241fd1,c31e6d6c9d703cd1e9b589f034545e698f9e7a34419960307f5c03675c3c0038,c6ae4a808a65ffc8e6458336fccbfe4216de1e832ec0a9abf800907f2f783589
6115,all-review/review-062.jpg,BLACK,picons/19.2e/ses-astra/black/1_0_1_2F6C_454_1_C00000_0_0_0.png,picons/19.2e/ses-astra/transparent/1_0_1_2F6C_454_1_C00000_0_0_0.png,VISUAL_PASS,Individually visually inspected in all-review/review-062.jpg; readable against BLACK background; no correction selected.,6fc9f3a8accdf7185dd38313bdc6f61219cb16c2a9136fe43f2b913afccf4099,02091d59827d80dcfb651ccc48e5da4b21be3dc96a5f0e234d7a5bb6334c5fdc,61e69f7fc46e340453bf74ccd7af6ac9d8eba9f8e232884659e1ea99f6abf3fe
6116,all-review/review-062.jpg,WHITE,picons/19.2e/ses-astra/white/1_0_1_2F6C_454_1_C00000_0_0_0.png,picons/19.2e/ses-astra/transparent/1_0_1_2F6C_454_1_C00000_0_0_0.png,VISUAL_PASS,Individually visually inspected in all-review/review-062.jpg; readable against WHITE background; no correction selected.,39d5ebcea95b823e2d607137bece14db4aa60a201c9bafe3d9b6d74b774293bc,02091d59827d80dcfb651ccc48e5da4b21be3dc96a5f0e234d7a5bb6334c5fdc,c6ae4a808a65ffc8e6458336fccbfe4216de1e832ec0a9abf800907f2f783589
6117,all-review/review-062.jpg,BLACK,picons/19.2e/ses-astra/black/1_0_1_2F6D_454_1_C00000_0_0_0.png,picons/19.2e/ses-astra/transparent/1_0_1_2F6D_454_1_C00000_0_0_0.png,VISUAL_PASS,Individually visually inspected in all-review/review-062.jpg; readable against BLACK background; no correction selected.,ca594bf6536eb3dbacb27a27ed9ab9ad588aad81c03a4a6503b1446fa9ac7340,208fd072fba98df2d00baae42dd0b6a0e92569558d81a73be418216cb78c9023,61e69f7fc46e340453bf74ccd7af6ac9d8eba9f8e232884659e1ea99f6abf3fe
6118,all-review/review-062.jpg,WHITE,picons/19.2e/ses-astra/white/1_0_1_2F6D_454_1_C00000_0_0_0.png,picons/19.2e/ses-astra/transparent/1_0_1_2F6D_454_1_C00000_0_0_0.png,VISUAL_PASS,Individually visually inspected in all-review/review-062.jpg; readable against WHITE background; no correction selected.,80c695e86500fe31280f1700062b9b10600ccc3fea748cbc366b42c38ec27b52,208fd072fba98df2d00baae42dd0b6a0e92569558d81a73be418216cb78c9023,c6ae4a808a65ffc8e6458336fccbfe4216de1e832ec0a9abf800907f2f783589
6119,all-review/review-062.jpg,BLACK,picons/19.2e/ses-astra/black/1_0_1_6F79_457_1_C00000_0_0_0.png,picons/19.2e/ses-astra/transparent/1_0_1_6F79_457_1_C00000_0_0_0.png,VISUAL_PASS,Individually visually inspected in all-review/review-062.jpg; readable against BLACK background; no correction selected.,d7c72b364ba29cdeb871f923d7aad362f1a99c738a379a327dcd52962a300089,e68e591c506a461ea05a07438fd560e883a34829c4d2770cca0102a31d32ab80,61e69f7fc46e340453bf74ccd7af6ac9d8eba9f8e232884659e1ea99f6abf3fe
6120,all-review/review-062.jpg,WHITE,picons/19.2e/ses-astra/white/1_0_1_6F79_457_1_C00000_0_0_0.png,picons/19.2e/ses-astra/transparent/1_0_1_6F79_457_1_C00000_0_0_0.png,VISUAL_PASS,Individually visually inspected in all-review/review-062.jpg; readable against WHITE background; no correction selected.,f20987f118e9bb144d31cedd63b082be185d6b5f2d44714ac27d4796d522814b,e68e591c506a461ea05a07438fd560e883a34829c4d2770cca0102a31d32ab80,c6ae4a808a65ffc8e6458336fccbfe4216de1e832ec0a9abf800907f2f783589
6121,all-review/review-062.jpg,BLACK,picons/19.2e/ses-astra/black/1_0_1_79EA_443_1_C00000_0_0_0.png,picons/19.2e/ses-astra/transparent/1_0_1_79EA_443_1_C00000_0_0_0.png,VISUAL_PASS,Individually visually inspected in all-review/review-062.jpg; readable against BLACK background; no correction selected.,90ee40196093f1a0c404b079b7e3330779a3e57dcd123b90b10a589efd48a836,55782029edc9be4e74c969980d9d7ce7306243110c83474bc06c1c2502f42e29,61e69f7fc46e340453bf74ccd7af6ac9d8eba9f8e232884659e1ea99f6abf3fe
6122,all-review/review-062.jpg,WHITE,picons/19.2e/ses-astra/white/1_0_1_79EA_443_1_C00000_0_0_0.png,picons/19.2e/ses-astra/transparent/1_0_1_79EA_443_1_C00000_0_0_0.png,VISUAL_PASS,Individually visually inspected in all-review/review-062.jpg; readable against WHITE background; no correction selected.,7ad0fc9b59b3ccd52cc3662eabf5e34ad4a3db5310cd8b46e5f18258bed04fe9,55782029edc9be4e74c969980d9d7ce7306243110c83474bc06c1c2502f42e29,c6ae4a808a65ffc8e6458336fccbfe4216de1e832ec0a9abf800907f2f783589
6123,all-review/review-062.jpg,BLACK,picons/19.2e/ses-astra/black/1_0_2_1091_3EE_1_C00000_0_0_0.png,picons/19.2e/ses-astra/transparent/1_0_2_1091_3EE_1_C00000_0_0_0.png,VISUAL_PASS,Individually visually inspected in all-review/review-062.jpg; readable against BLACK background; no correction selected.,161ebafa461f495ac05235c68e38b80df9c5e8910eda45a76ad59665cd40e155,e7b6b76de691807099c15a4d27a5a0541c2c82d4732997bf2473e859e16ce66c,61e69f7fc46e340453bf74ccd7af6ac9d8eba9f8e232884659e1ea99f6abf3fe
6124,all-review/review-062.jpg,WHITE,picons/19.2e/ses-astra/white/1_0_2_1091_3EE_1_C00000_0_0_0.png,picons/19.2e/ses-astra/transparent/1_0_2_1091_3EE_1_C00000_0_0_0.png,VISUAL_PASS,Individually visually inspected in all-review/review-062.jpg; readable against WHITE background; no correction selected.,e2e9f42ebaf24cb90f10492c7686d393cb21cda670339eaf927faa8b6ae06157,e7b6b76de691807099c15a4d27a5a0541c2c82d4732997bf2473e859e16ce66c,c6ae4a808a65ffc8e6458336fccbfe4216de1e832ec0a9abf800907f2f783589
6125,all-review/review-062.jpg,BLACK,picons/19.2e/ses-astra/black/1_0_2_1C79_457_1_C00000_0_0_0.png,picons/19.2e/ses-astra/transparent/1_0_2_1C79_457_1_C00000_0_0_0.png,VISUAL_PASS,Individually visually inspected in all-review/review-062.jpg; readable against BLACK background; no correction selected.,ad775f5a235bcf5440014454b68e3515b145d80f3ba65db58055ea626272c545,d748a346c7713a77aeb4541fb9c838f1a2ca59bb5501150ca9321afe35c3955f,61e69f7fc46e340453bf74ccd7af6ac9d8eba9f8e232884659e1ea99f6abf3fe
6126,all-review/review-062.jpg,WHITE,picons/19.2e/ses-astra/white/1_0_2_1C79_457_1_C00000_0_0_0.png,picons/19.2e/ses-astra/transparent/1_0_2_1C79_457_1_C00000_0_0_0.png,VISUAL_PASS,Individually visually inspected in all-review/review-062.jpg; readable against WHITE background; no correction selected.,9a483908bf540d6bf1c36a968812bef8d43af663472c5b341b9eb2e7e214cd9c,d748a346c7713a77aeb4541fb9c838f1a2ca59bb5501150ca9321afe35c3955f,c6ae4a808a65ffc8e6458336fccbfe4216de1e832ec0a9abf800907f2f783589
6127,all-review/review-062.jpg,BLACK,picons/19.2e/ses-astra/black/1_0_2_1EFB_457_1_C00000_0_0_0.png,picons/19.2e/ses-astra/transparent/1_0_2_1EFB_457_1_C00000_0_0_0.png,VISUAL_PASS,Individually visually inspected in all-review/review-062.jpg; readable against BLACK background; no correction selected.,600940ea93a1c0d4c80d17f367350ce6560b3e49ead5c5160597adab6f2c9f82,eeb7c8842a9a62685266fc2c50da5d5df490b3f18156ef823b5dd769cb647b65,61e69f7fc46e340453bf74ccd7af6ac9d8eba9f8e232884659e1ea99f6abf3fe
6128,all-review/review-062.jpg,WHITE,picons/19.2e/ses-astra/white/1_0_2_1EFB_457_1_C00000_0_0_0.png,picons/19.2e/ses-astra/transparent/1_0_2_1EFB_457_1_C00000_0_0_0.png,VISUAL_PASS,Individually visually inspected in all-review/review-062.jpg; readable against WHITE background; no correction selected.,d807de5ef876ad238272bd0f365216967bdd64a870c4c027fc433b09dad445db,eeb7c8842a9a62685266fc2c50da5d5df490b3f18156ef823b5dd769cb647b65,c6ae4a808a65ffc8e6458336fccbfe4216de1e832ec0a9abf800907f2f783589
6129,all-review/review-062.jpg,WHITE,picons/19.2e/ses-usa/white/1_0_1_2_0_1_C0AE29_0_0_0.png,picons/19.2e/ses-usa/transparent/1_0_1_2_0_1_C0AE29_0_0_0.png,VISUAL_PASS,Individually visually inspected in all-review/review-062.jpg; readable against WHITE background; no correction selected.,e892212cdf0d75675c6541bda64b54464634778703b43d64a80a0723c18dd39d,ac4ec4a81a8e20158bffdb03eca83a1ce80be32c16b6f7cd67490d60c2304a8b,c6ae4a808a65ffc8e6458336fccbfe4216de1e832ec0a9abf800907f2f783589
6130,all-review/review-062.jpg,BLACK,picons/19.2e/sky/black/1_0_16_16_2_85_C00000_0_0_0.png,picons/19.2e/sky/transparent/1_0_16_16_2_85_C00000_0_0_0.png,VISUAL_PASS,Individually visually inspected in all-review/review-062.jpg; readable against BLACK background; no correction selected.,c1f8cc5b8ff7ad0fc8f49a183e2859915e004dfd5accedb745b392878cbaa499,4e8852558451e851624a811d385868d12f37b598405067feb477b474101ff276,61e69f7fc46e340453bf74ccd7af6ac9d8eba9f8e232884659e1ea99f6abf3fe
6131,all-review/review-062.jpg,WHITE,picons/19.2e/sky/white/1_0_16_16_2_85_C00000_0_0_0.png,picons/19.2e/sky/transparent/1_0_16_16_2_85_C00000_0_0_0.png,VISUAL_PASS,Individually visually inspected in all-review/review-062.jpg; readable against WHITE background; no correction selected.,b3d399385c89892413f5e00215e407e83ef1346aaadc96195eb2117e4f23219f,4e8852558451e851624a811d385868d12f37b598405067feb477b474101ff276,c6ae4a808a65ffc8e6458336fccbfe4216de1e832ec0a9abf800907f2f783589
6132,all-review/review-062.jpg,BLACK,picons/19.2e/sky/black/1_0_16_192_2_85_C00000_0_0_0.png,picons/19.2e/sky/transparent/1_0_16_192_2_85_C00000_0_0_0.png,VISUAL_PASS,Individually visually inspected in all-review/review-062.jpg; readable against BLACK background; no correction selected.,d2b1fd4822e6a17c10150b3d7a4af91f305769f82f537b847f65355244a90384,d426c4fd7a7722400ec740d594dfd2dec8599bff9b6012b5de7f25a9222401d2,61e69f7fc46e340453bf74ccd7af6ac9d8eba9f8e232884659e1ea99f6abf3fe
6133,all-review/review-062.jpg,WHITE,picons/19.2e/sky/white/1_0_16_192_2_85_C00000_0_0_0.png,picons/19.2e/sky/transparent/1_0_16_192_2_85_C00000_0_0_0.png,VISUAL_PASS,Individually visually inspected in all-review/review-062.jpg; readable against WHITE background; no correction selected.,694bfeecbe22f78d2d3cc41532f0760da6509ec7e10d5acbafa7f5304f06296e,d426c4fd7a7722400ec740d594dfd2dec8599bff9b6012b5de7f25a9222401d2,c6ae4a808a65ffc8e6458336fccbfe4216de1e832ec0a9abf800907f2f783589
6134,all-review/review-062.jpg,WHITE,picons/19.2e/sky/white/1_0_16_1B_D_85_C00000_0_0_0.png,picons/19.2e/sky/transparent/1_0_16_1B_D_85_C00000_0_0_0.png,VISUAL_PASS,Individually visually inspected in all-review/review-062.jpg; readable against WHITE background; no correction selected.,aa24cfc98e7bc6896a539b3bb528ee747f34cfe943ac8dbb536bf257e4ebb913,e7aa6db39ee9eff13148468ee410a228247d4366fdbe38cfdeb812626e34499c,c6ae4a808a65ffc8e6458336fccbfe4216de1e832ec0a9abf800907f2f783589
6135,all-review/review-062.jpg,BLACK,picons/19.2e/sky/black/1_0_19_106_6_85_C00000_0_0_0.png,picons/19.2e/sky/transparent/1_0_19_106_6_85_C00000_0_0_0.png,FIXED_QA_PASS,"Deep-blue “sky” wordmark pixels only, limited to source x<70 and dark-blue hue/luminance. Red sport block, white panel, text/numbers, and all other source pixels unchanged.",39b886f51579219338132d753a91343c72b1de0135115a81a672a2f8a897aa45,b313da31708659399ab4ecfa3531870a41ac4716098b0ac91c25bc4c98a35948,61e69f7fc46e340453bf74ccd7af6ac9d8eba9f8e232884659e1ea99f6abf3fe
6136,all-review/review-062.jpg,WHITE,picons/19.2e/sky/white/1_0_19_106_6_85_C00000_0_0_0.png,picons/19.2e/sky/transparent/1_0_19_106_6_85_C00000_0_0_0.png,VISUAL_PASS,Individually visually inspected in all-review/review-062.jpg; readable against WHITE background; no correction selected.,b6293e5a54028f9d17e84cae98be1955bda9e274bc51bc59559a50c3356f6ebc,b313da31708659399ab4ecfa3531870a41ac4716098b0ac91c25bc4c98a35948,c6ae4a808a65ffc8e6458336fccbfe4216de1e832ec0a9abf800907f2f783589
6137,all-review/review-062.jpg,BLACK,picons/19.2e/sky/black/1_0_19_10B_6_85_C00000_0_0_0.png,picons/19.2e/sky/transparent/1_0_19_10B_6_85_C00000_0_0_0.png,FIXED_QA_PASS,"Deep-blue “sky” wordmark pixels only, limited to source x<70 and dark-blue hue/luminance. Red sport block, white panel, text/numbers, and all other source pixels unchanged.",b6a51a398030510d08962fb6fa94e9e828ce9b7ab2a5251ea9ae17b668b32fba,2dcd22558f7d1d2a831d575bb8115d3ecfe4ce189f749520a07b04fe93d8ac81,61e69f7fc46e340453bf74ccd7af6ac9d8eba9f8e232884659e1ea99f6abf3fe
6138,all-review/review-062.jpg,WHITE,picons/19.2e/sky/white/1_0_19_10B_6_85_C00000_0_0_0.png,picons/19.2e/sky/transparent/1_0_19_10B_6_85_C00000_0_0_0.png,VISUAL_PASS,Individually visually inspected in all-review/review-062.jpg; readable against WHITE background; no correction selected.,c190509d6f878b37dfc2a7cafb3e84a75d5a957d427936f38533bdb466cc46ce,2dcd22558f7d1d2a831d575bb8115d3ecfe4ce189f749520a07b04fe93d8ac81,c6ae4a808a65ffc8e6458336fccbfe4216de1e832ec0a9abf800907f2f783589
6139,all-review/review-062.jpg,BLACK,picons/19.2e/sky/black/1_0_19_10C_6_85_C00000_0_0_0.png,picons/19.2e/sky/transparent/1_0_19_10C_6_85_C00000_0_0_0.png,FIXED_QA_PASS,"Deep-blue “sky” wordmark pixels only, limited to source x<70 and dark-blue hue/luminance. Red sport block, white panel, text/numbers, and all other source pixels unchanged.",0947c33094c6a5e16e312a78bd5f0b4bf6dc58b7422970019f729971b18facaf,33dd1160ef16fd2f998ad5937a410054f9b16f917f2094ec38c96b2b964d28a9,61e69f7fc46e340453bf74ccd7af6ac9d8eba9f8e232884659e1ea99f6abf3fe
6140,all-review/review-062.jpg,WHITE,picons/19.2e/sky/white/1_0_19_10C_6_85_C00000_0_0_0.png,picons/19.2e/sky/transparent/1_0_19_10C_6_85_C00000_0_0_0.png,VISUAL_PASS,Individually visually inspected in all-review/review-062.jpg; readable against WHITE background; no correction selected.,5a043e2d567cc6540bf8e8ca9d5727c4e0cb67c6a5f94822d1a8b607184d6aab,33dd1160ef16fd2f998ad5937a410054f9b16f917f2094ec38c96b2b964d28a9,c6ae4a808a65ffc8e6458336fccbfe4216de1e832ec0a9abf800907f2f783589
6141,all-review/review-062.jpg,BLACK,picons/19.2e/sky/black/1_0_19_115_2_85_C00000_0_0_0.png,picons/19.2e/sky/transparent/1_0_19_115_2_85_C00000_0_0_0.png,FIXED_QA_PASS,"Deep-blue “sky” wordmark pixels only, limited to source x<70 and dark-blue hue/luminance. Red sport block, white panel, text/numbers, and all other source pixels unchanged.",07af92266c7091821441711d558e5d008300e61882567263e3b52b6a46b6699b,76df1b3417caf02bb8c6a59f0d6e55ac583b532610e69d535f33c117aed079af,61e69f7fc46e340453bf74ccd7af6ac9d8eba9f8e232884659e1ea99f6abf3fe
6142,all-review/review-062.jpg,WHITE,picons/19.2e/sky/white/1_0_19_115_2_85_C00000_0_0_0.png,picons/19.2e/sky/transparent/1_0_19_115_2_85_C00000_0_0_0.png,VISUAL_PASS,Individually visually inspected in all-review/review-062.jpg; readable against WHITE background; no correction selected.,8f2f236849318877147afcba5cc026c402d64666e9e744010112c05d3cbe4bbc,76df1b3417caf02bb8c6a59f0d6e55ac583b532610e69d535f33c117aed079af,c6ae4a808a65ffc8e6458336fccbfe4216de1e832ec0a9abf800907f2f783589
6143,all-review/review-062.jpg,BLACK,picons/19.2e/sky/black/1_0_19_116_2_85_C00000_0_0_0.png,picons/19.2e/sky/transparent/1_0_19_116_2_85_C00000_0_0_0.png,FIXED_QA_PASS,"Deep-blue “sky” wordmark pixels only, limited to source x<70 and dark-blue hue/luminance. Red sport block, white panel, text/numbers, and all other source pixels unchanged.",db6a02d90a703e667bb3121df28c0f32dea6aa2fc4d96108e6a2cd47f868fba7,46772b3a5be2812ae7efe17df057300e4fda4f17d4458962fec5c10200e7918b,61e69f7fc46e340453bf74ccd7af6ac9d8eba9f8e232884659e1ea99f6abf3fe
6144,all-review/review-062.jpg,WHITE,picons/19.2e/sky/white/1_0_19_116_2_85_C00000_0_0_0.png,picons/19.2e/sky/transparent/1_0_19_116_2_85_C00000_0_0_0.png,VISUAL_PASS,Individually visually inspected in all-review/review-062.jpg; readable against WHITE background; no correction selected.,91e76105eeb9f21d199fb10f9492c32f0aa7bfecba00f36cafcb5ef20086f9b7,46772b3a5be2812ae7efe17df057300e4fda4f17d4458962fec5c10200e7918b,c6ae4a808a65ffc8e6458336fccbfe4216de1e832ec0a9abf800907f2f783589
6145,all-review/review-062.jpg,BLACK,picons/19.2e/sky/black/1_0_19_129_4_85_C00000_0_0_0.png,picons/19.2e/sky/transparent/1_0_19_129_4_85_C00000_0_0_0.png,FIXED_QA_PASS,"Deep-blue “sky” wordmark pixels only, limited to source x<70 and dark-blue hue/luminance. Red sport block, white panel, text/numbers, and all other source pixels unchanged.",24479b08f0b976f3480f1e2799fa7a4730d85d9edfaeb41c42e6984286f4eb5b,57a5e70509742dc3939d7abe3eac8fbac51c0bc3959ed81f120b7b1221723ccb,61e69f7fc46e340453bf74ccd7af6ac9d8eba9f8e232884659e1ea99f6abf3fe
6146,all-review/review-062.jpg,WHITE,picons/19.2e/sky/white/1_0_19_129_4_85_C00000_0_0_0.png,picons/19.2e/sky/transparent/1_0_19_129_4_85_C00000_0_0_0.png,VISUAL_PASS,Individually visually inspected in all-review/review-062.jpg; readable against WHITE background; no correction selected.,d5dd868f20e01da8ae58fb7420d00e49b01a9220de92444c946e57d312f039eb,57a5e70509742dc3939d7abe3eac8fbac51c0bc3959ed81f120b7b1221723ccb,c6ae4a808a65ffc8e6458336fccbfe4216de1e832ec0a9abf800907f2f783589
6147,all-review/review-062.jpg,BLACK,picons/19.2e/sky/black/1_0_19_12A_4_85_C00000_0_0_0.png,picons/19.2e/sky/transparent/1_0_19_12A_4_85_C00000_0_0_0.png,FIXED_QA_PASS,"Deep-blue “sky” wordmark pixels only, limited to source x<70 and dark-blue hue/luminance. Red sport block, white panel, text/numbers, and all other source pixels unchanged.",601fc9c0602c975d0c1ca5c31b19cac35b1ac9d4db5da39cd14dbf3e61307271,027cfd2455a0d7bb12b0eb7a4d6f248c03dc1753e8d69a58db3b7c6c8895e8a2,61e69f7fc46e340453bf74ccd7af6ac9d8eba9f8e232884659e1ea99f6abf3fe
6148,all-review/review-062.jpg,WHITE,picons/19.2e/sky/white/1_0_19_12A_4_85_C00000_0_0_0.png,picons/19.2e/sky/transparent/1_0_19_12A_4_85_C00000_0_0_0.png,VISUAL_PASS,Individually visually inspected in all-review/review-062.jpg; readable against WHITE background; no correction selected.,9a12b4816ce56d891f102af08a1a99d02b652fa97669dd1f67c4c0ad6cac2eb3,027cfd2455a0d7bb12b0eb7a4d6f248c03dc1753e8d69a58db3b7c6c8895e8a2,c6ae4a808a65ffc8e6458336fccbfe4216de1e832ec0a9abf800907f2f783589
6149,all-review/review-062.jpg,BLACK,picons/19.2e/sky/black/1_0_19_133_4_85_C00000_0_0_0.png,picons/19.2e/sky/transparent/1_0_19_133_4_85_C00000_0_0_0.png,FIXED_QA_PASS,"Deep-blue “sky” wordmark pixels only, limited to source x<70 and dark-blue hue/luminance. Red sport block, white panel, text/numbers, and all other source pixels unchanged.",b8d47414c745af828aa30a03fd1c155e31e04773b2e7db42154421274513ee7a,d8377700e00d5e9ad3f46287625ba483b6022aa9a56ee7a8d7eee40ec469f1fb,61e69f7fc46e340453bf74ccd7af6ac9d8eba9f8e232884659e1ea99f6abf3fe
6150,all-review/review-062.jpg,WHITE,picons/19.2e/sky/white/1_0_19_133_4_85_C00000_0_0_0.png,picons/19.2e/sky/transparent/1_0_19_133_4_85_C00000_0_0_0.png,VISUAL_PASS,Individually visually inspected in all-review/review-062.jpg; readable against WHITE background; no correction selected.,faeea52fb3f1173cd3a0785bd3b9fa6c09095d5788d19c43a73c6fc79827bb6f,d8377700e00d5e9ad3f46287625ba483b6022aa9a56ee7a8d7eee40ec469f1fb,c6ae4a808a65ffc8e6458336fccbfe4216de1e832ec0a9abf800907f2f783589
6151,all-review/review-062.jpg,BLACK,picons/19.2e/sky/black/1_0_19_134_4_85_C00000_0_0_0.png,picons/19.2e/sky/transparent/1_0_19_134_4_85_C00000_0_0_0.png,FIXED_QA_PASS,"Deep-blue “sky” wordmark pixels only, limited to source x<70 and dark-blue hue/luminance. Red sport block, white panel, text/numbers, and all other source pixels unchanged.",cf4d8bbd02fa94f70328e10317e99545a341750f8de2f37f18775edacbbb185d,b018aa2f453f8709592c6d51c4d4085b081279142378ea529179c36d467efdb9,61e69f7fc46e340453bf74ccd7af6ac9d8eba9f8e232884659e1ea99f6abf3fe
6152,all-review/review-062.jpg,WHITE,picons/19.2e/sky/white/1_0_19_134_4_85_C00000_0_0_0.png,picons/19.2e/sky/transparent/1_0_19_134_4_85_C00000_0_0_0.png,VISUAL_PASS,Individually visually inspected in all-review/review-062.jpg; readable against WHITE background; no correction selected.,5446e6d0b38b30356e2cb9ee1593e01353097a910d5c14bd23facc2c6d4a9d02,b018aa2f453f8709592c6d51c4d4085b081279142378ea529179c36d467efdb9,c6ae4a808a65ffc8e6458336fccbfe4216de1e832ec0a9abf800907f2f783589
6153,all-review/review-062.jpg,BLACK,picons/19.2e/sky/black/1_0_19_13D_6_85_C00000_0_0_0.png,picons/19.2e/sky/transparent/1_0_19_13D_6_85_C00000_0_0_0.png,FIXED_QA_PASS,"Deep-blue “sky” wordmark pixels only, limited to source x<70 and dark-blue hue/luminance. Red sport block, white panel, text/numbers, and all other source pixels unchanged.",e1359c213d1ed2b6b686ef67c235b9c1a231b9970a7c3beef4a78c8052af3b98,deb0250611db2bf1de9de0592701abc0488f8a6516471fa1df790d5ff3f2fab5,61e69f7fc46e340453bf74ccd7af6ac9d8eba9f8e232884659e1ea99f6abf3fe
6154,all-review/review-062.jpg,WHITE,picons/19.2e/sky/white/1_0_19_13D_6_85_C00000_0_0_0.png,picons/19.2e/sky/transparent/1_0_19_13D_6_85_C00000_0_0_0.png,VISUAL_PASS,Individually visually inspected in all-review/review-062.jpg; readable against WHITE background; no correction selected.,8810d1113ff27d07ac8d8b49c3f5723610717234b097c72d455b47884635a2b9,deb0250611db2bf1de9de0592701abc0488f8a6516471fa1df790d5ff3f2fab5,c6ae4a808a65ffc8e6458336fccbfe4216de1e832ec0a9abf800907f2f783589
6155,all-review/review-062.jpg,BLACK,picons/19.2e/sky/black/1_0_19_13E_6_85_C00000_0_0_0.png,picons/19.2e/sky/transparent/1_0_19_13E_6_85_C00000_0_0_0.png,VISUAL_PASS,Individually visually inspected in all-review/review-062.jpg; readable against BLACK background; no correction selected.,3114308e7089cc2fb1d26fdcf0f6cf7d0a837317cb68811f8606a5423096294a,d632c0ed316d6d985af861222edbeb7460292b2b93cf6a88593c751fcd9535b6,61e69f7fc46e340453bf74ccd7af6ac9d8eba9f8e232884659e1ea99f6abf3fe
6156,all-review/review-062.jpg,WHITE,picons/19.2e/sky/white/1_0_19_13E_6_85_C00000_0_0_0.png,picons/19.2e/sky/transparent/1_0_19_13E_6_85_C00000_0_0_0.png,VISUAL_PASS,Individually visually inspected in all-review/review-062.jpg; readable against WHITE background; no correction selected.,758a163197e30de4bd9d251b51db2362d9c5d88c195a7e1a9be8ca6bad7218b2,d632c0ed316d6d985af861222edbeb7460292b2b93cf6a88593c751fcd9535b6,c6ae4a808a65ffc8e6458336fccbfe4216de1e832ec0a9abf800907f2f783589
6157,all-review/review-062.jpg,BLACK,picons/19.2e/sky/black/1_0_19_149_D_85_C00000_0_0_0.png,picons/19.2e/sky/transparent/1_0_19_149_D_85_C00000_0_0_0.png,VISUAL_PASS,Individually visually inspected in all-review/review-062.jpg; readable against BLACK background; no correction selected.,6d1ef08ea2ce00e66aaca8625249a2d7dbc188326040b965f24c7bb34586ff3f,d607ff99169326fee5d9fb86e04da3fac4e511eecd514a56037ed55bb5a03835,61e69f7fc46e340453bf74ccd7af6ac9d8eba9f8e232884659e1ea99f6abf3fe
6158,all-review/review-062.jpg,WHITE,picons/19.2e/sky/white/1_0_19_149_D_85_C00000_0_0_0.png,picons/19.2e/sky/transparent/1_0_19_149_D_85_C00000_0_0_0.png,VISUAL_PASS,Individually visually inspected in all-review/review-062.jpg; readable against WHITE background; no correction selected.,43922a645f3b1ee109b21dc70767f978f94b3322babed30e19bfbefeacf9df30,d607ff99169326fee5d9fb86e04da3fac4e511eecd514a56037ed55bb5a03835,c6ae4a808a65ffc8e6458336fccbfe4216de1e832ec0a9abf800907f2f783589
6159,all-review/review-062.jpg,BLACK,picons/19.2e/sky/black/1_0_19_151_10_85_C00000_0_0_0.png,picons/19.2e/sky/transparent/1_0_19_151_10_85_C00000_0_0_0.png,VISUAL_PASS,Individually visually inspected in all-review/review-062.jpg; readable against BLACK background; no correction selected.,f6edbb7868382ed5e67599f8b64d26f8cf5d0b40c6d96c30f6182e78e1fd07ce,73c4eb005899c79a0170db039ffe898606e0532dc12f919f4e8d1694a2bff72a,61e69f7fc46e340453bf74ccd7af6ac9d8eba9f8e232884659e1ea99f6abf3fe
6160,all-review/review-062.jpg,WHITE,picons/19.2e/sky/white/1_0_19_151_10_85_C00000_0_0_0.png,picons/19.2e/sky/transparent/1_0_19_151_10_85_C00000_0_0_0.png,VISUAL_PASS,Individually visually inspected in all-review/review-062.jpg; readable against WHITE background; no correction selected.,b919f578fa60d6b157c8011fcefc3b3623f4060e48d17d80bee3f592b8406c42,73c4eb005899c79a0170db039ffe898606e0532dc12f919f4e8d1694a2bff72a,c6ae4a808a65ffc8e6458336fccbfe4216de1e832ec0a9abf800907f2f783589
6161,all-review/review-062.jpg,BLACK,picons/19.2e/sky/black/1_0_19_152_10_85_C00000_0_0_0.png,picons/19.2e/sky/transparent/1_0_19_152_10_85_C00000_0_0_0.png,VISUAL_PASS,Individually visually inspected in all-review/review-062.jpg; readable against BLACK background; no correction selected.,fbd8ef0228b4f57a489b6cb8b3174d2e3dc614c5c90ca3c7e54d1317a06d5b7a,677c491d96ee90d96f244f9569cceedd2fd00b5d918e5858f5995c78a51fabed,61e69f7fc46e340453bf74ccd7af6ac9d8eba9f8e232884659e1ea99f6abf3fe
6162,all-review/review-062.jpg,WHITE,picons/19.2e/sky/white/1_0_19_152_10_85_C00000_0_0_0.png,picons/19.2e/sky/transparent/1_0_19_152_10_85_C00000_0_0_0.png,VISUAL_PASS,Individually visually inspected in all-review/review-062.jpg; readable against WHITE background; no correction selected.,2dc251f39696976e534d06837fae1ce809876dfcec6b34361f8faae722f9c575,677c491d96ee90d96f244f9569cceedd2fd00b5d918e5858f5995c78a51fabed,c6ae4a808a65ffc8e6458336fccbfe4216de1e832ec0a9abf800907f2f783589
6163,all-review/review-062.jpg,BLACK,picons/19.2e/sky/black/1_0_19_153_2_85_C00000_0_0_0.png,picons/19.2e/sky/transparent/1_0_19_153_2_85_C00000_0_0_0.png,VISUAL_PASS,Individually visually inspected in all-review/review-062.jpg; readable against BLACK background; no correction selected.,2813a18db11b43b08bdc5b3702ada10658522a9fcee941e562a8b9a69ae47a0b,483bd9ad6e4afbd930ffbde6ae96d7afde84ee74f38af96608332fa72ac338e5,61e69f7fc46e340453bf74ccd7af6ac9d8eba9f8e232884659e1ea99f6abf3fe
6164,all-review/review-062.jpg,WHITE,picons/19.2e/sky/white/1_0_19_153_2_85_C00000_0_0_0.png,picons/19.2e/sky/transparent/1_0_19_153_2_85_C00000_0_0_0.png,VISUAL_PASS,Individually visually inspected in all-review/review-062.jpg; readable against WHITE background; no correction selected.,cb3bcc03440735241967e5b7ea811ccb077eb1d3cb80302bb3041607dbad4daa,483bd9ad6e4afbd930ffbde6ae96d7afde84ee74f38af96608332fa72ac338e5,c6ae4a808a65ffc8e6458336fccbfe4216de1e832ec0a9abf800907f2f783589
6165,all-review/review-062.jpg,BLACK,picons/19.2e/sky/black/1_0_19_156_10_85_C00000_0_0_0.png,picons/19.2e/sky/transparent/1_0_19_156_10_85_C00000_0_0_0.png,VISUAL_PASS,Individually visually inspected in all-review/review-062.jpg; readable against BLACK background; no correction selected.,76d863fd8dc4cbd8ae95d2bbf1b9707ad0098b7fd1caced05b52c13dfd44d6ce,05ac02990bd9a2659e95a0f4aab216e591056acb8d1288e6e41eb8708cf3929c,61e69f7fc46e340453bf74ccd7af6ac9d8eba9f8e232884659e1ea99f6abf3fe
6166,all-review/review-062.jpg,WHITE,picons/19.2e/sky/white/1_0_19_156_10_85_C00000_0_0_0.png,picons/19.2e/sky/transparent/1_0_19_156_10_85_C00000_0_0_0.png,VISUAL_PASS,Individually visually inspected in all-review/review-062.jpg; readable against WHITE background; no correction selected.,11d15ed6cf4328db790e99d781c517ede2fe870ab350460b09ca63da1aeec0a0,05ac02990bd9a2659e95a0f4aab216e591056acb8d1288e6e41eb8708cf3929c,c6ae4a808a65ffc8e6458336fccbfe4216de1e832ec0a9abf800907f2f783589
6167,all-review/review-062.jpg,BLACK,picons/19.2e/sky/black/1_0_19_17_4_85_C00000_0_0_0.png,picons/19.2e/sky/transparent/1_0_19_17_4_85_C00000_0_0_0.png,VISUAL_PASS,Individually visually inspected in all-review/review-062.jpg; readable against BLACK background; no correction selected.,cc4844d4417deb75419f19496ffe9cb72dc81b0b1bbbe346cc1983988e437620,83889c8420c94bf160e625c83b5657e8167c472d1e810a948b7b78d561b6d6f4,61e69f7fc46e340453bf74ccd7af6ac9d8eba9f8e232884659e1ea99f6abf3fe
6168,all-review/review-062.jpg,WHITE,picons/19.2e/sky/white/1_0_19_17_4_85_C00000_0_0_0.png,picons/19.2e/sky/transparent/1_0_19_17_4_85_C00000_0_0_0.png,VISUAL_PASS,Individually visually inspected in all-review/review-062.jpg; readable against WHITE background; no correction selected.,eab6a23c5be1f37943b4161192b07f0bb6057b806d4d98f092f10c060a1843ab,83889c8420c94bf160e625c83b5657e8167c472d1e810a948b7b78d561b6d6f4,c6ae4a808a65ffc8e6458336fccbfe4216de1e832ec0a9abf800907f2f783589
6169,all-review/review-062.jpg,BLACK,picons/19.2e/sky/black/1_0_19_65_10_85_C00000_0_0_0.png,picons/19.2e/sky/transparent/1_0_19_65_10_85_C00000_0_0_0.png,VISUAL_PASS,Individually visually inspected in all-review/review-062.jpg; readable against BLACK background; no correction selected.,6746de6ab61a03480dd6363432116594516cec116442170a2eac4f8086f6c43c,381a0dcf0aaf674c8bdcfb70765938c2d577ecb65f6e9918382535800a164245,61e69f7fc46e340453bf74ccd7af6ac9d8eba9f8e232884659e1ea99f6abf3fe
6170,all-review/review-062.jpg,WHITE,picons/19.2e/sky/white/1_0_19_65_10_85_C00000_0_0_0.png,picons/19.2e/sky/transparent/1_0_19_65_10_85_C00000_0_0_0.png,VISUAL_PASS,Individually visually inspected in all-review/review-062.jpg; readable against WHITE background; no correction selected.,265269ac36dc0d1e5f4e2b5f4284393d5f2c1154308ff9c7457f2bafa0998663,381a0dcf0aaf674c8bdcfb70765938c2d577ecb65f6e9918382535800a164245,c6ae4a808a65ffc8e6458336fccbfe4216de1e832ec0a9abf800907f2f783589
6171,all-review/review-062.jpg,BLACK,picons/19.2e/sky/black/1_0_19_6F_D_85_C00000_0_0_0.png,picons/19.2e/sky/transparent/1_0_19_6F_D_85_C00000_0_0_0.png,VISUAL_PASS,Individually visually inspected in all-review/review-062.jpg; readable against BLACK background; no correction selected.,f34ffccc2f9859f9dffca9afd9c76d5c237c2180b7fe63e864117ea45eecadfd,065669d874f65e1a76e571ead6fcfad5314220d02cf1f619bb6c2ab6762dd131,61e69f7fc46e340453bf74ccd7af6ac9d8eba9f8e232884659e1ea99f6abf3fe
6172,all-review/review-062.jpg,WHITE,picons/19.2e/sky/white/1_0_19_6F_D_85_C00000_0_0_0.png,picons/19.2e/sky/transparent/1_0_19_6F_D_85_C00000_0_0_0.png,VISUAL_PASS,Individually visually inspected in all-review/review-062.jpg; readable against WHITE background; no correction selected.,6f7c994019d01f51aeda889c974516d1fb6245431dd7424273605d9c0cd1722d,065669d874f65e1a76e571ead6fcfad5314220d02cf1f619bb6c2ab6762dd131,c6ae4a808a65ffc8e6458336fccbfe4216de1e832ec0a9abf800907f2f783589
6173,all-review/review-062.jpg,BLACK,picons/19.2e/sky/black/1_0_19_72_D_85_C00000_0_0_0.png,picons/19.2e/sky/transparent/1_0_19_72_D_85_C00000_0_0_0.png,VISUAL_PASS,Individually visually inspected in all-review/review-062.jpg; readable against BLACK background; no correction selected.,b390c752375acb7f79be4fdd358720aa67b064846302b4ebc9415a3edbe3ae2d,71c143a7f3089e87eff487d13c1ebff788f08a6f258f4d9c5d8e7861fca24fd3,61e69f7fc46e340453bf74ccd7af6ac9d8eba9f8e232884659e1ea99f6abf3fe
6174,all-review/review-062.jpg,WHITE,picons/19.2e/sky/white/1_0_19_72_D_85_C00000_0_0_0.png,picons/19.2e/sky/transparent/1_0_19_72_D_85_C00000_0_0_0.png,VISUAL_PASS,Individually visually inspected in all-review/review-062.jpg; readable against WHITE background; no correction selected.,a1a7249ce866fd4f48c24f3dca15af64cfb4b6890a939ebc17d43e5007517c8c,71c143a7f3089e87eff487d13c1ebff788f08a6f258f4d9c5d8e7861fca24fd3,c6ae4a808a65ffc8e6458336fccbfe4216de1e832ec0a9abf800907f2f783589
6175,all-review/review-062.jpg,BLACK,picons/19.2e/sky/black/1_0_19_74_4_85_C00000_0_0_0.png,picons/19.2e/sky/transparent/1_0_19_74_4_85_C00000_0_0_0.png,VISUAL_PASS,Individually visually inspected in all-review/review-062.jpg; readable against BLACK background; no correction selected.,53235d9ca2b6cda3ca67f9ead9f36cc1e7cf0181a416f0c27e85475df439138e,20a8cb7029cead494ef1e37a35fc454ce2ea9eed923ae54e73378c15ad06fe91,61e69f7fc46e340453bf74ccd7af6ac9d8eba9f8e232884659e1ea99f6abf3fe
6176,all-review/review-062.jpg,WHITE,picons/19.2e/sky/white/1_0_19_74_4_85_C00000_0_0_0.png,picons/19.2e/sky/transparent/1_0_19_74_4_85_C00000_0_0_0.png,VISUAL_PASS,Individually visually inspected in all-review/review-062.jpg; readable against WHITE background; no correction selected.,65f661f335ff4286b87bf6cb3518ba2a7f075ed53b4d5f6c81e3a316e3bef356,20a8cb7029cead494ef1e37a35fc454ce2ea9eed923ae54e73378c15ad06fe91,c6ae4a808a65ffc8e6458336fccbfe4216de1e832ec0a9abf800907f2f783589
6177,all-review/review-062.jpg,WHITE,picons/19.2e/sky/white/1_0_19_77_4_85_C00000_0_0_0.png,picons/19.2e/sky/transparent/1_0_19_77_4_85_C00000_0_0_0.png,VISUAL_PASS,Individually visually inspected in all-review/review-062.jpg; readable against WHITE background; no correction selected.,3d90a128305c2e9d82749dc1351454e062ea4df95f56658de734fadd2dc40c17,6389a2eb82aa181d33a049d93b8f3fccd2a201cb53847deebb9a5cf00612ce1d,c6ae4a808a65ffc8e6458336fccbfe4216de1e832ec0a9abf800907f2f783589
6178,all-review/review-062.jpg,BLACK,picons/19.2e/sky/black/1_0_19_7B_10_85_C00000_0_0_0.png,picons/19.2e/sky/transparent/1_0_19_7B_10_85_C00000_0_0_0.png,VISUAL_PASS,Individually visually inspected in all-review/review-062.jpg; readable against BLACK background; no correction selected.,693fcd2a7a21a246e889948b7f4a9375abfafeab594d4b8e2578d788e589abd3,3d02a67f0299cb34a0c054b5b45e18caab626b302e3b447dc338c73a0f32b5e5,61e69f7fc46e340453bf74ccd7af6ac9d8eba9f8e232884659e1ea99f6abf3fe
6179,all-review/review-062.jpg,WHITE,picons/19.2e/sky/white/1_0_19_7B_10_85_C00000_0_0_0.png,picons/19.2e/sky/transparent/1_0_19_7B_10_85_C00000_0_0_0.png,VISUAL_PASS,Individually visually inspected in all-review/review-062.jpg; readable against WHITE background; no correction selected.,17020d53dcf74d67550722c4a68885194ebe15386a4a4c0e012aca0f98c8df64,3d02a67f0299cb34a0c054b5b45e18caab626b302e3b447dc338c73a0f32b5e5,c6ae4a808a65ffc8e6458336fccbfe4216de1e832ec0a9abf800907f2f783589
6180,all-review/review-062.jpg,BLACK,picons/19.2e/sky/black/1_0_19_81_6_85_C00000_0_0_0.png,picons/19.2e/sky/transparent/1_0_19_81_6_85_C00000_0_0_0.png,VISUAL_PASS,Individually visually inspected in all-review/review-062.jpg; readable against BLACK background; no correction selected.,2b931917c5a293a88f3c82857cab14a61aaa4269fe0f1aef3e7f7b06c47e8ea0,12501055aa48b820e799eb740ea578c76d0309e91655794eeba2fac51ac351e1,61e69f7fc46e340453bf74ccd7af6ac9d8eba9f8e232884659e1ea99f6abf3fe
6181,all-review/review-062.jpg,WHITE,picons/19.2e/sky/white/1_0_19_81_6_85_C00000_0_0_0.png,picons/19.2e/sky/transparent/1_0_19_81_6_85_C00000_0_0_0.png,VISUAL_PASS,Individually visually inspected in all-review/review-062.jpg; readable against WHITE background; no correction selected.,51d52c45533121c3b8cd560b325ab9d28f6a28167253b42238195340efc83b40,12501055aa48b820e799eb740ea578c76d0309e91655794eeba2fac51ac351e1,c6ae4a808a65ffc8e6458336fccbfe4216de1e832ec0a9abf800907f2f783589
6182,all-review/review-062.jpg,BLACK,picons/19.2e/sky/black/1_0_19_83_6_85_C00000_0_0_0.png,picons/19.2e/sky/transparent/1_0_19_83_6_85_C00000_0_0_0.png,VISUAL_PASS,Individually visually inspected in all-review/review-062.jpg; readable against BLACK background; no correction selected.,1f0389b71812536e4eede322c5a6babec1a48a1b2f9334b147eaf6f746df3792,5617f259661a5259369f4a83b14d833150b284544cca77027108091dec1570d5,61e69f7fc46e340453bf74ccd7af6ac9d8eba9f8e232884659e1ea99f6abf3fe
6183,all-review/review-062.jpg,WHITE,picons/19.2e/sky/white/1_0_19_83_6_85_C00000_0_0_0.png,picons/19.2e/sky/transparent/1_0_19_83_6_85_C00000_0_0_0.png,VISUAL_PASS,Individually visually inspected in all-review/review-062.jpg; readable against WHITE background; no correction selected.,6734f074411f1d272105a56f70329b17a7143fe15d1d57ee766c7e126c6690b9,5617f259661a5259369f4a83b14d833150b284544cca77027108091dec1570d5,c6ae4a808a65ffc8e6458336fccbfe4216de1e832ec0a9abf800907f2f783589
6184,all-review/review-062.jpg,BLACK,picons/19.2e/sky/black/1_0_19_85_2_85_C00000_0_0_0.png,picons/19.2e/sky/transparent/1_0_19_85_2_85_C00000_0_0_0.png,VISUAL_PASS,Individually visually inspected in all-review/review-062.jpg; readable against BLACK background; no correction selected.,e597afa30e7ae69ef7d3564c5add6ee02ea6991e01ab9cb6dc01c073c50a69f3,13fedf0257bf0fa418218619acc0c5d00f75ffba60561ebb075e0eb2a101abaa,61e69f7fc46e340453bf74ccd7af6ac9d8eba9f8e232884659e1ea99f6abf3fe
6185,all-review/review-062.jpg,WHITE,picons/19.2e/sky/white/1_0_19_85_2_85_C00000_0_0_0.png,picons/19.2e/sky/transparent/1_0_19_85_2_85_C00000_0_0_0.png,VISUAL_PASS,Individually visually inspected in all-review/review-062.jpg; readable against WHITE background; no correction selected.,bf281679214c63868b09e2da016c6983b4576c6d9a98c0bfda5b4f08930a502e,13fedf0257bf0fa418218619acc0c5d00f75ffba60561ebb075e0eb2a101abaa,c6ae4a808a65ffc8e6458336fccbfe4216de1e832ec0a9abf800907f2f783589
6186,all-review/review-062.jpg,WHITE,picons/19.2e/sky/white/1_0_19_8B_2_85_C00000_0_0_0.png,picons/19.2e/sky/transparent/1_0_19_8B_2_85_C00000_0_0_0.png,VISUAL_PASS,Individually visually inspected in all-review/review-062.jpg; readable against WHITE background; no correction selected.,25c21406df16703168a66946698e3e847fab4f45d9d1381ccb611f8c74c9095b,50e9c7fd714494cfbfc2c5b8f271ca8fe4b0203bde03709446b47efceb2ba287,c6ae4a808a65ffc8e6458336fccbfe4216de1e832ec0a9abf800907f2f783589
6187,all-review/review-062.jpg,BLACK,picons/19.2e/sky/black/1_0_19_8C_4_85_C00000_0_0_0.png,picons/19.2e/sky/transparent/1_0_19_8C_4_85_C00000_0_0_0.png,VISUAL_PASS,Individually visually inspected in all-review/review-062.jpg; readable against BLACK background; no correction selected.,3fa6644de48a1c3692cfbdbfe1692c296fa12284013658b531c5515461f55d2d,24462ce9de9da2759ea7fe2ec7115223113f662ad64d5e04de40189c40e397e3,61e69f7fc46e340453bf74ccd7af6ac9d8eba9f8e232884659e1ea99f6abf3fe
6188,all-review/review-062.jpg,WHITE,picons/19.2e/sky/white/1_0_19_8C_4_85_C00000_0_0_0.png,picons/19.2e/sky/transparent/1_0_19_8C_4_85_C00000_0_0_0.png,VISUAL_PASS,Individually visually inspected in all-review/review-062.jpg; readable against WHITE background; no correction selected.,5dc1c482e474f21916da30a142b2d6aa70b22c91c05bbc3362787201b3969bb8,24462ce9de9da2759ea7fe2ec7115223113f662ad64d5e04de40189c40e397e3,c6ae4a808a65ffc8e6458336fccbfe4216de1e832ec0a9abf800907f2f783589
6189,all-review/review-062.jpg,BLACK,picons/19.2e/sky/black/1_0_19_8D_2_85_C00000_0_0_0.png,picons/19.2e/sky/transparent/1_0_19_8D_2_85_C00000_0_0_0.png,VISUAL_PASS,Individually visually inspected in all-review/review-062.jpg; readable against BLACK background; no correction selected.,c5f51cd76012005b610d72c3a3af1fdb64b0eb89991a8f58d4257aec2fd4ca01,594824a4a8a369f09ec3ff95eed015acca9feca84de2705a5adf4f87be4314b0,61e69f7fc46e340453bf74ccd7af6ac9d8eba9f8e232884659e1ea99f6abf3fe
6190,all-review/review-062.jpg,WHITE,picons/19.2e/sky/white/1_0_19_8D_2_85_C00000_0_0_0.png,picons/19.2e/sky/transparent/1_0_19_8D_2_85_C00000_0_0_0.png,VISUAL_PASS,Individually visually inspected in all-review/review-062.jpg; readable against WHITE background; no correction selected.,04b5f5015812d93de795bca51cafb2aaa052c96e22f76b22e212e71b852d4752,594824a4a8a369f09ec3ff95eed015acca9feca84de2705a5adf4f87be4314b0,c6ae4a808a65ffc8e6458336fccbfe4216de1e832ec0a9abf800907f2f783589
6191,all-review/review-062.jpg,BLACK,picons/19.2e/sky/black/1_0_19_8F_4_85_C00000_0_0_0.png,picons/19.2e/sky/transparent/1_0_19_8F_4_85_C00000_0_0_0.png,VISUAL_PASS,Individually visually inspected in all-review/review-062.jpg; readable against BLACK background; no correction selected.,ed481c1f8dea375d596bc141bab830e9d35479163bc9d7d75bacb7175c039084,f1e3a5eac4aa5c6d6e30cd124b07932347debc676c370a73ab15249e9d16eca8,61e69f7fc46e340453bf74ccd7af6ac9d8eba9f8e232884659e1ea99f6abf3fe
6192,all-review/review-062.jpg,WHITE,picons/19.2e/sky/white/1_0_19_8F_4_85_C00000_0_0_0.png,picons/19.2e/sky/transparent/1_0_19_8F_4_85_C00000_0_0_0.png,VISUAL_PASS,Individually visually inspected in all-review/review-062.jpg; readable against WHITE background; no correction selected.,98ece5b45917325b98755c22ebedf2ddd396074936e85fa4072315b060e8a6d0,f1e3a5eac4aa5c6d6e30cd124b07932347debc676c370a73ab15249e9d16eca8,c6ae4a808a65ffc8e6458336fccbfe4216de1e832ec0a9abf800907f2f783589
6193,all-review/review-062.jpg,BLACK,picons/19.2e/sky/black/1_0_19_90_D_85_C00000_0_0_0.png,picons/19.2e/sky/transparent/1_0_19_90_D_85_C00000_0_0_0.png,VISUAL_PASS,Individually visually inspected in all-review/review-062.jpg; readable against BLACK background; no correction selected.,00612983ac32c64aef356301414c10d03469ed26ab2d0acc25041a73abf7c165,310a99b396746f443ff317ed225a0f94dfbfe4224fd9ef7d1eb538db119ed6d0,61e69f7fc46e340453bf74ccd7af6ac9d8eba9f8e232884659e1ea99f6abf3fe
6194,all-review/review-062.jpg,WHITE,picons/19.2e/sky/white/1_0_19_90_D_85_C00000_0_0_0.png,picons/19.2e/sky/transparent/1_0_19_90_D_85_C00000_0_0_0.png,VISUAL_PASS,Individually visually inspected in all-review/review-062.jpg; readable against WHITE background; no correction selected.,838e1cfa15b3210c19cb50cdb5448a7a0f4cb229d18811a25a8c23ab1f35cf50,310a99b396746f443ff317ed225a0f94dfbfe4224fd9ef7d1eb538db119ed6d0,c6ae4a808a65ffc8e6458336fccbfe4216de1e832ec0a9abf800907f2f783589
6195,all-review/review-062.jpg,BLACK,picons/19.2e/sky/black/1_0_19_91_4_85_C00000_0_0_0.png,picons/19.2e/sky/transparent/1_0_19_91_4_85_C00000_0_0_0.png,VISUAL_PASS,Individually visually inspected in all-review/review-062.jpg; readable against BLACK background; no correction selected.,8736cf57e15a9a2cccb952120f85c8a8264db29173627ca556eea9629a7c860e,4bd8dd53ce706abc6880aaac10fcd65fe3c41fbe76064f8bce83033dcf02adcf,61e69f7fc46e340453bf74ccd7af6ac9d8eba9f8e232884659e1ea99f6abf3fe
6196,all-review/review-062.jpg,WHITE,picons/19.2e/sky/white/1_0_19_91_4_85_C00000_0_0_0.png,picons/19.2e/sky/transparent/1_0_19_91_4_85_C00000_0_0_0.png,VISUAL_PASS,Individually visually inspected in all-review/review-062.jpg; readable against WHITE background; no correction selected.,7f4c984c2d68851c547aea954a5481d7becd7178d3ced02acfd32f75b4bdb7c4,4bd8dd53ce706abc6880aaac10fcd65fe3c41fbe76064f8bce83033dcf02adcf,c6ae4a808a65ffc8e6458336fccbfe4216de1e832ec0a9abf800907f2f783589
6197,all-review/review-062.jpg,BLACK,picons/19.2e/sky/black/1_0_19_93_2_85_C00000_0_0_0.png,picons/19.2e/sky/transparent/1_0_19_93_2_85_C00000_0_0_0.png,VISUAL_PASS,Individually visually inspected in all-review/review-062.jpg; readable against BLACK background; no correction selected.,57eb73e38fed73e596e5da886247a6cd75b376c41c73ab3bd5364fd0b0c4d92a,787dc57417dfb36e7b3f98fa41c664c4f038253e5ac6fb959378753dcdce786a,61e69f7fc46e340453bf74ccd7af6ac9d8eba9f8e232884659e1ea99f6abf3fe
6198,all-review/review-062.jpg,WHITE,picons/19.2e/sky/white/1_0_19_93_2_85_C00000_0_0_0.png,picons/19.2e/sky/transparent/1_0_19_93_2_85_C00000_0_0_0.png,VISUAL_PASS,Individually visually inspected in all-review/review-062.jpg; readable against WHITE background; no correction selected.,eb46330fe096f21e688e290f6d0ad78812a392dd6bdea3dafe4ba59916f2bec9,787dc57417dfb36e7b3f98fa41c664c4f038253e5ac6fb959378753dcdce786a,c6ae4a808a65ffc8e6458336fccbfe4216de1e832ec0a9abf800907f2f783589
6199,all-review/review-062.jpg,BLACK,picons/19.2e/sky/black/1_0_1F_228_10_85_C00000_0_0_0.png,picons/19.2e/sky/transparent/1_0_1F_228_10_85_C00000_0_0_0.png,VISUAL_PASS,Individually visually inspected in all-review/review-062.jpg; readable against BLACK background; no correction selected.,ff321bbb26dfa6e0740029ea20c3b1c00ebd5c25202693a9b95a9a30047f147b,c455b59f68b9d2211b7a369c6533795d8736f9bbcb5be931e8fed50478841b11,61e69f7fc46e340453bf74ccd7af6ac9d8eba9f8e232884659e1ea99f6abf3fe
6200,all-review/review-062.jpg,WHITE,picons/19.2e/sky/white/1_0_1F_228_10_85_C00000_0_0_0.png,picons/19.2e/sky/transparent/1_0_1F_228_10_85_C00000_0_0_0.png,VISUAL_PASS,Individually visually inspected in all-review/review-062.jpg; readable against WHITE background; no correction selected.,febd84c05d5e7ae5d72e0811cd7d90c71024515a0ba1be6761f7364e7ac447c9,c455b59f68b9d2211b7a369c6533795d8736f9bbcb5be931e8fed50478841b11,c6ae4a808a65ffc8e6458336fccbfe4216de1e832ec0a9abf800907f2f783589
6201,all-review/review-063.jpg,BLACK,picons/19.2e/sky/black/1_0_1F_229_10_85_C00000_0_0_0.png,picons/19.2e/sky/transparent/1_0_1F_229_10_85_C00000_0_0_0.png,VISUAL_PASS,Individually visually inspected in all-review/review-063.jpg; readable against BLACK background; no correction selected.,14812cf4f23f198e9e0c78c104333cc2e0cd2b42f19c0c75b02dd54ae90f7db4,e585620d456ae68c6b8137bdf1ca819a8a9e4651beecd777858925ee55ea1990,61e69f7fc46e340453bf74ccd7af6ac9d8eba9f8e232884659e1ea99f6abf3fe
6202,all-review/review-063.jpg,WHITE,picons/19.2e/sky/white/1_0_1F_229_10_85_C00000_0_0_0.png,picons/19.2e/sky/transparent/1_0_1F_229_10_85_C00000_0_0_0.png,VISUAL_PASS,Individually visually inspected in all-review/review-063.jpg; readable against WHITE background; no correction selected.,73a6624aba5ef6c64e50f87b17e714ba981700c297502080c005f858ca1d3e30,e585620d456ae68c6b8137bdf1ca819a8a9e4651beecd777858925ee55ea1990,c6ae4a808a65ffc8e6458336fccbfe4216de1e832ec0a9abf800907f2f783589
6203,all-review/review-063.jpg,BLACK,picons/19.2e/tdep/black/1_0_1_76CC_40E_1_C00000_0_0_0.png,picons/19.2e/tdep/transparent/1_0_1_76CC_40E_1_C00000_0_0_0.png,VISUAL_PASS,Individually visually inspected in all-review/review-063.jpg; readable against BLACK background; no correction selected.,4e9345898478fc32055dbf7158f015fad88fc59f475b2e99f3560f452dc1600a,9f5e3bd2907ad2e0693bf8163530227e25363eb35fa5f545ee18ba3aa4f97727,61e69f7fc46e340453bf74ccd7af6ac9d8eba9f8e232884659e1ea99f6abf3fe
6204,all-review/review-063.jpg,WHITE,picons/19.2e/tdep/white/1_0_1_76CC_40E_1_C00000_0_0_0.png,picons/19.2e/tdep/transparent/1_0_1_76CC_40E_1_C00000_0_0_0.png,VISUAL_PASS,Individually visually inspected in all-review/review-063.jpg; readable against WHITE background; no correction selected.,b85fd2e7c1f02a42ec019bc531119e91ba690056ec1bcf08ce3e1ff96e85d8ca,9f5e3bd2907ad2e0693bf8163530227e25363eb35fa5f545ee18ba3aa4f97727,c6ae4a808a65ffc8e6458336fccbfe4216de1e832ec0a9abf800907f2f783589
6205,all-review/review-063.jpg,BLACK,picons/19.2e/tsa/black/1_0_19_18ED_3F4_1_C00000_0_0_0.png,picons/19.2e/tsa/transparent/1_0_19_18ED_3F4_1_C00000_0_0_0.png,VISUAL_PASS,Individually visually inspected in all-review/review-063.jpg; readable against BLACK background; no correction selected.,536d7fc157c474eda3a32126f5c6dbf91ad1f779c739f16d6eae205e68889963,69589f002638854da37661cf7d87267b0ca2b482826a97c02a99e2c628bda27a,61e69f7fc46e340453bf74ccd7af6ac9d8eba9f8e232884659e1ea99f6abf3fe
6206,all-review/review-063.jpg,WHITE,picons/19.2e/tsa/white/1_0_19_18ED_3F4_1_C00000_0_0_0.png,picons/19.2e/tsa/transparent/1_0_19_18ED_3F4_1_C00000_0_0_0.png,VISUAL_PASS,Individually visually inspected in all-review/review-063.jpg; readable against WHITE background; no correction selected.,ff5bb15de8310cdc86650bc919ec40df05d90bcecf07c32f17dd4bc5d2662142,69589f002638854da37661cf7d87267b0ca2b482826a97c02a99e2c628bda27a,c6ae4a808a65ffc8e6458336fccbfe4216de1e832ec0a9abf800907f2f783589
6207,all-review/review-063.jpg,BLACK,picons/19.2e/tsa/black/1_0_19_18EF_3F4_1_C00000_0_0_0.png,picons/19.2e/tsa/transparent/1_0_19_18EF_3F4_1_C00000_0_0_0.png,VISUAL_PASS,Individually visually inspected in all-review/review-063.jpg; readable against BLACK background; no correction selected.,174b120001830a986390dda85582e2e1fea50e307fea02bf8f6ebb839cad2598,0533ea356d2eef65d11c72d2c4fcde7698e84ff8974f6e09d6b187f85806926c,61e69f7fc46e340453bf74ccd7af6ac9d8eba9f8e232884659e1ea99f6abf3fe
6208,all-review/review-063.jpg,WHITE,picons/19.2e/tsa/white/1_0_19_18EF_3F4_1_C00000_0_0_0.png,picons/19.2e/tsa/transparent/1_0_19_18EF_3F4_1_C00000_0_0_0.png,VISUAL_PASS,Individually visually inspected in all-review/review-063.jpg; readable against WHITE background; no correction selected.,641f77a034c2bcbf48157d5df3a96ba5099d1c90ead955dbf099905203877f62,0533ea356d2eef65d11c72d2c4fcde7698e84ff8974f6e09d6b187f85806926c,c6ae4a808a65ffc8e6458336fccbfe4216de1e832ec0a9abf800907f2f783589
6209,all-review/review-063.jpg,BLACK,picons/19.2e/tsa/black/1_0_19_18F9_3F4_1_C00000_0_0_0.png,picons/19.2e/tsa/transparent/1_0_19_18F9_3F4_1_C00000_0_0_0.png,VISUAL_PASS,Individually visually inspected in all-review/review-063.jpg; readable against BLACK background; no correction selected.,36bd8adf052424910c1591b892a24cb73afc8f780ab29e8a8234742458f52151,f33bd13c215b767b6c4f51d35ab813f6f16f98ce1d97c7e7c99c89b3a4071559,61e69f7fc46e340453bf74ccd7af6ac9d8eba9f8e232884659e1ea99f6abf3fe
6210,all-review/review-063.jpg,WHITE,picons/19.2e/tsa/white/1_0_19_18F9_3F4_1_C00000_0_0_0.png,picons/19.2e/tsa/transparent/1_0_19_18F9_3F4_1_C00000_0_0_0.png,VISUAL_PASS,Individually visually inspected in all-review/review-063.jpg; readable against WHITE background; no correction selected.,fbde8c7c323589c7ede59a910aa5cd24323413c57f17df767598c5ef2f4705d0,f33bd13c215b767b6c4f51d35ab813f6f16f98ce1d97c7e7c99c89b3a4071559,c6ae4a808a65ffc8e6458336fccbfe4216de1e832ec0a9abf800907f2f783589
6211,all-review/review-063.jpg,BLACK,picons/19.2e/tsa/black/1_0_19_7A4D_410_1_C00000_0_0_0.png,picons/19.2e/tsa/transparent/1_0_19_7A4D_410_1_C00000_0_0_0.png,VISUAL_PASS,Individually visually inspected in all-review/review-063.jpg; readable against BLACK background; no correction selected.,fd9b9a075ddeac288116f93053028c7e61fff4b72439879716e8a49639c33fc8,476b3606034e56c162aa80a8f56cda836d89fce3cf2ebee778b652d3e663ab18,61e69f7fc46e340453bf74ccd7af6ac9d8eba9f8e232884659e1ea99f6abf3fe
6212,all-review/review-063.jpg,WHITE,picons/19.2e/tsa/white/1_0_19_7A4D_410_1_C00000_0_0_0.png,picons/19.2e/tsa/transparent/1_0_19_7A4D_410_1_C00000_0_0_0.png,VISUAL_PASS,Individually visually inspected in all-review/review-063.jpg; readable against WHITE background; no correction selected.,2e4f35608094255447edf888581478f4ba1e1142f98417c493b744b6138db7a0,476b3606034e56c162aa80a8f56cda836d89fce3cf2ebee778b652d3e663ab18,c6ae4a808a65ffc8e6458336fccbfe4216de1e832ec0a9abf800907f2f783589
6213,all-review/review-063.jpg,BLACK,picons/19.2e/tsa/black/1_0_1_7A48_410_1_C00000_0_0_0.png,picons/19.2e/tsa/transparent/1_0_1_7A48_410_1_C00000_0_0_0.png,VISUAL_PASS,Individually visually inspected in all-review/review-063.jpg; readable against BLACK background; no correction selected.,504669fd4669566aab38eb785eea05c07e31ede4fa054b0cd8975c9229a1cf21,afdd85394da2699f8e7d97809b8ad730a8b4d4626b97adf4541775784ca78ecd,61e69f7fc46e340453bf74ccd7af6ac9d8eba9f8e232884659e1ea99f6abf3fe
6214,all-review/review-063.jpg,WHITE,picons/19.2e/tsa/white/1_0_1_7A48_410_1_C00000_0_0_0.png,picons/19.2e/tsa/transparent/1_0_1_7A48_410_1_C00000_0_0_0.png,VISUAL_PASS,Individually visually inspected in all-review/review-063.jpg; readable against WHITE background; no correction selected.,95c82ba5b9f19b40b6cce3ff7321059a1afba623f7903cd3556a5dddbc48c42b,afdd85394da2699f8e7d97809b8ad730a8b4d4626b97adf4541775784ca78ecd,c6ae4a808a65ffc8e6458336fccbfe4216de1e832ec0a9abf800907f2f783589
6215,all-review/review-063.jpg,BLACK,picons/19.2e/tsa/black/1_0_2_18F6_3F4_1_C00000_0_0_0.png,picons/19.2e/tsa/transparent/1_0_2_18F6_3F4_1_C00000_0_0_0.png,VISUAL_PASS,Individually visually inspected in all-review/review-063.jpg; readable against BLACK background; no correction selected.,aeb930594607f6d712224283c48977794a92777751566858f117b72c386b941e,8d9a1d95b028a8354b7b2b7a2f5c54408dcc9571ea8598e51fea2c360cbd1a2b,61e69f7fc46e340453bf74ccd7af6ac9d8eba9f8e232884659e1ea99f6abf3fe
6216,all-review/review-063.jpg,WHITE,picons/19.2e/tsa/white/1_0_2_18F6_3F4_1_C00000_0_0_0.png,picons/19.2e/tsa/transparent/1_0_2_18F6_3F4_1_C00000_0_0_0.png,VISUAL_PASS,Individually visually inspected in all-review/review-063.jpg; readable against WHITE background; no correction selected.,60f6c922b1d2c5995ec28fa57ab978e4b0bed64d46149de170c99ac3af573fab,8d9a1d95b028a8354b7b2b7a2f5c54408dcc9571ea8598e51fea2c360cbd1a2b,c6ae4a808a65ffc8e6458336fccbfe4216de1e832ec0a9abf800907f2f783589
6217,all-review/review-063.jpg,BLACK,picons/19.2e/tve-1/black/1_0_1_76C2_40E_1_C00000_0_0_0.png,picons/19.2e/tve-1/transparent/1_0_1_76C2_40E_1_C00000_0_0_0.png,VISUAL_PASS,Individually visually inspected in all-review/review-063.jpg; readable against BLACK background; no correction selected.,19b1bbf1ce41faf464ae76b43b77e2afb44ac364108f2546cfc4ac480a4d688e,ceb212a4883aed7da1c2e97d8af3078049affd7617e4cfc62463dfc96e1e1d21,61e69f7fc46e340453bf74ccd7af6ac9d8eba9f8e232884659e1ea99f6abf3fe
6218,all-review/review-063.jpg,WHITE,picons/19.2e/tve-1/white/1_0_1_76C2_40E_1_C00000_0_0_0.png,picons/19.2e/tve-1/transparent/1_0_1_76C2_40E_1_C00000_0_0_0.png,VISUAL_PASS,Individually visually inspected in all-review/review-063.jpg; readable against WHITE background; no correction selected.,09fc728973386f5303b27e88a5530d71005cc87549b23a5041f867b1960b662a,ceb212a4883aed7da1c2e97d8af3078049affd7617e4cfc62463dfc96e1e1d21,c6ae4a808a65ffc8e6458336fccbfe4216de1e832ec0a9abf800907f2f783589
6219,all-review/review-063.jpg,BLACK,picons/19.2e/zdfvision/black/1_0_19_2B7A_3F3_1_C00000_0_0_0.png,picons/19.2e/zdfvision/transparent/1_0_19_2B7A_3F3_1_C00000_0_0_0.png,VISUAL_PASS,Individually visually inspected in all-review/review-063.jpg; readable against BLACK background; no correction selected.,946dcc246368f5ccab8d183f4dbd20d7133461a656f7f2eebf81f81010acabe9,f54be8d779b2c3117979876f6317f8b57aa5654fa8f983441276e643ca01314d,61e69f7fc46e340453bf74ccd7af6ac9d8eba9f8e232884659e1ea99f6abf3fe
6220,all-review/review-063.jpg,WHITE,picons/19.2e/zdfvision/white/1_0_19_2B7A_3F3_1_C00000_0_0_0.png,picons/19.2e/zdfvision/transparent/1_0_19_2B7A_3F3_1_C00000_0_0_0.png,VISUAL_PASS,Individually visually inspected in all-review/review-063.jpg; readable against WHITE background; no correction selected.,f5c4c406e5c55c189277270206703bbdbbbff2ef545148f7926149a00d98b117,f54be8d779b2c3117979876f6317f8b57aa5654fa8f983441276e643ca01314d,c6ae4a808a65ffc8e6458336fccbfe4216de1e832ec0a9abf800907f2f783589
6221,all-review/review-063.jpg,BLACK,picons/19.2e/zdfvision/black/1_0_19_2B8E_3F2_1_C00000_0_0_0.png,picons/19.2e/zdfvision/transparent/1_0_19_2B8E_3F2_1_C00000_0_0_0.png,VISUAL_PASS,Individually visually inspected in all-review/review-063.jpg; readable against BLACK background; no correction selected.,f8c943f8a39c4f8b04ac58c82131e6f1d085836c02e4e77a0137592a786f6eb3,2ba81bfe6d09e3b5cbf035b5241c906e2957f308ff84b8728c3577231f412e61,61e69f7fc46e340453bf74ccd7af6ac9d8eba9f8e232884659e1ea99f6abf3fe
6222,all-review/review-063.jpg,WHITE,picons/19.2e/zdfvision/white/1_0_19_2B8E_3F2_1_C00000_0_0_0.png,picons/19.2e/zdfvision/transparent/1_0_19_2B8E_3F2_1_C00000_0_0_0.png,VISUAL_PASS,Individually visually inspected in all-review/review-063.jpg; readable against WHITE background; no correction selected.,b15aa9bab72122422ed24c91f731b9f16d1d0421762da75bfe7afb4ebc8640c1,2ba81bfe6d09e3b5cbf035b5241c906e2957f308ff84b8728c3577231f412e61,c6ae4a808a65ffc8e6458336fccbfe4216de1e832ec0a9abf800907f2f783589
6223,all-review/review-063.jpg,BLACK,picons/19.2e/zdfvision/black/1_0_19_2B98_3F2_1_C00000_0_0_0.png,picons/19.2e/zdfvision/transparent/1_0_19_2B98_3F2_1_C00000_0_0_0.png,VISUAL_PASS,Individually visually inspected in all-review/review-063.jpg; readable against BLACK background; no correction selected.,b86567e773be91d1d8e42095521142044c73e80b8601adde6e61f3022b88c787,ebb3d0baba183098458dba2244bfb1fc59c0820604ace6ea34709607084c9def,61e69f7fc46e340453bf74ccd7af6ac9d8eba9f8e232884659e1ea99f6abf3fe
6224,all-review/review-063.jpg,WHITE,picons/19.2e/zdfvision/white/1_0_19_2B98_3F2_1_C00000_0_0_0.png,picons/19.2e/zdfvision/transparent/1_0_19_2B98_3F2_1_C00000_0_0_0.png,VISUAL_PASS,Individually visually inspected in all-review/review-063.jpg; readable against WHITE background; no correction selected.,da1200b45f7cbc0a2cc251eb463c9d38a9247b8f76a67a1c0449dd3a9f14e904,ebb3d0baba183098458dba2244bfb1fc59c0820604ace6ea34709607084c9def,c6ae4a808a65ffc8e6458336fccbfe4216de1e832ec0a9abf800907f2f783589
6225,all-review/review-063.jpg,BLACK,picons/19.2e/zdfvision/black/1_0_19_2BA2_3F2_1_C00000_0_0_0.png,picons/19.2e/zdfvision/transparent/1_0_19_2BA2_3F2_1_C00000_0_0_0.png,VISUAL_PASS,Individually visually inspected in all-review/review-063.jpg; readable against BLACK background; no correction selected.,0ef2c3f35d0a772eed5be9ba7fdd5a23fcf3c009f33518346f584547eafd035b,33b4a31ae787839e84c0e8f10fc1b9cfba91043c814a33fa6a1eb9de2e6ae258,61e69f7fc46e340453bf74ccd7af6ac9d8eba9f8e232884659e1ea99f6abf3fe
6226,all-review/review-063.jpg,WHITE,picons/19.2e/zdfvision/white/1_0_19_2BA2_3F2_1_C00000_0_0_0.png,picons/19.2e/zdfvision/transparent/1_0_19_2BA2_3F2_1_C00000_0_0_0.png,VISUAL_PASS,Individually visually inspected in all-review/review-063.jpg; readable against WHITE background; no correction selected.,e1863f249268b4de16aea94b57cd0926c0a8952938558e657e9976f173b526d4,33b4a31ae787839e84c0e8f10fc1b9cfba91043c814a33fa6a1eb9de2e6ae258,c6ae4a808a65ffc8e6458336fccbfe4216de1e832ec0a9abf800907f2f783589
6227,all-review/review-063.jpg,WHITE,picons/19.2e/zdfvision/white/1_0_2_2BB6_3F3_1_C00000_0_0_0.png,picons/19.2e/zdfvision/transparent/1_0_2_2BB6_3F3_1_C00000_0_0_0.png,VISUAL_PASS,Individually visually inspected in all-review/review-063.jpg; readable against WHITE background; no correction selected.,73ae6944977cbd0dd0de742f8ca630ff468b4122e3f55e4085509a56ccbb0ab4,758e32bd5b760e949c4a01c6b1b943a21f91110f5496d27547333c7f3e540fe1,c6ae4a808a65ffc8e6458336fccbfe4216de1e832ec0a9abf800907f2f783589
6228,all-review/review-063.jpg,WHITE,picons/19.2e/zdfvision/white/1_0_2_2BB7_3F3_1_C00000_0_0_0.png,picons/19.2e/zdfvision/transparent/1_0_2_2BB7_3F3_1_C00000_0_0_0.png,VISUAL_PASS,Individually visually inspected in all-review/review-063.jpg; readable against WHITE background; no correction selected.,e78a54f2c34a6065355a5c9905a56cb7fc79c068d6019060316ae42156af0859,600f36235ad74848aa99cc1fe2292e3845c899383ffe43ebc3cf3501e3528b6e,c6ae4a808a65ffc8e6458336fccbfe4216de1e832ec0a9abf800907f2f783589
6229,all-review/review-063.jpg,WHITE,picons/19.2e/zdfvision/white/1_0_2_2BB8_3F3_1_C00000_0_0_0.png,picons/19.2e/zdfvision/transparent/1_0_2_2BB8_3F3_1_C00000_0_0_0.png,VISUAL_PASS,Individually visually inspected in all-review/review-063.jpg; readable against WHITE background; no correction selected.,d1228f06aee596416bfa829f81b42308965e244d9259cc7c85454dc8cb24d652,675ec0cb3e3f2c86709d84ec852603541dbf95ce900443f65bfd8be05a6cd0ef,c6ae4a808a65ffc8e6458336fccbfe4216de1e832ec0a9abf800907f2f783589
6230,all-review/review-063.jpg,BLACK,picons/19.2e/zdfvision/black/1_0_2_2BB9_3F3_1_C00000_0_0_0.png,picons/19.2e/zdfvision/transparent/1_0_2_2BB9_3F3_1_C00000_0_0_0.png,VISUAL_PASS,Individually visually inspected in all-review/review-063.jpg; readable against BLACK background; no correction selected.,48c1cdcf53c58d1dc2af7cf841a0532d513b9b7477e2ee9fd2c53e26a45d4f80,58b62856934be733a8d72efdd1234328054f35526a5912624a3e4783195ec5c6,61e69f7fc46e340453bf74ccd7af6ac9d8eba9f8e232884659e1ea99f6abf3fe
6231,all-review/review-063.jpg,WHITE,picons/19.2e/zdfvision/white/1_0_2_2BB9_3F3_1_C00000_0_0_0.png,picons/19.2e/zdfvision/transparent/1_0_2_2BB9_3F3_1_C00000_0_0_0.png,VISUAL_PASS,Individually visually inspected in all-review/review-063.jpg; readable against WHITE background; no correction selected.,22c457f1bbb8bc489303e17245db2da6ecb72c762a0db38e47fe00b438c08403,58b62856934be733a8d72efdd1234328054f35526a5912624a3e4783195ec5c6,c6ae4a808a65ffc8e6458336fccbfe4216de1e832ec0a9abf800907f2f783589
6232,all-review/review-063.jpg,BLACK,picons/21.5e/al-arabiya/black/1_0_1_1_1_FFFF_D7ADA7_0_0_0.png,picons/21.5e/al-arabiya/transparent/1_0_1_1_1_FFFF_D7ADA7_0_0_0.png,VISUAL_PASS,Individually visually inspected in all-review/review-063.jpg; readable against BLACK background; no correction selected.,b6cc6eeb988f346a83fa2f584975ae3ae6af7001e10361915b118acfce1bdfc7,f2aa6d1e8b3550c362dd71bc02caab619362e3e7687c11aad66a16473bc47eeb,61e69f7fc46e340453bf74ccd7af6ac9d8eba9f8e232884659e1ea99f6abf3fe
6233,all-review/review-063.jpg,WHITE,picons/21.5e/al-arabiya/white/1_0_1_1_1_FFFF_D7ADA7_0_0_0.png,picons/21.5e/al-arabiya/transparent/1_0_1_1_1_FFFF_D7ADA7_0_0_0.png,VISUAL_PASS,Individually visually inspected in all-review/review-063.jpg; readable against WHITE background; no correction selected.,02d31dd36d0aa5aa6097179d0035c6ac781712bd194ae1b3ca9a0ec47059370b,f2aa6d1e8b3550c362dd71bc02caab619362e3e7687c11aad66a16473bc47eeb,c6ae4a808a65ffc8e6458336fccbfe4216de1e832ec0a9abf800907f2f783589
6234,all-review/review-063.jpg,BLACK,picons/21.5e/alarabiya/black/1_0_1_2_1_FFFF_D7ADA7_0_0_0.png,picons/21.5e/alarabiya/transparent/1_0_1_2_1_FFFF_D7ADA7_0_0_0.png,VISUAL_PASS,Individually visually inspected in all-review/review-063.jpg; readable against BLACK background; no correction selected.,4ae2ebc37537ed6c6fa7bcc0d575d1dc8f322f3932e23b7c86e025e6219a4bec,f673a4180cf7936120035863ad19a1e544073b4b417923ff635e19b73d392b5c,61e69f7fc46e340453bf74ccd7af6ac9d8eba9f8e232884659e1ea99f6abf3fe
6235,all-review/review-063.jpg,BLACK,picons/21.5e/du/black/1_0_1_1_5_1_D70000_0_0_0.png,picons/21.5e/du/transparent/1_0_1_1_5_1_D70000_0_0_0.png,VISUAL_PASS,Individually visually inspected in all-review/review-063.jpg; readable against BLACK background; no correction selected.,d4d22c37d92d341b49806c774e3ea9a04a490c4950226ffd5084faa805787b32,c5491e10c9499168e5d165812cd5d9fd5244e034e4105f8bb475c3fd53506eac,61e69f7fc46e340453bf74ccd7af6ac9d8eba9f8e232884659e1ea99f6abf3fe
6236,all-review/review-063.jpg,WHITE,picons/21.5e/du/white/1_0_1_1_5_1_D70000_0_0_0.png,picons/21.5e/du/transparent/1_0_1_1_5_1_D70000_0_0_0.png,VISUAL_PASS,Individually visually inspected in all-review/review-063.jpg; readable against WHITE background; no correction selected.,897c902a94cc5699778a7023aba5318d298cd984dc6f93b52ab58fbe5d08c8c5,c5491e10c9499168e5d165812cd5d9fd5244e034e4105f8bb475c3fd53506eac,c6ae4a808a65ffc8e6458336fccbfe4216de1e832ec0a9abf800907f2f783589
6237,all-review/review-063.jpg,BLACK,picons/21.5e/dvb-s-qpsk-11599h-21-5ae/black/1_0_2_3E8_1_0_D72D4F_0_0_0.png,picons/21.5e/dvb-s-qpsk-11599h-21-5ae/transparent/1_0_2_3E8_1_0_D72D4F_0_0_0.png,VISUAL_PASS,Individually visually inspected in all-review/review-063.jpg; readable against BLACK background; no correction selected.,0fdf12a81a37faa9476f5abcc6967a8455672c98c5f1d8509140b0affde24e89,0b9c56bc8f6945f7b82a00cc1cac9e8c2e2e988c1e39b714195b8f5272db1131,61e69f7fc46e340453bf74ccd7af6ac9d8eba9f8e232884659e1ea99f6abf3fe
6238,all-review/review-063.jpg,WHITE,picons/21.5e/dvb-s-qpsk-11599h-21-5ae/white/1_0_2_3E8_1_0_D72D4F_0_0_0.png,picons/21.5e/dvb-s-qpsk-11599h-21-5ae/transparent/1_0_2_3E8_1_0_D72D4F_0_0_0.png,VISUAL_PASS,Individually visually inspected in all-review/review-063.jpg; readable against WHITE background; no correction selected.,bac57671753fb2c03f4ab455ef3af0dd4879c16095d4c290525e7a7e5d97bd70,0b9c56bc8f6945f7b82a00cc1cac9e8c2e2e988c1e39b714195b8f5272db1131,c6ae4a808a65ffc8e6458336fccbfe4216de1e832ec0a9abf800907f2f783589
6239,all-review/review-063.jpg,BLACK,picons/21.5e/dvb-s-qpsk-11599h-21-5ae/black/1_0_2_7D0_1_0_D72D4F_0_0_0.png,picons/21.5e/dvb-s-qpsk-11599h-21-5ae/transparent/1_0_2_7D0_1_0_D72D4F_0_0_0.png,VISUAL_PASS,Individually visually inspected in all-review/review-063.jpg; readable against BLACK background; no correction selected.,0fdf12a81a37faa9476f5abcc6967a8455672c98c5f1d8509140b0affde24e89,0b9c56bc8f6945f7b82a00cc1cac9e8c2e2e988c1e39b714195b8f5272db1131,61e69f7fc46e340453bf74ccd7af6ac9d8eba9f8e232884659e1ea99f6abf3fe
6240,all-review/review-063.jpg,WHITE,picons/21.5e/dvb-s-qpsk-11599h-21-5ae/white/1_0_2_7D0_1_0_D72D4F_0_0_0.png,picons/21.5e/dvb-s-qpsk-11599h-21-5ae/transparent/1_0_2_7D0_1_0_D72D4F_0_0_0.png,VISUAL_PASS,Individually visually inspected in all-review/review-063.jpg; readable against WHITE background; no correction selected.,bac57671753fb2c03f4ab455ef3af0dd4879c16095d4c290525e7a7e5d97bd70,0b9c56bc8f6945f7b82a00cc1cac9e8c2e2e988c1e39b714195b8f5272db1131,c6ae4a808a65ffc8e6458336fccbfe4216de1e832ec0a9abf800907f2f783589
6241,all-review/review-063.jpg,BLACK,picons/21.5e/idc/black/1_0_1_1_1_FFFF_D72D66_0_0_0.png,picons/21.5e/idc/transparent/1_0_1_1_1_FFFF_D72D66_0_0_0.png,VISUAL_PASS,Individually visually inspected in all-review/review-063.jpg; readable against BLACK background; no correction selected.,15d1ebcc53e832b88df75057b8b68e4b50a963d8bb466d40325b560c6d04be41,d69d8e8adeb229984f44855c33fbf281b71413e413e27d5e1a0a04149ae12f1e,61e69f7fc46e340453bf74ccd7af6ac9d8eba9f8e232884659e1ea99f6abf3fe
6242,all-review/review-063.jpg,WHITE,picons/21.5e/idc/white/1_0_1_1_1_FFFF_D72D66_0_0_0.png,picons/21.5e/idc/transparent/1_0_1_1_1_FFFF_D72D66_0_0_0.png,VISUAL_PASS,Individually visually inspected in all-review/review-063.jpg; readable against WHITE background; no correction selected.,640be8ae8c30bb3246761f9d55bc5b688ff02e9b1d79420a488063420ace7088,d69d8e8adeb229984f44855c33fbf281b71413e413e27d5e1a0a04149ae12f1e,c6ae4a808a65ffc8e6458336fccbfe4216de1e832ec0a9abf800907f2f783589
6243,all-review/review-063.jpg,BLACK,picons/21.5e/iran-press/black/1_0_1_1EE3_1_1_D72CF4_0_0_0.png,picons/21.5e/iran-press/transparent/1_0_1_1EE3_1_1_D72CF4_0_0_0.png,VISUAL_PASS,Individually visually inspected in all-review/review-063.jpg; readable against BLACK background; no correction selected.,5ba8f451a859406d9414533bcf45868799ab12d81dfbe35c27f09f99286a32d9,828d4c391f8bbb6df03888a565c34a8da7923dc6d9ff626c2a9ebe89abd017c6,61e69f7fc46e340453bf74ccd7af6ac9d8eba9f8e232884659e1ea99f6abf3fe
6244,all-review/review-063.jpg,WHITE,picons/21.5e/iran-press/white/1_0_1_1EE3_1_1_D72CF4_0_0_0.png,picons/21.5e/iran-press/transparent/1_0_1_1EE3_1_1_D72CF4_0_0_0.png,VISUAL_PASS,Individually visually inspected in all-review/review-063.jpg; readable against WHITE background; no correction selected.,cd5021a4e84cfdfde1c737cc706410288d9c4cea96681ff1ab6fa345e7087f41,828d4c391f8bbb6df03888a565c34a8da7923dc6d9ff626c2a9ebe89abd017c6,c6ae4a808a65ffc8e6458336fccbfe4216de1e832ec0a9abf800907f2f783589
6245,all-review/review-063.jpg,BLACK,picons/21.5e/mbc/black/1_0_1_1_1_1_D7AD3F_0_0_0.png,picons/21.5e/mbc/transparent/1_0_1_1_1_1_D7AD3F_0_0_0.png,VISUAL_PASS,Individually visually inspected in all-review/review-063.jpg; readable against BLACK background; no correction selected.,24a826de2f5fe9790eb7bb089c2d41d0cbd5cd69749b383dc359806a858b4223,dc8ed52f1b0ec66998aa2492282ba5ffa5b0db647f13e3347b59439dc8bd89da,61e69f7fc46e340453bf74ccd7af6ac9d8eba9f8e232884659e1ea99f6abf3fe
6246,all-review/review-063.jpg,WHITE,picons/21.5e/mbc/white/1_0_1_1_1_1_D7AD3F_0_0_0.png,picons/21.5e/mbc/transparent/1_0_1_1_1_1_D7AD3F_0_0_0.png,VISUAL_PASS,Individually visually inspected in all-review/review-063.jpg; readable against WHITE background; no correction selected.,11bf5c0fbffb641cc0d01a61bb8e14e5eaca708c74598ead530be6609068acca,dc8ed52f1b0ec66998aa2492282ba5ffa5b0db647f13e3347b59439dc8bd89da,c6ae4a808a65ffc8e6458336fccbfe4216de1e832ec0a9abf800907f2f783589
6247,all-review/review-063.jpg,BLACK,picons/21.5e/mbc/black/1_0_1_1_45_800_D70000_0_0_0.png,picons/21.5e/mbc/transparent/1_0_1_1_45_800_D70000_0_0_0.png,VISUAL_PASS,Individually visually inspected in all-review/review-063.jpg; readable against BLACK background; no correction selected.,4d1fdf4093f36943e2767fe79ba33aa876bc5d3ae1783af422c1c6e01e13a736,13a0301acfc448e7769ec25b787309aabb3b52384b3ae28007e8d728f5b4015f,61e69f7fc46e340453bf74ccd7af6ac9d8eba9f8e232884659e1ea99f6abf3fe
6248,all-review/review-063.jpg,BLACK,picons/21.5e/mbc/black/1_0_1_2_45_800_D70000_0_0_0.png,picons/21.5e/mbc/transparent/1_0_1_2_45_800_D70000_0_0_0.png,VISUAL_PASS,Individually visually inspected in all-review/review-063.jpg; readable against BLACK background; no correction selected.,121c55e519f5192b4318ca29c22e3b921f4bdaee3dffd0c8a55ac09d56bacb0c,320b15a59d50c259d6fb412636ffc295ee15ce8452b1617ce019b6055ff16cc5,61e69f7fc46e340453bf74ccd7af6ac9d8eba9f8e232884659e1ea99f6abf3fe
6249,all-review/review-063.jpg,BLACK,picons/21.5e/qbit-gmbh/black/1_0_2_3E8_1_1_D72D39_0_0_0.png,picons/21.5e/qbit-gmbh/transparent/1_0_2_3E8_1_1_D72D39_0_0_0.png,VISUAL_PASS,Individually visually inspected in all-review/review-063.jpg; readable against BLACK background; no correction selected.,1b8b92e7aa88c3d2d037b2b1246e83df2519223329bbdc0eaa5bddd5446b5c15,3b3ac532175b8e366baaaf3119268d90884728f2fd203da1d592af5bca868d29,61e69f7fc46e340453bf74ccd7af6ac9d8eba9f8e232884659e1ea99f6abf3fe
6250,all-review/review-063.jpg,WHITE,picons/21.5e/qbit-gmbh/white/1_0_2_3E8_1_1_D72D39_0_0_0.png,picons/21.5e/qbit-gmbh/transparent/1_0_2_3E8_1_1_D72D39_0_0_0.png,VISUAL_PASS,Individually visually inspected in all-review/review-063.jpg; readable against WHITE background; no correction selected.,b3dd96c99a4f14df957b4da3b234d86d10e7c091861d20832f2bf83ad996b8f4,3b3ac532175b8e366baaaf3119268d90884728f2fd203da1d592af5bca868d29,c6ae4a808a65ffc8e6458336fccbfe4216de1e832ec0a9abf800907f2f783589
6251,all-review/review-063.jpg,BLACK,picons/21.5e/qbit-gmbh/black/1_0_2_7D0_1_1_D72D39_0_0_0.png,picons/21.5e/qbit-gmbh/transparent/1_0_2_7D0_1_1_D72D39_0_0_0.png,VISUAL_PASS,Individually visually inspected in all-review/review-063.jpg; readable against BLACK background; no correction selected.,1b8b92e7aa88c3d2d037b2b1246e83df2519223329bbdc0eaa5bddd5446b5c15,3b3ac532175b8e366baaaf3119268d90884728f2fd203da1d592af5bca868d29,61e69f7fc46e340453bf74ccd7af6ac9d8eba9f8e232884659e1ea99f6abf3fe
6252,all-review/review-063.jpg,WHITE,picons/21.5e/qbit-gmbh/white/1_0_2_7D0_1_1_D72D39_0_0_0.png,picons/21.5e/qbit-gmbh/transparent/1_0_2_7D0_1_1_D72D39_0_0_0.png,VISUAL_PASS,Individually visually inspected in all-review/review-063.jpg; readable against WHITE background; no correction selected.,b3dd96c99a4f14df957b4da3b234d86d10e7c091861d20832f2bf83ad996b8f4,3b3ac532175b8e366baaaf3119268d90884728f2fd203da1d592af5bca868d29,c6ae4a808a65ffc8e6458336fccbfe4216de1e832ec0a9abf800907f2f783589
6253,all-review/review-063.jpg,BLACK,picons/21.5e/service-provider/black/1_0_1_1_1_FFFF_D72D00_0_0_0.png,picons/21.5e/service-provider/transparent/1_0_1_1_1_FFFF_D72D00_0_0_0.png,VISUAL_PASS,Individually visually inspected in all-review/review-063.jpg; readable against BLACK background; no correction selected.,b84c8659c7cff4fb081bce8a92d45dc794ee8d23b671bd1ed275a868a76d66a4,2e8c22153e6c1cdc9050e92b4420b92e52ad1e894921ae5afffbdad8d8e15109,61e69f7fc46e340453bf74ccd7af6ac9d8eba9f8e232884659e1ea99f6abf3fe
6254,all-review/review-063.jpg,WHITE,picons/21.5e/service-provider/white/1_0_1_1_1_FFFF_D72D00_0_0_0.png,picons/21.5e/service-provider/transparent/1_0_1_1_1_FFFF_D72D00_0_0_0.png,VISUAL_PASS,Individually visually inspected in all-review/review-063.jpg; readable against WHITE background; no correction selected.,a9063f6c1cae6a7edb23ea0ad5b975a6baf196b844147d50b4c468636d32417d,2e8c22153e6c1cdc9050e92b4420b92e52ad1e894921ae5afffbdad8d8e15109,c6ae4a808a65ffc8e6458336fccbfe4216de1e832ec0a9abf800907f2f783589
6255,all-review/review-063.jpg,WHITE,picons/21.5e/service-provider/white/1_0_1_1_1_FFFF_D7ACDB_0_0_0.png,picons/21.5e/service-provider/transparent/1_0_1_1_1_FFFF_D7ACDB_0_0_0.png,VISUAL_PASS,Individually visually inspected in all-review/review-063.jpg; readable against WHITE background; no correction selected.,a4bf362d1bf97040852410de41dc981ce7fcadcd19d77a871392f1555bcba0c8,5ad962e360abc6617015175f1d36ada7bd76503974fe62e4436f9bffc42aae69,c6ae4a808a65ffc8e6458336fccbfe4216de1e832ec0a9abf800907f2f783589
6256,all-review/review-063.jpg,BLACK,picons/21.5e/service-provider/black/1_0_1_1_1_FFFF_D7AD94_0_0_0.png,picons/21.5e/service-provider/transparent/1_0_1_1_1_FFFF_D7AD94_0_0_0.png,VISUAL_PASS,Individually visually inspected in all-review/review-063.jpg; readable against BLACK background; no correction selected.,b84c8659c7cff4fb081bce8a92d45dc794ee8d23b671bd1ed275a868a76d66a4,2e8c22153e6c1cdc9050e92b4420b92e52ad1e894921ae5afffbdad8d8e15109,61e69f7fc46e340453bf74ccd7af6ac9d8eba9f8e232884659e1ea99f6abf3fe
6257,all-review/review-063.jpg,WHITE,picons/21.5e/service-provider/white/1_0_1_1_1_FFFF_D7AD94_0_0_0.png,picons/21.5e/service-provider/transparent/1_0_1_1_1_FFFF_D7AD94_0_0_0.png,VISUAL_PASS,Individually visually inspected in all-review/review-063.jpg; readable against WHITE background; no correction selected.,a9063f6c1cae6a7edb23ea0ad5b975a6baf196b844147d50b4c468636d32417d,2e8c22153e6c1cdc9050e92b4420b92e52ad1e894921ae5afffbdad8d8e15109,c6ae4a808a65ffc8e6458336fccbfe4216de1e832ec0a9abf800907f2f783589
6258,all-review/review-063.jpg,BLACK,picons/21.5e/service-provider/black/1_0_1_1_1_FFFF_D7ADB0_0_0_0.png,picons/21.5e/service-provider/transparent/1_0_1_1_1_FFFF_D7ADB0_0_0_0.png,VISUAL_PASS,Individually visually inspected in all-review/review-063.jpg; readable against BLACK background; no correction selected.,b84c8659c7cff4fb081bce8a92d45dc794ee8d23b671bd1ed275a868a76d66a4,2e8c22153e6c1cdc9050e92b4420b92e52ad1e894921ae5afffbdad8d8e15109,61e69f7fc46e340453bf74ccd7af6ac9d8eba9f8e232884659e1ea99f6abf3fe
6259,all-review/review-063.jpg,WHITE,picons/21.5e/service-provider/white/1_0_1_1_1_FFFF_D7ADB0_0_0_0.png,picons/21.5e/service-provider/transparent/1_0_1_1_1_FFFF_D7ADB0_0_0_0.png,VISUAL_PASS,Individually visually inspected in all-review/review-063.jpg; readable against WHITE background; no correction selected.,a9063f6c1cae6a7edb23ea0ad5b975a6baf196b844147d50b4c468636d32417d,2e8c22153e6c1cdc9050e92b4420b92e52ad1e894921ae5afffbdad8d8e15109,c6ae4a808a65ffc8e6458336fccbfe4216de1e832ec0a9abf800907f2f783589
6260,all-review/review-063.jpg,BLACK,picons/21.5e/service-provider/black/1_0_1_1_C_FFFF_D7ACF5_0_0_0.png,picons/21.5e/service-provider/transparent/1_0_1_1_C_FFFF_D7ACF5_0_0_0.png,VISUAL_PASS,Individually visually inspected in all-review/review-063.jpg; readable against BLACK background; no correction selected.,b84c8659c7cff4fb081bce8a92d45dc794ee8d23b671bd1ed275a868a76d66a4,2e8c22153e6c1cdc9050e92b4420b92e52ad1e894921ae5afffbdad8d8e15109,61e69f7fc46e340453bf74ccd7af6ac9d8eba9f8e232884659e1ea99f6abf3fe
6261,all-review/review-063.jpg,WHITE,picons/21.5e/service-provider/white/1_0_1_1_C_FFFF_D7ACF5_0_0_0.png,picons/21.5e/service-provider/transparent/1_0_1_1_C_FFFF_D7ACF5_0_0_0.png,VISUAL_PASS,Individually visually inspected in all-review/review-063.jpg; readable against WHITE background; no correction selected.,a9063f6c1cae6a7edb23ea0ad5b975a6baf196b844147d50b4c468636d32417d,2e8c22153e6c1cdc9050e92b4420b92e52ad1e894921ae5afffbdad8d8e15109,c6ae4a808a65ffc8e6458336fccbfe4216de1e832ec0a9abf800907f2f783589
6262,all-review/review-063.jpg,BLACK,picons/21.5e/tandberg-television/black/1_0_1_1_1_FFFF_D7AD97_0_0_0.png,picons/21.5e/tandberg-television/transparent/1_0_1_1_1_FFFF_D7AD97_0_0_0.png,VISUAL_PASS,Individually visually inspected in all-review/review-063.jpg; readable against BLACK background; no correction selected.,829aa99ea35de4d954ce93040345046549a8c48decc7cf5970767417206e267c,c798684d0522a90f921b1b8e9f7864d1073fe9076dc21741798e730137a72fa6,61e69f7fc46e340453bf74ccd7af6ac9d8eba9f8e232884659e1ea99f6abf3fe
6263,all-review/review-063.jpg,WHITE,picons/21.5e/tandberg-television/white/1_0_1_1_1_FFFF_D7AD97_0_0_0.png,picons/21.5e/tandberg-television/transparent/1_0_1_1_1_FFFF_D7AD97_0_0_0.png,VISUAL_PASS,Individually visually inspected in all-review/review-063.jpg; readable against WHITE background; no correction selected.,b3b04a1d81ee07cbb2bbe0c5b0f7d9464132b624dc5ad1d5f31e635aa1944a81,c798684d0522a90f921b1b8e9f7864d1073fe9076dc21741798e730137a72fa6,c6ae4a808a65ffc8e6458336fccbfe4216de1e832ec0a9abf800907f2f783589
6264,all-review/review-063.jpg,BLACK,picons/21.5e/tandbergtv/black/1_0_1_1_1_FFFF_D7ACD3_0_0_0.png,picons/21.5e/tandbergtv/transparent/1_0_1_1_1_FFFF_D7ACD3_0_0_0.png,VISUAL_PASS,Individually visually inspected in all-review/review-063.jpg; readable against BLACK background; no correction selected.,2d42a5b3e144d28899bcbba051dd58fdd2d0cee97576d39dfb1904b37b50a4dd,3f2060d911ed6d6af65e53d3294f13d8abad8df5e8d42f626bde38760dffc68a,61e69f7fc46e340453bf74ccd7af6ac9d8eba9f8e232884659e1ea99f6abf3fe
6265,all-review/review-063.jpg,WHITE,picons/21.5e/tandbergtv/white/1_0_1_1_1_FFFF_D7ACD3_0_0_0.png,picons/21.5e/tandbergtv/transparent/1_0_1_1_1_FFFF_D7ACD3_0_0_0.png,VISUAL_PASS,Individually visually inspected in all-review/review-063.jpg; readable against WHITE background; no correction selected.,4874f9c828dd1fd42e8e7d9636855a894f70ecda1e29b0ae9019531c22b784e9,3f2060d911ed6d6af65e53d3294f13d8abad8df5e8d42f626bde38760dffc68a,c6ae4a808a65ffc8e6458336fccbfe4216de1e832ec0a9abf800907f2f783589
6266,all-review/review-063.jpg,BLACK,picons/22.0w/tda/black/1_0_1_1A_1_FFFF_D343180_0_0_0.png,picons/22.0w/tda/transparent/1_0_1_1A_1_FFFF_D343180_0_0_0.png,VISUAL_PASS,Individually visually inspected in all-review/review-063.jpg; readable against BLACK background; no correction selected.,6c6a8b6a53b3c81f29f739d82d7f31de286f23911ca537fc1e228986899764d2,c979b97dd1b3bb05ef429b1a16699a044898924b08604919ace48728be4cc72a,61e69f7fc46e340453bf74ccd7af6ac9d8eba9f8e232884659e1ea99f6abf3fe
6267,all-review/review-063.jpg,WHITE,picons/22.0w/tda/white/1_0_1_1A_1_FFFF_D343180_0_0_0.png,picons/22.0w/tda/transparent/1_0_1_1A_1_FFFF_D343180_0_0_0.png,VISUAL_PASS,Individually visually inspected in all-review/review-063.jpg; readable against WHITE background; no correction selected.,0647ab599a19ed1fe17be5685d1b8f86618a5e5c8f1c7347c213ed5906622d03,c979b97dd1b3bb05ef429b1a16699a044898924b08604919ace48728be4cc72a,c6ae4a808a65ffc8e6458336fccbfe4216de1e832ec0a9abf800907f2f783589
6268,all-review/review-063.jpg,BLACK,picons/22.0w/tda/black/1_0_1_1B_1_FFFF_D343180_0_0_0.png,picons/22.0w/tda/transparent/1_0_1_1B_1_FFFF_D343180_0_0_0.png,VISUAL_PASS,Individually visually inspected in all-review/review-063.jpg; readable against BLACK background; no correction selected.,e0fa9503e9a161eb5321c85d587015409154e0a807de51b54bcd327fd42abe29,860e9d17706e5f114fd238773cc37226cbad6cc1687152b88acc26b573c48759,61e69f7fc46e340453bf74ccd7af6ac9d8eba9f8e232884659e1ea99f6abf3fe
6269,all-review/review-063.jpg,WHITE,picons/22.0w/tda/white/1_0_1_1B_1_FFFF_D343180_0_0_0.png,picons/22.0w/tda/transparent/1_0_1_1B_1_FFFF_D343180_0_0_0.png,VISUAL_PASS,Individually visually inspected in all-review/review-063.jpg; readable against WHITE background; no correction selected.,2bc6f7d4236facf0ebcb9bb811025e6cf0222ecff5e03c59703c004e2be8e7af,860e9d17706e5f114fd238773cc37226cbad6cc1687152b88acc26b573c48759,c6ae4a808a65ffc8e6458336fccbfe4216de1e832ec0a9abf800907f2f783589
6270,all-review/review-063.jpg,BLACK,picons/22.0w/tda/black/1_0_1_1_1_FFFF_D343180_0_0_0.png,picons/22.0w/tda/transparent/1_0_1_1_1_FFFF_D343180_0_0_0.png,VISUAL_PASS,Individually visually inspected in all-review/review-063.jpg; readable against BLACK background; no correction selected.,429a10623ded5995f391a502d4469b7754e9b8a96273538adb903b91df2855f2,fc66ee4d6ba121df8812ac4ed6633de748c3e72b1580e0a5421e7e4b712faa12,61e69f7fc46e340453bf74ccd7af6ac9d8eba9f8e232884659e1ea99f6abf3fe
6271,all-review/review-063.jpg,WHITE,picons/22.0w/tda/white/1_0_1_1_1_FFFF_D343180_0_0_0.png,picons/22.0w/tda/transparent/1_0_1_1_1_FFFF_D343180_0_0_0.png,VISUAL_PASS,Individually visually inspected in all-review/review-063.jpg; readable against WHITE background; no correction selected.,235f0e6286466ef2ecabc5fc3b0a0bfacff55b1277b41e2baac1e0db4b0c19ef,fc66ee4d6ba121df8812ac4ed6633de748c3e72b1580e0a5421e7e4b712faa12,c6ae4a808a65ffc8e6458336fccbfe4216de1e832ec0a9abf800907f2f783589
6272,all-review/review-063.jpg,BLACK,picons/22.0w/tda/black/1_0_1_2_1_FFFF_D343180_0_0_0.png,picons/22.0w/tda/transparent/1_0_1_2_1_FFFF_D343180_0_0_0.png,VISUAL_PASS,Individually visually inspected in all-review/review-063.jpg; readable against BLACK background; no correction selected.,0eb168d77acc57917929f7ce40d95ec5487a44a17c827a895ecfcb6f3059ab30,28beaa0c976407f92e970a3a10362a548dc1572c74a97fd1448191ea6d1a3e96,61e69f7fc46e340453bf74ccd7af6ac9d8eba9f8e232884659e1ea99f6abf3fe
6273,all-review/review-063.jpg,WHITE,picons/22.0w/tda/white/1_0_1_2_1_FFFF_D343180_0_0_0.png,picons/22.0w/tda/transparent/1_0_1_2_1_FFFF_D343180_0_0_0.png,VISUAL_PASS,Individually visually inspected in all-review/review-063.jpg; readable against WHITE background; no correction selected.,68450d1c690466e16b5a1aafbb405e3b059107ec655c796e80ef811b60ace753,28beaa0c976407f92e970a3a10362a548dc1572c74a97fd1448191ea6d1a3e96,c6ae4a808a65ffc8e6458336fccbfe4216de1e832ec0a9abf800907f2f783589
6274,all-review/review-063.jpg,BLACK,picons/22.0w/tda/black/1_0_1_3_1_FFFF_D343180_0_0_0.png,picons/22.0w/tda/transparent/1_0_1_3_1_FFFF_D343180_0_0_0.png,VISUAL_PASS,Individually visually inspected in all-review/review-063.jpg; readable against BLACK background; no correction selected.,ab27c4cd48718ed3c7f8f74916504a77f66ee598f0296e3eb3f465de95d498e5,bb9d9bca0008d4d0d184dfc9be3cf84b3f9d6177b50d2a9ef5514dceeb5c1394,61e69f7fc46e340453bf74ccd7af6ac9d8eba9f8e232884659e1ea99f6abf3fe
6275,all-review/review-063.jpg,WHITE,picons/22.0w/tda/white/1_0_1_3_1_FFFF_D343180_0_0_0.png,picons/22.0w/tda/transparent/1_0_1_3_1_FFFF_D343180_0_0_0.png,VISUAL_PASS,Individually visually inspected in all-review/review-063.jpg; readable against WHITE background; no correction selected.,b70d2909c41881272676e834378ad1c9808b3df9778fbc53fd5a0c8358389894,bb9d9bca0008d4d0d184dfc9be3cf84b3f9d6177b50d2a9ef5514dceeb5c1394,c6ae4a808a65ffc8e6458336fccbfe4216de1e832ec0a9abf800907f2f783589
6276,all-review/review-063.jpg,BLACK,picons/22.0w/tda/black/1_0_1_4_1_FFFF_D343180_0_0_0.png,picons/22.0w/tda/transparent/1_0_1_4_1_FFFF_D343180_0_0_0.png,VISUAL_PASS,Individually visually inspected in all-review/review-063.jpg; readable against BLACK background; no correction selected.,2205d1e207f48e8e2cb1c5d68eddba0905339c4ef0d8ff682b48f4b2c55e5ed5,67f0d534ee0fad28cba3917b917512bc5152bb37ffbc04def72568184c176830,61e69f7fc46e340453bf74ccd7af6ac9d8eba9f8e232884659e1ea99f6abf3fe
6277,all-review/review-063.jpg,WHITE,picons/22.0w/tda/white/1_0_1_4_1_FFFF_D343180_0_0_0.png,picons/22.0w/tda/transparent/1_0_1_4_1_FFFF_D343180_0_0_0.png,VISUAL_PASS,Individually visually inspected in all-review/review-063.jpg; readable against WHITE background; no correction selected.,b87f0936431efe0102fb217964dd665ac4c7461b6ef46a0a0c580fbd9bdf66f5,67f0d534ee0fad28cba3917b917512bc5152bb37ffbc04def72568184c176830,c6ae4a808a65ffc8e6458336fccbfe4216de1e832ec0a9abf800907f2f783589
6278,all-review/review-063.jpg,BLACK,picons/22.0w/tda/black/1_0_2_10_1_FFFF_D343180_0_0_0.png,picons/22.0w/tda/transparent/1_0_2_10_1_FFFF_D343180_0_0_0.png,VISUAL_PASS,Individually visually inspected in all-review/review-063.jpg; readable against BLACK background; no correction selected.,d39897339e6b47f9336f1718c548be0cf70fa59b478598fd53a45c06ad0c2346,a77fdbca03db4a0af90c95f83a5ee047e267965bce10df9d4114e671413d6a13,61e69f7fc46e340453bf74ccd7af6ac9d8eba9f8e232884659e1ea99f6abf3fe
6279,all-review/review-063.jpg,WHITE,picons/22.0w/tda/white/1_0_2_10_1_FFFF_D343180_0_0_0.png,picons/22.0w/tda/transparent/1_0_2_10_1_FFFF_D343180_0_0_0.png,VISUAL_PASS,Individually visually inspected in all-review/review-063.jpg; readable against WHITE background; no correction selected.,966364919840ade3ba9fe285f37f099194684e475d19b51889e0e8db0c7bb025,a77fdbca03db4a0af90c95f83a5ee047e267965bce10df9d4114e671413d6a13,c6ae4a808a65ffc8e6458336fccbfe4216de1e832ec0a9abf800907f2f783589
6280,all-review/review-063.jpg,BLACK,picons/22.0w/tda/black/1_0_2_11_1_FFFF_D343180_0_0_0.png,picons/22.0w/tda/transparent/1_0_2_11_1_FFFF_D343180_0_0_0.png,VISUAL_PASS,Individually visually inspected in all-review/review-063.jpg; readable against BLACK background; no correction selected.,25620709d20bec8bbb21667f40cc38c3830eb7f431aac902f396a0a866e85f48,9d7b0f51c27d6a524052fec80b53ee9eba980d1afad73362966ee84ed58056e9,61e69f7fc46e340453bf74ccd7af6ac9d8eba9f8e232884659e1ea99f6abf3fe
6281,all-review/review-063.jpg,WHITE,picons/22.0w/tda/white/1_0_2_11_1_FFFF_D343180_0_0_0.png,picons/22.0w/tda/transparent/1_0_2_11_1_FFFF_D343180_0_0_0.png,VISUAL_PASS,Individually visually inspected in all-review/review-063.jpg; readable against WHITE background; no correction selected.,b67f97e140408fdaf05da1df4a7ab9579a4a0ed3c9fbe3df88c59281b3898fa3,9d7b0f51c27d6a524052fec80b53ee9eba980d1afad73362966ee84ed58056e9,c6ae4a808a65ffc8e6458336fccbfe4216de1e832ec0a9abf800907f2f783589
6282,all-review/review-063.jpg,BLACK,picons/22.0w/tda/black/1_0_2_12_1_FFFF_D343180_0_0_0.png,picons/22.0w/tda/transparent/1_0_2_12_1_FFFF_D343180_0_0_0.png,VISUAL_PASS,Individually visually inspected in all-review/review-063.jpg; readable against BLACK background; no correction selected.,63574c93192b4e5a3ddb8560e6c6db7c53cd1644677c0e0ad5dbbcc8182575a9,ae47fb56034dce9309a83eb8b96a4b6529eb0f1fc52097a717c1133094fcd2c6,61e69f7fc46e340453bf74ccd7af6ac9d8eba9f8e232884659e1ea99f6abf3fe
6283,all-review/review-063.jpg,BLACK,picons/22.0w/tda/black/1_0_2_13_1_FFFF_D343180_0_0_0.png,picons/22.0w/tda/transparent/1_0_2_13_1_FFFF_D343180_0_0_0.png,VISUAL_PASS,Individually visually inspected in all-review/review-063.jpg; readable against BLACK background; no correction selected.,4f985fa790473623502c44c41b21f29e3e03f2212d9ec507f7259a8ce1eebd62,316ef9e2e10c8fbb63441962226f8ae76a06662d78ab5e311f5611cc005f525e,61e69f7fc46e340453bf74ccd7af6ac9d8eba9f8e232884659e1ea99f6abf3fe
6284,all-review/review-063.jpg,WHITE,picons/22.0w/tda/white/1_0_2_13_1_FFFF_D343180_0_0_0.png,picons/22.0w/tda/transparent/1_0_2_13_1_FFFF_D343180_0_0_0.png,VISUAL_PASS,Individually visually inspected in all-review/review-063.jpg; readable against WHITE background; no correction selected.,fa78c3b1742eeddadbf85b9f6beb9dd7d34da7ec62cc776428b7c634c80b8ae6,316ef9e2e10c8fbb63441962226f8ae76a06662d78ab5e311f5611cc005f525e,c6ae4a808a65ffc8e6458336fccbfe4216de1e832ec0a9abf800907f2f783589
6285,all-review/review-063.jpg,BLACK,picons/22.0w/tda/black/1_0_2_14_1_FFFF_D343180_0_0_0.png,picons/22.0w/tda/transparent/1_0_2_14_1_FFFF_D343180_0_0_0.png,VISUAL_PASS,Individually visually inspected in all-review/review-063.jpg; readable against BLACK background; no correction selected.,2f20b8935fe9e57dff89206538a7898ead1a4f518b78a561fba04092b57bad1a,0f603928938fd8d5b7f0543532dc8b26be1525c33ed02a8445ddfcf787bb9187,61e69f7fc46e340453bf74ccd7af6ac9d8eba9f8e232884659e1ea99f6abf3fe
6286,all-review/review-063.jpg,WHITE,picons/22.0w/tda/white/1_0_2_14_1_FFFF_D343180_0_0_0.png,picons/22.0w/tda/transparent/1_0_2_14_1_FFFF_D343180_0_0_0.png,VISUAL_PASS,Individually visually inspected in all-review/review-063.jpg; readable against WHITE background; no correction selected.,c6da71c4abd66a92c83acea158371d275686028f76de5bf41515fabc1234e822,0f603928938fd8d5b7f0543532dc8b26be1525c33ed02a8445ddfcf787bb9187,c6ae4a808a65ffc8e6458336fccbfe4216de1e832ec0a9abf800907f2f783589
6287,all-review/review-063.jpg,BLACK,picons/22.0w/tda/black/1_0_2_15_1_FFFF_D343180_0_0_0.png,picons/22.0w/tda/transparent/1_0_2_15_1_FFFF_D343180_0_0_0.png,VISUAL_PASS,Individually visually inspected in all-review/review-063.jpg; readable against BLACK background; no correction selected.,77040388f5851ef9775db1880ee060026509f845d618d8eda0df50ee8ba8d1e9,fbe7852726621741aa8e68c698801e5df5599f3046346e2a5bac5288dca15f1b,61e69f7fc46e340453bf74ccd7af6ac9d8eba9f8e232884659e1ea99f6abf3fe
6288,all-review/review-063.jpg,WHITE,picons/22.0w/tda/white/1_0_2_15_1_FFFF_D343180_0_0_0.png,picons/22.0w/tda/transparent/1_0_2_15_1_FFFF_D343180_0_0_0.png,VISUAL_PASS,Individually visually inspected in all-review/review-063.jpg; readable against WHITE background; no correction selected.,45114199a34a9afc32442c1d88465162d8b2e3c9ad02742084fb393c516cbb75,fbe7852726621741aa8e68c698801e5df5599f3046346e2a5bac5288dca15f1b,c6ae4a808a65ffc8e6458336fccbfe4216de1e832ec0a9abf800907f2f783589
6289,all-review/review-063.jpg,BLACK,picons/22.0w/tda/black/1_0_2_16_1_FFFF_D343180_0_0_0.png,picons/22.0w/tda/transparent/1_0_2_16_1_FFFF_D343180_0_0_0.png,VISUAL_PASS,Individually visually inspected in all-review/review-063.jpg; readable against BLACK background; no correction selected.,9d7d85a9ccb63185dcc9ad3bb071097aae824481d155ea045d9890120b729cde,d028faa893870a9cd783dba2d422dfbd6cdd26e1274f537cfc1b0ac60bbd218c,61e69f7fc46e340453bf74ccd7af6ac9d8eba9f8e232884659e1ea99f6abf3fe
6290,all-review/review-063.jpg,WHITE,picons/22.0w/tda/white/1_0_2_16_1_FFFF_D343180_0_0_0.png,picons/22.0w/tda/transparent/1_0_2_16_1_FFFF_D343180_0_0_0.png,VISUAL_PASS,Individually visually inspected in all-review/review-063.jpg; readable against WHITE background; no correction selected.,d5e597a611f81b958b074c7d45c19319e81cd454043ab396c80143372cb608af,d028faa893870a9cd783dba2d422dfbd6cdd26e1274f537cfc1b0ac60bbd218c,c6ae4a808a65ffc8e6458336fccbfe4216de1e832ec0a9abf800907f2f783589
6291,all-review/review-063.jpg,BLACK,picons/22.0w/tda/black/1_0_2_17_1_FFFF_D343180_0_0_0.png,picons/22.0w/tda/transparent/1_0_2_17_1_FFFF_D343180_0_0_0.png,VISUAL_PASS,Individually visually inspected in all-review/review-063.jpg; readable against BLACK background; no correction selected.,31c192628fc2c3dc9bbe538d70ed61f56ea316601c7246e0151853c210d58062,2e8aa2625496e68f8b511258829bffec6c4f0b0829c433dac33bf20ac3fafb69,61e69f7fc46e340453bf74ccd7af6ac9d8eba9f8e232884659e1ea99f6abf3fe
6292,all-review/review-063.jpg,WHITE,picons/22.0w/tda/white/1_0_2_17_1_FFFF_D343180_0_0_0.png,picons/22.0w/tda/transparent/1_0_2_17_1_FFFF_D343180_0_0_0.png,VISUAL_PASS,Individually visually inspected in all-review/review-063.jpg; readable against WHITE background; no correction selected.,1706b9ef10a9148380d2e4bf70848e2036ced9e74c3939e5ba2a86d24623b87c,2e8aa2625496e68f8b511258829bffec6c4f0b0829c433dac33bf20ac3fafb69,c6ae4a808a65ffc8e6458336fccbfe4216de1e832ec0a9abf800907f2f783589
6293,all-review/review-063.jpg,BLACK,picons/22.0w/tda/black/1_0_2_18_1_FFFF_D343180_0_0_0.png,picons/22.0w/tda/transparent/1_0_2_18_1_FFFF_D343180_0_0_0.png,VISUAL_PASS,Individually visually inspected in all-review/review-063.jpg; readable against BLACK background; no correction selected.,0947bdefb30990470d62ed527f86e3b9b7d3c67b3a2e8ff45c799db698cade3d,c34ad9f65b844d47ee74b610977594e155654e92f1502d0d2b3bc16a81d4b911,61e69f7fc46e340453bf74ccd7af6ac9d8eba9f8e232884659e1ea99f6abf3fe
6294,all-review/review-063.jpg,WHITE,picons/22.0w/tda/white/1_0_2_18_1_FFFF_D343180_0_0_0.png,picons/22.0w/tda/transparent/1_0_2_18_1_FFFF_D343180_0_0_0.png,VISUAL_PASS,Individually visually inspected in all-review/review-063.jpg; readable against WHITE background; no correction selected.,3e0147fef0c822c3c1934f4a51bd8dae0843c55981b4c7f7c90a2bc0d38e71a8,c34ad9f65b844d47ee74b610977594e155654e92f1502d0d2b3bc16a81d4b911,c6ae4a808a65ffc8e6458336fccbfe4216de1e832ec0a9abf800907f2f783589
6295,all-review/review-063.jpg,BLACK,picons/22.0w/tda/black/1_0_2_19_1_FFFF_D343180_0_0_0.png,picons/22.0w/tda/transparent/1_0_2_19_1_FFFF_D343180_0_0_0.png,VISUAL_PASS,Individually visually inspected in all-review/review-063.jpg; readable against BLACK background; no correction selected.,3d27935e61b025f3e0627622796bae233a94e87bd9702c87d7c698363fe981c3,81fb4a29a5055db5228585bbcd44e7a277ab0c8fe1d851f66c01bbde00135c04,61e69f7fc46e340453bf74ccd7af6ac9d8eba9f8e232884659e1ea99f6abf3fe
6296,all-review/review-063.jpg,WHITE,picons/22.0w/tda/white/1_0_2_19_1_FFFF_D343180_0_0_0.png,picons/22.0w/tda/transparent/1_0_2_19_1_FFFF_D343180_0_0_0.png,VISUAL_PASS,Individually visually inspected in all-review/review-063.jpg; readable against WHITE background; no correction selected.,12f6a9de6fb46d27a3835e8b7515f7d52e1b402cb0446653d6c0a44bed523b51,81fb4a29a5055db5228585bbcd44e7a277ab0c8fe1d851f66c01bbde00135c04,c6ae4a808a65ffc8e6458336fccbfe4216de1e832ec0a9abf800907f2f783589
6297,all-review/review-063.jpg,BLACK,picons/22.0w/tda/black/1_0_2_1D_1_FFFF_D343180_0_0_0.png,picons/22.0w/tda/transparent/1_0_2_1D_1_FFFF_D343180_0_0_0.png,VISUAL_PASS,Individually visually inspected in all-review/review-063.jpg; readable against BLACK background; no correction selected.,cceb9f0385d13426d6cad516ddcb98c0ce713099cf665fb444cb0751986f418d,00bd0d11eefe69437516f6dd437a1a90cdcfe90863a8881329c5a2dcfe6caaa7,61e69f7fc46e340453bf74ccd7af6ac9d8eba9f8e232884659e1ea99f6abf3fe
6298,all-review/review-063.jpg,WHITE,picons/22.0w/tda/white/1_0_2_1D_1_FFFF_D343180_0_0_0.png,picons/22.0w/tda/transparent/1_0_2_1D_1_FFFF_D343180_0_0_0.png,VISUAL_PASS,Individually visually inspected in all-review/review-063.jpg; readable against WHITE background; no correction selected.,d50de482c8d8ed61a4b370899a935043d3446cb17ee9ea725158c2c8052c1780,00bd0d11eefe69437516f6dd437a1a90cdcfe90863a8881329c5a2dcfe6caaa7,c6ae4a808a65ffc8e6458336fccbfe4216de1e832ec0a9abf800907f2f783589
6299,all-review/review-063.jpg,BLACK,picons/22.0w/tda/black/1_0_2_1E_1_FFFF_D343180_0_0_0.png,picons/22.0w/tda/transparent/1_0_2_1E_1_FFFF_D343180_0_0_0.png,VISUAL_PASS,Individually visually inspected in all-review/review-063.jpg; readable against BLACK background; no correction selected.,1da35ddcbca73716985f430cbc0ea831b1d4b8cca33e747a676e6f1f87d61400,c80e112b243d391743490cc3652cc3a5da44642deaaddd43d6f10528759804c2,61e69f7fc46e340453bf74ccd7af6ac9d8eba9f8e232884659e1ea99f6abf3fe
6300,all-review/review-063.jpg,BLACK,picons/22.0w/tda/black/1_0_2_1F_1_FFFF_D343180_0_0_0.png,picons/22.0w/tda/transparent/1_0_2_1F_1_FFFF_D343180_0_0_0.png,VISUAL_PASS,Individually visually inspected in all-review/review-063.jpg; readable against BLACK background; no correction selected.,bd938bed32b32268d274eebb340b0bc926addb0a7b1d8c5eb1c3afff677eb301,67cd4396e7b7fd68fb1f7053e3a2c13886c9e25c2a08f8975d71f43a507905fc,61e69f7fc46e340453bf74ccd7af6ac9d8eba9f8e232884659e1ea99f6abf3fe
6301,all-review/review-064.jpg,WHITE,picons/22.0w/tda/white/1_0_2_1F_1_FFFF_D343180_0_0_0.png,picons/22.0w/tda/transparent/1_0_2_1F_1_FFFF_D343180_0_0_0.png,VISUAL_PASS,Individually visually inspected in all-review/review-064.jpg; readable against WHITE background; no correction selected.,a980da71935bf124fbbe8a099e52a30dc1ccb8d6e43f15198ddb104d1315fbbd,67cd4396e7b7fd68fb1f7053e3a2c13886c9e25c2a08f8975d71f43a507905fc,c6ae4a808a65ffc8e6458336fccbfe4216de1e832ec0a9abf800907f2f783589
6302,all-review/review-064.jpg,BLACK,picons/22.0w/tda/black/1_0_2_20_1_FFFF_D343180_0_0_0.png,picons/22.0w/tda/transparent/1_0_2_20_1_FFFF_D343180_0_0_0.png,VISUAL_PASS,Individually visually inspected in all-review/review-064.jpg; readable against BLACK background; no correction selected.,569cb0373e3debe55050cc1882c173a566e2876260f8c0039b42769062455e4e,428a305ecfe11cb5ac2843c779049266a1b04516f72253f4eb4870eebaaf7ed8,61e69f7fc46e340453bf74ccd7af6ac9d8eba9f8e232884659e1ea99f6abf3fe
6303,all-review/review-064.jpg,WHITE,picons/22.0w/tda/white/1_0_2_20_1_FFFF_D343180_0_0_0.png,picons/22.0w/tda/transparent/1_0_2_20_1_FFFF_D343180_0_0_0.png,VISUAL_PASS,Individually visually inspected in all-review/review-064.jpg; readable against WHITE background; no correction selected.,2ddc46527bfd197d2b6316ea8d2375ef7bf78fd9bc8a7f2dc38cf6470dc21bb2,428a305ecfe11cb5ac2843c779049266a1b04516f72253f4eb4870eebaaf7ed8,c6ae4a808a65ffc8e6458336fccbfe4216de1e832ec0a9abf800907f2f783589
6304,all-review/review-064.jpg,BLACK,picons/22.0w/tda/black/1_0_2_21_1_FFFF_D343180_0_0_0.png,picons/22.0w/tda/transparent/1_0_2_21_1_FFFF_D343180_0_0_0.png,VISUAL_PASS,Individually visually inspected in all-review/review-064.jpg; readable against BLACK background; no correction selected.,9ba0ac1a73d5b1c635adf8f5eb6560230ef26af4be65a37bcc3761c61e86088a,daeafbb33cd3ce70d3d1bd0481c9a6e755be64f68caa5ae94bd322ba9ae1a9e3,61e69f7fc46e340453bf74ccd7af6ac9d8eba9f8e232884659e1ea99f6abf3fe
6305,all-review/review-064.jpg,WHITE,picons/22.0w/tda/white/1_0_2_21_1_FFFF_D343180_0_0_0.png,picons/22.0w/tda/transparent/1_0_2_21_1_FFFF_D343180_0_0_0.png,VISUAL_PASS,Individually visually inspected in all-review/review-064.jpg; readable against WHITE background; no correction selected.,62ddddde22f826c562292b36be79a7f72dde5c37cfb8c4514ee9f0c95d651568,daeafbb33cd3ce70d3d1bd0481c9a6e755be64f68caa5ae94bd322ba9ae1a9e3,c6ae4a808a65ffc8e6458336fccbfe4216de1e832ec0a9abf800907f2f783589
6306,all-review/review-064.jpg,BLACK,picons/22.0w/tda/black/1_0_2_22_1_FFFF_D343180_0_0_0.png,picons/22.0w/tda/transparent/1_0_2_22_1_FFFF_D343180_0_0_0.png,VISUAL_PASS,Individually visually inspected in all-review/review-064.jpg; readable against BLACK background; no correction selected.,a81e4e214aa841cf1299ff381e25d6f97f697706b0abf48d0059e0c5f31c1041,7d915b837a3b29057995ab838fbbd0c706f5f7462af9ff812e40532804073c5d,61e69f7fc46e340453bf74ccd7af6ac9d8eba9f8e232884659e1ea99f6abf3fe
6307,all-review/review-064.jpg,WHITE,picons/22.0w/tda/white/1_0_2_22_1_FFFF_D343180_0_0_0.png,picons/22.0w/tda/transparent/1_0_2_22_1_FFFF_D343180_0_0_0.png,VISUAL_PASS,Individually visually inspected in all-review/review-064.jpg; readable against WHITE background; no correction selected.,7dd4e885947847fb38da4765f064e00f0d2aac872d6980f54177787d567fed5e,7d915b837a3b29057995ab838fbbd0c706f5f7462af9ff812e40532804073c5d,c6ae4a808a65ffc8e6458336fccbfe4216de1e832ec0a9abf800907f2f783589
6308,all-review/review-064.jpg,BLACK,picons/22.0w/tda/black/1_0_2_23_1_FFFF_D343180_0_0_0.png,picons/22.0w/tda/transparent/1_0_2_23_1_FFFF_D343180_0_0_0.png,VISUAL_PASS,Individually visually inspected in all-review/review-064.jpg; readable against BLACK background; no correction selected.,7936b0b6c027bf4c3b6009b53868413b08868bdc4f362c44f0c2daec73497376,394507fc7e5a546e3c58a4b0ff1e0585f9d2441894a57cd79ada3df13ffffcd3,61e69f7fc46e340453bf74ccd7af6ac9d8eba9f8e232884659e1ea99f6abf3fe
6309,all-review/review-064.jpg,WHITE,picons/22.0w/tda/white/1_0_2_23_1_FFFF_D343180_0_0_0.png,picons/22.0w/tda/transparent/1_0_2_23_1_FFFF_D343180_0_0_0.png,VISUAL_PASS,Individually visually inspected in all-review/review-064.jpg; readable against WHITE background; no correction selected.,35ba13cce67eb93fa99753d1dab77a7e73aa0731360aec7a847b471e96a61676,394507fc7e5a546e3c58a4b0ff1e0585f9d2441894a57cd79ada3df13ffffcd3,c6ae4a808a65ffc8e6458336fccbfe4216de1e832ec0a9abf800907f2f783589
6310,all-review/review-064.jpg,BLACK,picons/22.0w/tda/black/1_0_2_24_1_FFFF_D343180_0_0_0.png,picons/22.0w/tda/transparent/1_0_2_24_1_FFFF_D343180_0_0_0.png,VISUAL_PASS,Individually visually inspected in all-review/review-064.jpg; readable against BLACK background; no correction selected.,2f92ac1d9945b231927428a823568b67ee7b22cfe54efbe45a5e405f0de0b9b2,c810b99bfe1f0b87f026bee2b969c674b470b4908dd1eff3c56eb431daa70ece,61e69f7fc46e340453bf74ccd7af6ac9d8eba9f8e232884659e1ea99f6abf3fe
6311,all-review/review-064.jpg,WHITE,picons/22.0w/tda/white/1_0_2_24_1_FFFF_D343180_0_0_0.png,picons/22.0w/tda/transparent/1_0_2_24_1_FFFF_D343180_0_0_0.png,VISUAL_PASS,Individually visually inspected in all-review/review-064.jpg; readable against WHITE background; no correction selected.,5440032c172abb3910e0243d4fc4b1daa44f82a4ce55fccd84830acc5561cd84,c810b99bfe1f0b87f026bee2b969c674b470b4908dd1eff3c56eb431daa70ece,c6ae4a808a65ffc8e6458336fccbfe4216de1e832ec0a9abf800907f2f783589
6312,all-review/review-064.jpg,BLACK,picons/22.0w/tda/black/1_0_2_25_1_FFFF_D343180_0_0_0.png,picons/22.0w/tda/transparent/1_0_2_25_1_FFFF_D343180_0_0_0.png,VISUAL_PASS,Individually visually inspected in all-review/review-064.jpg; readable against BLACK background; no correction selected.,4417a680d2264d3a98c9d40c51c5af805721cfcbb29de502531bf21a9c0d97cd,a63158161dda302d2964767d7b5b8ddc18d5f46c484f2c4932f22302c1e0af77,61e69f7fc46e340453bf74ccd7af6ac9d8eba9f8e232884659e1ea99f6abf3fe
6313,all-review/review-064.jpg,WHITE,picons/22.0w/tda/white/1_0_2_25_1_FFFF_D343180_0_0_0.png,picons/22.0w/tda/transparent/1_0_2_25_1_FFFF_D343180_0_0_0.png,VISUAL_PASS,Individually visually inspected in all-review/review-064.jpg; readable against WHITE background; no correction selected.,a1578117a3b35054dbe5b774ee04bc30b1620c73ff746b6787c409c6a2d4bbd7,a63158161dda302d2964767d7b5b8ddc18d5f46c484f2c4932f22302c1e0af77,c6ae4a808a65ffc8e6458336fccbfe4216de1e832ec0a9abf800907f2f783589
6314,all-review/review-064.jpg,BLACK,picons/22.0w/tda/black/1_0_2_26_1_FFFF_D343180_0_0_0.png,picons/22.0w/tda/transparent/1_0_2_26_1_FFFF_D343180_0_0_0.png,VISUAL_PASS,Individually visually inspected in all-review/review-064.jpg; readable against BLACK background; no correction selected.,f51a7aa448c15780c6cd88d66a0e754c5c825ce90d741ff218f0f1989899b340,0f8b2a3f048d5b9e5cf502d056747a26135ab076bc5bf5a45dac8b67a62d6c0a,61e69f7fc46e340453bf74ccd7af6ac9d8eba9f8e232884659e1ea99f6abf3fe
6315,all-review/review-064.jpg,WHITE,picons/22.0w/tda/white/1_0_2_26_1_FFFF_D343180_0_0_0.png,picons/22.0w/tda/transparent/1_0_2_26_1_FFFF_D343180_0_0_0.png,VISUAL_PASS,Individually visually inspected in all-review/review-064.jpg; readable against WHITE background; no correction selected.,9ed97b26c7e18148fd33fc31f28dd64e665c0f27544edc396ae6eeec0acf24a1,0f8b2a3f048d5b9e5cf502d056747a26135ab076bc5bf5a45dac8b67a62d6c0a,c6ae4a808a65ffc8e6458336fccbfe4216de1e832ec0a9abf800907f2f783589
6316,all-review/review-064.jpg,BLACK,picons/22.0w/tda/black/1_0_2_27_1_FFFF_D343180_0_0_0.png,picons/22.0w/tda/transparent/1_0_2_27_1_FFFF_D343180_0_0_0.png,VISUAL_PASS,Individually visually inspected in all-review/review-064.jpg; readable against BLACK background; no correction selected.,5c5381f4a44cbe13aab228aaffa74082ca56e1c39e18c2a730d00b59d4838486,f19113e42f4684c3280113e6f73015bb374d3014c1f86a5552eac150c92d930f,61e69f7fc46e340453bf74ccd7af6ac9d8eba9f8e232884659e1ea99f6abf3fe
6317,all-review/review-064.jpg,WHITE,picons/22.0w/tda/white/1_0_2_27_1_FFFF_D343180_0_0_0.png,picons/22.0w/tda/transparent/1_0_2_27_1_FFFF_D343180_0_0_0.png,VISUAL_PASS,Individually visually inspected in all-review/review-064.jpg; readable against WHITE background; no correction selected.,02917731df14c75ba836eaef0ed51836cad0bbe1e18230783770c0cdee0f56e4,f19113e42f4684c3280113e6f73015bb374d3014c1f86a5552eac150c92d930f,c6ae4a808a65ffc8e6458336fccbfe4216de1e832ec0a9abf800907f2f783589
6318,all-review/review-064.jpg,BLACK,picons/22.0w/tda/black/1_0_2_28_1_FFFF_D343180_0_0_0.png,picons/22.0w/tda/transparent/1_0_2_28_1_FFFF_D343180_0_0_0.png,VISUAL_PASS,Individually visually inspected in all-review/review-064.jpg; readable against BLACK background; no correction selected.,dd5154391f067f5f2a840b50fcf2ba01fe49b4ff1a6b2d4050668969063b6ca8,4579e0deca875c6491310652d7a3000ea398548f1cd583e9bc96aae677855c5f,61e69f7fc46e340453bf74ccd7af6ac9d8eba9f8e232884659e1ea99f6abf3fe
6319,all-review/review-064.jpg,WHITE,picons/22.0w/tda/white/1_0_2_28_1_FFFF_D343180_0_0_0.png,picons/22.0w/tda/transparent/1_0_2_28_1_FFFF_D343180_0_0_0.png,VISUAL_PASS,Individually visually inspected in all-review/review-064.jpg; readable against WHITE background; no correction selected.,b16f2cbb4019208eedac7a9c5540a1ed72bb93d75f8301896fe30374503d16d4,4579e0deca875c6491310652d7a3000ea398548f1cd583e9bc96aae677855c5f,c6ae4a808a65ffc8e6458336fccbfe4216de1e832ec0a9abf800907f2f783589
6320,all-review/review-064.jpg,BLACK,picons/22.0w/tda/black/1_0_2_296_1_FFFF_D343180_0_0_0.png,picons/22.0w/tda/transparent/1_0_2_296_1_FFFF_D343180_0_0_0.png,VISUAL_PASS,Individually visually inspected in all-review/review-064.jpg; readable against BLACK background; no correction selected.,c53e7d200adb80ae2befc73c6962a36b457ed2aebca9b1f49936ad3307a07b36,4c3a8e78672c822a3687a717c66cbaa5e94fe4f25db864adbe00de63e053323c,61e69f7fc46e340453bf74ccd7af6ac9d8eba9f8e232884659e1ea99f6abf3fe
6321,all-review/review-064.jpg,BLACK,picons/22.0w/tda/black/1_0_2_298_1_FFFF_D343180_0_0_0.png,picons/22.0w/tda/transparent/1_0_2_298_1_FFFF_D343180_0_0_0.png,VISUAL_PASS,Individually visually inspected in all-review/review-064.jpg; readable against BLACK background; no correction selected.,3702afc156166173b3d28c3cb57e779c9a0c3971624bc5ece98c0c75cc9e203d,164f7e901bb15332316a4b555e37b5739ff4b73276dac2b58e18fae14e5904b1,61e69f7fc46e340453bf74ccd7af6ac9d8eba9f8e232884659e1ea99f6abf3fe
6322,all-review/review-064.jpg,WHITE,picons/22.0w/tda/white/1_0_2_298_1_FFFF_D343180_0_0_0.png,picons/22.0w/tda/transparent/1_0_2_298_1_FFFF_D343180_0_0_0.png,VISUAL_PASS,Individually visually inspected in all-review/review-064.jpg; readable against WHITE background; no correction selected.,8ad05902568398cb1ab164de998970c92a30318f17fa4cf25264ddc62e376166,164f7e901bb15332316a4b555e37b5739ff4b73276dac2b58e18fae14e5904b1,c6ae4a808a65ffc8e6458336fccbfe4216de1e832ec0a9abf800907f2f783589
6323,all-review/review-064.jpg,BLACK,picons/22.0w/tda/black/1_0_2_299_1_FFFF_D343180_0_0_0.png,picons/22.0w/tda/transparent/1_0_2_299_1_FFFF_D343180_0_0_0.png,VISUAL_PASS,Individually visually inspected in all-review/review-064.jpg; readable against BLACK background; no correction selected.,1f0f4e7eafd347d2487d26b82026750f40b624978409f84b65e01a518ff05922,3266a2a82520ae6061540f64d9889c715517fdf6686ac0028be050f1fa680102,61e69f7fc46e340453bf74ccd7af6ac9d8eba9f8e232884659e1ea99f6abf3fe
6324,all-review/review-064.jpg,WHITE,picons/22.0w/tda/white/1_0_2_299_1_FFFF_D343180_0_0_0.png,picons/22.0w/tda/transparent/1_0_2_299_1_FFFF_D343180_0_0_0.png,VISUAL_PASS,Individually visually inspected in all-review/review-064.jpg; readable against WHITE background; no correction selected.,af0ae10535e5ae02730ac5bab59c52af5813ce886287306db7269c7a28a54e3d,3266a2a82520ae6061540f64d9889c715517fdf6686ac0028be050f1fa680102,c6ae4a808a65ffc8e6458336fccbfe4216de1e832ec0a9abf800907f2f783589
6325,all-review/review-064.jpg,BLACK,picons/22.0w/tda/black/1_0_2_29_1_FFFF_D343180_0_0_0.png,picons/22.0w/tda/transparent/1_0_2_29_1_FFFF_D343180_0_0_0.png,VISUAL_PASS,Individually visually inspected in all-review/review-064.jpg; readable against BLACK background; no correction selected.,07609d81840e7314221d8b98e3b05a932eb7bc38f7d5492020d1709d08417c41,ccd1320e0e11397c3a3b72b03e75264ad716036c1b1ea9bf15ee52f579f02276,61e69f7fc46e340453bf74ccd7af6ac9d8eba9f8e232884659e1ea99f6abf3fe
6326,all-review/review-064.jpg,BLACK,picons/22.0w/tda/black/1_0_2_2A_1_FFFF_D343180_0_0_0.png,picons/22.0w/tda/transparent/1_0_2_2A_1_FFFF_D343180_0_0_0.png,VISUAL_PASS,Individually visually inspected in all-review/review-064.jpg; readable against BLACK background; no correction selected.,f309a6f8c8978eef11c2fab45681acbffb00ad09ffae434c997041653514ba32,4db31b58408c5ed912bf70b6a1fc746530db06b83d9f88772a778e26669295bf,61e69f7fc46e340453bf74ccd7af6ac9d8eba9f8e232884659e1ea99f6abf3fe
6327,all-review/review-064.jpg,WHITE,picons/22.0w/tda/white/1_0_2_2A_1_FFFF_D343180_0_0_0.png,picons/22.0w/tda/transparent/1_0_2_2A_1_FFFF_D343180_0_0_0.png,VISUAL_PASS,Individually visually inspected in all-review/review-064.jpg; readable against WHITE background; no correction selected.,7b92052d99621bd9dc180b4c08dbb79ff910d4e10079c55630161de0cf5ef7be,4db31b58408c5ed912bf70b6a1fc746530db06b83d9f88772a778e26669295bf,c6ae4a808a65ffc8e6458336fccbfe4216de1e832ec0a9abf800907f2f783589
6328,all-review/review-064.jpg,BLACK,picons/22.0w/tda/black/1_0_2_2B_1_FFFF_D343180_0_0_0.png,picons/22.0w/tda/transparent/1_0_2_2B_1_FFFF_D343180_0_0_0.png,VISUAL_PASS,Individually visually inspected in all-review/review-064.jpg; readable against BLACK background; no correction selected.,878230e1ae1ea77405092a15cfda4bd8dee31c9bdab4144719bf86254f93c955,9fe43a519634492e277c2e58e665733a7d11386cb1149d171c9dc6b9b4fab487,61e69f7fc46e340453bf74ccd7af6ac9d8eba9f8e232884659e1ea99f6abf3fe
6329,all-review/review-064.jpg,WHITE,picons/22.0w/tda/white/1_0_2_2B_1_FFFF_D343180_0_0_0.png,picons/22.0w/tda/transparent/1_0_2_2B_1_FFFF_D343180_0_0_0.png,VISUAL_PASS,Individually visually inspected in all-review/review-064.jpg; readable against WHITE background; no correction selected.,b59c5574ccfc812251fa1dcb520dfaf500af2a3c9435c14931538b386de06bb1,9fe43a519634492e277c2e58e665733a7d11386cb1149d171c9dc6b9b4fab487,c6ae4a808a65ffc8e6458336fccbfe4216de1e832ec0a9abf800907f2f783589
6330,all-review/review-064.jpg,BLACK,picons/22.0w/tda/black/1_0_2_2C_1_FFFF_D343180_0_0_0.png,picons/22.0w/tda/transparent/1_0_2_2C_1_FFFF_D343180_0_0_0.png,VISUAL_PASS,Individually visually inspected in all-review/review-064.jpg; readable against BLACK background; no correction selected.,230eb948083746e60305b8e4093ea7140595bf293e97666c273a191386da8a77,d4aa46edccb110e2dddd06f19eb57526c9b7afeef0c952610898bbc2bc519782,61e69f7fc46e340453bf74ccd7af6ac9d8eba9f8e232884659e1ea99f6abf3fe
6331,all-review/review-064.jpg,BLACK,picons/22.0w/tda/black/1_0_2_2D_1_FFFF_D343180_0_0_0.png,picons/22.0w/tda/transparent/1_0_2_2D_1_FFFF_D343180_0_0_0.png,VISUAL_PASS,Individually visually inspected in all-review/review-064.jpg; readable against BLACK background; no correction selected.,0501de32251881eef2837b6e464d626aad10eb829b404489dc2da0ff7757fb7e,f39677391fea93165440461059a78ec95c950ced2c37314d17e97b60d4e66042,61e69f7fc46e340453bf74ccd7af6ac9d8eba9f8e232884659e1ea99f6abf3fe
6332,all-review/review-064.jpg,WHITE,picons/22.0w/tda/white/1_0_2_2D_1_FFFF_D343180_0_0_0.png,picons/22.0w/tda/transparent/1_0_2_2D_1_FFFF_D343180_0_0_0.png,VISUAL_PASS,Individually visually inspected in all-review/review-064.jpg; readable against WHITE background; no correction selected.,c2468bbecab6a8a3f0da75cb0def8f7a2d322167fa427233bb859f2b0d16fbc4,f39677391fea93165440461059a78ec95c950ced2c37314d17e97b60d4e66042,c6ae4a808a65ffc8e6458336fccbfe4216de1e832ec0a9abf800907f2f783589
6333,all-review/review-064.jpg,BLACK,picons/22.0w/tda/black/1_0_2_2E_1_FFFF_D343180_0_0_0.png,picons/22.0w/tda/transparent/1_0_2_2E_1_FFFF_D343180_0_0_0.png,VISUAL_PASS,Individually visually inspected in all-review/review-064.jpg; readable against BLACK background; no correction selected.,ba6c499e0f2580a79c2bfdb936cc41168123b230ed86687c603d5ff3f091debf,e2c21bc52af71bb145a9a45e90ef12d6b8f77036118d7ec9b50c5124f54251c5,61e69f7fc46e340453bf74ccd7af6ac9d8eba9f8e232884659e1ea99f6abf3fe
6334,all-review/review-064.jpg,WHITE,picons/22.0w/tda/white/1_0_2_2E_1_FFFF_D343180_0_0_0.png,picons/22.0w/tda/transparent/1_0_2_2E_1_FFFF_D343180_0_0_0.png,VISUAL_PASS,Individually visually inspected in all-review/review-064.jpg; readable against WHITE background; no correction selected.,9fce541b1f66e31e3a73032a49dc9e5cf938bf6956ed2db931dc7097e3344f08,e2c21bc52af71bb145a9a45e90ef12d6b8f77036118d7ec9b50c5124f54251c5,c6ae4a808a65ffc8e6458336fccbfe4216de1e832ec0a9abf800907f2f783589
6335,all-review/review-064.jpg,BLACK,picons/22.0w/tda/black/1_0_2_2F_1_FFFF_D343180_0_0_0.png,picons/22.0w/tda/transparent/1_0_2_2F_1_FFFF_D343180_0_0_0.png,VISUAL_PASS,Individually visually inspected in all-review/review-064.jpg; readable against BLACK background; no correction selected.,adb5cc0e99303a0725d2e6c379b7b88ba91f850cb0a4c045e66befbdfb452eb4,6acee400d351c104b637a7545f8f61394aac614cd84e96905d98ca585a03af2d,61e69f7fc46e340453bf74ccd7af6ac9d8eba9f8e232884659e1ea99f6abf3fe
6336,all-review/review-064.jpg,WHITE,picons/22.0w/tda/white/1_0_2_2F_1_FFFF_D343180_0_0_0.png,picons/22.0w/tda/transparent/1_0_2_2F_1_FFFF_D343180_0_0_0.png,VISUAL_PASS,Individually visually inspected in all-review/review-064.jpg; readable against WHITE background; no correction selected.,00730a9e29a458582e2994712772da6a4b5946c144c9967951136f0cec0a02c8,6acee400d351c104b637a7545f8f61394aac614cd84e96905d98ca585a03af2d,c6ae4a808a65ffc8e6458336fccbfe4216de1e832ec0a9abf800907f2f783589
6337,all-review/review-064.jpg,BLACK,picons/22.0w/tda/black/1_0_2_30_1_FFFF_D343180_0_0_0.png,picons/22.0w/tda/transparent/1_0_2_30_1_FFFF_D343180_0_0_0.png,VISUAL_PASS,Individually visually inspected in all-review/review-064.jpg; readable against BLACK background; no correction selected.,7d85de0c86476b207e2e3871cb53f8ca323e1df629e52e3bd2163d374d4ef64c,59527c04cfbef7b7a69d5deb75b36db4f69b89c6a9ab287a5eff84ef8c6ab01e,61e69f7fc46e340453bf74ccd7af6ac9d8eba9f8e232884659e1ea99f6abf3fe
6338,all-review/review-064.jpg,WHITE,picons/22.0w/tda/white/1_0_2_30_1_FFFF_D343180_0_0_0.png,picons/22.0w/tda/transparent/1_0_2_30_1_FFFF_D343180_0_0_0.png,VISUAL_PASS,Individually visually inspected in all-review/review-064.jpg; readable against WHITE background; no correction selected.,8916b81a6e1f46639d92ec884072492df5a4415a0be016ba0dff1a93e806ad43,59527c04cfbef7b7a69d5deb75b36db4f69b89c6a9ab287a5eff84ef8c6ab01e,c6ae4a808a65ffc8e6458336fccbfe4216de1e832ec0a9abf800907f2f783589
6339,all-review/review-064.jpg,BLACK,picons/22.0w/tda/black/1_0_2_31_1_FFFF_D343180_0_0_0.png,picons/22.0w/tda/transparent/1_0_2_31_1_FFFF_D343180_0_0_0.png,VISUAL_PASS,Individually visually inspected in all-review/review-064.jpg; readable against BLACK background; no correction selected.,4f985fa790473623502c44c41b21f29e3e03f2212d9ec507f7259a8ce1eebd62,316ef9e2e10c8fbb63441962226f8ae76a06662d78ab5e311f5611cc005f525e,61e69f7fc46e340453bf74ccd7af6ac9d8eba9f8e232884659e1ea99f6abf3fe
6340,all-review/review-064.jpg,WHITE,picons/22.0w/tda/white/1_0_2_31_1_FFFF_D343180_0_0_0.png,picons/22.0w/tda/transparent/1_0_2_31_1_FFFF_D343180_0_0_0.png,VISUAL_PASS,Individually visually inspected in all-review/review-064.jpg; readable against WHITE background; no correction selected.,fa78c3b1742eeddadbf85b9f6beb9dd7d34da7ec62cc776428b7c634c80b8ae6,316ef9e2e10c8fbb63441962226f8ae76a06662d78ab5e311f5611cc005f525e,c6ae4a808a65ffc8e6458336fccbfe4216de1e832ec0a9abf800907f2f783589
6341,all-review/review-064.jpg,BLACK,picons/22.0w/tda/black/1_0_2_32_1_FFFF_D343180_0_0_0.png,picons/22.0w/tda/transparent/1_0_2_32_1_FFFF_D343180_0_0_0.png,VISUAL_PASS,Individually visually inspected in all-review/review-064.jpg; readable against BLACK background; no correction selected.,9544d7138f6159b34abcd37a5219d57a7a0386259987578ba3cfa533d29ef40b,2fcc0dd133c6f1def0ceaefa41d064b9a486af1587a1cbf5ec96bad833f73588,61e69f7fc46e340453bf74ccd7af6ac9d8eba9f8e232884659e1ea99f6abf3fe
6342,all-review/review-064.jpg,WHITE,picons/22.0w/tda/white/1_0_2_32_1_FFFF_D343180_0_0_0.png,picons/22.0w/tda/transparent/1_0_2_32_1_FFFF_D343180_0_0_0.png,VISUAL_PASS,Individually visually inspected in all-review/review-064.jpg; readable against WHITE background; no correction selected.,abf27e40044c09da5bec7f63cb8326156b0ead1142d9471c85fdb385f920c0de,2fcc0dd133c6f1def0ceaefa41d064b9a486af1587a1cbf5ec96bad833f73588,c6ae4a808a65ffc8e6458336fccbfe4216de1e832ec0a9abf800907f2f783589
6343,all-review/review-064.jpg,BLACK,picons/22.0w/tda/black/1_0_2_33_1_FFFF_D343180_0_0_0.png,picons/22.0w/tda/transparent/1_0_2_33_1_FFFF_D343180_0_0_0.png,VISUAL_PASS,Individually visually inspected in all-review/review-064.jpg; readable against BLACK background; no correction selected.,3a608daf6541bfe09559937524261497d3eb9aa534711f2e4b491ae326294f47,a69c26b3d270b89fbd77f0e44e2f7830de51ca8f249dc98e857007275489b9eb,61e69f7fc46e340453bf74ccd7af6ac9d8eba9f8e232884659e1ea99f6abf3fe
6344,all-review/review-064.jpg,WHITE,picons/22.0w/tda/white/1_0_2_33_1_FFFF_D343180_0_0_0.png,picons/22.0w/tda/transparent/1_0_2_33_1_FFFF_D343180_0_0_0.png,VISUAL_PASS,Individually visually inspected in all-review/review-064.jpg; readable against WHITE background; no correction selected.,e1fde8c75d6246e558321add93d22d88aaddb9bf13ca05b5a31fdef59f8d6d4d,a69c26b3d270b89fbd77f0e44e2f7830de51ca8f249dc98e857007275489b9eb,c6ae4a808a65ffc8e6458336fccbfe4216de1e832ec0a9abf800907f2f783589
6345,all-review/review-064.jpg,BLACK,picons/22.0w/tda/black/1_0_2_34_1_FFFF_D343180_0_0_0.png,picons/22.0w/tda/transparent/1_0_2_34_1_FFFF_D343180_0_0_0.png,VISUAL_PASS,Individually visually inspected in all-review/review-064.jpg; readable against BLACK background; no correction selected.,4f985fa790473623502c44c41b21f29e3e03f2212d9ec507f7259a8ce1eebd62,316ef9e2e10c8fbb63441962226f8ae76a06662d78ab5e311f5611cc005f525e,61e69f7fc46e340453bf74ccd7af6ac9d8eba9f8e232884659e1ea99f6abf3fe
6346,all-review/review-064.jpg,WHITE,picons/22.0w/tda/white/1_0_2_34_1_FFFF_D343180_0_0_0.png,picons/22.0w/tda/transparent/1_0_2_34_1_FFFF_D343180_0_0_0.png,VISUAL_PASS,Individually visually inspected in all-review/review-064.jpg; readable against WHITE background; no correction selected.,fa78c3b1742eeddadbf85b9f6beb9dd7d34da7ec62cc776428b7c634c80b8ae6,316ef9e2e10c8fbb63441962226f8ae76a06662d78ab5e311f5611cc005f525e,c6ae4a808a65ffc8e6458336fccbfe4216de1e832ec0a9abf800907f2f783589
6347,all-review/review-064.jpg,BLACK,picons/22.0w/tda/black/1_0_2_35_1_FFFF_D343180_0_0_0.png,picons/22.0w/tda/transparent/1_0_2_35_1_FFFF_D343180_0_0_0.png,VISUAL_PASS,Individually visually inspected in all-review/review-064.jpg; readable against BLACK background; no correction selected.,8e3895677d0fe9db31d2f46951654807048ef7d0fca260e3421b941f7af7e4d9,24115f642ffc673be738b656ee82077d93e8769b6d6a31df9d2cef059521bce3,61e69f7fc46e340453bf74ccd7af6ac9d8eba9f8e232884659e1ea99f6abf3fe
6348,all-review/review-064.jpg,WHITE,picons/22.0w/tda/white/1_0_2_35_1_FFFF_D343180_0_0_0.png,picons/22.0w/tda/transparent/1_0_2_35_1_FFFF_D343180_0_0_0.png,VISUAL_PASS,Individually visually inspected in all-review/review-064.jpg; readable against WHITE background; no correction selected.,0e6c91bc2dc4c7afc4a662ca4cbfbf1f7c02d603393b164134d5617fee0ec6c5,24115f642ffc673be738b656ee82077d93e8769b6d6a31df9d2cef059521bce3,c6ae4a808a65ffc8e6458336fccbfe4216de1e832ec0a9abf800907f2f783589
6349,all-review/review-064.jpg,BLACK,picons/22.0w/tda/black/1_0_2_36_1_FFFF_D343180_0_0_0.png,picons/22.0w/tda/transparent/1_0_2_36_1_FFFF_D343180_0_0_0.png,VISUAL_PASS,Individually visually inspected in all-review/review-064.jpg; readable against BLACK background; no correction selected.,30e9eb4ced7ede4b05f56ef85a635effc66bc976db06bdb31355227580c597c1,c05d9f0503ee6f1d7b55c6f2b3db6c4e05f375b186392be561dbdcd52ecb089b,61e69f7fc46e340453bf74ccd7af6ac9d8eba9f8e232884659e1ea99f6abf3fe
6350,all-review/review-064.jpg,WHITE,picons/22.0w/tda/white/1_0_2_36_1_FFFF_D343180_0_0_0.png,picons/22.0w/tda/transparent/1_0_2_36_1_FFFF_D343180_0_0_0.png,VISUAL_PASS,Individually visually inspected in all-review/review-064.jpg; readable against WHITE background; no correction selected.,a383b61d1b435ce5ea56d42b772ae6b0956d1ae1123b611e201b2da516b7f0dc,c05d9f0503ee6f1d7b55c6f2b3db6c4e05f375b186392be561dbdcd52ecb089b,c6ae4a808a65ffc8e6458336fccbfe4216de1e832ec0a9abf800907f2f783589
6351,all-review/review-064.jpg,BLACK,picons/22.0w/tda/black/1_0_2_37_1_FFFF_D343180_0_0_0.png,picons/22.0w/tda/transparent/1_0_2_37_1_FFFF_D343180_0_0_0.png,VISUAL_PASS,Individually visually inspected in all-review/review-064.jpg; readable against BLACK background; no correction selected.,fdf61374bdeb903fb30cf7c3eaaa3fb7d73afe734d55d9bdc852386b63df369e,fb698d245de67507be0e3540322bde002d9327ff4bb9867f4667c8f76b689135,61e69f7fc46e340453bf74ccd7af6ac9d8eba9f8e232884659e1ea99f6abf3fe
6352,all-review/review-064.jpg,WHITE,picons/22.0w/tda/white/1_0_2_37_1_FFFF_D343180_0_0_0.png,picons/22.0w/tda/transparent/1_0_2_37_1_FFFF_D343180_0_0_0.png,VISUAL_PASS,Individually visually inspected in all-review/review-064.jpg; readable against WHITE background; no correction selected.,e8c16424afc8882f418163fb30b716e4911d735a1b1c11fbcf69431016f964df,fb698d245de67507be0e3540322bde002d9327ff4bb9867f4667c8f76b689135,c6ae4a808a65ffc8e6458336fccbfe4216de1e832ec0a9abf800907f2f783589
6353,all-review/review-064.jpg,BLACK,picons/22.0w/tda/black/1_0_2_38_1_FFFF_D343180_0_0_0.png,picons/22.0w/tda/transparent/1_0_2_38_1_FFFF_D343180_0_0_0.png,VISUAL_PASS,Individually visually inspected in all-review/review-064.jpg; readable against BLACK background; no correction selected.,7f7d3fe87583b2273c74911750dd35e7e5be9356bb28a4bc363d9928a39ac2cd,b0abd0c704f734e12b444a1fd347be0c4f46855ff58e41d14d707aca9d3b716f,61e69f7fc46e340453bf74ccd7af6ac9d8eba9f8e232884659e1ea99f6abf3fe
6354,all-review/review-064.jpg,WHITE,picons/22.0w/tda/white/1_0_2_38_1_FFFF_D343180_0_0_0.png,picons/22.0w/tda/transparent/1_0_2_38_1_FFFF_D343180_0_0_0.png,VISUAL_PASS,Individually visually inspected in all-review/review-064.jpg; readable against WHITE background; no correction selected.,190e98635418ab57362e976359396f9b73d6d2c4d0559dbe54e44121776e6816,b0abd0c704f734e12b444a1fd347be0c4f46855ff58e41d14d707aca9d3b716f,c6ae4a808a65ffc8e6458336fccbfe4216de1e832ec0a9abf800907f2f783589
6355,all-review/review-064.jpg,BLACK,picons/22.0w/tda/black/1_0_2_39_1_FFFF_D343180_0_0_0.png,picons/22.0w/tda/transparent/1_0_2_39_1_FFFF_D343180_0_0_0.png,VISUAL_PASS,Individually visually inspected in all-review/review-064.jpg; readable against BLACK background; no correction selected.,e5666cc3945db0be3790a2b92988b066ad6f5cde53eb861c99481ccb638c8bc9,7fa1aae5cb919f48f9e49d39a47c556bb537cce8ea98076567ee6ebad2384e9a,61e69f7fc46e340453bf74ccd7af6ac9d8eba9f8e232884659e1ea99f6abf3fe
6356,all-review/review-064.jpg,WHITE,picons/22.0w/tda/white/1_0_2_39_1_FFFF_D343180_0_0_0.png,picons/22.0w/tda/transparent/1_0_2_39_1_FFFF_D343180_0_0_0.png,VISUAL_PASS,Individually visually inspected in all-review/review-064.jpg; readable against WHITE background; no correction selected.,83b3604155fc53e96185cce4e2a8af7be10b0d94298b1c2b4639ab620cc54342,7fa1aae5cb919f48f9e49d39a47c556bb537cce8ea98076567ee6ebad2384e9a,c6ae4a808a65ffc8e6458336fccbfe4216de1e832ec0a9abf800907f2f783589
6357,all-review/review-064.jpg,BLACK,picons/22.0w/tda/black/1_0_2_3A_1_FFFF_D343180_0_0_0.png,picons/22.0w/tda/transparent/1_0_2_3A_1_FFFF_D343180_0_0_0.png,VISUAL_PASS,Individually visually inspected in all-review/review-064.jpg; readable against BLACK background; no correction selected.,230eb948083746e60305b8e4093ea7140595bf293e97666c273a191386da8a77,d4aa46edccb110e2dddd06f19eb57526c9b7afeef0c952610898bbc2bc519782,61e69f7fc46e340453bf74ccd7af6ac9d8eba9f8e232884659e1ea99f6abf3fe
6358,all-review/review-064.jpg,BLACK,picons/22.0w/tda/black/1_0_2_3B_1_FFFF_D343180_0_0_0.png,picons/22.0w/tda/transparent/1_0_2_3B_1_FFFF_D343180_0_0_0.png,VISUAL_PASS,Individually visually inspected in all-review/review-064.jpg; readable against BLACK background; no correction selected.,b648d1d7133736798ac8ab6d7d8bdfd2ffe50ed72608b150887ffec04b5f316f,9270f57c41557d5b806c29d78d2f755a610ea32bf2d48fc7027bc9b9d650379f,61e69f7fc46e340453bf74ccd7af6ac9d8eba9f8e232884659e1ea99f6abf3fe
6359,all-review/review-064.jpg,WHITE,picons/22.0w/tda/white/1_0_2_3B_1_FFFF_D343180_0_0_0.png,picons/22.0w/tda/transparent/1_0_2_3B_1_FFFF_D343180_0_0_0.png,VISUAL_PASS,Individually visually inspected in all-review/review-064.jpg; readable against WHITE background; no correction selected.,022dd2ce91703c0fff5cee22283c791258bacc615263eacabd9467ffd80fe231,9270f57c41557d5b806c29d78d2f755a610ea32bf2d48fc7027bc9b9d650379f,c6ae4a808a65ffc8e6458336fccbfe4216de1e832ec0a9abf800907f2f783589
6360,all-review/review-064.jpg,BLACK,picons/22.0w/tda/black/1_0_2_3C_1_FFFF_D343180_0_0_0.png,picons/22.0w/tda/transparent/1_0_2_3C_1_FFFF_D343180_0_0_0.png,VISUAL_PASS,Individually visually inspected in all-review/review-064.jpg; readable against BLACK background; no correction selected.,aa202eecd59dca2db3638dd2b432d69afeabe6b8ebbf0f3ae80407e024fe4bc1,94f8362881fb07451fa7408f82e3fca75975249258367ac29bb67d4cfd73801b,61e69f7fc46e340453bf74ccd7af6ac9d8eba9f8e232884659e1ea99f6abf3fe
6361,all-review/review-064.jpg,WHITE,picons/22.0w/tda/white/1_0_2_3C_1_FFFF_D343180_0_0_0.png,picons/22.0w/tda/transparent/1_0_2_3C_1_FFFF_D343180_0_0_0.png,VISUAL_PASS,Individually visually inspected in all-review/review-064.jpg; readable against WHITE background; no correction selected.,6c40e93dfc049ae939e902034e845e89ea734ff398340b80e7f2406fefdb9e6d,94f8362881fb07451fa7408f82e3fca75975249258367ac29bb67d4cfd73801b,c6ae4a808a65ffc8e6458336fccbfe4216de1e832ec0a9abf800907f2f783589
6362,all-review/review-064.jpg,BLACK,picons/22.0w/tda/black/1_0_2_3D_1_FFFF_D343180_0_0_0.png,picons/22.0w/tda/transparent/1_0_2_3D_1_FFFF_D343180_0_0_0.png,VISUAL_PASS,Individually visually inspected in all-review/review-064.jpg; readable against BLACK background; no correction selected.,b4593cd4ff72b894743f3de8c87d12d9848aa3dc0a905de01689e733162cdae3,c7c9e466653e79ad95a523e8629304868fafcd5177eb608129d4d10a90d5b9f7,61e69f7fc46e340453bf74ccd7af6ac9d8eba9f8e232884659e1ea99f6abf3fe
6363,all-review/review-064.jpg,BLACK,picons/22.0w/tda/black/1_0_2_3F_1_FFFF_D343180_0_0_0.png,picons/22.0w/tda/transparent/1_0_2_3F_1_FFFF_D343180_0_0_0.png,VISUAL_PASS,Individually visually inspected in all-review/review-064.jpg; readable against BLACK background; no correction selected.,0660b73afd78dbba2e17ef3f598a9d8c5d63e0005cb494ccb6eddeff3e732c6c,72e912e8d41bb4fc1e615aa8f76f151e7c66bd46555162a41a079adb91ba2f6a,61e69f7fc46e340453bf74ccd7af6ac9d8eba9f8e232884659e1ea99f6abf3fe
6364,all-review/review-064.jpg,WHITE,picons/22.0w/tda/white/1_0_2_3F_1_FFFF_D343180_0_0_0.png,picons/22.0w/tda/transparent/1_0_2_3F_1_FFFF_D343180_0_0_0.png,VISUAL_PASS,Individually visually inspected in all-review/review-064.jpg; readable against WHITE background; no correction selected.,bdea03e5d4f9ceecc71851034205df92e9b7066f145b0265d6b9611c772844af,72e912e8d41bb4fc1e615aa8f76f151e7c66bd46555162a41a079adb91ba2f6a,c6ae4a808a65ffc8e6458336fccbfe4216de1e832ec0a9abf800907f2f783589
6365,all-review/review-064.jpg,BLACK,picons/22.0w/tda/black/1_0_2_6_1_FFFF_D343180_0_0_0.png,picons/22.0w/tda/transparent/1_0_2_6_1_FFFF_D343180_0_0_0.png,VISUAL_PASS,Individually visually inspected in all-review/review-064.jpg; readable against BLACK background; no correction selected.,c96c07295adb02614de4bb463894f3c894566e67b2c4b5620ac8508ea0d1657f,10f146c5140afea85adafc0c7965547f3ded6b1187aed3290a282f78f5e590fa,61e69f7fc46e340453bf74ccd7af6ac9d8eba9f8e232884659e1ea99f6abf3fe
6366,all-review/review-064.jpg,BLACK,picons/22.0w/tda/black/1_0_2_7_1_FFFF_D343180_0_0_0.png,picons/22.0w/tda/transparent/1_0_2_7_1_FFFF_D343180_0_0_0.png,VISUAL_PASS,Individually visually inspected in all-review/review-064.jpg; readable against BLACK background; no correction selected.,3d27935e61b025f3e0627622796bae233a94e87bd9702c87d7c698363fe981c3,81fb4a29a5055db5228585bbcd44e7a277ab0c8fe1d851f66c01bbde00135c04,61e69f7fc46e340453bf74ccd7af6ac9d8eba9f8e232884659e1ea99f6abf3fe
6367,all-review/review-064.jpg,WHITE,picons/22.0w/tda/white/1_0_2_7_1_FFFF_D343180_0_0_0.png,picons/22.0w/tda/transparent/1_0_2_7_1_FFFF_D343180_0_0_0.png,VISUAL_PASS,Individually visually inspected in all-review/review-064.jpg; readable against WHITE background; no correction selected.,12f6a9de6fb46d27a3835e8b7515f7d52e1b402cb0446653d6c0a44bed523b51,81fb4a29a5055db5228585bbcd44e7a277ab0c8fe1d851f66c01bbde00135c04,c6ae4a808a65ffc8e6458336fccbfe4216de1e832ec0a9abf800907f2f783589
6368,all-review/review-064.jpg,BLACK,picons/22.0w/tda/black/1_0_2_8_1_FFFF_D343180_0_0_0.png,picons/22.0w/tda/transparent/1_0_2_8_1_FFFF_D343180_0_0_0.png,VISUAL_PASS,Individually visually inspected in all-review/review-064.jpg; readable against BLACK background; no correction selected.,b4593cd4ff72b894743f3de8c87d12d9848aa3dc0a905de01689e733162cdae3,c7c9e466653e79ad95a523e8629304868fafcd5177eb608129d4d10a90d5b9f7,61e69f7fc46e340453bf74ccd7af6ac9d8eba9f8e232884659e1ea99f6abf3fe
6369,all-review/review-064.jpg,BLACK,picons/22.0w/tda/black/1_0_2_9_1_FFFF_D343180_0_0_0.png,picons/22.0w/tda/transparent/1_0_2_9_1_FFFF_D343180_0_0_0.png,VISUAL_PASS,Individually visually inspected in all-review/review-064.jpg; readable against BLACK background; no correction selected.,c275ecb337a6f481c143d2554b6f7f4868c72b0dca59b6403fb6b590f3a2ae84,9a0ae9b588fe8c742a14a56e2fabedbf810b5c3d265e8d54a8d72dacaf976537,61e69f7fc46e340453bf74ccd7af6ac9d8eba9f8e232884659e1ea99f6abf3fe
6370,all-review/review-064.jpg,WHITE,picons/22.0w/tda/white/1_0_2_9_1_FFFF_D343180_0_0_0.png,picons/22.0w/tda/transparent/1_0_2_9_1_FFFF_D343180_0_0_0.png,VISUAL_PASS,Individually visually inspected in all-review/review-064.jpg; readable against WHITE background; no correction selected.,a204ad07547be2c71f41ea295cc957003b56536ca828bc1418d7f079a60a8168,9a0ae9b588fe8c742a14a56e2fabedbf810b5c3d265e8d54a8d72dacaf976537,c6ae4a808a65ffc8e6458336fccbfe4216de1e832ec0a9abf800907f2f783589
6371,all-review/review-064.jpg,BLACK,picons/22.0w/tda/black/1_0_2_A_1_FFFF_D343180_0_0_0.png,picons/22.0w/tda/transparent/1_0_2_A_1_FFFF_D343180_0_0_0.png,VISUAL_PASS,Individually visually inspected in all-review/review-064.jpg; readable against BLACK background; no correction selected.,9d4fae5cc868ac0cfaf4a2046888be8cbee96a8c51f35cd950c13f490678725b,459117a4a13774e0d9f633cd92a5a6c6c05d374813ee7435c3b37357868e5d11,61e69f7fc46e340453bf74ccd7af6ac9d8eba9f8e232884659e1ea99f6abf3fe
6372,all-review/review-064.jpg,WHITE,picons/22.0w/tda/white/1_0_2_A_1_FFFF_D343180_0_0_0.png,picons/22.0w/tda/transparent/1_0_2_A_1_FFFF_D343180_0_0_0.png,VISUAL_PASS,Individually visually inspected in all-review/review-064.jpg; readable against WHITE background; no correction selected.,6c1e4f89e316e2c7184f6e958b205b97c6742b605a1040fdf5437d691c11b1d1,459117a4a13774e0d9f633cd92a5a6c6c05d374813ee7435c3b37357868e5d11,c6ae4a808a65ffc8e6458336fccbfe4216de1e832ec0a9abf800907f2f783589
6373,all-review/review-064.jpg,BLACK,picons/22.0w/tda/black/1_0_2_B_1_FFFF_D343180_0_0_0.png,picons/22.0w/tda/transparent/1_0_2_B_1_FFFF_D343180_0_0_0.png,VISUAL_PASS,Individually visually inspected in all-review/review-064.jpg; readable against BLACK background; no correction selected.,dc4ebc24a6bb48395f9ce1e804193810988217292c954477aa724c79d9735806,8765733b2e1f4a2123139a0fc6ae4ec7b4610dadd6df500436b9823b6061c140,61e69f7fc46e340453bf74ccd7af6ac9d8eba9f8e232884659e1ea99f6abf3fe
6374,all-review/review-064.jpg,WHITE,picons/22.0w/tda/white/1_0_2_B_1_FFFF_D343180_0_0_0.png,picons/22.0w/tda/transparent/1_0_2_B_1_FFFF_D343180_0_0_0.png,VISUAL_PASS,Individually visually inspected in all-review/review-064.jpg; readable against WHITE background; no correction selected.,86458007759b184058a6c435b32784e2dc9beb2eb0d3bd77997a1f009f966c82,8765733b2e1f4a2123139a0fc6ae4ec7b4610dadd6df500436b9823b6061c140,c6ae4a808a65ffc8e6458336fccbfe4216de1e832ec0a9abf800907f2f783589
6375,all-review/review-064.jpg,BLACK,picons/22.0w/tda/black/1_0_2_C_1_FFFF_D343180_0_0_0.png,picons/22.0w/tda/transparent/1_0_2_C_1_FFFF_D343180_0_0_0.png,VISUAL_PASS,Individually visually inspected in all-review/review-064.jpg; readable against BLACK background; no correction selected.,a772240af316341855cc749a2594772dd6760c6b3997fb18fd6b6add0d129e80,400b791baff6abc2d829924547d5c14b318cf3653215ff59f29d813c53ce7ecf,61e69f7fc46e340453bf74ccd7af6ac9d8eba9f8e232884659e1ea99f6abf3fe
6376,all-review/review-064.jpg,WHITE,picons/22.0w/tda/white/1_0_2_C_1_FFFF_D343180_0_0_0.png,picons/22.0w/tda/transparent/1_0_2_C_1_FFFF_D343180_0_0_0.png,VISUAL_PASS,Individually visually inspected in all-review/review-064.jpg; readable against WHITE background; no correction selected.,257dd278c1f1bb686413912390b51f68e40db2346b76b672141b31310ab92774,400b791baff6abc2d829924547d5c14b318cf3653215ff59f29d813c53ce7ecf,c6ae4a808a65ffc8e6458336fccbfe4216de1e832ec0a9abf800907f2f783589
6377,all-review/review-064.jpg,BLACK,picons/22.0w/tda/black/1_0_2_D_1_FFFF_D343180_0_0_0.png,picons/22.0w/tda/transparent/1_0_2_D_1_FFFF_D343180_0_0_0.png,VISUAL_PASS,Individually visually inspected in all-review/review-064.jpg; readable against BLACK background; no correction selected.,4e0a112633a2a71abf2ab2939d061cb5f9921e55f302a963571914c55db247be,1e67e91c50c974610ceadc6ca24134ac9fe4efbd7a47003c9bebe9720840b92b,61e69f7fc46e340453bf74ccd7af6ac9d8eba9f8e232884659e1ea99f6abf3fe
6378,all-review/review-064.jpg,WHITE,picons/22.0w/tda/white/1_0_2_D_1_FFFF_D343180_0_0_0.png,picons/22.0w/tda/transparent/1_0_2_D_1_FFFF_D343180_0_0_0.png,VISUAL_PASS,Individually visually inspected in all-review/review-064.jpg; readable against WHITE background; no correction selected.,14402f5d33390515f503d441bab87ffab1f799a2369a87c8d65d4e1a734f4cc5,1e67e91c50c974610ceadc6ca24134ac9fe4efbd7a47003c9bebe9720840b92b,c6ae4a808a65ffc8e6458336fccbfe4216de1e832ec0a9abf800907f2f783589
6379,all-review/review-064.jpg,BLACK,picons/22.0w/tda/black/1_0_2_E_1_FFFF_D343180_0_0_0.png,picons/22.0w/tda/transparent/1_0_2_E_1_FFFF_D343180_0_0_0.png,VISUAL_PASS,Individually visually inspected in all-review/review-064.jpg; readable against BLACK background; no correction selected.,4f54d896c8726ce618ce41911adba51fbd78f0b9c08e049169eb501b03e7d68f,4fdfa399dc38e1b728a44ac227dce71a8fe3ca8edbf70d39d32c1ce3b5ee0b8a,61e69f7fc46e340453bf74ccd7af6ac9d8eba9f8e232884659e1ea99f6abf3fe
6380,all-review/review-064.jpg,WHITE,picons/22.0w/tda/white/1_0_2_E_1_FFFF_D343180_0_0_0.png,picons/22.0w/tda/transparent/1_0_2_E_1_FFFF_D343180_0_0_0.png,VISUAL_PASS,Individually visually inspected in all-review/review-064.jpg; readable against WHITE background; no correction selected.,02a772c29fb0e0015d32cb3895c34f69b4f9678f26d3391db6e2ba55e0255451,4fdfa399dc38e1b728a44ac227dce71a8fe3ca8edbf70d39d32c1ce3b5ee0b8a,c6ae4a808a65ffc8e6458336fccbfe4216de1e832ec0a9abf800907f2f783589
6381,all-review/review-064.jpg,BLACK,picons/22.0w/tda/black/1_0_2_F_1_FFFF_D343180_0_0_0.png,picons/22.0w/tda/transparent/1_0_2_F_1_FFFF_D343180_0_0_0.png,VISUAL_PASS,Individually visually inspected in all-review/review-064.jpg; readable against BLACK background; no correction selected.,454aefdac2b23231b0ff67d9c8aadeb4350deeebf19f3c14ae25413fe32764d2,93c4e33463314a7e0f9fc06cf4a747d6d9d6048797895900d417d8f0d5ad3dc0,61e69f7fc46e340453bf74ccd7af6ac9d8eba9f8e232884659e1ea99f6abf3fe
6382,all-review/review-064.jpg,WHITE,picons/22.0w/tda/white/1_0_2_F_1_FFFF_D343180_0_0_0.png,picons/22.0w/tda/transparent/1_0_2_F_1_FFFF_D343180_0_0_0.png,VISUAL_PASS,Individually visually inspected in all-review/review-064.jpg; readable against WHITE background; no correction selected.,011addf4cbf0f0ccbbaa1e02fa9e7b405aa44b4c3a6dcca31ecbd879362aca1a,93c4e33463314a7e0f9fc06cf4a747d6d9d6048797895900d417d8f0d5ad3dc0,c6ae4a808a65ffc8e6458336fccbfe4216de1e832ec0a9abf800907f2f783589
6383,all-review/review-064.jpg,BLACK,picons/23.5e/1plus1-media/black/1_0_16_1E5B_C9E_3_EB0000_0_0_0.png,picons/23.5e/1plus1-media/transparent/1_0_16_1E5B_C9E_3_EB0000_0_0_0.png,VISUAL_PASS,Individually visually inspected in all-review/review-064.jpg; readable against BLACK background; no correction selected.,2e52ae66f1dfde202e81c03ccef473cbb55fea1dce6cd83b0a960472334be70d,d40d583902118500ee2291477e5d402239717cff120f5e5201a3e8c5329cb54a,61e69f7fc46e340453bf74ccd7af6ac9d8eba9f8e232884659e1ea99f6abf3fe
6384,all-review/review-064.jpg,WHITE,picons/23.5e/1plus1-media/white/1_0_16_1E5B_C9E_3_EB0000_0_0_0.png,picons/23.5e/1plus1-media/transparent/1_0_16_1E5B_C9E_3_EB0000_0_0_0.png,VISUAL_PASS,Individually visually inspected in all-review/review-064.jpg; readable against WHITE background; no correction selected.,830ff09c927dddab7ae5df54c1b64b914f021b88bce0740adca290faf8915313,d40d583902118500ee2291477e5d402239717cff120f5e5201a3e8c5329cb54a,c6ae4a808a65ffc8e6458336fccbfe4216de1e832ec0a9abf800907f2f783589
6385,all-review/review-064.jpg,BLACK,picons/23.5e/1plus1-media/black/1_0_16_1E64_C9E_3_EB0000_0_0_0.png,picons/23.5e/1plus1-media/transparent/1_0_16_1E64_C9E_3_EB0000_0_0_0.png,VISUAL_PASS,Individually visually inspected in all-review/review-064.jpg; readable against BLACK background; no correction selected.,88d929dc854f39450b6ca0adacda2488433b5d917bbd8c15325f01d23d7ef9ce,90e7017420819135b496575e72b6a8e87f34d04944c3c5fd1ec025d04fc7d6d9,61e69f7fc46e340453bf74ccd7af6ac9d8eba9f8e232884659e1ea99f6abf3fe
6386,all-review/review-064.jpg,WHITE,picons/23.5e/1plus1-media/white/1_0_16_1E64_C9E_3_EB0000_0_0_0.png,picons/23.5e/1plus1-media/transparent/1_0_16_1E64_C9E_3_EB0000_0_0_0.png,VISUAL_PASS,Individually visually inspected in all-review/review-064.jpg; readable against WHITE background; no correction selected.,e0f73cc7517cf14a823fba369fd6716e9b95ba09a613c4b02717e7272e51252c,90e7017420819135b496575e72b6a8e87f34d04944c3c5fd1ec025d04fc7d6d9,c6ae4a808a65ffc8e6458336fccbfe4216de1e832ec0a9abf800907f2f783589
6387,all-review/review-064.jpg,BLACK,picons/23.5e/1plus1-media/black/1_0_16_1E65_C9E_3_EB0000_0_0_0.png,picons/23.5e/1plus1-media/transparent/1_0_16_1E65_C9E_3_EB0000_0_0_0.png,VISUAL_PASS,Individually visually inspected in all-review/review-064.jpg; readable against BLACK background; no correction selected.,1f92364d01029448b6bd49752441517916830386ad33d21859c61925d999d77d,4311faaa3fb4e4e170a2a32bffa8f2b455ff762cedd4f75228636f505c1f0a98,61e69f7fc46e340453bf74ccd7af6ac9d8eba9f8e232884659e1ea99f6abf3fe
6388,all-review/review-064.jpg,WHITE,picons/23.5e/1plus1-media/white/1_0_16_1E65_C9E_3_EB0000_0_0_0.png,picons/23.5e/1plus1-media/transparent/1_0_16_1E65_C9E_3_EB0000_0_0_0.png,VISUAL_PASS,Individually visually inspected in all-review/review-064.jpg; readable against WHITE background; no correction selected.,47d8ce91553148a5d829f11c6e3b6cc8738437a16225a16a68c023a54739131c,4311faaa3fb4e4e170a2a32bffa8f2b455ff762cedd4f75228636f505c1f0a98,c6ae4a808a65ffc8e6458336fccbfe4216de1e832ec0a9abf800907f2f783589
6389,all-review/review-064.jpg,BLACK,picons/23.5e/1plus1-media/black/1_0_16_1E66_C9E_3_EB0000_0_0_0.png,picons/23.5e/1plus1-media/transparent/1_0_16_1E66_C9E_3_EB0000_0_0_0.png,VISUAL_PASS,Individually visually inspected in all-review/review-064.jpg; readable against BLACK background; no correction selected.,2520eb106b90e3401f1b83bacaee4dc40e7dea01f3fd1607ee16be9faf4fe3c8,6f298283f554482b8d233408a8ab51393362e3015dbfdcf8ad51b5d6d11fbccf,61e69f7fc46e340453bf74ccd7af6ac9d8eba9f8e232884659e1ea99f6abf3fe
6390,all-review/review-064.jpg,WHITE,picons/23.5e/1plus1-media/white/1_0_16_1E66_C9E_3_EB0000_0_0_0.png,picons/23.5e/1plus1-media/transparent/1_0_16_1E66_C9E_3_EB0000_0_0_0.png,VISUAL_PASS,Individually visually inspected in all-review/review-064.jpg; readable against WHITE background; no correction selected.,c7ba9dca3105788d8531e2d33ccd90ecb69cb44b92b0f108cfe3d9c1165dc1f9,6f298283f554482b8d233408a8ab51393362e3015dbfdcf8ad51b5d6d11fbccf,c6ae4a808a65ffc8e6458336fccbfe4216de1e832ec0a9abf800907f2f783589
6391,all-review/review-064.jpg,BLACK,picons/23.5e/1plus1-media/black/1_0_19_1E50_C9E_3_EB0000_0_0_0.png,picons/23.5e/1plus1-media/transparent/1_0_19_1E50_C9E_3_EB0000_0_0_0.png,VISUAL_PASS,Individually visually inspected in all-review/review-064.jpg; readable against BLACK background; no correction selected.,5f270078a85a288c1a58305bc830050263e50d0273efd01670981d99486185a3,81e979b37ccc5ee49a766de1cb356900e536be0706288d56b445050ea3a5f5ae,61e69f7fc46e340453bf74ccd7af6ac9d8eba9f8e232884659e1ea99f6abf3fe
6392,all-review/review-064.jpg,BLACK,picons/23.5e/1plus1-media/black/1_0_2_1E1E_C9E_3_EB0000_0_0_0.png,picons/23.5e/1plus1-media/transparent/1_0_2_1E1E_C9E_3_EB0000_0_0_0.png,VISUAL_PASS,Individually visually inspected in all-review/review-064.jpg; readable against BLACK background; no correction selected.,08c31ce891d7af3e992f34b0d4812d5426b7965cb3d23e68034c33ce3a77001d,ed4f880b42284d211b4dbc015fd45254de3e8e45d073af8753ce5d270ffc7214,61e69f7fc46e340453bf74ccd7af6ac9d8eba9f8e232884659e1ea99f6abf3fe
6393,all-review/review-064.jpg,BLACK,picons/23.5e/1plus1-media/black/1_0_2_1E20_C9E_3_EB0000_0_0_0.png,picons/23.5e/1plus1-media/transparent/1_0_2_1E20_C9E_3_EB0000_0_0_0.png,VISUAL_PASS,Individually visually inspected in all-review/review-064.jpg; readable against BLACK background; no correction selected.,63dcacba4fc2f864612046e31b3c261d8e2cd0e3ad7b622af150817f2821ed7d,508a03fcf915aa5de1c4ccd5af1e9a47b6650b0b81c9863e44dd61bb406d0b10,61e69f7fc46e340453bf74ccd7af6ac9d8eba9f8e232884659e1ea99f6abf3fe
6394,all-review/review-064.jpg,WHITE,picons/23.5e/1plus1-media/white/1_0_2_1E20_C9E_3_EB0000_0_0_0.png,picons/23.5e/1plus1-media/transparent/1_0_2_1E20_C9E_3_EB0000_0_0_0.png,VISUAL_PASS,Individually visually inspected in all-review/review-064.jpg; readable against WHITE background; no correction selected.,d170615d669b2ea544db46ec3b4603dee6fa652a64fa9541091afb1bd83bec16,508a03fcf915aa5de1c4ccd5af1e9a47b6650b0b81c9863e44dd61bb406d0b10,c6ae4a808a65ffc8e6458336fccbfe4216de1e832ec0a9abf800907f2f783589
6395,all-review/review-064.jpg,BLACK,picons/23.5e/1plus1-media/black/1_0_2_1E22_C9E_3_EB0000_0_0_0.png,picons/23.5e/1plus1-media/transparent/1_0_2_1E22_C9E_3_EB0000_0_0_0.png,VISUAL_PASS,Individually visually inspected in all-review/review-064.jpg; readable against BLACK background; no correction selected.,6fac7b28265bc74984702f09234ab3eb87c5f6593b3be51887eabeabb7eff0b9,ec9b839e2ea24b48c07e53b7d015927359ef9d68ea1b8ba27452f25872a6862a,61e69f7fc46e340453bf74ccd7af6ac9d8eba9f8e232884659e1ea99f6abf3fe
6396,all-review/review-064.jpg,WHITE,picons/23.5e/1plus1-media/white/1_0_2_1E22_C9E_3_EB0000_0_0_0.png,picons/23.5e/1plus1-media/transparent/1_0_2_1E22_C9E_3_EB0000_0_0_0.png,VISUAL_PASS,Individually visually inspected in all-review/review-064.jpg; readable against WHITE background; no correction selected.,bfd0a573e2ddacfa76cbb996d6341b7ccddbddcbc6118b8a090e5dcb7b51d211,ec9b839e2ea24b48c07e53b7d015927359ef9d68ea1b8ba27452f25872a6862a,c6ae4a808a65ffc8e6458336fccbfe4216de1e832ec0a9abf800907f2f783589
6397,all-review/review-064.jpg,BLACK,picons/23.5e/1plus1-media/black/1_0_2_1E24_C9E_3_EB0000_0_0_0.png,picons/23.5e/1plus1-media/transparent/1_0_2_1E24_C9E_3_EB0000_0_0_0.png,VISUAL_PASS,Individually visually inspected in all-review/review-064.jpg; readable against BLACK background; no correction selected.,233a288faa49fc2c9e593bb25568417d7b89eb325dc3a2d2ec04ed8c094c7cbf,2f433f062c621d3d28165d23d60c8674e425d8ad0f3ea1275c398304ab74b1ea,61e69f7fc46e340453bf74ccd7af6ac9d8eba9f8e232884659e1ea99f6abf3fe
6398,all-review/review-064.jpg,WHITE,picons/23.5e/1plus1-media/white/1_0_2_1E24_C9E_3_EB0000_0_0_0.png,picons/23.5e/1plus1-media/transparent/1_0_2_1E24_C9E_3_EB0000_0_0_0.png,VISUAL_PASS,Individually visually inspected in all-review/review-064.jpg; readable against WHITE background; no correction selected.,af4b4e94c0adf2c30a44a97279f95f9161fd56ff4433997ab6f035845d1d770f,2f433f062c621d3d28165d23d60c8674e425d8ad0f3ea1275c398304ab74b1ea,c6ae4a808a65ffc8e6458336fccbfe4216de1e832ec0a9abf800907f2f783589
6399,all-review/review-064.jpg,BLACK,picons/23.5e/1plus1-media/black/1_0_2_1E26_C9E_3_EB0000_0_0_0.png,picons/23.5e/1plus1-media/transparent/1_0_2_1E26_C9E_3_EB0000_0_0_0.png,VISUAL_PASS,Individually visually inspected in all-review/review-064.jpg; readable against BLACK background; no correction selected.,b89f25a5a3610e66218d1e805bd82b5d8d98dd27a0afe0244aabf7902aa7b933,4a8aee13ffc158f2faf83c54ae253269f379dfa16f861e9214b807ea3b6e8d73,61e69f7fc46e340453bf74ccd7af6ac9d8eba9f8e232884659e1ea99f6abf3fe
6400,all-review/review-064.jpg,WHITE,picons/23.5e/1plus1-media/white/1_0_2_1E26_C9E_3_EB0000_0_0_0.png,picons/23.5e/1plus1-media/transparent/1_0_2_1E26_C9E_3_EB0000_0_0_0.png,VISUAL_PASS,Individually visually inspected in all-review/review-064.jpg; readable against WHITE background; no correction selected.,54733395ff0c4c71f17dfa74e5e42c6c6428b88f55c60fae51d98397e28c61d6,4a8aee13ffc158f2faf83c54ae253269f379dfa16f861e9214b807ea3b6e8d73,c6ae4a808a65ffc8e6458336fccbfe4216de1e832ec0a9abf800907f2f783589
6401,all-review/review-065.jpg,BLACK,picons/23.5e/1plus1-media/black/1_0_2_1E2A_C9E_3_EB0000_0_0_0.png,picons/23.5e/1plus1-media/transparent/1_0_2_1E2A_C9E_3_EB0000_0_0_0.png,VISUAL_PASS,Individually visually inspected in all-review/review-065.jpg; readable against BLACK background; no correction selected.,45c0d5313d4968169285d50b77dc745591cb207b4a25aea6180ccef00ee13c74,6a059363dce082fe9464f5b24bae9bea032494ed175bc30b80b087b17ea373df,61e69f7fc46e340453bf74ccd7af6ac9d8eba9f8e232884659e1ea99f6abf3fe
6402,all-review/review-065.jpg,WHITE,picons/23.5e/1plus1-media/white/1_0_2_1E2A_C9E_3_EB0000_0_0_0.png,picons/23.5e/1plus1-media/transparent/1_0_2_1E2A_C9E_3_EB0000_0_0_0.png,VISUAL_PASS,Individually visually inspected in all-review/review-065.jpg; readable against WHITE background; no correction selected.,ab378f408770b94b2f3dfdeb7d58e4569fe3c245f4c79f937eafcad94ac5f0e8,6a059363dce082fe9464f5b24bae9bea032494ed175bc30b80b087b17ea373df,c6ae4a808a65ffc8e6458336fccbfe4216de1e832ec0a9abf800907f2f783589
6403,all-review/review-065.jpg,BLACK,picons/23.5e/cesky-rozhlas/black/1_0_19_1F45_CA1_3_EB0000_0_0_0.png,picons/23.5e/cesky-rozhlas/transparent/1_0_19_1F45_CA1_3_EB0000_0_0_0.png,VISUAL_PASS,Individually visually inspected in all-review/review-065.jpg; readable against BLACK background; no correction selected.,99aa62deac36a25aa4648c21efffa9e07786f07e741a0757198adbcfadb798f7,2307f861acbd545f64b0cec983cd990221379ada95d8c795af92dff0f4f29a40,61e69f7fc46e340453bf74ccd7af6ac9d8eba9f8e232884659e1ea99f6abf3fe
6404,all-review/review-065.jpg,WHITE,picons/23.5e/cesky-rozhlas/white/1_0_19_1F45_CA1_3_EB0000_0_0_0.png,picons/23.5e/cesky-rozhlas/transparent/1_0_19_1F45_CA1_3_EB0000_0_0_0.png,VISUAL_PASS,Individually visually inspected in all-review/review-065.jpg; readable against WHITE background; no correction selected.,25ca8f910dd93153ebbc7a6879886638e2c850ece953f7a3e944aca40ec173a7,2307f861acbd545f64b0cec983cd990221379ada95d8c795af92dff0f4f29a40,c6ae4a808a65ffc8e6458336fccbfe4216de1e832ec0a9abf800907f2f783589
6405,all-review/review-065.jpg,BLACK,picons/23.5e/cesky-rozhlas/black/1_0_19_1F47_CA1_3_EB0000_0_0_0.png,picons/23.5e/cesky-rozhlas/transparent/1_0_19_1F47_CA1_3_EB0000_0_0_0.png,VISUAL_PASS,Individually visually inspected in all-review/review-065.jpg; readable against BLACK background; no correction selected.,2e5a105406a7a79fecbaa50377e89d2ab12fd2a2862064224449711724a0d649,485aea633d4d457f0048d40a16f88e3a0b7f3adff92aff9b81d17bd54ab95f12,61e69f7fc46e340453bf74ccd7af6ac9d8eba9f8e232884659e1ea99f6abf3fe
6406,all-review/review-065.jpg,WHITE,picons/23.5e/cesky-rozhlas/white/1_0_19_1F47_CA1_3_EB0000_0_0_0.png,picons/23.5e/cesky-rozhlas/transparent/1_0_19_1F47_CA1_3_EB0000_0_0_0.png,VISUAL_PASS,Individually visually inspected in all-review/review-065.jpg; readable against WHITE background; no correction selected.,38f2f4bc68de398c6da028e2bf84024f8664c2beb38f1567af14e2d07f042284,485aea633d4d457f0048d40a16f88e3a0b7f3adff92aff9b81d17bd54ab95f12,c6ae4a808a65ffc8e6458336fccbfe4216de1e832ec0a9abf800907f2f783589
6407,all-review/review-065.jpg,BLACK,picons/23.5e/cesky-rozhlas/black/1_0_19_1F49_CA1_3_EB0000_0_0_0.png,picons/23.5e/cesky-rozhlas/transparent/1_0_19_1F49_CA1_3_EB0000_0_0_0.png,VISUAL_PASS,Individually visually inspected in all-review/review-065.jpg; readable against BLACK background; no correction selected.,16bf746db136ab8c247e26e24fc7cdd2349cb91cc42a340c64170c256a2a3c82,36791d5c29858313def3d95693b9e4c204c5df1fee3d81b564fec7ec34080846,61e69f7fc46e340453bf74ccd7af6ac9d8eba9f8e232884659e1ea99f6abf3fe
6408,all-review/review-065.jpg,WHITE,picons/23.5e/cesky-rozhlas/white/1_0_19_1F49_CA1_3_EB0000_0_0_0.png,picons/23.5e/cesky-rozhlas/transparent/1_0_19_1F49_CA1_3_EB0000_0_0_0.png,VISUAL_PASS,Individually visually inspected in all-review/review-065.jpg; readable against WHITE background; no correction selected.,75d52be070c63ab5d4c6ba70e9da90dc726b3568ad522fbf8e8b7d304eb4d7e0,36791d5c29858313def3d95693b9e4c204c5df1fee3d81b564fec7ec34080846,c6ae4a808a65ffc8e6458336fccbfe4216de1e832ec0a9abf800907f2f783589
6409,all-review/review-065.jpg,BLACK,picons/23.5e/cesky-rozhlas/black/1_0_19_1F4B_CA1_3_EB0000_0_0_0.png,picons/23.5e/cesky-rozhlas/transparent/1_0_19_1F4B_CA1_3_EB0000_0_0_0.png,VISUAL_PASS,Individually visually inspected in all-review/review-065.jpg; readable against BLACK background; no correction selected.,dc870e1e81092acadff79a2169a8dbb00acf496f735ca5e1ee30f49d3f1993ce,4b8bf105e85832eda77f19b73ae0b851bdc6af44f80121ac48f08318a5008c9b,61e69f7fc46e340453bf74ccd7af6ac9d8eba9f8e232884659e1ea99f6abf3fe
6410,all-review/review-065.jpg,WHITE,picons/23.5e/cesky-rozhlas/white/1_0_19_1F4B_CA1_3_EB0000_0_0_0.png,picons/23.5e/cesky-rozhlas/transparent/1_0_19_1F4B_CA1_3_EB0000_0_0_0.png,VISUAL_PASS,Individually visually inspected in all-review/review-065.jpg; readable against WHITE background; no correction selected.,2ab15e680c29d94424b74c0b9426de53265f8021ac23f0fd7f924c6842769a57,4b8bf105e85832eda77f19b73ae0b851bdc6af44f80121ac48f08318a5008c9b,c6ae4a808a65ffc8e6458336fccbfe4216de1e832ec0a9abf800907f2f783589
6411,all-review/review-065.jpg,BLACK,picons/23.5e/cesky-rozhlas/black/1_0_19_1F4F_CA1_3_EB0000_0_0_0.png,picons/23.5e/cesky-rozhlas/transparent/1_0_19_1F4F_CA1_3_EB0000_0_0_0.png,VISUAL_PASS,Individually visually inspected in all-review/review-065.jpg; readable against BLACK background; no correction selected.,d09515021e289311350db06671ff610c8bc187d795f65bc5ebf15f7471aa0a87,916c5800b224374310210050fe713f716668a11180fa8ae3fdfa564410f1df23,61e69f7fc46e340453bf74ccd7af6ac9d8eba9f8e232884659e1ea99f6abf3fe
6412,all-review/review-065.jpg,WHITE,picons/23.5e/cesky-rozhlas/white/1_0_19_1F4F_CA1_3_EB0000_0_0_0.png,picons/23.5e/cesky-rozhlas/transparent/1_0_19_1F4F_CA1_3_EB0000_0_0_0.png,VISUAL_PASS,Individually visually inspected in all-review/review-065.jpg; readable against WHITE background; no correction selected.,926c6c5a5d3a8d9ddc9cd9a8f8f319b4729c56d306d1342e012cd63bd2f08aff,916c5800b224374310210050fe713f716668a11180fa8ae3fdfa564410f1df23,c6ae4a808a65ffc8e6458336fccbfe4216de1e832ec0a9abf800907f2f783589
6413,all-review/review-065.jpg,BLACK,picons/23.5e/cesky-rozhlas/black/1_0_A_1F73_CA1_3_EB0000_0_0_0.png,picons/23.5e/cesky-rozhlas/transparent/1_0_A_1F73_CA1_3_EB0000_0_0_0.png,VISUAL_PASS,Individually visually inspected in all-review/review-065.jpg; readable against BLACK background; no correction selected.,1b00e0926d41ddbc82de62ef250c7529c3b71b7a003510c5856935f6d67d24ea,a3aa2abb29b04afc4a1592ff5175ef265eea737c4a80214cc83ea39c4df96389,61e69f7fc46e340453bf74ccd7af6ac9d8eba9f8e232884659e1ea99f6abf3fe
6414,all-review/review-065.jpg,WHITE,picons/23.5e/cesky-rozhlas/white/1_0_A_1F73_CA1_3_EB0000_0_0_0.png,picons/23.5e/cesky-rozhlas/transparent/1_0_A_1F73_CA1_3_EB0000_0_0_0.png,VISUAL_PASS,Individually visually inspected in all-review/review-065.jpg; readable against WHITE background; no correction selected.,e0b2c6bf31a806880fbf6d262701d93170244e9ea770096ecc3ed3d6b6bf4c4b,a3aa2abb29b04afc4a1592ff5175ef265eea737c4a80214cc83ea39c4df96389,c6ae4a808a65ffc8e6458336fccbfe4216de1e832ec0a9abf800907f2f783589
6415,all-review/review-065.jpg,BLACK,picons/23.5e/cesky-rozhlas/black/1_0_A_1F74_CA1_3_EB0000_0_0_0.png,picons/23.5e/cesky-rozhlas/transparent/1_0_A_1F74_CA1_3_EB0000_0_0_0.png,VISUAL_PASS,Individually visually inspected in all-review/review-065.jpg; readable against BLACK background; no correction selected.,eec057caa2a2381a48f12e304cd3dfcb4de081d129432ee2e73eaee3386ed7c6,85e2df3931c80206d3e0c277748a4dff7cb9b47a352316c535156f349f19bfcb,61e69f7fc46e340453bf74ccd7af6ac9d8eba9f8e232884659e1ea99f6abf3fe
6416,all-review/review-065.jpg,WHITE,picons/23.5e/cesky-rozhlas/white/1_0_A_1F74_CA1_3_EB0000_0_0_0.png,picons/23.5e/cesky-rozhlas/transparent/1_0_A_1F74_CA1_3_EB0000_0_0_0.png,VISUAL_PASS,Individually visually inspected in all-review/review-065.jpg; readable against WHITE background; no correction selected.,8fea3906091258856a3c864ba7127d4252879323c6e81c8f42bf818b87f7e96a,85e2df3931c80206d3e0c277748a4dff7cb9b47a352316c535156f349f19bfcb,c6ae4a808a65ffc8e6458336fccbfe4216de1e832ec0a9abf800907f2f783589
6417,all-review/review-065.jpg,BLACK,picons/23.5e/cesky-rozhlas/black/1_0_A_1F75_CA1_3_EB0000_0_0_0.png,picons/23.5e/cesky-rozhlas/transparent/1_0_A_1F75_CA1_3_EB0000_0_0_0.png,VISUAL_PASS,Individually visually inspected in all-review/review-065.jpg; readable against BLACK background; no correction selected.,cf674b5fe531011484cb447b6feb5c258526be928a4420407229e7e23f7da130,60a725045bdf118b1eabe623803bd71d457377be1b821d797c2998b79586e6ba,61e69f7fc46e340453bf74ccd7af6ac9d8eba9f8e232884659e1ea99f6abf3fe
6418,all-review/review-065.jpg,WHITE,picons/23.5e/cesky-rozhlas/white/1_0_A_1F75_CA1_3_EB0000_0_0_0.png,picons/23.5e/cesky-rozhlas/transparent/1_0_A_1F75_CA1_3_EB0000_0_0_0.png,VISUAL_PASS,Individually visually inspected in all-review/review-065.jpg; readable against WHITE background; no correction selected.,adcb53d7fbbacbf7f22d73e3e0b81c97ac4ad02cf3c94af4b8e2f26cdcc24d5b,60a725045bdf118b1eabe623803bd71d457377be1b821d797c2998b79586e6ba,c6ae4a808a65ffc8e6458336fccbfe4216de1e832ec0a9abf800907f2f783589
6419,all-review/review-065.jpg,BLACK,picons/23.5e/cesky-rozhlas/black/1_0_A_1F76_CA1_3_EB0000_0_0_0.png,picons/23.5e/cesky-rozhlas/transparent/1_0_A_1F76_CA1_3_EB0000_0_0_0.png,VISUAL_PASS,Individually visually inspected in all-review/review-065.jpg; readable against BLACK background; no correction selected.,4db8ed962e85aa98bc2e85557ff478028c9fe60df7b4bcccf7844f67d42d98bc,e017a866e10871c3806ae45053f793160507fa5b69c34917b79c8218f139e2b9,61e69f7fc46e340453bf74ccd7af6ac9d8eba9f8e232884659e1ea99f6abf3fe
6420,all-review/review-065.jpg,WHITE,picons/23.5e/cesky-rozhlas/white/1_0_A_1F76_CA1_3_EB0000_0_0_0.png,picons/23.5e/cesky-rozhlas/transparent/1_0_A_1F76_CA1_3_EB0000_0_0_0.png,VISUAL_PASS,Individually visually inspected in all-review/review-065.jpg; readable against WHITE background; no correction selected.,dfb497b8269068faac993bc2a5d4059684f8c5798a87db57d4d2c03a40d06141,e017a866e10871c3806ae45053f793160507fa5b69c34917b79c8218f139e2b9,c6ae4a808a65ffc8e6458336fccbfe4216de1e832ec0a9abf800907f2f783589
6421,all-review/review-065.jpg,BLACK,picons/23.5e/cesky-rozhlas/black/1_0_A_1F77_CA1_3_EB0000_0_0_0.png,picons/23.5e/cesky-rozhlas/transparent/1_0_A_1F77_CA1_3_EB0000_0_0_0.png,VISUAL_PASS,Individually visually inspected in all-review/review-065.jpg; readable against BLACK background; no correction selected.,6fcb9572fb21a0a14346e6c843b0c61076de70b6579066707ae8d6e529e3d1f1,4770ff39fd5570428d4b985424ef889137622fe18d86282037713c816c6ef877,61e69f7fc46e340453bf74ccd7af6ac9d8eba9f8e232884659e1ea99f6abf3fe
6422,all-review/review-065.jpg,WHITE,picons/23.5e/cesky-rozhlas/white/1_0_A_1F77_CA1_3_EB0000_0_0_0.png,picons/23.5e/cesky-rozhlas/transparent/1_0_A_1F77_CA1_3_EB0000_0_0_0.png,VISUAL_PASS,Individually visually inspected in all-review/review-065.jpg; readable against WHITE background; no correction selected.,b60a39581182343b2adbae2485f5da89f828021dbf74416135312573565c6fc7,4770ff39fd5570428d4b985424ef889137622fe18d86282037713c816c6ef877,c6ae4a808a65ffc8e6458336fccbfe4216de1e832ec0a9abf800907f2f783589
6423,all-review/review-065.jpg,BLACK,picons/23.5e/cesky-rozhlas/black/1_0_A_1F78_CA1_3_EB0000_0_0_0.png,picons/23.5e/cesky-rozhlas/transparent/1_0_A_1F78_CA1_3_EB0000_0_0_0.png,VISUAL_PASS,Individually visually inspected in all-review/review-065.jpg; readable against BLACK background; no correction selected.,b71e9a5f29787157d2af8f2d3634b76199207c2a71c1303acc0111e1c6e66dd8,bedefcb028c5ebf8aab42810e3d03e5b248188616361477fe1b7b638950cc097,61e69f7fc46e340453bf74ccd7af6ac9d8eba9f8e232884659e1ea99f6abf3fe
6424,all-review/review-065.jpg,WHITE,picons/23.5e/cesky-rozhlas/white/1_0_A_1F78_CA1_3_EB0000_0_0_0.png,picons/23.5e/cesky-rozhlas/transparent/1_0_A_1F78_CA1_3_EB0000_0_0_0.png,VISUAL_PASS,Individually visually inspected in all-review/review-065.jpg; readable against WHITE background; no correction selected.,7aa9dbc65b622cf4408f7d52520249dac4f1a524ebb5a67756ce13ebc5617396,bedefcb028c5ebf8aab42810e3d03e5b248188616361477fe1b7b638950cc097,c6ae4a808a65ffc8e6458336fccbfe4216de1e832ec0a9abf800907f2f783589
6425,all-review/review-065.jpg,BLACK,picons/23.5e/cesky-rozhlas/black/1_0_A_1F79_CA1_3_EB0000_0_0_0.png,picons/23.5e/cesky-rozhlas/transparent/1_0_A_1F79_CA1_3_EB0000_0_0_0.png,VISUAL_PASS,Individually visually inspected in all-review/review-065.jpg; readable against BLACK background; no correction selected.,30c649c48868bffbcd5962b9dc0b163b0532c96ff7a78ee1edbd3c1f69db9a4f,0c6918a4ac05c34c0821fe8dda19db21c86af6620acb7549ea20f31ab9b25972,61e69f7fc46e340453bf74ccd7af6ac9d8eba9f8e232884659e1ea99f6abf3fe
6426,all-review/review-065.jpg,WHITE,picons/23.5e/cesky-rozhlas/white/1_0_A_1F79_CA1_3_EB0000_0_0_0.png,picons/23.5e/cesky-rozhlas/transparent/1_0_A_1F79_CA1_3_EB0000_0_0_0.png,VISUAL_PASS,Individually visually inspected in all-review/review-065.jpg; readable against WHITE background; no correction selected.,e48fbe01f04045cce75bc69dfa8c5a475bfd4b057afad7ee436846ff3b4cf2d4,0c6918a4ac05c34c0821fe8dda19db21c86af6620acb7549ea20f31ab9b25972,c6ae4a808a65ffc8e6458336fccbfe4216de1e832ec0a9abf800907f2f783589
6427,all-review/review-065.jpg,BLACK,picons/23.5e/cesky-rozhlas/black/1_0_A_1F7A_CA1_3_EB0000_0_0_0.png,picons/23.5e/cesky-rozhlas/transparent/1_0_A_1F7A_CA1_3_EB0000_0_0_0.png,VISUAL_PASS,Individually visually inspected in all-review/review-065.jpg; readable against BLACK background; no correction selected.,b9b018f74685aa344926688d26f7cd01f18e3c2b3e79558818e518d0daff0f42,0f562debc5ec5572e92077cf415bf099565f6280b0ea567acea7bd0b7e096187,61e69f7fc46e340453bf74ccd7af6ac9d8eba9f8e232884659e1ea99f6abf3fe
6428,all-review/review-065.jpg,WHITE,picons/23.5e/cesky-rozhlas/white/1_0_A_1F7A_CA1_3_EB0000_0_0_0.png,picons/23.5e/cesky-rozhlas/transparent/1_0_A_1F7A_CA1_3_EB0000_0_0_0.png,VISUAL_PASS,Individually visually inspected in all-review/review-065.jpg; readable against WHITE background; no correction selected.,a1652ced4c2ebfba4ab5f3debf52a1a914456e128e1241796e88a811a0c1f142,0f562debc5ec5572e92077cf415bf099565f6280b0ea567acea7bd0b7e096187,c6ae4a808a65ffc8e6458336fccbfe4216de1e832ec0a9abf800907f2f783589
6429,all-review/review-065.jpg,BLACK,picons/23.5e/cesky-rozhlas/black/1_0_A_1F7B_CA1_3_EB0000_0_0_0.png,picons/23.5e/cesky-rozhlas/transparent/1_0_A_1F7B_CA1_3_EB0000_0_0_0.png,VISUAL_PASS,Individually visually inspected in all-review/review-065.jpg; readable against BLACK background; no correction selected.,d626df15e5ac93bb0feee3d207a9054dda4551a830866690911d7520ee49c33d,b5e0412861a585f36eec42f81f1e866e298d83b9a3e6dc850b3fe759bccd4bbb,61e69f7fc46e340453bf74ccd7af6ac9d8eba9f8e232884659e1ea99f6abf3fe
6430,all-review/review-065.jpg,WHITE,picons/23.5e/cesky-rozhlas/white/1_0_A_1F7B_CA1_3_EB0000_0_0_0.png,picons/23.5e/cesky-rozhlas/transparent/1_0_A_1F7B_CA1_3_EB0000_0_0_0.png,VISUAL_PASS,Individually visually inspected in all-review/review-065.jpg; readable against WHITE background; no correction selected.,046abe3cee5d4957ebf098fe0a5fb246304cd93ae7eb1dabac073b014cf313f0,b5e0412861a585f36eec42f81f1e866e298d83b9a3e6dc850b3fe759bccd4bbb,c6ae4a808a65ffc8e6458336fccbfe4216de1e832ec0a9abf800907f2f783589
6431,all-review/review-065.jpg,WHITE,picons/23.5e/cesky-rozhlas/white/1_0_A_1F7C_CA1_3_EB0000_0_0_0.png,picons/23.5e/cesky-rozhlas/transparent/1_0_A_1F7C_CA1_3_EB0000_0_0_0.png,VISUAL_PASS,Individually visually inspected in all-review/review-065.jpg; readable against WHITE background; no correction selected.,61a76b77737f2d0d3439ee28ee8f1c677c506f15f07c1234fb9358a6a55cbf51,40ed29b1181ce498472d933023c9770e06468a6928f2ff84c1b8ee8ce566aaf0,c6ae4a808a65ffc8e6458336fccbfe4216de1e832ec0a9abf800907f2f783589
6432,all-review/review-065.jpg,BLACK,picons/23.5e/cesky-rozhlas/black/1_0_A_1F7E_CA1_3_EB0000_0_0_0.png,picons/23.5e/cesky-rozhlas/transparent/1_0_A_1F7E_CA1_3_EB0000_0_0_0.png,VISUAL_PASS,Individually visually inspected in all-review/review-065.jpg; readable against BLACK background; no correction selected.,ecdfb1970bd7025f17fc91bdc2de24eb4b45777b47800f6e5169ed98c2ae664a,6eeef91bda24d60e7410032fc9855f234d3ee6da4725921e93e83594be90b94e,61e69f7fc46e340453bf74ccd7af6ac9d8eba9f8e232884659e1ea99f6abf3fe
6433,all-review/review-065.jpg,WHITE,picons/23.5e/cesky-rozhlas/white/1_0_A_1F7E_CA1_3_EB0000_0_0_0.png,picons/23.5e/cesky-rozhlas/transparent/1_0_A_1F7E_CA1_3_EB0000_0_0_0.png,VISUAL_PASS,Individually visually inspected in all-review/review-065.jpg; readable against WHITE background; no correction selected.,9fc02fb2a7d5bd1206f207a738759f7fe0446ef5ddcdcaee617e197665c5540e,6eeef91bda24d60e7410032fc9855f234d3ee6da4725921e93e83594be90b94e,c6ae4a808a65ffc8e6458336fccbfe4216de1e832ec0a9abf800907f2f783589
6434,all-review/review-065.jpg,BLACK,picons/23.5e/cesky-rozhlas/black/1_0_A_1F7F_CA1_3_EB0000_0_0_0.png,picons/23.5e/cesky-rozhlas/transparent/1_0_A_1F7F_CA1_3_EB0000_0_0_0.png,VISUAL_PASS,Individually visually inspected in all-review/review-065.jpg; readable against BLACK background; no correction selected.,6c87583482f94495335154ab9648c62717e1c722f6298956eed2a72ab900f923,6463f9d03cad3dc40adb3b435fc5ca345cf8567cd989f442a06e904e4c90872d,61e69f7fc46e340453bf74ccd7af6ac9d8eba9f8e232884659e1ea99f6abf3fe
6435,all-review/review-065.jpg,WHITE,picons/23.5e/cesky-rozhlas/white/1_0_A_1F7F_CA1_3_EB0000_0_0_0.png,picons/23.5e/cesky-rozhlas/transparent/1_0_A_1F7F_CA1_3_EB0000_0_0_0.png,VISUAL_PASS,Individually visually inspected in all-review/review-065.jpg; readable against WHITE background; no correction selected.,65b836785fe457e7db46cdcb6d3b624139bd57e1de509393b718fea1983a47c4,6463f9d03cad3dc40adb3b435fc5ca345cf8567cd989f442a06e904e4c90872d,c6ae4a808a65ffc8e6458336fccbfe4216de1e832ec0a9abf800907f2f783589
6436,all-review/review-065.jpg,BLACK,picons/23.5e/cesky-rozhlas/black/1_0_A_1F80_CA1_3_EB0000_0_0_0.png,picons/23.5e/cesky-rozhlas/transparent/1_0_A_1F80_CA1_3_EB0000_0_0_0.png,VISUAL_PASS,Individually visually inspected in all-review/review-065.jpg; readable against BLACK background; no correction selected.,e3c0847e6ca46cd17703cfda0cdf6361144bcfa8002de2058e39014bf5e1955f,6acf4716eb2b9410cdf3307dc480ab5ae9449b10c74dea88dfb86f02a8b5e2ae,61e69f7fc46e340453bf74ccd7af6ac9d8eba9f8e232884659e1ea99f6abf3fe
6437,all-review/review-065.jpg,WHITE,picons/23.5e/cesky-rozhlas/white/1_0_A_1F80_CA1_3_EB0000_0_0_0.png,picons/23.5e/cesky-rozhlas/transparent/1_0_A_1F80_CA1_3_EB0000_0_0_0.png,VISUAL_PASS,Individually visually inspected in all-review/review-065.jpg; readable against WHITE background; no correction selected.,819c8bc8f3f9849ce2d31527056c015054abc53745d03c0c0ba927cdd94b74d2,6acf4716eb2b9410cdf3307dc480ab5ae9449b10c74dea88dfb86f02a8b5e2ae,c6ae4a808a65ffc8e6458336fccbfe4216de1e832ec0a9abf800907f2f783589
6438,all-review/review-065.jpg,BLACK,picons/23.5e/cesky-rozhlas/black/1_0_A_1F81_CA1_3_EB0000_0_0_0.png,picons/23.5e/cesky-rozhlas/transparent/1_0_A_1F81_CA1_3_EB0000_0_0_0.png,VISUAL_PASS,Individually visually inspected in all-review/review-065.jpg; readable against BLACK background; no correction selected.,f662c3d84611cd08d708d09a052c90195f53d1680d11110d3a058a75127e6aa3,54ce77107c8fb26f9c0eff8c4a04269b0d230a868b80cd27ff44f9c593bbf420,61e69f7fc46e340453bf74ccd7af6ac9d8eba9f8e232884659e1ea99f6abf3fe
6439,all-review/review-065.jpg,WHITE,picons/23.5e/cesky-rozhlas/white/1_0_A_1F81_CA1_3_EB0000_0_0_0.png,picons/23.5e/cesky-rozhlas/transparent/1_0_A_1F81_CA1_3_EB0000_0_0_0.png,VISUAL_PASS,Individually visually inspected in all-review/review-065.jpg; readable against WHITE background; no correction selected.,7010821eeb0c00eb9a5016a95c7c9098de916dbfcb89dccca70ee9f1ee7a6087,54ce77107c8fb26f9c0eff8c4a04269b0d230a868b80cd27ff44f9c593bbf420,c6ae4a808a65ffc8e6458336fccbfe4216de1e832ec0a9abf800907f2f783589
6440,all-review/review-065.jpg,BLACK,picons/23.5e/cesky-rozhlas/black/1_0_A_1F82_CA1_3_EB0000_0_0_0.png,picons/23.5e/cesky-rozhlas/transparent/1_0_A_1F82_CA1_3_EB0000_0_0_0.png,VISUAL_PASS,Individually visually inspected in all-review/review-065.jpg; readable against BLACK background; no correction selected.,18565548bf27fde418208c55be6d5eb63b372d6bb162646de8046519452d2acc,a494f3a19a421965d242937b29f5cca138c6dc7972d4787a11e19cc2239b42ee,61e69f7fc46e340453bf74ccd7af6ac9d8eba9f8e232884659e1ea99f6abf3fe
6441,all-review/review-065.jpg,WHITE,picons/23.5e/cesky-rozhlas/white/1_0_A_1F82_CA1_3_EB0000_0_0_0.png,picons/23.5e/cesky-rozhlas/transparent/1_0_A_1F82_CA1_3_EB0000_0_0_0.png,VISUAL_PASS,Individually visually inspected in all-review/review-065.jpg; readable against WHITE background; no correction selected.,1b5895de14cccd6e1a023c53129e2a40f424caeeee678fe3dbc7b7f27e19183b,a494f3a19a421965d242937b29f5cca138c6dc7972d4787a11e19cc2239b42ee,c6ae4a808a65ffc8e6458336fccbfe4216de1e832ec0a9abf800907f2f783589
6442,all-review/review-065.jpg,BLACK,picons/23.5e/cesky-rozhlas/black/1_0_A_1F83_CA1_3_EB0000_0_0_0.png,picons/23.5e/cesky-rozhlas/transparent/1_0_A_1F83_CA1_3_EB0000_0_0_0.png,VISUAL_PASS,Individually visually inspected in all-review/review-065.jpg; readable against BLACK background; no correction selected.,6a59c6883a71970a6a0d7e96c245276e556a9e3fe8b99c63e4ec81a9a57624c2,f52655883a39a593b9bec1f276f92b1460189c2aec6315b96fe51d30166635eb,61e69f7fc46e340453bf74ccd7af6ac9d8eba9f8e232884659e1ea99f6abf3fe
6443,all-review/review-065.jpg,WHITE,picons/23.5e/cesky-rozhlas/white/1_0_A_1F83_CA1_3_EB0000_0_0_0.png,picons/23.5e/cesky-rozhlas/transparent/1_0_A_1F83_CA1_3_EB0000_0_0_0.png,VISUAL_PASS,Individually visually inspected in all-review/review-065.jpg; readable against WHITE background; no correction selected.,14005a4487b5c337b7d296c08d2a322e661643f5bea9f45d4ed3f103e7b70dbe,f52655883a39a593b9bec1f276f92b1460189c2aec6315b96fe51d30166635eb,c6ae4a808a65ffc8e6458336fccbfe4216de1e832ec0a9abf800907f2f783589
6444,all-review/review-065.jpg,BLACK,picons/23.5e/cesky-rozhlas/black/1_0_A_1F84_CA1_3_EB0000_0_0_0.png,picons/23.5e/cesky-rozhlas/transparent/1_0_A_1F84_CA1_3_EB0000_0_0_0.png,VISUAL_PASS,Individually visually inspected in all-review/review-065.jpg; readable against BLACK background; no correction selected.,a05e60ec538a7eecc30d51a2e8467a1b8a8d8d3230abb2a924b96cecc832e463,9b811bb7446005d29695b5559051061d17e4a98a72f95ede395b89ab82c90795,61e69f7fc46e340453bf74ccd7af6ac9d8eba9f8e232884659e1ea99f6abf3fe
6445,all-review/review-065.jpg,WHITE,picons/23.5e/cesky-rozhlas/white/1_0_A_1F84_CA1_3_EB0000_0_0_0.png,picons/23.5e/cesky-rozhlas/transparent/1_0_A_1F84_CA1_3_EB0000_0_0_0.png,VISUAL_PASS,Individually visually inspected in all-review/review-065.jpg; readable against WHITE background; no correction selected.,c92a0592676d5a24b73570f91768776f69cfc4b7252243b0291bc363d422f06b,9b811bb7446005d29695b5559051061d17e4a98a72f95ede395b89ab82c90795,c6ae4a808a65ffc8e6458336fccbfe4216de1e832ec0a9abf800907f2f783589
6446,all-review/review-065.jpg,BLACK,picons/23.5e/cesky-rozhlas/black/1_0_A_1F85_CA1_3_EB0000_0_0_0.png,picons/23.5e/cesky-rozhlas/transparent/1_0_A_1F85_CA1_3_EB0000_0_0_0.png,VISUAL_PASS,Individually visually inspected in all-review/review-065.jpg; readable against BLACK background; no correction selected.,6ed5c8a6155c5109fbd086f132c9068a3324ae746edfd6fc0740d0e559b87afa,d0d3eb361ff2245641bbcd7dc5a14b6f07506fa7aeaf31cad289fee37479cb01,61e69f7fc46e340453bf74ccd7af6ac9d8eba9f8e232884659e1ea99f6abf3fe
6447,all-review/review-065.jpg,WHITE,picons/23.5e/cesky-rozhlas/white/1_0_A_1F85_CA1_3_EB0000_0_0_0.png,picons/23.5e/cesky-rozhlas/transparent/1_0_A_1F85_CA1_3_EB0000_0_0_0.png,VISUAL_PASS,Individually visually inspected in all-review/review-065.jpg; readable against WHITE background; no correction selected.,897fce972671942022b1f01881332540eb19ad1c3f6e1ce59d4bfc151044b8d8,d0d3eb361ff2245641bbcd7dc5a14b6f07506fa7aeaf31cad289fee37479cb01,c6ae4a808a65ffc8e6458336fccbfe4216de1e832ec0a9abf800907f2f783589
6448,all-review/review-065.jpg,BLACK,picons/23.5e/cesky-rozhlas/black/1_0_A_1F86_CA1_3_EB0000_0_0_0.png,picons/23.5e/cesky-rozhlas/transparent/1_0_A_1F86_CA1_3_EB0000_0_0_0.png,VISUAL_PASS,Individually visually inspected in all-review/review-065.jpg; readable against BLACK background; no correction selected.,71c7e48666c9ad091a404f775232df268a0e20b930900bae39bb9cc78393d852,c682355008fe65fad8fb5862ce93c43fe93f587ff851663ed8f14c902c84706d,61e69f7fc46e340453bf74ccd7af6ac9d8eba9f8e232884659e1ea99f6abf3fe
6449,all-review/review-065.jpg,WHITE,picons/23.5e/cesky-rozhlas/white/1_0_A_1F86_CA1_3_EB0000_0_0_0.png,picons/23.5e/cesky-rozhlas/transparent/1_0_A_1F86_CA1_3_EB0000_0_0_0.png,VISUAL_PASS,Individually visually inspected in all-review/review-065.jpg; readable against WHITE background; no correction selected.,67c817988d0f6848547b91be13edd42c500545942752a6a439dd07c671373d63,c682355008fe65fad8fb5862ce93c43fe93f587ff851663ed8f14c902c84706d,c6ae4a808a65ffc8e6458336fccbfe4216de1e832ec0a9abf800907f2f783589
6450,all-review/review-065.jpg,BLACK,picons/23.5e/cesky-rozhlas/black/1_0_A_1F87_CA1_3_EB0000_0_0_0.png,picons/23.5e/cesky-rozhlas/transparent/1_0_A_1F87_CA1_3_EB0000_0_0_0.png,VISUAL_PASS,Individually visually inspected in all-review/review-065.jpg; readable against BLACK background; no correction selected.,f50c49d747406918a34722bd15b411c3de2a8b679bd4bc529128577d72cb9cfd,5eef0463262608431d12e6bbb344211e93f5f293be40a6329a2d153c83647df7,61e69f7fc46e340453bf74ccd7af6ac9d8eba9f8e232884659e1ea99f6abf3fe
6451,all-review/review-065.jpg,WHITE,picons/23.5e/cesky-rozhlas/white/1_0_A_1F87_CA1_3_EB0000_0_0_0.png,picons/23.5e/cesky-rozhlas/transparent/1_0_A_1F87_CA1_3_EB0000_0_0_0.png,VISUAL_PASS,Individually visually inspected in all-review/review-065.jpg; readable against WHITE background; no correction selected.,332157b93fdd6067117d99d65dc252a249bf788d8ac2d2bd81af51044b27872a,5eef0463262608431d12e6bbb344211e93f5f293be40a6329a2d153c83647df7,c6ae4a808a65ffc8e6458336fccbfe4216de1e832ec0a9abf800907f2f783589
6452,all-review/review-065.jpg,BLACK,picons/23.5e/cesky-rozhlas/black/1_0_A_1F88_CA1_3_EB0000_0_0_0.png,picons/23.5e/cesky-rozhlas/transparent/1_0_A_1F88_CA1_3_EB0000_0_0_0.png,VISUAL_PASS,Individually visually inspected in all-review/review-065.jpg; readable against BLACK background; no correction selected.,ebf268da2507a33678a719abe61d57de59dcb79bc95092dcf1e0cbd976c0cefc,c30878eb523d037392b5f34f8dccede27099fd05f985934195f63e4d192b9134,61e69f7fc46e340453bf74ccd7af6ac9d8eba9f8e232884659e1ea99f6abf3fe
6453,all-review/review-065.jpg,WHITE,picons/23.5e/cesky-rozhlas/white/1_0_A_1F88_CA1_3_EB0000_0_0_0.png,picons/23.5e/cesky-rozhlas/transparent/1_0_A_1F88_CA1_3_EB0000_0_0_0.png,VISUAL_PASS,Individually visually inspected in all-review/review-065.jpg; readable against WHITE background; no correction selected.,c10d3ce38edbc366b99bcdbba5d50b614d63c556d625a4d9d487e906ee5d59f5,c30878eb523d037392b5f34f8dccede27099fd05f985934195f63e4d192b9134,c6ae4a808a65ffc8e6458336fccbfe4216de1e832ec0a9abf800907f2f783589
6454,all-review/review-065.jpg,BLACK,picons/23.5e/cesky-rozhlas/black/1_0_A_1F89_CA1_3_EB0000_0_0_0.png,picons/23.5e/cesky-rozhlas/transparent/1_0_A_1F89_CA1_3_EB0000_0_0_0.png,VISUAL_PASS,Individually visually inspected in all-review/review-065.jpg; readable against BLACK background; no correction selected.,b1ff7aad94fbdb43a1fcd8671e7cf808d7a20f941b4410c747344a76d1cb7d5b,78418803c6d8055f37ff27170db0d4fef1eff1e4cc290cc52696c870df99a98c,61e69f7fc46e340453bf74ccd7af6ac9d8eba9f8e232884659e1ea99f6abf3fe
6455,all-review/review-065.jpg,WHITE,picons/23.5e/cesky-rozhlas/white/1_0_A_1F89_CA1_3_EB0000_0_0_0.png,picons/23.5e/cesky-rozhlas/transparent/1_0_A_1F89_CA1_3_EB0000_0_0_0.png,VISUAL_PASS,Individually visually inspected in all-review/review-065.jpg; readable against WHITE background; no correction selected.,115cdbd28b53b9e27818ac117eb0f50b618e91f73a9d9444688c8c8e0d5b84a4,78418803c6d8055f37ff27170db0d4fef1eff1e4cc290cc52696c870df99a98c,c6ae4a808a65ffc8e6458336fccbfe4216de1e832ec0a9abf800907f2f783589
6456,all-review/review-065.jpg,BLACK,picons/23.5e/m7-group/black/1_0_16_17B1_C82_3_EB0000_0_0_0.png,picons/23.5e/m7-group/transparent/1_0_16_17B1_C82_3_EB0000_0_0_0.png,VISUAL_PASS,Individually visually inspected in all-review/review-065.jpg; readable against BLACK background; no correction selected.,beef0ca8d5c7b9a1114492016d32983bcc8b5b1551128e66089a6bbe4d4dd6f9,cfcb9017e4cf4aa23b0d396853fb55a7835a399a2e01a4ce8a3acbf967e285f5,61e69f7fc46e340453bf74ccd7af6ac9d8eba9f8e232884659e1ea99f6abf3fe
6457,all-review/review-065.jpg,WHITE,picons/23.5e/m7-group/white/1_0_16_17B1_C82_3_EB0000_0_0_0.png,picons/23.5e/m7-group/transparent/1_0_16_17B1_C82_3_EB0000_0_0_0.png,VISUAL_PASS,Individually visually inspected in all-review/review-065.jpg; readable against WHITE background; no correction selected.,89e035e8491a35ca732cf53f75d3323829556040ba951eb89a3811c655d0fe59,cfcb9017e4cf4aa23b0d396853fb55a7835a399a2e01a4ce8a3acbf967e285f5,c6ae4a808a65ffc8e6458336fccbfe4216de1e832ec0a9abf800907f2f783589
6458,all-review/review-065.jpg,BLACK,picons/23.5e/m7-group/black/1_0_16_17B3_C82_3_EB0000_0_0_0.png,picons/23.5e/m7-group/transparent/1_0_16_17B3_C82_3_EB0000_0_0_0.png,VISUAL_PASS,Individually visually inspected in all-review/review-065.jpg; readable against BLACK background; no correction selected.,c3bd1f7ee7581d9e22a90acdf94f230eec973ca942d339e9339b78ea4101aef1,9c70d57232cb73454df8b434cac1107af215c36632cace5477d4e6329e081b5d,61e69f7fc46e340453bf74ccd7af6ac9d8eba9f8e232884659e1ea99f6abf3fe
6459,all-review/review-065.jpg,WHITE,picons/23.5e/m7-group/white/1_0_16_17B3_C82_3_EB0000_0_0_0.png,picons/23.5e/m7-group/transparent/1_0_16_17B3_C82_3_EB0000_0_0_0.png,VISUAL_PASS,Individually visually inspected in all-review/review-065.jpg; readable against WHITE background; no correction selected.,f970ac3d1fe5ecd4ae4706faf8647dc5e8ab8572fa1fd8ca14ba6522938316ba,9c70d57232cb73454df8b434cac1107af215c36632cace5477d4e6329e081b5d,c6ae4a808a65ffc8e6458336fccbfe4216de1e832ec0a9abf800907f2f783589
6460,all-review/review-065.jpg,BLACK,picons/23.5e/m7-group/black/1_0_16_17E0_C82_3_EB0000_0_0_0.png,picons/23.5e/m7-group/transparent/1_0_16_17E0_C82_3_EB0000_0_0_0.png,VISUAL_PASS,Individually visually inspected in all-review/review-065.jpg; readable against BLACK background; no correction selected.,6b8630b27759fbb3d85f162d8b8f2b73e087aba354984d274101c2b861ed3bc0,194336c31542a6c7c955fdfd31197bb148e86638741a421cbbb5d6581fc70211,61e69f7fc46e340453bf74ccd7af6ac9d8eba9f8e232884659e1ea99f6abf3fe
6461,all-review/review-065.jpg,BLACK,picons/23.5e/m7-group/black/1_0_16_17E1_C82_3_EB0000_0_0_0.png,picons/23.5e/m7-group/transparent/1_0_16_17E1_C82_3_EB0000_0_0_0.png,VISUAL_PASS,Individually visually inspected in all-review/review-065.jpg; readable against BLACK background; no correction selected.,582c6baf400465c9ed4c3cacea2776e6fa8caf92efacf6ab25aa76e779392835,549950568e9a343bea8031abfcff345ec5f1b1f20228f037aa415ce89aaaa008,61e69f7fc46e340453bf74ccd7af6ac9d8eba9f8e232884659e1ea99f6abf3fe
6462,all-review/review-065.jpg,WHITE,picons/23.5e/m7-group/white/1_0_16_17E1_C82_3_EB0000_0_0_0.png,picons/23.5e/m7-group/transparent/1_0_16_17E1_C82_3_EB0000_0_0_0.png,VISUAL_PASS,Individually visually inspected in all-review/review-065.jpg; readable against WHITE background; no correction selected.,545ac0d51af46e756072db3f977405013f63836a97ee8f2119d5485c8ab6a472,549950568e9a343bea8031abfcff345ec5f1b1f20228f037aa415ce89aaaa008,c6ae4a808a65ffc8e6458336fccbfe4216de1e832ec0a9abf800907f2f783589
6463,all-review/review-065.jpg,BLACK,picons/23.5e/m7-group/black/1_0_16_17E3_C82_3_EB0000_0_0_0.png,picons/23.5e/m7-group/transparent/1_0_16_17E3_C82_3_EB0000_0_0_0.png,VISUAL_PASS,Individually visually inspected in all-review/review-065.jpg; readable against BLACK background; no correction selected.,b4b83a957a545eb4e410ca5d42823ed34f66f544865c986e7ec1f4208fa99aae,1aae4eef18e745a7b1aec29b5e9b7830fc1dcd99c5e8baa43628f5e0236a77d5,61e69f7fc46e340453bf74ccd7af6ac9d8eba9f8e232884659e1ea99f6abf3fe
6464,all-review/review-065.jpg,WHITE,picons/23.5e/m7-group/white/1_0_16_17E3_C82_3_EB0000_0_0_0.png,picons/23.5e/m7-group/transparent/1_0_16_17E3_C82_3_EB0000_0_0_0.png,VISUAL_PASS,Individually visually inspected in all-review/review-065.jpg; readable against WHITE background; no correction selected.,56a40902fdf0d5a782b67256776bb592317507b650009f030f4810c825eecdee,1aae4eef18e745a7b1aec29b5e9b7830fc1dcd99c5e8baa43628f5e0236a77d5,c6ae4a808a65ffc8e6458336fccbfe4216de1e832ec0a9abf800907f2f783589
6465,all-review/review-065.jpg,BLACK,picons/23.5e/m7-group/black/1_0_16_17EA_C82_3_EB0000_0_0_0.png,picons/23.5e/m7-group/transparent/1_0_16_17EA_C82_3_EB0000_0_0_0.png,VISUAL_PASS,Individually visually inspected in all-review/review-065.jpg; readable against BLACK background; no correction selected.,aea9302df50b65d9eb565f6147d40efaba72fb58b7db8403f902bf8033a4af9e,90fba95a19f5056b0f465c7674c58a47b390e3341636956d55601646a096e9ba,61e69f7fc46e340453bf74ccd7af6ac9d8eba9f8e232884659e1ea99f6abf3fe
6466,all-review/review-065.jpg,WHITE,picons/23.5e/m7-group/white/1_0_16_17EA_C82_3_EB0000_0_0_0.png,picons/23.5e/m7-group/transparent/1_0_16_17EA_C82_3_EB0000_0_0_0.png,VISUAL_PASS,Individually visually inspected in all-review/review-065.jpg; readable against WHITE background; no correction selected.,75476c852de6b164e917b147e1528a1295d831f2c49c7b91382624b70d9bcc8d,90fba95a19f5056b0f465c7674c58a47b390e3341636956d55601646a096e9ba,c6ae4a808a65ffc8e6458336fccbfe4216de1e832ec0a9abf800907f2f783589
6467,all-review/review-065.jpg,WHITE,picons/23.5e/m7-group/white/1_0_16_1B92_C88_3_EB0000_0_0_0.png,picons/23.5e/m7-group/transparent/1_0_16_1B92_C88_3_EB0000_0_0_0.png,VISUAL_PASS,Individually visually inspected in all-review/review-065.jpg; readable against WHITE background; no correction selected.,6b054e856a04459419c1d913899976e0e931d12a1a01ff6652ac87bc940a4c0b,4a7ac35ef22fac73b22625ccb3541f6a493522099ffe9fed04ccd772b1e02023,c6ae4a808a65ffc8e6458336fccbfe4216de1e832ec0a9abf800907f2f783589
6468,all-review/review-065.jpg,BLACK,picons/23.5e/m7-group/black/1_0_16_1B95_C88_3_EB0000_0_0_0.png,picons/23.5e/m7-group/transparent/1_0_16_1B95_C88_3_EB0000_0_0_0.png,VISUAL_PASS,Individually visually inspected in all-review/review-065.jpg; readable against BLACK background; no correction selected.,c72d60b47325d494936042a7df4f89d546acdf7038a48a0304b6d8af48f264c0,35f98cfec64e939b991f636e6e277f153fbed0d47d426d3ef4ad911f7371f8e3,61e69f7fc46e340453bf74ccd7af6ac9d8eba9f8e232884659e1ea99f6abf3fe
6469,all-review/review-065.jpg,WHITE,picons/23.5e/m7-group/white/1_0_16_1B95_C88_3_EB0000_0_0_0.png,picons/23.5e/m7-group/transparent/1_0_16_1B95_C88_3_EB0000_0_0_0.png,VISUAL_PASS,Individually visually inspected in all-review/review-065.jpg; readable against WHITE background; no correction selected.,b8115148d8949aa429a9bf6ac7078abc695fee98301780ff19b496074b512dbc,35f98cfec64e939b991f636e6e277f153fbed0d47d426d3ef4ad911f7371f8e3,c6ae4a808a65ffc8e6458336fccbfe4216de1e832ec0a9abf800907f2f783589
6470,all-review/review-065.jpg,BLACK,picons/23.5e/m7-group/black/1_0_16_1C15_C88_3_EB0000_0_0_0.png,picons/23.5e/m7-group/transparent/1_0_16_1C15_C88_3_EB0000_0_0_0.png,VISUAL_PASS,Individually visually inspected in all-review/review-065.jpg; readable against BLACK background; no correction selected.,30317406802610e4cb356983c2ca0ef50fb7e1e069f5b1c8af47af7d74d01c74,62e4a59c81efd0ef68deb0c07712fdb4b501f754a5365dd0cf5e590cef8fc3f0,61e69f7fc46e340453bf74ccd7af6ac9d8eba9f8e232884659e1ea99f6abf3fe
6471,all-review/review-065.jpg,WHITE,picons/23.5e/m7-group/white/1_0_16_1C15_C88_3_EB0000_0_0_0.png,picons/23.5e/m7-group/transparent/1_0_16_1C15_C88_3_EB0000_0_0_0.png,VISUAL_PASS,Individually visually inspected in all-review/review-065.jpg; readable against WHITE background; no correction selected.,fe825e706fd070a2cab2d39bfd0219afc5bca2482cf86c26eded36b79e7329c2,62e4a59c81efd0ef68deb0c07712fdb4b501f754a5365dd0cf5e590cef8fc3f0,c6ae4a808a65ffc8e6458336fccbfe4216de1e832ec0a9abf800907f2f783589
6472,all-review/review-065.jpg,WHITE,picons/23.5e/m7-group/white/1_0_16_309_C94_3_EB0000_0_0_0.png,picons/23.5e/m7-group/transparent/1_0_16_309_C94_3_EB0000_0_0_0.png,VISUAL_PASS,Individually visually inspected in all-review/review-065.jpg; readable against WHITE background; no correction selected.,28138d4ba5beccb6aae51ed14ca6f8823e7d81b218533e4bd50c18adc25800dc,bc91806c36cee339aee5163de8fd37fedc97f78b5732911fee80aafdc4a41a43,c6ae4a808a65ffc8e6458336fccbfe4216de1e832ec0a9abf800907f2f783589
6473,all-review/review-065.jpg,BLACK,picons/23.5e/m7-group/black/1_0_16_30D_C94_3_EB0000_0_0_0.png,picons/23.5e/m7-group/transparent/1_0_16_30D_C94_3_EB0000_0_0_0.png,VISUAL_PASS,Individually visually inspected in all-review/review-065.jpg; readable against BLACK background; no correction selected.,15bfebc949f637a4282b8dcf31f9baa87ab54b86cbebd5ef1a2c0a2c9e1fde9a,67dbd930674b51eb7dddc3fe01f73cd168b73fb9f785621ea43fa46bc8bd3f77,61e69f7fc46e340453bf74ccd7af6ac9d8eba9f8e232884659e1ea99f6abf3fe
6474,all-review/review-065.jpg,WHITE,picons/23.5e/m7-group/white/1_0_16_30D_C94_3_EB0000_0_0_0.png,picons/23.5e/m7-group/transparent/1_0_16_30D_C94_3_EB0000_0_0_0.png,VISUAL_PASS,Individually visually inspected in all-review/review-065.jpg; readable against WHITE background; no correction selected.,abcdb2745e2bd5c9ab59b659bd9d3a05b0ef0b63f8adadf568794c4fc06e9882,67dbd930674b51eb7dddc3fe01f73cd168b73fb9f785621ea43fa46bc8bd3f77,c6ae4a808a65ffc8e6458336fccbfe4216de1e832ec0a9abf800907f2f783589
6475,all-review/review-065.jpg,BLACK,picons/23.5e/m7-group/black/1_0_16_311_C94_3_EB0000_0_0_0.png,picons/23.5e/m7-group/transparent/1_0_16_311_C94_3_EB0000_0_0_0.png,VISUAL_PASS,Individually visually inspected in all-review/review-065.jpg; readable against BLACK background; no correction selected.,6608d6194e7a2239646ae3d4c68b7a8beaf0fe9838f3c408408bb3e5826f172c,533705a327dbf1ba4b5440608a46da6e2a8a903872218373179d71f2b3de8070,61e69f7fc46e340453bf74ccd7af6ac9d8eba9f8e232884659e1ea99f6abf3fe
6476,all-review/review-065.jpg,WHITE,picons/23.5e/m7-group/white/1_0_16_311_C94_3_EB0000_0_0_0.png,picons/23.5e/m7-group/transparent/1_0_16_311_C94_3_EB0000_0_0_0.png,VISUAL_PASS,Individually visually inspected in all-review/review-065.jpg; readable against WHITE background; no correction selected.,21b644da0d1db696fb946aa99214a18efd3ef058ba46ce6dd092d03ad20d01a0,533705a327dbf1ba4b5440608a46da6e2a8a903872218373179d71f2b3de8070,c6ae4a808a65ffc8e6458336fccbfe4216de1e832ec0a9abf800907f2f783589
6477,all-review/review-065.jpg,BLACK,picons/23.5e/m7-group/black/1_0_16_319_C94_3_EB0000_0_0_0.png,picons/23.5e/m7-group/transparent/1_0_16_319_C94_3_EB0000_0_0_0.png,VISUAL_PASS,Individually visually inspected in all-review/review-065.jpg; readable against BLACK background; no correction selected.,4cc3764c7014af9d06fd9cf156c34f2fc75ebc2684c65220e180ed6b121b3a62,c99fca8ce4d11a27a8c8bedc3a53215f9053916dc1bad5d768fc38b4c386e8d9,61e69f7fc46e340453bf74ccd7af6ac9d8eba9f8e232884659e1ea99f6abf3fe
6478,all-review/review-065.jpg,WHITE,picons/23.5e/m7-group/white/1_0_16_319_C94_3_EB0000_0_0_0.png,picons/23.5e/m7-group/transparent/1_0_16_319_C94_3_EB0000_0_0_0.png,VISUAL_PASS,Individually visually inspected in all-review/review-065.jpg; readable against WHITE background; no correction selected.,bacb325c1123b5189edcb458b81c8c745fca36dd1ccbe6ad6700ee51f68c6b26,c99fca8ce4d11a27a8c8bedc3a53215f9053916dc1bad5d768fc38b4c386e8d9,c6ae4a808a65ffc8e6458336fccbfe4216de1e832ec0a9abf800907f2f783589
6479,all-review/review-065.jpg,BLACK,picons/23.5e/m7-group/black/1_0_16_334D_C93_3_EB0000_0_0_0.png,picons/23.5e/m7-group/transparent/1_0_16_334D_C93_3_EB0000_0_0_0.png,VISUAL_PASS,Individually visually inspected in all-review/review-065.jpg; readable against BLACK background; no correction selected.,71e5a262c21ea3e03c28d4bc827b67daedfb8a277998bfe43696c07fde4c5ddc,2f9f51f4901f8a256782dbe68bdc25c8b5caacd8a690a62d5091d8fc1b122343,61e69f7fc46e340453bf74ccd7af6ac9d8eba9f8e232884659e1ea99f6abf3fe
6480,all-review/review-065.jpg,WHITE,picons/23.5e/m7-group/white/1_0_16_334D_C93_3_EB0000_0_0_0.png,picons/23.5e/m7-group/transparent/1_0_16_334D_C93_3_EB0000_0_0_0.png,VISUAL_PASS,Individually visually inspected in all-review/review-065.jpg; readable against WHITE background; no correction selected.,7a9a40c0bcab55cb2b7410fb45e0d938066c592c6a66d5228897671281ed41cf,2f9f51f4901f8a256782dbe68bdc25c8b5caacd8a690a62d5091d8fc1b122343,c6ae4a808a65ffc8e6458336fccbfe4216de1e832ec0a9abf800907f2f783589
6481,all-review/review-065.jpg,BLACK,picons/23.5e/m7-group/black/1_0_16_3350_C93_3_EB0000_0_0_0.png,picons/23.5e/m7-group/transparent/1_0_16_3350_C93_3_EB0000_0_0_0.png,VISUAL_PASS,Individually visually inspected in all-review/review-065.jpg; readable against BLACK background; no correction selected.,39f22ee3038b92d671c50c5f8911e7c1e19c6d4c0ca677af65ecac3c692a060c,3575571a49ddd0ed808dc117e218ddb6ab14baf4b8c2f561b8bdb51b60cb6423,61e69f7fc46e340453bf74ccd7af6ac9d8eba9f8e232884659e1ea99f6abf3fe
6482,all-review/review-065.jpg,WHITE,picons/23.5e/m7-group/white/1_0_16_3350_C93_3_EB0000_0_0_0.png,picons/23.5e/m7-group/transparent/1_0_16_3350_C93_3_EB0000_0_0_0.png,VISUAL_PASS,Individually visually inspected in all-review/review-065.jpg; readable against WHITE background; no correction selected.,e43e767aab2b9ef6a7d493d4aa94ec2deeb9312ea52a62e9f91df83ce770af5c,3575571a49ddd0ed808dc117e218ddb6ab14baf4b8c2f561b8bdb51b60cb6423,c6ae4a808a65ffc8e6458336fccbfe4216de1e832ec0a9abf800907f2f783589
6483,all-review/review-065.jpg,BLACK,picons/23.5e/m7-group/black/1_0_16_335A_C93_3_EB0000_0_0_0.png,picons/23.5e/m7-group/transparent/1_0_16_335A_C93_3_EB0000_0_0_0.png,VISUAL_PASS,Individually visually inspected in all-review/review-065.jpg; readable against BLACK background; no correction selected.,60122e7960d38842a1fc64d528e01cf27111641d533cfc6d1a896abe97fa1827,a5417394066d8c67e942a08f7a9b3379f2c348a559a6ce6b726885017420bd3a,61e69f7fc46e340453bf74ccd7af6ac9d8eba9f8e232884659e1ea99f6abf3fe
6484,all-review/review-065.jpg,WHITE,picons/23.5e/m7-group/white/1_0_16_335A_C93_3_EB0000_0_0_0.png,picons/23.5e/m7-group/transparent/1_0_16_335A_C93_3_EB0000_0_0_0.png,VISUAL_PASS,Individually visually inspected in all-review/review-065.jpg; readable against WHITE background; no correction selected.,75fa593835adb1ffae2b918cf6d040e2817bb35e2b85efd2eac7e2a45cd88edc,a5417394066d8c67e942a08f7a9b3379f2c348a559a6ce6b726885017420bd3a,c6ae4a808a65ffc8e6458336fccbfe4216de1e832ec0a9abf800907f2f783589
6485,all-review/review-065.jpg,BLACK,picons/23.5e/m7-group/black/1_0_16_339D_C9D_3_EB0000_0_0_0.png,picons/23.5e/m7-group/transparent/1_0_16_339D_C9D_3_EB0000_0_0_0.png,VISUAL_PASS,Individually visually inspected in all-review/review-065.jpg; readable against BLACK background; no correction selected.,8fe04d8841ec03b1b8f93236b155b1f69c0f32935dd4200ef090d3e001e49826,08121c4df35a357a48ce547594e71644b7a53bb4a8c23b177840f177a89f64df,61e69f7fc46e340453bf74ccd7af6ac9d8eba9f8e232884659e1ea99f6abf3fe
6486,all-review/review-065.jpg,WHITE,picons/23.5e/m7-group/white/1_0_16_339D_C9D_3_EB0000_0_0_0.png,picons/23.5e/m7-group/transparent/1_0_16_339D_C9D_3_EB0000_0_0_0.png,VISUAL_PASS,Individually visually inspected in all-review/review-065.jpg; readable against WHITE background; no correction selected.,00e8958adfafd41d5afc524a040620fa8bbc079c3ceb8ad5ed3a8c8f5e84617a,08121c4df35a357a48ce547594e71644b7a53bb4a8c23b177840f177a89f64df,c6ae4a808a65ffc8e6458336fccbfe4216de1e832ec0a9abf800907f2f783589
6487,all-review/review-065.jpg,BLACK,picons/23.5e/m7-group/black/1_0_16_36EA_C8C_3_EB0000_0_0_0.png,picons/23.5e/m7-group/transparent/1_0_16_36EA_C8C_3_EB0000_0_0_0.png,VISUAL_PASS,Individually visually inspected in all-review/review-065.jpg; readable against BLACK background; no correction selected.,fdad3912d8948c2aeff86e3fc9ce87bd4687768b0d60720ceb08755ecae5bf19,c1f07e4e621d4fb7d75ff444fce7cfe5af87b175bcb8b1af8cfdd2b513b9936b,61e69f7fc46e340453bf74ccd7af6ac9d8eba9f8e232884659e1ea99f6abf3fe
6488,all-review/review-065.jpg,WHITE,picons/23.5e/m7-group/white/1_0_16_36EA_C8C_3_EB0000_0_0_0.png,picons/23.5e/m7-group/transparent/1_0_16_36EA_C8C_3_EB0000_0_0_0.png,VISUAL_PASS,Individually visually inspected in all-review/review-065.jpg; readable against WHITE background; no correction selected.,f82aa3181f15f7bbb0da96aa639cd4b348585065de24d197c50e8aa50177e760,c1f07e4e621d4fb7d75ff444fce7cfe5af87b175bcb8b1af8cfdd2b513b9936b,c6ae4a808a65ffc8e6458336fccbfe4216de1e832ec0a9abf800907f2f783589
6489,all-review/review-065.jpg,BLACK,picons/23.5e/m7-group/black/1_0_16_36EB_C8C_3_EB0000_0_0_0.png,picons/23.5e/m7-group/transparent/1_0_16_36EB_C8C_3_EB0000_0_0_0.png,VISUAL_PASS,Individually visually inspected in all-review/review-065.jpg; readable against BLACK background; no correction selected.,d4ec940631e68bdef7e34075c45d8141a93c08c11168d75448d48722a85bf43a,bff1af37e38f7910118a5d7327f5be0669f11628f9806211d97c1858cb479dc6,61e69f7fc46e340453bf74ccd7af6ac9d8eba9f8e232884659e1ea99f6abf3fe
6490,all-review/review-065.jpg,WHITE,picons/23.5e/m7-group/white/1_0_16_36EB_C8C_3_EB0000_0_0_0.png,picons/23.5e/m7-group/transparent/1_0_16_36EB_C8C_3_EB0000_0_0_0.png,VISUAL_PASS,Individually visually inspected in all-review/review-065.jpg; readable against WHITE background; no correction selected.,b659b7944fcde027033cf6048a1ac081937dccdde144f3f86bdb09645802c430,bff1af37e38f7910118a5d7327f5be0669f11628f9806211d97c1858cb479dc6,c6ae4a808a65ffc8e6458336fccbfe4216de1e832ec0a9abf800907f2f783589
6491,all-review/review-065.jpg,BLACK,picons/23.5e/m7-group/black/1_0_16_36EF_C8C_3_EB0000_0_0_0.png,picons/23.5e/m7-group/transparent/1_0_16_36EF_C8C_3_EB0000_0_0_0.png,VISUAL_PASS,Individually visually inspected in all-review/review-065.jpg; readable against BLACK background; no correction selected.,74777db094de9daa4c8e6916389e88504492c33017a4e06928f1c5f572bbdee8,a9f2dddea01841d3cd37b92721af40e800f6d97f50005977f4adfe30d2d844a5,61e69f7fc46e340453bf74ccd7af6ac9d8eba9f8e232884659e1ea99f6abf3fe
6492,all-review/review-065.jpg,BLACK,picons/23.5e/m7-group/black/1_0_16_36F1_C8C_3_EB0000_0_0_0.png,picons/23.5e/m7-group/transparent/1_0_16_36F1_C8C_3_EB0000_0_0_0.png,VISUAL_PASS,Individually visually inspected in all-review/review-065.jpg; readable against BLACK background; no correction selected.,818068adad1fce754109327858192306a6ee789a5b0795bc534d456166f3e462,d9055b4ede430dac5ee293ec173c356966883b7593ecec0a441769fd2d557dab,61e69f7fc46e340453bf74ccd7af6ac9d8eba9f8e232884659e1ea99f6abf3fe
6493,all-review/review-065.jpg,WHITE,picons/23.5e/m7-group/white/1_0_16_36F1_C8C_3_EB0000_0_0_0.png,picons/23.5e/m7-group/transparent/1_0_16_36F1_C8C_3_EB0000_0_0_0.png,VISUAL_PASS,Individually visually inspected in all-review/review-065.jpg; readable against WHITE background; no correction selected.,af6c55cacf7cf1f3eea27deadf7ac5d6ca7a3cebc9ae739433fc4fadfb4f2494,d9055b4ede430dac5ee293ec173c356966883b7593ecec0a441769fd2d557dab,c6ae4a808a65ffc8e6458336fccbfe4216de1e832ec0a9abf800907f2f783589
6494,all-review/review-065.jpg,WHITE,picons/23.5e/m7-group/white/1_0_16_36FD_C8C_3_EB0000_0_0_0.png,picons/23.5e/m7-group/transparent/1_0_16_36FD_C8C_3_EB0000_0_0_0.png,VISUAL_PASS,Individually visually inspected in all-review/review-065.jpg; readable against WHITE background; no correction selected.,16e7d2cdf453ac20b32c80cb4c20b578fa78669e1bf05d042f5f30f2f2af2148,83b715a543d6fbf09fa612f98c5b1d0e2426ece13850ae17a05c65bd53e1f65c,c6ae4a808a65ffc8e6458336fccbfe4216de1e832ec0a9abf800907f2f783589
6495,all-review/review-065.jpg,BLACK,picons/23.5e/m7-group/black/1_0_16_3720_C8E_3_EB0000_0_0_0.png,picons/23.5e/m7-group/transparent/1_0_16_3720_C8E_3_EB0000_0_0_0.png,VISUAL_PASS,Individually visually inspected in all-review/review-065.jpg; readable against BLACK background; no correction selected.,615017aa2300d54b2b3556eea207ad5b2303d68b69ca4fc4075f0e4f6f696322,e620a55a940dcb388aa76aa94ca91eae750e8feef7a9605c942be43ed8bcf06c,61e69f7fc46e340453bf74ccd7af6ac9d8eba9f8e232884659e1ea99f6abf3fe
6496,all-review/review-065.jpg,WHITE,picons/23.5e/m7-group/white/1_0_16_3720_C8E_3_EB0000_0_0_0.png,picons/23.5e/m7-group/transparent/1_0_16_3720_C8E_3_EB0000_0_0_0.png,VISUAL_PASS,Individually visually inspected in all-review/review-065.jpg; readable against WHITE background; no correction selected.,920870d2f71a728a45d0e652897860d75373e42522b0df3fcdacf4e65b8ad433,e620a55a940dcb388aa76aa94ca91eae750e8feef7a9605c942be43ed8bcf06c,c6ae4a808a65ffc8e6458336fccbfe4216de1e832ec0a9abf800907f2f783589
6497,all-review/review-065.jpg,BLACK,picons/23.5e/m7-group/black/1_0_16_3721_C8E_3_EB0000_0_0_0.png,picons/23.5e/m7-group/transparent/1_0_16_3721_C8E_3_EB0000_0_0_0.png,VISUAL_PASS,Individually visually inspected in all-review/review-065.jpg; readable against BLACK background; no correction selected.,23d155766215eff59b7814d9627dffec57288b0b766b5f9b3a1e5eec1d69c79d,59d9edf9f24ef685bc9b87ab831b9f01535207292463371a8464e07a05c0928e,61e69f7fc46e340453bf74ccd7af6ac9d8eba9f8e232884659e1ea99f6abf3fe
6498,all-review/review-065.jpg,WHITE,picons/23.5e/m7-group/white/1_0_16_3721_C8E_3_EB0000_0_0_0.png,picons/23.5e/m7-group/transparent/1_0_16_3721_C8E_3_EB0000_0_0_0.png,VISUAL_PASS,Individually visually inspected in all-review/review-065.jpg; readable against WHITE background; no correction selected.,17a9cf64aa440256707564f5049c5c234d20a2e792f56f537e5632e5a2a20d3f,59d9edf9f24ef685bc9b87ab831b9f01535207292463371a8464e07a05c0928e,c6ae4a808a65ffc8e6458336fccbfe4216de1e832ec0a9abf800907f2f783589
6499,all-review/review-065.jpg,BLACK,picons/23.5e/m7-group/black/1_0_16_3723_C8E_3_EB0000_0_0_0.png,picons/23.5e/m7-group/transparent/1_0_16_3723_C8E_3_EB0000_0_0_0.png,VISUAL_PASS,Individually visually inspected in all-review/review-065.jpg; readable against BLACK background; no correction selected.,4b94897053c361816e08276dbbae169bd0edc5b7a23facdee3aaff7f8b255089,74a6ca218b546447a37222d326739a3866756af996bd47cd40ce381d136d04df,61e69f7fc46e340453bf74ccd7af6ac9d8eba9f8e232884659e1ea99f6abf3fe
6500,all-review/review-065.jpg,WHITE,picons/23.5e/m7-group/white/1_0_16_3723_C8E_3_EB0000_0_0_0.png,picons/23.5e/m7-group/transparent/1_0_16_3723_C8E_3_EB0000_0_0_0.png,VISUAL_PASS,Individually visually inspected in all-review/review-065.jpg; readable against WHITE background; no correction selected.,d3e6617fa4e895928cee5219e9f6608e1795c8f45b9b923f09f37256c783641c,74a6ca218b546447a37222d326739a3866756af996bd47cd40ce381d136d04df,c6ae4a808a65ffc8e6458336fccbfe4216de1e832ec0a9abf800907f2f783589
