review_id,domain,stable_identity,source_qc_status,geometry_status,transparent_status,black_status,white_status,final_status
AUX-PROV-46C43ED0F394,provider-logo,provider-logo::+ N NEWS.png,PASS,PRESERVED_NATIVE_CANVAS,PASS,AUTO-FIXED,REVIEW,REVIEW
AUX-PROV-6D64A1AFE468,provider-logo,provider-logo::1 Cent.png,MISSING_SOURCE,NOT_APPLICABLE,MISSING_SOURCE,MISSING_SOURCE,MISSING_SOURCE,SOURCE-UNRESOLVED
AUX-PROV-EB91D12CE4F4,provider-logo,provider-logo::1+1 INTERNATIONAL.png,PASS,PRESERVED_NATIVE_CANVAS,PASS,REVIEW,REVIEW,REVIEW
AUX-PROV-32D33957E87C,provider-logo,provider-logo::1+1 MEDIA.png,PASS,PRESERVED_NATIVE_CANVAS,PASS,REVIEW,REVIEW,REVIEW
AUX-PROV-9853844B3CB8,provider-logo,provider-logo::1PLUS1 MEDIA.png,PASS,PRESERVED_NATIVE_CANVAS,PASS,REVIEW,REVIEW,REVIEW
AUX-PROV-985E6EEA1F4C,provider-logo,provider-logo::1USD.png,MISSING_SOURCE,NOT_APPLICABLE,MISSING_SOURCE,MISSING_SOURCE,MISSING_SOURCE,SOURCE-UNRESOLVED
AUX-PROV-0C42B6BF807A,provider-logo,provider-logo::249TV.png,PASS,PRESERVED_NATIVE_CANVAS,PASS,REVIEW,REVIEW,REVIEW
AUX-PROV-4D14D4965903,provider-logo,provider-logo::24H.png,PASS,PRESERVED_NATIVE_CANVAS,PASS,REVIEW,REVIEW,REVIEW
AUX-PROV-EEB89897AAEB,provider-logo,provider-logo::2M.png,PASS,PRESERVED_NATIVE_CANVAS,PASS,REVIEW,REVIEW,REVIEW
AUX-PROV-4F9128036AB1,provider-logo,provider-logo::365 TV.png,PASS,PRESERVED_NATIVE_CANVAS,PASS,REVIEW,AUTO-FIXED,REVIEW
AUX-PROV-8ABAF23A476B,provider-logo,provider-logo::50 CANALE.png,PASS,PRESERVED_NATIVE_CANVAS,PASS,AUTO-FIXED,AUTO-FIXED,AUTO-FIXED
AUX-PROV-05408B6C2202,provider-logo,provider-logo::7 GOLD.png,PASS,PRESERVED_NATIVE_CANVAS,PASS,AUTO-FIXED,REVIEW,REVIEW
AUX-PROV-F23C6C7C3125,provider-logo,provider-logo::7+ CHANNEL.png,PASS,PRESERVED_NATIVE_CANVAS,PASS,AUTO-FIXED,AUTO-FIXED,AUTO-FIXED
AUX-PROV-C4AFEFEDCAE6,provider-logo,provider-logo::70.80.TV.png,PASS,PRESERVED_NATIVE_CANVAS,PASS,AUTO-FIXED,REVIEW,REVIEW
AUX-PROV-FC33A0DBAD22,provider-logo,provider-logo::82xCANAL+.png,PASS,PRESERVED_NATIVE_CANVAS,PASS,REVIEW,REVIEW,REVIEW
AUX-PROV-A55C145AA09E,provider-logo,provider-logo::A HR.png,PASS,PRESERVED_NATIVE_CANVAS,PASS,REVIEW,REVIEW,REVIEW
AUX-PROV-F0BFCDF3AB5E,provider-logo,provider-logo::A PLUS LIVE.png,PASS,PRESERVED_NATIVE_CANVAS,PASS,REVIEW,REVIEW,REVIEW
AUX-PROV-00767B9277B5,provider-logo,provider-logo::A! BG.png,PASS,PRESERVED_NATIVE_CANVAS,PASS,REVIEW,REVIEW,REVIEW
AUX-PROV-A68286E398E7,provider-logo,provider-logo::A1 BG.png,PASS,PRESERVED_NATIVE_CANVAS,PASS,REVIEW,REVIEW,REVIEW
AUX-PROV-BEC2F74D4AE0,provider-logo,provider-logo::A1 BOADCASTING.png,PASS,PRESERVED_NATIVE_CANVAS,PASS,REVIEW,REVIEW,REVIEW
AUX-PROV-D8F653971A0D,provider-logo,provider-logo::A1 BROADCASTING.png,PASS,PRESERVED_NATIVE_CANVAS,PASS,REVIEW,REVIEW,REVIEW
AUX-PROV-2F380D92D45C,provider-logo,provider-logo::A1 BROADCSTING.png,PASS,PRESERVED_NATIVE_CANVAS,PASS,REVIEW,REVIEW,REVIEW
AUX-PROV-2FBA4321BA95,provider-logo,provider-logo::A1 BULGARIA.png,PASS,PRESERVED_NATIVE_CANVAS,PASS,REVIEW,REVIEW,REVIEW
AUX-PROV-DDB037860287,provider-logo,provider-logo::A1 GB.png,PASS,PRESERVED_NATIVE_CANVAS,PASS,REVIEW,REVIEW,REVIEW
AUX-PROV-796832E28810,provider-logo,provider-logo::A1 HR.png,PASS,PRESERVED_NATIVE_CANVAS,PASS,REVIEW,REVIEW,REVIEW
AUX-PROV-3AFC4F8A179D,provider-logo,provider-logo::A1 HRVATSKA.png,PASS,PRESERVED_NATIVE_CANVAS,PASS,REVIEW,REVIEW,REVIEW
AUX-PROV-95E2A7D95749,provider-logo,provider-logo::A1.png,PASS,PRESERVED_NATIVE_CANVAS,PASS,REVIEW,REVIEW,REVIEW
AUX-PROV-05D5BA268183,provider-logo,provider-logo::A1BG.png,PASS,PRESERVED_NATIVE_CANVAS,PASS,REVIEW,REVIEW,REVIEW
AUX-PROV-F39A166D0735,provider-logo,provider-logo::AB SAT.png,PASS,PRESERVED_NATIVE_CANVAS,PASS,REVIEW,REVIEW,REVIEW
AUX-PROV-DCA91EDB259E,provider-logo,provider-logo::AB.png,MISSING_SOURCE,NOT_APPLICABLE,MISSING_SOURCE,MISSING_SOURCE,MISSING_SOURCE,SOURCE-UNRESOLVED
AUX-PROV-ED907646747F,provider-logo,provider-logo::ABS.png,PASS,PRESERVED_NATIVE_CANVAS,PASS,AUTO-FIXED,REVIEW,REVIEW
AUX-PROV-44E7F887335A,provider-logo,provider-logo::ABSAT.png,MISSING_SOURCE,NOT_APPLICABLE,MISSING_SOURCE,MISSING_SOURCE,MISSING_SOURCE,SOURCE-UNRESOLVED
AUX-PROV-3B4126CF091B,provider-logo,provider-logo::ACAN GROUP.png,PASS,PRESERVED_NATIVE_CANVAS,PASS,REVIEW,REVIEW,REVIEW
AUX-PROV-EE5436712BA5,provider-logo,provider-logo::ACANGROUP.png,PASS,PRESERVED_NATIVE_CANVAS,PASS,REVIEW,REVIEW,REVIEW
AUX-PROV-9460A95A14A8,provider-logo,provider-logo::ACBN.png,PASS,PRESERVED_NATIVE_CANVAS,PASS,AUTO-FIXED,REVIEW,REVIEW
AUX-PROV-C90D3D41F57A,provider-logo,provider-logo::ACISPORT_TV.png,MISSING_SOURCE,NOT_APPLICABLE,MISSING_SOURCE,MISSING_SOURCE,MISSING_SOURCE,SOURCE-UNRESOLVED
AUX-PROV-13387134A82E,provider-logo,provider-logo::ADN ITALIA.png,PASS,PRESERVED_NATIVE_CANVAS,PASS,REVIEW,REVIEW,REVIEW
AUX-PROV-DA0EA30B87B2,provider-logo,provider-logo::ADTEC DIGITAL.png,PASS,PRESERVED_NATIVE_CANVAS,PASS,REVIEW,REVIEW,REVIEW
AUX-PROV-DA9E4064678B,provider-logo,provider-logo::ADTV NETWORK.png,MISSING_SOURCE,NOT_APPLICABLE,MISSING_SOURCE,MISSING_SOURCE,MISSING_SOURCE,SOURCE-UNRESOLVED
AUX-PROV-F9C047674CDB,provider-logo,provider-logo::ADTV.png,PASS,PRESERVED_NATIVE_CANVAS,PASS,REVIEW,REVIEW,REVIEW
AUX-PROV-32AA4DE5EB01,provider-logo,provider-logo::AFRO MUSIC.png,PASS,PRESERVED_NATIVE_CANVAS,PASS,AUTO-FIXED,REVIEW,REVIEW
AUX-PROV-6E236A20892E,provider-logo,provider-logo::AH-EDP.png,MISSING_SOURCE,NOT_APPLICABLE,MISSING_SOURCE,MISSING_SOURCE,MISSING_SOURCE,SOURCE-UNRESOLVED
AUX-PROV-7EF00A77E0B3,provider-logo,provider-logo::AI BG.png,PASS,PRESERVED_NATIVE_CANVAS,PASS,REVIEW,REVIEW,REVIEW
AUX-PROV-C1047DD28BCC,provider-logo,provider-logo::AJMN.png,PASS,PRESERVED_NATIVE_CANVAS,PASS,REVIEW,REVIEW,REVIEW
AUX-PROV-4629C73D0343,provider-logo,provider-logo::AJV TV CAST.png,PASS,PRESERVED_NATIVE_CANVAS,PASS,REVIEW,REVIEW,REVIEW
AUX-PROV-FBD155737171,provider-logo,provider-logo::AJV-OTTCAST.png,PASS,PRESERVED_NATIVE_CANVAS,PASS,REVIEW,REVIEW,REVIEW
AUX-PROV-CA9B915CA2CB,provider-logo,provider-logo::AL ARABIYA.png,PASS,PRESERVED_NATIVE_CANVAS,PASS,REVIEW,AUTO-FIXED,REVIEW
AUX-PROV-C54B6B7B7E58,provider-logo,provider-logo::AL DAWRI AL KASS.png,PASS,PRESERVED_NATIVE_CANVAS,PASS,REVIEW,REVIEW,REVIEW
AUX-PROV-AC73EE5A22FC,provider-logo,provider-logo::AL DAWRI ALKASS.png,PASS,PRESERVED_NATIVE_CANVAS,PASS,REVIEW,REVIEW,REVIEW
AUX-PROV-B818F7C16D29,provider-logo,provider-logo::AL JAZEERA BALKANS.png,MISSING_SOURCE,NOT_APPLICABLE,MISSING_SOURCE,MISSING_SOURCE,MISSING_SOURCE,SOURCE-UNRESOLVED
AUX-PROV-D0DC7C631F00,provider-logo,provider-logo::AL JAZEERA CHILDREN.png,MISSING_SOURCE,NOT_APPLICABLE,MISSING_SOURCE,MISSING_SOURCE,MISSING_SOURCE,SOURCE-UNRESOLVED
AUX-PROV-F77057DC985B,provider-logo,provider-logo::AL JAZEERA.png,PASS,PRESERVED_NATIVE_CANVAS,PASS,AUTO-FIXED,REVIEW,REVIEW
AUX-PROV-CEE81FDC8B61,provider-logo,provider-logo::AL M.png,PASS,PRESERVED_NATIVE_CANVAS,PASS,REVIEW,REVIEW,REVIEW
AUX-PROV-432B09F59964,provider-logo,provider-logo::AL MAJD.png,PASS,PRESERVED_NATIVE_CANVAS,PASS,REVIEW,REVIEW,REVIEW
AUX-PROV-01D28BF15CE4,provider-logo,provider-logo::AL MANAR.png,PASS,PRESERVED_NATIVE_CANVAS,PASS,REVIEW,REVIEW,REVIEW
AUX-PROV-239369A5FEA7,provider-logo,provider-logo::AL-FORAT HD1.png,PASS,PRESERVED_NATIVE_CANVAS,PASS,AUTO-FIXED,REVIEW,REVIEW
AUX-PROV-0BBED53EE07D,provider-logo,provider-logo::ALBSAT.png,PASS,PRESERVED_NATIVE_CANVAS,PASS,REVIEW,REVIEW,REVIEW
AUX-PROV-41646D8B1172,provider-logo,provider-logo::ALCAD.png,PASS,PRESERVED_NATIVE_CANVAS,PASS,REVIEW,REVIEW,REVIEW
AUX-PROV-4FECFB4205D4,provider-logo,provider-logo::ALDAWRI ALKASS.png,PASS,PRESERVED_NATIVE_CANVAS,PASS,REVIEW,REVIEW,REVIEW
AUX-PROV-EBBC54EF9E0F,provider-logo,provider-logo::ALDEWAN.png,PASS,PRESERVED_NATIVE_CANVAS,PASS,REVIEW,REVIEW,REVIEW
AUX-PROV-67D7D3B0CE54,provider-logo,provider-logo::ALERT SYSTEM TV.png,PASS,PRESERVED_NATIVE_CANVAS,PASS,REVIEW,REVIEW,REVIEW
AUX-PROV-AAA9F84E1BD3,provider-logo,provider-logo::ALEVI MEDYA GRUBU.png,PASS,PRESERVED_NATIVE_CANVAS,PASS,REVIEW,REVIEW,REVIEW
AUX-PROV-0B1E5DF605AE,provider-logo,provider-logo::ALKAFEEL.png,PASS,PRESERVED_NATIVE_CANVAS,PASS,REVIEW,REVIEW,REVIEW
AUX-PROV-605AF4561EA4,provider-logo,provider-logo::ALKASS SPORTS CHANNELS.png,PASS,PRESERVED_NATIVE_CANVAS,PASS,REVIEW,AUTO-FIXED,REVIEW
AUX-PROV-35827F052F8A,provider-logo,provider-logo::ALLENTE DENMARK.png,MISSING_SOURCE,NOT_APPLICABLE,MISSING_SOURCE,MISSING_SOURCE,MISSING_SOURCE,SOURCE-UNRESOLVED
AUX-PROV-7C09AFC74445,provider-logo,provider-logo::ALLENTE FINLAND.png,MISSING_SOURCE,NOT_APPLICABLE,MISSING_SOURCE,MISSING_SOURCE,MISSING_SOURCE,SOURCE-UNRESOLVED
AUX-PROV-D8A8EDCE9B00,provider-logo,provider-logo::ALLENTE NORWAY.png,MISSING_SOURCE,NOT_APPLICABLE,MISSING_SOURCE,MISSING_SOURCE,MISSING_SOURCE,SOURCE-UNRESOLVED
AUX-PROV-DAA449608A51,provider-logo,provider-logo::ALLENTE SWEDEN.png,MISSING_SOURCE,NOT_APPLICABLE,MISSING_SOURCE,MISSING_SOURCE,MISSING_SOURCE,SOURCE-UNRESOLVED
AUX-PROV-6DFA70A7CDFB,provider-logo,provider-logo::ALMAJD.png,PASS,PRESERVED_NATIVE_CANVAS,PASS,REVIEW,REVIEW,REVIEW
AUX-PROV-111749A54CBE,provider-logo,provider-logo::ALMASAR.png,PASS,PRESERVED_NATIVE_CANVAS,PASS,AUTO-FIXED,AUTO-FIXED,AUTO-FIXED
AUX-PROV-9FA975AD0140,provider-logo,provider-logo::ALMASIRAH.png,PASS,PRESERVED_NATIVE_CANVAS,PASS,REVIEW,REVIEW,REVIEW
AUX-PROV-02D881777B12,provider-logo,provider-logo::ALSIRAT.png,PASS,PRESERVED_NATIVE_CANVAS,PASS,AUTO-FIXED,REVIEW,REVIEW
AUX-PROV-68337A6233E9,provider-logo,provider-logo::ALSUMARIA TV.png,PASS,PRESERVED_NATIVE_CANVAS,PASS,REVIEW,REVIEW,REVIEW
AUX-PROV-2564D3FFA901,provider-logo,provider-logo::AMAGI.png,PASS,PRESERVED_NATIVE_CANVAS,PASS,REVIEW,REVIEW,REVIEW
AUX-PROV-9974A054AB03,provider-logo,provider-logo::AMAZING TV.png,MISSING_SOURCE,NOT_APPLICABLE,MISSING_SOURCE,MISSING_SOURCE,MISSING_SOURCE,SOURCE-UNRESOLVED
AUX-PROV-F265520C234F,provider-logo,provider-logo::AMB.png,PASS,PRESERVED_NATIVE_CANVAS,PASS,AUTO-FIXED,REVIEW,REVIEW
AUX-PROV-1D541CDA6F09,provider-logo,provider-logo::AMC BREAK.png,PASS,PRESERVED_NATIVE_CANVAS,PASS,AUTO-FIXED,REVIEW,REVIEW
AUX-PROV-C47DD131BF1C,provider-logo,provider-logo::AMC HD.png,PASS,PRESERVED_NATIVE_CANVAS,PASS,REVIEW,REVIEW,REVIEW
AUX-PROV-022A464DF713,provider-logo,provider-logo::AMC.png,PASS,PRESERVED_NATIVE_CANVAS,PASS,REVIEW,REVIEW,REVIEW
AUX-PROV-8E888676CCCE,provider-logo,provider-logo::AMCN-IBERIA.png,PASS,PRESERVED_NATIVE_CANVAS,PASS,REVIEW,REVIEW,REVIEW
AUX-PROV-DC52EFC6579F,provider-logo,provider-logo::AMERICAN FORCE NETWORK.png,MISSING_SOURCE,NOT_APPLICABLE,MISSING_SOURCE,MISSING_SOURCE,MISSING_SOURCE,SOURCE-UNRESOLVED
AUX-PROV-6EA9E652FFD5,provider-logo,provider-logo::ANTENA 1.png,PASS,PRESERVED_NATIVE_CANVAS,PASS,REVIEW,REVIEW,REVIEW
AUX-PROV-0FDCA9A734EF,provider-logo,provider-logo::ANTENA 2.png,PASS,PRESERVED_NATIVE_CANVAS,PASS,REVIEW,REVIEW,REVIEW
AUX-PROV-5CEA1031081D,provider-logo,provider-logo::ANTENA 3.png,PASS,PRESERVED_NATIVE_CANVAS,PASS,REVIEW,REVIEW,REVIEW
AUX-PROV-C863D7E6624D,provider-logo,provider-logo::ANTENA GROUP.png,PASS,PRESERVED_NATIVE_CANVAS,PASS,REVIEW,REVIEW,REVIEW
AUX-PROV-3DA526C2B5C7,provider-logo,provider-logo::ANTENNA HUNGARIA  GLOBECAST.png,PASS,PRESERVED_NATIVE_CANVAS,PASS,REVIEW,REVIEW,REVIEW
AUX-PROV-99ED849E1464,provider-logo,provider-logo::ANTENNA HUNGARIA.png,PASS,PRESERVED_NATIVE_CANVAS,PASS,REVIEW,REVIEW,REVIEW
AUX-PROV-6B8D5998CF0D,provider-logo,provider-logo::ANTIK TV.png,MISSING_SOURCE,NOT_APPLICABLE,MISSING_SOURCE,MISSING_SOURCE,MISSING_SOURCE,SOURCE-UNRESOLVED
AUX-PROV-A3245FD1E4E7,provider-logo,provider-logo::ANTIK.png,PASS,PRESERVED_NATIVE_CANVAS,PASS,REVIEW,REVIEW,REVIEW
AUX-PROV-C37270F54112,provider-logo,provider-logo::ANTIKSAT.png,MISSING_SOURCE,NOT_APPLICABLE,MISSING_SOURCE,MISSING_SOURCE,MISSING_SOURCE,SOURCE-UNRESOLVED
AUX-PROV-13EA987BEA1B,provider-logo,provider-logo::ARABSAT LEBANON.png,MISSING_SOURCE,NOT_APPLICABLE,MISSING_SOURCE,MISSING_SOURCE,MISSING_SOURCE,SOURCE-UNRESOLVED
AUX-PROV-94BF7054C33F,provider-logo,provider-logo::ARABSAT.png,PASS,PRESERVED_NATIVE_CANVAS,PASS,REVIEW,REVIEW,REVIEW
AUX-PROV-840C70A8DC3E,provider-logo,provider-logo::ARD BR.png,PASS,PRESERVED_NATIVE_CANVAS,PASS,AUTO-FIXED,AUTO-FIXED,AUTO-FIXED
AUX-PROV-52FCF10324A9,provider-logo,provider-logo::ARD HR.png,PASS,PRESERVED_NATIVE_CANVAS,PASS,AUTO-FIXED,AUTO-FIXED,AUTO-FIXED
AUX-PROV-76A3446FA22B,provider-logo,provider-logo::ARD MDR.png,PASS,PRESERVED_NATIVE_CANVAS,PASS,AUTO-FIXED,AUTO-FIXED,AUTO-FIXED
AUX-PROV-B16916AA2D53,provider-logo,provider-logo::ARD NDR.png,PASS,PRESERVED_NATIVE_CANVAS,PASS,AUTO-FIXED,AUTO-FIXED,AUTO-FIXED
AUX-PROV-7FDF7D5AD0EF,provider-logo,provider-logo::ARD RB.png,PASS,PRESERVED_NATIVE_CANVAS,PASS,AUTO-FIXED,AUTO-FIXED,AUTO-FIXED
AUX-PROV-9A42E6FC7B3F,provider-logo,provider-logo::ARD RBB.png,PASS,PRESERVED_NATIVE_CANVAS,PASS,AUTO-FIXED,AUTO-FIXED,AUTO-FIXED
AUX-PROV-750E52A0F428,provider-logo,provider-logo::ARD SR.png,PASS,PRESERVED_NATIVE_CANVAS,PASS,AUTO-FIXED,AUTO-FIXED,AUTO-FIXED
AUX-PROV-A9C53708C9E0,provider-logo,provider-logo::ARD SWR.png,PASS,PRESERVED_NATIVE_CANVAS,PASS,AUTO-FIXED,AUTO-FIXED,AUTO-FIXED
AUX-PROV-A25A3ABBC823,provider-logo,provider-logo::ARD WDR.png,PASS,PRESERVED_NATIVE_CANVAS,PASS,AUTO-FIXED,AUTO-FIXED,AUTO-FIXED
AUX-PROV-9500F70B1285,provider-logo,provider-logo::ARD.png,PASS,PRESERVED_NATIVE_CANVAS,PASS,AUTO-FIXED,AUTO-FIXED,AUTO-FIXED
AUX-PROV-788A2F2ED57D,provider-logo,provider-logo::ARGIVA.png,MISSING_SOURCE,NOT_APPLICABLE,MISSING_SOURCE,MISSING_SOURCE,MISSING_SOURCE,SOURCE-UNRESOLVED
AUX-PROV-45A762DD2112,provider-logo,provider-logo::ARQIVA FRANCE.png,MISSING_SOURCE,NOT_APPLICABLE,MISSING_SOURCE,MISSING_SOURCE,MISSING_SOURCE,SOURCE-UNRESOLVED
AUX-PROV-DC0ABAE8D58A,provider-logo,provider-logo::ARQIVA LTD.png,PASS,PRESERVED_NATIVE_CANVAS,PASS,REVIEW,REVIEW,REVIEW
AUX-PROV-E30F18326FFD,provider-logo,provider-logo::ARQIVA.png,PASS,PRESERVED_NATIVE_CANVAS,PASS,REVIEW,REVIEW,REVIEW
AUX-PROV-FA44BB053DBE,provider-logo,provider-logo::ART.png,PASS,PRESERVED_NATIVE_CANVAS,PASS,AUTO-FIXED,AUTO-FIXED,AUTO-FIXED
AUX-PROV-244771716955,provider-logo,provider-logo::ARTV.png,PASS,PRESERVED_NATIVE_CANVAS,PASS,AUTO-FIXED,AUTO-FIXED,AUTO-FIXED
AUX-PROV-9018F85EC6F2,provider-logo,provider-logo::ASC.png,MISSING_SOURCE,NOT_APPLICABLE,MISSING_SOURCE,MISSING_SOURCE,MISSING_SOURCE,SOURCE-UNRESOLVED
AUX-PROV-927489E19A07,provider-logo,provider-logo::ASIA BROADCAST SATELLITE.png,MISSING_SOURCE,NOT_APPLICABLE,MISSING_SOURCE,MISSING_SOURCE,MISSING_SOURCE,SOURCE-UNRESOLVED
AUX-PROV-B3AE0D0CAE21,provider-logo,provider-logo::ASSOCIATED PRESS.png,PASS,PRESERVED_NATIVE_CANVAS,PASS,REVIEW,REVIEW,REVIEW
AUX-PROV-8A813AE707AE,provider-logo,provider-logo::ASSOCIAZIONE_DREAMER.png,MISSING_SOURCE,NOT_APPLICABLE,MISSING_SOURCE,MISSING_SOURCE,MISSING_SOURCE,SOURCE-UNRESOLVED
AUX-PROV-CA490197A243,provider-logo,provider-logo::ASTRA.png,PASS,PRESERVED_NATIVE_CANVAS,PASS,AUTO-FIXED,AUTO-FIXED,AUTO-FIXED
AUX-PROV-7DD237E5254B,provider-logo,provider-logo::ATV+.png,PASS,PRESERVED_NATIVE_CANVAS,PASS,REVIEW,REVIEW,REVIEW
AUX-PROV-C25E51ACEBA3,provider-logo,provider-logo::ATV.png,PASS,PRESERVED_NATIVE_CANVAS,PASS,REVIEW,REVIEW,REVIEW
AUX-PROV-6FDBDDA7EDDE,provider-logo,provider-logo::AUSTRIASAT MAGYARORSZAG.png,MISSING_SOURCE,NOT_APPLICABLE,MISSING_SOURCE,MISSING_SOURCE,MISSING_SOURCE,SOURCE-UNRESOLVED
AUX-PROV-B23AE4CD72B7,provider-logo,provider-logo::AUSTRIASAT MAGYARORSZG.png,MISSING_SOURCE,NOT_APPLICABLE,MISSING_SOURCE,MISSING_SOURCE,MISSING_SOURCE,SOURCE-UNRESOLVED
AUX-PROV-3F6C31B81685,provider-logo,provider-logo::AUSTRIASAT.png,MISSING_SOURCE,NOT_APPLICABLE,MISSING_SOURCE,MISSING_SOURCE,MISSING_SOURCE,SOURCE-UNRESOLVED
AUX-PROV-734718D04A40,provider-logo,provider-logo::AVERS.png,PASS,PRESERVED_NATIVE_CANVAS,PASS,REVIEW,REVIEW,REVIEW
AUX-PROV-2D9FBA3A9614,provider-logo,provider-logo::AXN MOVIES HD.png,PASS,PRESERVED_NATIVE_CANVAS,PASS,REVIEW,AUTO-FIXED,REVIEW
AUX-PROV-7F735D3ACE5F,provider-logo,provider-logo::AXN WHITE HD.png,PASS,PRESERVED_NATIVE_CANVAS,PASS,AUTO-FIXED,REVIEW,REVIEW
AUX-PROV-90C8C544AB57,provider-logo,provider-logo::AXN.png,PASS,PRESERVED_NATIVE_CANVAS,PASS,REVIEW,AUTO-FIXED,REVIEW
AUX-PROV-1B517121DD69,provider-logo,provider-logo::B PLUS TV A.S..png,PASS,PRESERVED_NATIVE_CANVAS,PASS,AUTO-FIXED,AUTO-FIXED,AUTO-FIXED
AUX-PROV-853AC6395071,provider-logo,provider-logo::BABY TV.png,PASS,PRESERVED_NATIVE_CANVAS,PASS,AUTO-FIXED,REVIEW,REVIEW
AUX-PROV-9DEDD1D39B1C,provider-logo,provider-logo::BAHRAIN TV.png,PASS,PRESERVED_NATIVE_CANVAS,PASS,REVIEW,REVIEW,REVIEW
AUX-PROV-4201E54572D4,provider-logo,provider-logo::BARNA.png,PASS,PRESERVED_NATIVE_CANVAS,PASS,AUTO-FIXED,AUTO-FIXED,AUTO-FIXED
AUX-PROV-8797C766B0BF,provider-logo,provider-logo::BARROWA.png,PASS,PRESERVED_NATIVE_CANVAS,PASS,REVIEW,REVIEW,REVIEW
AUX-PROV-08D6377CCCDC,provider-logo,provider-logo::BASIS 1.png,PASS,PRESERVED_NATIVE_CANVAS,PASS,REVIEW,REVIEW,REVIEW
AUX-PROV-D2292661935F,provider-logo,provider-logo::BASIS 2.png,PASS,PRESERVED_NATIVE_CANVAS,PASS,REVIEW,REVIEW,REVIEW
AUX-PROV-CC9D9607C22E,provider-logo,provider-logo::BASMEDIA.png,PASS,PRESERVED_NATIVE_CANVAS,PASS,REVIEW,REVIEW,REVIEW
AUX-PROV-73A7CB97433B,provider-logo,provider-logo::BAYYINATTV.png,PASS,PRESERVED_NATIVE_CANVAS,PASS,REVIEW,REVIEW,REVIEW
AUX-PROV-EE3FFB53236F,provider-logo,provider-logo::BBC WORLD SERVICE.png,PASS,PRESERVED_NATIVE_CANVAS,PASS,REVIEW,REVIEW,REVIEW
AUX-PROV-CC98165AB240,provider-logo,provider-logo::BBC WORLD.png,MISSING_SOURCE,NOT_APPLICABLE,MISSING_SOURCE,MISSING_SOURCE,MISSING_SOURCE,SOURCE-UNRESOLVED
AUX-PROV-2A66546E7CE0,provider-logo,provider-logo::BBC.png,PASS,PRESERVED_NATIVE_CANVAS,PASS,REVIEW,REVIEW,REVIEW
AUX-PROV-D41F81F3F95E,provider-logo,provider-logo::BCE.png,PASS,PRESERVED_NATIVE_CANVAS,PASS,AUTO-FIXED,REVIEW,REVIEW
AUX-PROV-A4792F0B6670,provider-logo,provider-logo::BEACOM.png,PASS,PRESERVED_NATIVE_CANVAS,PASS,AUTO-FIXED,AUTO-FIXED,AUTO-FIXED
AUX-PROV-52DFE51395C2,provider-logo,provider-logo::BEIN SPORTS.png,PASS,PRESERVED_NATIVE_CANVAS,PASS,AUTO-FIXED,AUTO-FIXED,AUTO-FIXED
AUX-PROV-BEE6D01DB7E1,provider-logo,provider-logo::BEIN.png,PASS,PRESERVED_NATIVE_CANVAS,PASS,AUTO-FIXED,AUTO-FIXED,AUTO-FIXED
AUX-PROV-E89A8A20FD42,provider-logo,provider-logo::BELINTERSAT.png,PASS,PRESERVED_NATIVE_CANVAS,PASS,REVIEW,REVIEW,REVIEW
AUX-PROV-E96A0E52E6DC,provider-logo,provider-logo::BENGHAZI TV.png,PASS,PRESERVED_NATIVE_CANVAS,PASS,AUTO-FIXED,REVIEW,REVIEW
AUX-PROV-A9A71ECA0DC4,provider-logo,provider-logo::BES.png,PASS,PRESERVED_NATIVE_CANVAS,PASS,REVIEW,REVIEW,REVIEW
AUX-PROV-1ECF8CF221C5,provider-logo,provider-logo::BETA DIGITAL.png,PASS,PRESERVED_NATIVE_CANVAS,PASS,AUTO-FIXED,AUTO-FIXED,AUTO-FIXED
AUX-PROV-F4AE514CE28E,provider-logo,provider-logo::BETADIGITAL.png,PASS,PRESERVED_NATIVE_CANVAS,PASS,AUTO-FIXED,AUTO-FIXED,AUTO-FIXED
AUX-PROV-803FF6EFF6C1,provider-logo,provider-logo::BFBS.png,PASS,PRESERVED_NATIVE_CANVAS,PASS,REVIEW,REVIEW,REVIEW
AUX-PROV-B07B205C13DB,provider-logo,provider-logo::BHS TELECOM.png,PASS,PRESERVED_NATIVE_CANVAS,PASS,REVIEW,REVIEW,REVIEW
AUX-PROV-0E92C3087227,provider-logo,provider-logo::BIG-BANG.TV.png,PASS,PRESERVED_NATIVE_CANVAS,PASS,AUTO-FIXED,REVIEW,REVIEW
AUX-PROV-EBCEEA4A2773,provider-logo,provider-logo::BLACKSEATV.png,PASS,PRESERVED_NATIVE_CANVAS,PASS,REVIEW,REVIEW,REVIEW
AUX-PROV-E5E53043F7AA,provider-logo,provider-logo::BLAZE.png,PASS,PRESERVED_NATIVE_CANVAS,PASS,REVIEW,REVIEW,REVIEW
AUX-PROV-E417871B0BE9,provider-logo,provider-logo::BLOOMBERG HT.png,PASS,PRESERVED_NATIVE_CANVAS,PASS,AUTO-FIXED,REVIEW,REVIEW
AUX-PROV-621309CB7AED,provider-logo,provider-logo::BLOOMBERG TV.png,PASS,PRESERVED_NATIVE_CANVAS,PASS,REVIEW,REVIEW,REVIEW
AUX-PROV-1C5B5A4EB62A,provider-logo,provider-logo::BLOOMBERG.png,PASS,PRESERVED_NATIVE_CANVAS,PASS,REVIEW,REVIEW,REVIEW
AUX-PROV-14E2B10502B7,provider-logo,provider-logo::BLOOMBERGHT HD.png,PASS,PRESERVED_NATIVE_CANVAS,PASS,REVIEW,REVIEW,REVIEW
AUX-PROV-5E0B9E6578D7,provider-logo,provider-logo::BMT.png,PASS,PRESERVED_NATIVE_CANVAS,PASS,AUTO-FIXED,AUTO-FIXED,AUTO-FIXED
AUX-PROV-E08344AB34D6,provider-logo,provider-logo::BOM.png,PASS,PRESERVED_NATIVE_CANVAS,PASS,AUTO-FIXED,AUTO-FIXED,AUTO-FIXED
AUX-PROV-2C6FA13EAE23,provider-logo,provider-logo::BP.png,PASS,PRESERVED_NATIVE_CANVAS,PASS,REVIEW,AUTO-FIXED,REVIEW
AUX-PROV-C3EC2B8003DA,provider-logo,provider-logo::BRT HD.png,PASS,PRESERVED_NATIVE_CANVAS,PASS,AUTO-FIXED,REVIEW,REVIEW
AUX-PROV-6B6A745F6098,provider-logo,provider-logo::BSKYB.png,PASS,PRESERVED_NATIVE_CANVAS,PASS,REVIEW,REVIEW,REVIEW
AUX-PROV-674427137482,provider-logo,provider-logo::BSS.png,MISSING_SOURCE,NOT_APPLICABLE,MISSING_SOURCE,MISSING_SOURCE,MISSING_SOURCE,SOURCE-UNRESOLVED
AUX-PROV-1B732B1665FF,provider-logo,provider-logo::BT MEDIA & BROADCAST.png,MISSING_SOURCE,NOT_APPLICABLE,MISSING_SOURCE,MISSING_SOURCE,MISSING_SOURCE,SOURCE-UNRESOLVED
AUX-PROV-DB29C024D947,provider-logo,provider-logo::BTB.png,PASS,PRESERVED_NATIVE_CANVAS,PASS,AUTO-FIXED,REVIEW,REVIEW
AUX-PROV-E29E490DE490,provider-logo,provider-logo::BULGARIA SAT.png,PASS,PRESERVED_NATIVE_CANVAS,PASS,REVIEW,REVIEW,REVIEW
AUX-PROV-86D8EB930E1C,provider-logo,provider-logo::BULGARIASAT.png,PASS,PRESERVED_NATIVE_CANVAS,PASS,REVIEW,REVIEW,REVIEW
AUX-PROV-3AAAD007C682,provider-logo,provider-logo::BULSATCOM.png,PASS,PRESERVED_NATIVE_CANVAS,PASS,REVIEW,REVIEW,REVIEW
AUX-PROV-1A0C4CD7F8BF,provider-logo,provider-logo::BULSAYCOM.png,PASS,PRESERVED_NATIVE_CANVAS,PASS,REVIEW,REVIEW,REVIEW
AUX-PROV-F6CADDCA021B,provider-logo,provider-logo::C0xCANAL+.png,PASS,PRESERVED_NATIVE_CANVAS,PASS,REVIEW,REVIEW,REVIEW
AUX-PROV-AEDBD74669A5,provider-logo,provider-logo::C3T.png,PASS,PRESERVED_NATIVE_CANVAS,PASS,REVIEW,REVIEW,REVIEW
AUX-PROV-FCA572DE3E4E,provider-logo,provider-logo::CABOVISAO.png,MISSING_SOURCE,NOT_APPLICABLE,MISSING_SOURCE,MISSING_SOURCE,MISSING_SOURCE,SOURCE-UNRESOLVED
AUX-PROV-9EE4D1E48438,provider-logo,provider-logo::CACOC.png,PASS,PRESERVED_NATIVE_CANVAS,PASS,AUTO-FIXED,REVIEW,REVIEW
AUX-PROV-2CAB71335DC5,provider-logo,provider-logo::CADENA 100.png,PASS,PRESERVED_NATIVE_CANVAS,PASS,REVIEW,REVIEW,REVIEW
AUX-PROV-1674EB20880D,provider-logo,provider-logo::CANAL +.png,PASS,PRESERVED_NATIVE_CANVAS,PASS,REVIEW,REVIEW,REVIEW
AUX-PROV-9291693FFA21,provider-logo,provider-logo::CANAL 11 HD.png,PASS,PRESERVED_NATIVE_CANVAS,PASS,REVIEW,REVIEW,REVIEW
AUX-PROV-BA099EE6EEA5,provider-logo,provider-logo::CANAL BBC ENTERTAINMENT.png,PASS,PRESERVED_NATIVE_CANVAS,PASS,REVIEW,REVIEW,REVIEW
AUX-PROV-28E9DF376E33,provider-logo,provider-logo::CANAL DE TESTES.png,PASS,PRESERVED_NATIVE_CANVAS,PASS,AUTO-FIXED,REVIEW,REVIEW
AUX-PROV-26424AD4D14D,provider-logo,provider-logo::CANAL DIGITAAL.png,MISSING_SOURCE,NOT_APPLICABLE,MISSING_SOURCE,MISSING_SOURCE,MISSING_SOURCE,SOURCE-UNRESOLVED
AUX-PROV-2A0F9E6835E9,provider-logo,provider-logo::CANAL DIGITAL DENMARK.png,MISSING_SOURCE,NOT_APPLICABLE,MISSING_SOURCE,MISSING_SOURCE,MISSING_SOURCE,SOURCE-UNRESOLVED
AUX-PROV-71043E5F1CD5,provider-logo,provider-logo::CANAL DIGITAL FINLAND.png,MISSING_SOURCE,NOT_APPLICABLE,MISSING_SOURCE,MISSING_SOURCE,MISSING_SOURCE,SOURCE-UNRESOLVED
AUX-PROV-DA7355BF91C4,provider-logo,provider-logo::CANAL DIGITAL NORWAY.png,MISSING_SOURCE,NOT_APPLICABLE,MISSING_SOURCE,MISSING_SOURCE,MISSING_SOURCE,SOURCE-UNRESOLVED
AUX-PROV-60879B4799FB,provider-logo,provider-logo::CANAL DIGITAL SWEDEN.png,MISSING_SOURCE,NOT_APPLICABLE,MISSING_SOURCE,MISSING_SOURCE,MISSING_SOURCE,SOURCE-UNRESOLVED
AUX-PROV-B0BBA785D961,provider-logo,provider-logo::CANAL E! ENTERTAINMENT.png,PASS,PRESERVED_NATIVE_CANVAS,PASS,AUTO-FIXED,AUTO-FIXED,AUTO-FIXED
AUX-PROV-5FAD500A58AD,provider-logo,provider-logo::CANAL ELEVEN SPORTS 1.png,PASS,PRESERVED_NATIVE_CANVAS,PASS,AUTO-FIXED,AUTO-FIXED,AUTO-FIXED
AUX-PROV-1F14C7F09677,provider-logo,provider-logo::CANAL ELEVEN SPORTS 2.png,PASS,PRESERVED_NATIVE_CANVAS,PASS,AUTO-FIXED,AUTO-FIXED,AUTO-FIXED
AUX-PROV-69167980C652,provider-logo,provider-logo::CANAL FOX COMEDY.png,PASS,PRESERVED_NATIVE_CANVAS,PASS,REVIEW,REVIEW,REVIEW
AUX-PROV-7E9F520A8456,provider-logo,provider-logo::CANAL FOX MOVIES.png,PASS,PRESERVED_NATIVE_CANVAS,PASS,REVIEW,AUTO-FIXED,REVIEW
AUX-PROV-948DCC018976,provider-logo,provider-logo::CANAL HISTRIA.png,PASS,PRESERVED_NATIVE_CANVAS,PASS,AUTO-FIXED,REVIEW,REVIEW
AUX-PROV-F3934DB745B2,provider-logo,provider-logo::CANAL NOS.png,PASS,PRESERVED_NATIVE_CANVAS,PASS,AUTO-FIXED,AUTO-FIXED,AUTO-FIXED
AUX-PROV-7040970BECA0,provider-logo,provider-logo::CANAL OFICIAL NOS ALIVE.png,PASS,PRESERVED_NATIVE_CANVAS,PASS,REVIEW,REVIEW,REVIEW
AUX-PROV-04881230C664,provider-logo,provider-logo::CANAL PLUS.png,PASS,PRESERVED_NATIVE_CANVAS,PASS,REVIEW,REVIEW,REVIEW
AUX-PROV-AB9A70BD7959,provider-logo,provider-logo::CANAL Q.png,PASS,PRESERVED_NATIVE_CANVAS,PASS,REVIEW,REVIEW,REVIEW
AUX-PROV-B21570A7F01F,provider-logo,provider-logo::CANAL RTP AORES.png,PASS,PRESERVED_NATIVE_CANVAS,PASS,AUTO-FIXED,AUTO-FIXED,AUTO-FIXED
AUX-PROV-E89A94267B2C,provider-logo,provider-logo::CANAL RTP MADEIRA.png,PASS,PRESERVED_NATIVE_CANVAS,PASS,AUTO-FIXED,AUTO-FIXED,AUTO-FIXED
AUX-PROV-85B848D13970,provider-logo,provider-logo::CANAL RTP MEMRIA.png,PASS,PRESERVED_NATIVE_CANVAS,PASS,AUTO-FIXED,AUTO-FIXED,AUTO-FIXED
AUX-PROV-E9F62A458BA7,provider-logo,provider-logo::CANAL TVSRIES HD.png,PASS,PRESERVED_NATIVE_CANVAS,PASS,AUTO-FIXED,AUTO-FIXED,AUTO-FIXED
AUX-PROV-A7FE2954F12D,provider-logo,provider-logo::CANAL+ FRANCE.png,MISSING_SOURCE,NOT_APPLICABLE,MISSING_SOURCE,MISSING_SOURCE,MISSING_SOURCE,SOURCE-UNRESOLVED
AUX-PROV-43DED4012DE4,provider-logo,provider-logo::CANAL+.png,PASS,PRESERVED_NATIVE_CANVAS,PASS,REVIEW,REVIEW,REVIEW
AUX-PROV-0327340063D0,provider-logo,provider-logo::CANALDIGITAAL.png,MISSING_SOURCE,NOT_APPLICABLE,MISSING_SOURCE,MISSING_SOURCE,MISSING_SOURCE,SOURCE-UNRESOLVED
AUX-PROV-616ACBABD05E,provider-logo,provider-logo::CANALE 10.png,PASS,PRESERVED_NATIVE_CANVAS,PASS,REVIEW,REVIEW,REVIEW
AUX-PROV-12FB66F446F2,provider-logo,provider-logo::CANALE 21.png,PASS,PRESERVED_NATIVE_CANVAS,PASS,REVIEW,REVIEW,REVIEW
AUX-PROV-782014FFD2BF,provider-logo,provider-logo::CANALE 58.png,PASS,PRESERVED_NATIVE_CANVAS,PASS,REVIEW,REVIEW,REVIEW
AUX-PROV-77F7CE344D08,provider-logo,provider-logo::CANALE 8.png,PASS,PRESERVED_NATIVE_CANVAS,PASS,AUTO-FIXED,REVIEW,REVIEW
AUX-PROV-6F5C5C7E4436,provider-logo,provider-logo::CANALE 9.png,PASS,PRESERVED_NATIVE_CANVAS,PASS,REVIEW,REVIEW,REVIEW
AUX-PROV-AF0FA4BDBE26,provider-logo,provider-logo::CANALE ITALIA.png,PASS,PRESERVED_NATIVE_CANVAS,PASS,REVIEW,REVIEW,REVIEW
AUX-PROV-E8134EC021D2,provider-logo,provider-logo::CANALPLUS.png,PASS,PRESERVED_NATIVE_CANVAS,PASS,REVIEW,REVIEW,REVIEW
AUX-PROV-1CA654959954,provider-logo,provider-logo::CANALSAT FRANCE.png,MISSING_SOURCE,NOT_APPLICABLE,MISSING_SOURCE,MISSING_SOURCE,MISSING_SOURCE,SOURCE-UNRESOLVED
AUX-PROV-EB1927B91045,provider-logo,provider-logo::CANALSATELLITE.png,MISSING_SOURCE,NOT_APPLICABLE,MISSING_SOURCE,MISSING_SOURCE,MISSING_SOURCE,SOURCE-UNRESOLVED
AUX-PROV-989FF9205ECF,provider-logo,provider-logo::CANCAO NOVA.png,PASS,PRESERVED_NATIVE_CANVAS,PASS,AUTO-FIXED,AUTO-FIXED,AUTO-FIXED
AUX-PROV-6DD215A9DE68,provider-logo,provider-logo::CANO NOVA.png,PASS,PRESERVED_NATIVE_CANVAS,PASS,AUTO-FIXED,AUTO-FIXED,AUTO-FIXED
AUX-PROV-1276EFB532E3,provider-logo,provider-logo::CAPRI.png,PASS,PRESERVED_NATIVE_CANVAS,PASS,REVIEW,REVIEW,REVIEW
AUX-PROV-EFE73628B821,provider-logo,provider-logo::CARTOON NETWORK.png,PASS,PRESERVED_NATIVE_CANVAS,PASS,REVIEW,REVIEW,REVIEW
AUX-PROV-6509D99CF9E0,provider-logo,provider-logo::CARTV.png,PASS,PRESERVED_NATIVE_CANVAS,PASS,REVIEW,REVIEW,REVIEW
AUX-PROV-07D47AEE3C2D,provider-logo,provider-logo::CASA E COZINHA HD.png,PASS,PRESERVED_NATIVE_CANVAS,PASS,REVIEW,REVIEW,REVIEW
AUX-PROV-00F85D7480FF,provider-logo,provider-logo::CASTOR BROADCAST.png,PASS,PRESERVED_NATIVE_CANVAS,PASS,REVIEW,AUTO-FIXED,REVIEW
AUX-PROV-30D41E062FD5,provider-logo,provider-logo::CASTORNETWORKS.png,PASS,PRESERVED_NATIVE_CANVAS,PASS,REVIEW,REVIEW,REVIEW
AUX-PROV-3C68F6E9E8CD,provider-logo,provider-logo::CATALANTV.png,PASS,PRESERVED_NATIVE_CANVAS,PASS,REVIEW,REVIEW,REVIEW
AUX-PROV-3F92325B4146,provider-logo,provider-logo::CAZPES.png,PASS,PRESERVED_NATIVE_CANVAS,PASS,REVIEW,REVIEW,REVIEW
AUX-PROV-E73104044846,provider-logo,provider-logo::CBC.png,PASS,PRESERVED_NATIVE_CANVAS,PASS,AUTO-FIXED,AUTO-FIXED,AUTO-FIXED
AUX-PROV-B85840BBCA81,provider-logo,provider-logo::CCTV.png,PASS,PRESERVED_NATIVE_CANVAS,PASS,AUTO-FIXED,AUTO-FIXED,AUTO-FIXED
AUX-PROV-78C5D26E57DE,provider-logo,provider-logo::CDG.png,PASS,PRESERVED_NATIVE_CANVAS,PASS,AUTO-FIXED,REVIEW,REVIEW
AUX-PROV-0A5B396E6B74,provider-logo,provider-logo::CESKA TELEVIZE.png,PASS,PRESERVED_NATIVE_CANVAS,PASS,REVIEW,AUTO-FIXED,REVIEW
AUX-PROV-7BF0BDBB23FC,provider-logo,provider-logo::CESKE RADIOKOMUNIKACE S.R.O..png,PASS,PRESERVED_NATIVE_CANVAS,PASS,AUTO-FIXED,REVIEW,REVIEW
AUX-PROV-FA1545B9D2F0,provider-logo,provider-logo::CESKE RADIOKOMUNIKACE.png,PASS,PRESERVED_NATIVE_CANVAS,PASS,AUTO-FIXED,REVIEW,REVIEW
AUX-PROV-0F48B4F37A8F,provider-logo,provider-logo::CESKY ROZHLAS.png,PASS,PRESERVED_NATIVE_CANVAS,PASS,REVIEW,REVIEW,REVIEW
AUX-PROV-9E85CD4EBBEC,provider-logo,provider-logo::CGTN.png,PASS,PRESERVED_NATIVE_CANVAS,PASS,REVIEW,REVIEW,REVIEW
AUX-PROV-34C8BD9E8773,provider-logo,provider-logo::CHAFR.png,PASS,PRESERVED_NATIVE_CANVAS,PASS,REVIEW,REVIEW,REVIEW
AUX-PROV-EA8676605860,provider-logo,provider-logo::CHANNEL 4 BROADCASTING.png,PASS,PRESERVED_NATIVE_CANVAS,PASS,AUTO-FIXED,AUTO-FIXED,AUTO-FIXED
AUX-PROV-327BA3B2DC59,provider-logo,provider-logo::CHANNEL 4.png,PASS,PRESERVED_NATIVE_CANVAS,PASS,AUTO-FIXED,AUTO-FIXED,AUTO-FIXED
AUX-PROV-CD65EDA5F569,provider-logo,provider-logo::CHANNEL 5 BROADCASTING LTD.png,PASS,PRESERVED_NATIVE_CANVAS,PASS,REVIEW,REVIEW,REVIEW
AUX-PROV-E6906F641227,provider-logo,provider-logo::CHANNEL 5 UKRAINE.png,PASS,PRESERVED_NATIVE_CANVAS,PASS,REVIEW,REVIEW,REVIEW
AUX-PROV-7C1FA4915647,provider-logo,provider-logo::CIDADE FM.png,PASS,PRESERVED_NATIVE_CANVAS,PASS,AUTO-FIXED,AUTO-FIXED,AUTO-FIXED
AUX-PROV-D88BBA47C74B,provider-logo,provider-logo::CINER MEDYA.png,PASS,PRESERVED_NATIVE_CANVAS,PASS,REVIEW,REVIEW,REVIEW
AUX-PROV-D52AAB153E46,provider-logo,provider-logo::CL13.png,PASS,PRESERVED_NATIVE_CANVAS,PASS,REVIEW,REVIEW,REVIEW
AUX-PROV-047A4E39EBE2,provider-logo,provider-logo::CMA30.png,PASS,PRESERVED_NATIVE_CANVAS,PASS,REVIEW,REVIEW,REVIEW
AUX-PROV-61DE45070B9C,provider-logo,provider-logo::CMT.png,PASS,PRESERVED_NATIVE_CANVAS,PASS,REVIEW,REVIEW,REVIEW
AUX-PROV-2538939AE191,provider-logo,provider-logo::CMTV.png,PASS,PRESERVED_NATIVE_CANVAS,PASS,REVIEW,AUTO-FIXED,REVIEW
AUX-PROV-2DF00AE2FDEC,provider-logo,provider-logo::CNBC.png,PASS,PRESERVED_NATIVE_CANVAS,PASS,AUTO-FIXED,REVIEW,REVIEW
AUX-PROV-ADB0DB2C889B,provider-logo,provider-logo::CNH.png,PASS,PRESERVED_NATIVE_CANVAS,PASS,REVIEW,REVIEW,REVIEW
AUX-PROV-D6203D0C9E97,provider-logo,provider-logo::CNN PORTUGAL.png,SOURCE-REVIEW,PRESERVED_NATIVE_CANVAS,REVIEW,HOLD,HOLD,REVIEW
AUX-PROV-76CABB89BE5A,provider-logo,provider-logo::CONNECTO.png,PASS,PRESERVED_NATIVE_CANVAS,PASS,REVIEW,REVIEW,REVIEW
AUX-PROV-796F00339E49,provider-logo,provider-logo::CONNECTO.TV.png,PASS,PRESERVED_NATIVE_CANVAS,PASS,REVIEW,REVIEW,REVIEW
AUX-PROV-CC5D0A402AE1,provider-logo,provider-logo::CONTACTANOS.png,PASS,PRESERVED_NATIVE_CANVAS,PASS,REVIEW,REVIEW,REVIEW
AUX-PROV-5019D1653C0A,provider-logo,provider-logo::COPE SAT 2.png,PASS,PRESERVED_NATIVE_CANVAS,PASS,REVIEW,REVIEW,REVIEW
AUX-PROV-2254F3BB78B7,provider-logo,provider-logo::COPE.png,PASS,PRESERVED_NATIVE_CANVAS,PASS,REVIEW,REVIEW,REVIEW
AUX-PROV-81AF8A481A97,provider-logo,provider-logo::COSMO.png,PASS,PRESERVED_NATIVE_CANVAS,PASS,REVIEW,REVIEW,REVIEW
AUX-PROV-0FB17D52871E,provider-logo,provider-logo::COSMONOVA LLC.png,PASS,PRESERVED_NATIVE_CANVAS,PASS,AUTO-FIXED,AUTO-FIXED,AUTO-FIXED
AUX-PROV-78E5433697F2,provider-logo,provider-logo::COSMOTE TV.png,MISSING_SOURCE,NOT_APPLICABLE,MISSING_SOURCE,MISSING_SOURCE,MISSING_SOURCE,SOURCE-UNRESOLVED
AUX-PROV-6331AE9883F6,provider-logo,provider-logo::CREACAST.png,PASS,PRESERVED_NATIVE_CANVAS,PASS,REVIEW,REVIEW,REVIEW
AUX-PROV-CA56070A7454,provider-logo,provider-logo::CRRT.png,PASS,PRESERVED_NATIVE_CANVAS,PASS,AUTO-FIXED,AUTO-FIXED,AUTO-FIXED
AUX-PROV-2410EA832C07,provider-logo,provider-logo::CSAT.png,PASS,PRESERVED_NATIVE_CANVAS,PASS,REVIEW,REVIEW,REVIEW
AUX-PROV-A0001F24109A,provider-logo,provider-logo::CYFROWY POLSAT S. A..png,PASS,PRESERVED_NATIVE_CANVAS,PASS,AUTO-FIXED,REVIEW,REVIEW
AUX-PROV-1408666F4463,provider-logo,provider-logo::CYFROWY POLSAT S.A..png,PASS,PRESERVED_NATIVE_CANVAS,PASS,REVIEW,REVIEW,REVIEW
AUX-PROV-2742BEA92801,provider-logo,provider-logo::CYFROWY POLSAT S.A.png,PASS,PRESERVED_NATIVE_CANVAS,PASS,REVIEW,REVIEW,REVIEW
AUX-PROV-EB9EC9CAFC66,provider-logo,provider-logo::CYFROWY POLSAT SA.png,PASS,PRESERVED_NATIVE_CANVAS,PASS,REVIEW,REVIEW,REVIEW
AUX-PROV-0663DC4DC890,provider-logo,provider-logo::CYFROWY POLSAT.png,PASS,PRESERVED_NATIVE_CANVAS,PASS,REVIEW,REVIEW,REVIEW
AUX-PROV-692777D64F85,provider-logo,provider-logo::D-SMART.png,MISSING_SOURCE,NOT_APPLICABLE,MISSING_SOURCE,MISSING_SOURCE,MISSING_SOURCE,SOURCE-UNRESOLVED
AUX-PROV-8B7446C68374,provider-logo,provider-logo::DALKOM SOMALIA.png,PASS,PRESERVED_NATIVE_CANVAS,PASS,REVIEW,REVIEW,REVIEW
AUX-PROV-6E7CF45740DE,provider-logo,provider-logo::DALSAT GLOBAL.png,PASS,PRESERVED_NATIVE_CANVAS,PASS,REVIEW,REVIEW,REVIEW
AUX-PROV-19DC9B333E27,provider-logo,provider-logo::DASTO SEMTEL.png,PASS,PRESERVED_NATIVE_CANVAS,PASS,REVIEW,REVIEW,REVIEW
AUX-PROV-EB9D74DEF1BA,provider-logo,"provider-logo::DB, MUX 4.png",PASS,PRESERVED_NATIVE_CANVAS,PASS,AUTO-FIXED,AUTO-FIXED,AUTO-FIXED
AUX-PROV-EB5CCD1D7761,provider-logo,"provider-logo::DB, PPRECHOD. MUX 13.png",PASS,PRESERVED_NATIVE_CANVAS,PASS,AUTO-FIXED,AUTO-FIXED,AUTO-FIXED
AUX-PROV-FE8859DCE515,provider-logo,provider-logo::DB.png,PASS,PRESERVED_NATIVE_CANVAS,PASS,AUTO-FIXED,AUTO-FIXED,AUTO-FIXED
AUX-PROV-48A71A4F5F49,provider-logo,provider-logo::DBS.png,PASS,PRESERVED_NATIVE_CANVAS,PASS,REVIEW,REVIEW,REVIEW
AUX-PROV-C7B0C76DF17D,provider-logo,provider-logo::DCH.png,PASS,PRESERVED_NATIVE_CANVAS,PASS,REVIEW,REVIEW,REVIEW
AUX-PROV-CED2400AE3A2,provider-logo,provider-logo::DEMIROREN MEDYA.png,PASS,PRESERVED_NATIVE_CANVAS,PASS,REVIEW,REVIEW,REVIEW
AUX-PROV-9D0AB684C0FF,provider-logo,provider-logo::DEUTSCHE WELLE.png,PASS,PRESERVED_NATIVE_CANVAS,PASS,REVIEW,REVIEW,REVIEW
AUX-PROV-29759BBEE5B0,provider-logo,provider-logo::DGB2.png,PASS,PRESERVED_NATIVE_CANVAS,PASS,AUTO-FIXED,REVIEW,REVIEW
AUX-PROV-D3765E15DFC4,provider-logo,provider-logo::DGB3.png,MISSING_SOURCE,NOT_APPLICABLE,MISSING_SOURCE,MISSING_SOURCE,MISSING_SOURCE,SOURCE-UNRESOLVED
AUX-PROV-31B39B71EFE1,provider-logo,provider-logo::DIGEA GREECE.png,MISSING_SOURCE,NOT_APPLICABLE,MISSING_SOURCE,MISSING_SOURCE,MISSING_SOURCE,SOURCE-UNRESOLVED
AUX-PROV-177977C53D36,provider-logo,provider-logo::DIGEA.png,PASS,PRESERVED_NATIVE_CANVAS,PASS,REVIEW,REVIEW,REVIEW
AUX-PROV-7280234B28C5,provider-logo,provider-logo::DIGI TV.png,MISSING_SOURCE,NOT_APPLICABLE,MISSING_SOURCE,MISSING_SOURCE,MISSING_SOURCE,SOURCE-UNRESOLVED
AUX-PROV-9F0F544D19D5,provider-logo,provider-logo::DIGI.png,PASS,PRESERVED_NATIVE_CANVAS,PASS,REVIEW,REVIEW,REVIEW
AUX-PROV-B6A05E35EFD3,provider-logo,provider-logo::DIGIT ALB.png,MISSING_SOURCE,NOT_APPLICABLE,MISSING_SOURCE,MISSING_SOURCE,MISSING_SOURCE,SOURCE-UNRESOLVED
AUX-PROV-4C34150BD4ED,provider-logo,provider-logo::DIGITAL +.png,PASS,PRESERVED_NATIVE_CANVAS,PASS,REVIEW,REVIEW,REVIEW
AUX-PROV-6210FFD1EC71,provider-logo,provider-logo::DIGITAL BROADCASTING S.R.O..png,PASS,PRESERVED_NATIVE_CANVAS,PASS,AUTO-FIXED,AUTO-FIXED,AUTO-FIXED
AUX-PROV-905DEA1F3C8E,provider-logo,provider-logo::DIGITAL FREE.png,MISSING_SOURCE,NOT_APPLICABLE,MISSING_SOURCE,MISSING_SOURCE,MISSING_SOURCE,SOURCE-UNRESOLVED
AUX-PROV-716344D40096,provider-logo,provider-logo::DIGITAL PLATFORM.png,PASS,PRESERVED_NATIVE_CANVAS,PASS,REVIEW,REVIEW,REVIEW
AUX-PROV-62038CE4C56A,provider-logo,provider-logo::DIGITAL PLUS.png,SOURCE-REVIEW,PRESERVED_NATIVE_CANVAS,REVIEW,HOLD,HOLD,REVIEW
AUX-PROV-EE0800AD25D2,provider-logo,provider-logo::DIGITAL+.png,PASS,PRESERVED_NATIVE_CANVAS,PASS,REVIEW,REVIEW,REVIEW
AUX-PROV-128F02ECF964,provider-logo,provider-logo::DIGITALB.png,PASS,PRESERVED_NATIVE_CANVAS,PASS,REVIEW,REVIEW,REVIEW
AUX-PROV-31237D774E83,provider-logo,provider-logo::DIGITALE TERRESTRE.png,MISSING_SOURCE,NOT_APPLICABLE,MISSING_SOURCE,MISSING_SOURCE,MISSING_SOURCE,SOURCE-UNRESOLVED
AUX-PROV-E29CF39D9973,provider-logo,provider-logo::DIGITALPLUS.png,SOURCE-REVIEW,PRESERVED_NATIVE_CANVAS,REVIEW,HOLD,HOLD,REVIEW
AUX-PROV-BC9D0A283702,provider-logo,provider-logo::DIGITRK.png,MISSING_SOURCE,NOT_APPLICABLE,MISSING_SOURCE,MISSING_SOURCE,MISSING_SOURCE,SOURCE-UNRESOLVED
AUX-PROV-132AC1445211,provider-logo,provider-logo::DIGITURK.png,MISSING_SOURCE,NOT_APPLICABLE,MISSING_SOURCE,MISSING_SOURCE,MISSING_SOURCE,SOURCE-UNRESOLVED
AUX-PROV-1CA329B5E5AF,provider-logo,provider-logo::DIGITV.png,PASS,PRESERVED_NATIVE_CANVAS,PASS,REVIEW,REVIEW,REVIEW
AUX-PROV-4EB367179771,provider-logo,provider-logo::DISCOVERY HD.png,PASS,PRESERVED_NATIVE_CANVAS,PASS,REVIEW,REVIEW,REVIEW
AUX-PROV-3B1266952D0D,provider-logo,provider-logo::DISCOVERY.png,PASS,PRESERVED_NATIVE_CANVAS,PASS,REVIEW,REVIEW,REVIEW
AUX-PROV-D167C71B8F47,provider-logo,provider-logo::DISNEY CHANNEL.png,PASS,PRESERVED_NATIVE_CANVAS,PASS,REVIEW,REVIEW,REVIEW
AUX-PROV-ADA284509AF9,provider-logo,provider-logo::DISNEY JUNIOR.png,PASS,PRESERVED_NATIVE_CANVAS,PASS,AUTO-FIXED,REVIEW,REVIEW
AUX-PROV-AA743DB78B20,provider-logo,provider-logo::DITV MULTIMEDIA.png,PASS,PRESERVED_NATIVE_CANVAS,PASS,REVIEW,REVIEW,REVIEW
AUX-PROV-B40AC1E748C2,provider-logo,provider-logo::DIVAN TV.png,PASS,PRESERVED_NATIVE_CANVAS,PASS,AUTO-FIXED,REVIEW,REVIEW
AUX-PROV-EC58FEEFB992,provider-logo,provider-logo::DJEMBA ITC BKCJ.png,PASS,PRESERVED_NATIVE_CANVAS,PASS,AUTO-FIXED,REVIEW,REVIEW
AUX-PROV-87D1E7E114B8,provider-logo,provider-logo::DJEMBA ITC.png,PASS,PRESERVED_NATIVE_CANVAS,PASS,AUTO-FIXED,REVIEW,REVIEW
AUX-PROV-92311CE14A8C,provider-logo,provider-logo::DJING TV.png,PASS,PRESERVED_NATIVE_CANVAS,PASS,AUTO-FIXED,AUTO-FIXED,AUTO-FIXED
AUX-PROV-8107AE171150,provider-logo,provider-logo::DM-SAT.png,PASS,PRESERVED_NATIVE_CANVAS,PASS,REVIEW,REVIEW,REVIEW
AUX-PROV-15A97EF8495B,provider-logo,provider-logo::DMC.png,PASS,PRESERVED_NATIVE_CANVAS,PASS,REVIEW,REVIEW,REVIEW
AUX-PROV-288522D738EB,provider-logo,provider-logo::DOGAN TV.png,PASS,PRESERVED_NATIVE_CANVAS,PASS,REVIEW,REVIEW,REVIEW
AUX-PROV-128E8D1A181B,provider-logo,provider-logo::DOGANMEDIA.png,PASS,PRESERVED_NATIVE_CANVAS,PASS,AUTO-FIXED,AUTO-FIXED,AUTO-FIXED
AUX-PROV-E6D5E02E1E29,provider-logo,provider-logo::DOGUS.png,PASS,PRESERVED_NATIVE_CANVAS,PASS,AUTO-FIXED,AUTO-FIXED,AUTO-FIXED
AUX-PROV-12CD1BC43E1B,provider-logo,provider-logo::DOLCE.png,PASS,PRESERVED_NATIVE_CANVAS,PASS,REVIEW,REVIEW,REVIEW
AUX-PROV-DA47BDBD3511,provider-logo,provider-logo::DTK-SATELIO.png,PASS,PRESERVED_NATIVE_CANVAS,PASS,AUTO-FIXED,REVIEW,REVIEW
AUX-PROV-BBB45200F22D,provider-logo,provider-logo::DTRP VERKHOVNA RADA.png,PASS,PRESERVED_NATIVE_CANVAS,PASS,REVIEW,REVIEW,REVIEW
AUX-PROV-8BA9A7FD04A2,provider-logo,provider-logo::DTVI.png,PASS,PRESERVED_NATIVE_CANVAS,PASS,REVIEW,REVIEW,REVIEW
AUX-PROV-C46A55EE9EA4,provider-logo,provider-logo::DU.png,PASS,PRESERVED_NATIVE_CANVAS,PASS,AUTO-FIXED,REVIEW,REVIEW
AUX-PROV-50DC4937D488,provider-logo,provider-logo::DUHOK.png,PASS,PRESERVED_NATIVE_CANVAS,PASS,REVIEW,REVIEW,REVIEW
AUX-PROV-6797BE38356F,provider-logo,provider-logo::DVB-T EUROPE.png,MISSING_SOURCE,NOT_APPLICABLE,MISSING_SOURCE,MISSING_SOURCE,MISSING_SOURCE,SOURCE-UNRESOLVED
AUX-PROV-C3D7C872B501,provider-logo,provider-logo::DVB-T.png,MISSING_SOURCE,NOT_APPLICABLE,MISSING_SOURCE,MISSING_SOURCE,MISSING_SOURCE,SOURCE-UNRESOLVED
AUX-PROV-32C5567B4FCB,provider-logo,provider-logo::DW.png,PASS,PRESERVED_NATIVE_CANVAS,PASS,REVIEW,REVIEW,REVIEW
AUX-PROV-C4E801C08AAD,provider-logo,provider-logo::DZAIR.png,PASS,PRESERVED_NATIVE_CANVAS,PASS,AUTO-FIXED,REVIEW,REVIEW
AUX-PROV-B3EB7CFFAA4C,provider-logo,provider-logo::E TV MARCHE.png,PASS,PRESERVED_NATIVE_CANVAS,PASS,AUTO-FIXED,REVIEW,REVIEW
AUX-PROV-855F631A4270,provider-logo,provider-logo::E TV RETE 7.png,PASS,PRESERVED_NATIVE_CANVAS,PASS,AUTO-FIXED,REVIEW,REVIEW
AUX-PROV-F39E4A9AEBFC,provider-logo,provider-logo::E! ENTERTAINMENT.png,PASS,PRESERVED_NATIVE_CANVAS,PASS,AUTO-FIXED,AUTO-FIXED,AUTO-FIXED
AUX-PROV-F8A3CF6771E6,provider-logo,provider-logo::E2.png,PASS,PRESERVED_NATIVE_CANVAS,PASS,AUTO-FIXED,REVIEW,REVIEW
AUX-PROV-2A69FF047D3A,provider-logo,provider-logo::EBU-UER.png,PASS,PRESERVED_NATIVE_CANVAS,PASS,REVIEW,REVIEW,REVIEW
AUX-PROV-289728184D21,provider-logo,provider-logo::EBU.png,PASS,PRESERVED_NATIVE_CANVAS,PASS,REVIEW,REVIEW,REVIEW
AUX-PROV-35F634ACAF4A,provider-logo,provider-logo::EDEM IPTV.png,MISSING_SOURCE,NOT_APPLICABLE,MISSING_SOURCE,MISSING_SOURCE,MISSING_SOURCE,SOURCE-UNRESOLVED
AUX-PROV-59C2AAEA5CA1,provider-logo,provider-logo::EDEM TV.png,PASS,PRESERVED_NATIVE_CANVAS,PASS,AUTO-FIXED,AUTO-FIXED,AUTO-FIXED
AUX-PROV-67EA451E1890,provider-logo,provider-logo::EDML.png,PASS,PRESERVED_NATIVE_CANVAS,PASS,AUTO-FIXED,REVIEW,REVIEW
AUX-PROV-12EE63AB7531,provider-logo,provider-logo::EEC SECUNDRIO.png,PASS,PRESERVED_NATIVE_CANVAS,PASS,REVIEW,REVIEW,REVIEW
AUX-PROV-265B5B14EF4F,provider-logo,provider-logo::EI TOWERS.png,PASS,PRESERVED_NATIVE_CANVAS,PASS,AUTO-FIXED,AUTO-FIXED,AUTO-FIXED
AUX-PROV-E4A28CAB02F2,provider-logo,provider-logo::EISALAT.png,PASS,PRESERVED_NATIVE_CANVAS,PASS,AUTO-FIXED,REVIEW,REVIEW
AUX-PROV-7FECDF0AC424,provider-logo,provider-logo::EIT.png,PASS,PRESERVED_NATIVE_CANVAS,PASS,AUTO-FIXED,AUTO-FIXED,AUTO-FIXED
AUX-PROV-F76BAD3D3EC9,provider-logo,provider-logo::EITOWERS.png,PASS,PRESERVED_NATIVE_CANVAS,PASS,AUTO-FIXED,AUTO-FIXED,AUTO-FIXED
AUX-PROV-B9BDFFB1C88E,provider-logo,provider-logo::ELEMEDIA.png,PASS,PRESERVED_NATIVE_CANVAS,PASS,REVIEW,REVIEW,REVIEW
AUX-PROV-725558CD3EC5,provider-logo,provider-logo::ELEVEN SPORTS 3.png,PASS,PRESERVED_NATIVE_CANVAS,PASS,AUTO-FIXED,AUTO-FIXED,AUTO-FIXED
AUX-PROV-E8427C8E354F,provider-logo,provider-logo::ELEVEN SPORTS 4.png,PASS,PRESERVED_NATIVE_CANVAS,PASS,AUTO-FIXED,AUTO-FIXED,AUTO-FIXED
AUX-PROV-F477BE2697DA,provider-logo,provider-logo::ELEVEN SPORTS 5.png,PASS,PRESERVED_NATIVE_CANVAS,PASS,AUTO-FIXED,AUTO-FIXED,AUTO-FIXED
AUX-PROV-C86C6EDEAE6E,provider-logo,provider-logo::ELEVEN SPORTS 6.png,PASS,PRESERVED_NATIVE_CANVAS,PASS,AUTO-FIXED,AUTO-FIXED,AUTO-FIXED
AUX-PROV-C4EA78105905,provider-logo,provider-logo::ELHIWAR.png,PASS,PRESERVED_NATIVE_CANVAS,PASS,REVIEW,REVIEW,REVIEW
AUX-PROV-7D4878F26E09,provider-logo,provider-logo::ENCODER.png,PASS,PRESERVED_NATIVE_CANVAS,PASS,REVIEW,REVIEW,REVIEW
AUX-PROV-B880A9ADA00E,provider-logo,provider-logo::ENCOMPASS.png,PASS,PRESERVED_NATIVE_CANVAS,PASS,REVIEW,REVIEW,REVIEW
AUX-PROV-962DA05E991C,provider-logo,provider-logo::ENGLISH CLUB.png,PASS,PRESERVED_NATIVE_CANVAS,PASS,REVIEW,REVIEW,REVIEW
AUX-PROV-E3340C74ED86,provider-logo,provider-logo::EPIQA.png,PASS,PRESERVED_NATIVE_CANVAS,PASS,AUTO-FIXED,AUTO-FIXED,AUTO-FIXED
AUX-PROV-8CEB33E8E98E,provider-logo,provider-logo::ERICSOSON TV.png,PASS,PRESERVED_NATIVE_CANVAS,PASS,REVIEW,REVIEW,REVIEW
AUX-PROV-5721E609FBD4,provider-logo,provider-logo::ERICSSON TELEVISION.png,PASS,PRESERVED_NATIVE_CANVAS,PASS,REVIEW,REVIEW,REVIEW
AUX-PROV-082FA5307D16,provider-logo,provider-logo::ERICSSON.png,PASS,PRESERVED_NATIVE_CANVAS,PASS,REVIEW,REVIEW,REVIEW
AUX-PROV-656B6968B8D5,provider-logo,provider-logo::ERICSSONTV.png,PASS,PRESERVED_NATIVE_CANVAS,PASS,REVIEW,REVIEW,REVIEW
AUX-PROV-C119BB689EC1,provider-logo,provider-logo::ERT.png,PASS,PRESERVED_NATIVE_CANVAS,PASS,REVIEW,REVIEW,REVIEW
AUX-PROV-CC5A6EE5829B,provider-logo,provider-logo::ERTU.png,PASS,PRESERVED_NATIVE_CANVAS,PASS,AUTO-FIXED,REVIEW,REVIEW
AUX-PROV-96FA5994554C,provider-logo,provider-logo::ES RADIO.png,PASS,PRESERVED_NATIVE_CANVAS,PASS,REVIEW,REVIEW,REVIEW
AUX-PROV-13F1876D4EAA,provider-logo,provider-logo::ESHAILSAT.png,PASS,PRESERVED_NATIVE_CANVAS,PASS,REVIEW,REVIEW,REVIEW
AUX-PROV-FB15CF7C3E71,provider-logo,provider-logo::ESHAISAT.png,PASS,PRESERVED_NATIVE_CANVAS,PASS,REVIEW,REVIEW,REVIEW
AUX-PROV-D64D6789539F,provider-logo,provider-logo::ESHIALSAT.png,PASS,PRESERVED_NATIVE_CANVAS,PASS,REVIEW,REVIEW,REVIEW
AUX-PROV-381FC906F47F,provider-logo,provider-logo::ESPANSIONE TV HD.png,PASS,PRESERVED_NATIVE_CANVAS,PASS,REVIEW,REVIEW,REVIEW
AUX-PROV-861642C58B6B,provider-logo,provider-logo::ESPANSIONE TV.png,PASS,PRESERVED_NATIVE_CANVAS,PASS,REVIEW,REVIEW,REVIEW
AUX-PROV-31BD213AEDA4,provider-logo,provider-logo::ESPERIA TV.png,PASS,PRESERVED_NATIVE_CANVAS,PASS,REVIEW,AUTO-FIXED,REVIEW
AUX-PROV-90F0346FF04A,provider-logo,provider-logo::ESPN.png,PASS,PRESERVED_NATIVE_CANVAS,PASS,REVIEW,REVIEW,REVIEW
AUX-PROV-0FA01FFFF854,provider-logo,provider-logo::ESRADIO.png,PASS,PRESERVED_NATIVE_CANVAS,PASS,REVIEW,REVIEW,REVIEW
AUX-PROV-B975DA47C4D8,provider-logo,provider-logo::ESS.png,PASS,PRESERVED_NATIVE_CANVAS,PASS,AUTO-FIXED,AUTO-FIXED,AUTO-FIXED
AUX-PROV-BAAE162416D0,provider-logo,provider-logo::ETISALAT.png,PASS,PRESERVED_NATIVE_CANVAS,PASS,AUTO-FIXED,REVIEW,REVIEW
AUX-PROV-663FD9758476,provider-logo,provider-logo::ETISLAT.png,PASS,PRESERVED_NATIVE_CANVAS,PASS,AUTO-FIXED,REVIEW,REVIEW
AUX-PROV-98BC3842397C,provider-logo,provider-logo::ETV MARCHE.png,PASS,PRESERVED_NATIVE_CANVAS,PASS,AUTO-FIXED,REVIEW,REVIEW
AUX-PROV-0FA42ED35A77,provider-logo,provider-logo::EUROCIEL.png,PASS,PRESERVED_NATIVE_CANVAS,PASS,AUTO-FIXED,AUTO-FIXED,AUTO-FIXED
AUX-PROV-0BAD06C4EABE,provider-logo,provider-logo::EURONEWS.png,PASS,PRESERVED_NATIVE_CANVAS,PASS,AUTO-FIXED,AUTO-FIXED,AUTO-FIXED
AUX-PROV-306E42526B56,provider-logo,provider-logo::EUROPA FM.png,PASS,PRESERVED_NATIVE_CANVAS,PASS,REVIEW,REVIEW,REVIEW
AUX-PROV-9B0750214918,provider-logo,provider-logo::EUROSPORT 2.png,PASS,PRESERVED_NATIVE_CANVAS,PASS,AUTO-FIXED,REVIEW,REVIEW
AUX-PROV-C2560765506D,provider-logo,provider-logo::EUROSPORT.png,PASS,PRESERVED_NATIVE_CANVAS,PASS,AUTO-FIXED,AUTO-FIXED,AUTO-FIXED
AUX-PROV-72D68DA185FC,provider-logo,provider-logo::EUTELAST MENA.png,PASS,PRESERVED_NATIVE_CANVAS,PASS,REVIEW,REVIEW,REVIEW
AUX-PROV-E493E9AD3ECC,provider-logo,provider-logo::EUTELSAT MENA.png,PASS,PRESERVED_NATIVE_CANVAS,PASS,REVIEW,REVIEW,REVIEW
AUX-PROV-25D030E3AE1F,provider-logo,provider-logo::EUTELSAT.png,PASS,PRESERVED_NATIVE_CANVAS,PASS,REVIEW,REVIEW,REVIEW
AUX-PROV-2DBFF69DB4C6,provider-logo,provider-logo::EXTRA.png,MISSING_SOURCE,NOT_APPLICABLE,MISSING_SOURCE,MISSING_SOURCE,MISSING_SOURCE,SOURCE-UNRESOLVED
AUX-PROV-0341215D1151,provider-logo,provider-logo::EXTREMADURA FM.png,PASS,PRESERVED_NATIVE_CANVAS,PASS,REVIEW,REVIEW,REVIEW
AUX-PROV-805FEA414D57,provider-logo,provider-logo::F13.png,PASS,PRESERVED_NATIVE_CANVAS,PASS,AUTO-FIXED,AUTO-FIXED,AUTO-FIXED
AUX-PROV-A5DA079953F0,provider-logo,provider-logo::FERMO TV.png,PASS,PRESERVED_NATIVE_CANVAS,PASS,REVIEW,AUTO-FIXED,REVIEW
AUX-PROV-C8E7D8100ADB,provider-logo,provider-logo::FFMPEG.png,PASS,PRESERVED_NATIVE_CANVAS,PASS,REVIEW,REVIEW,REVIEW
AUX-PROV-22C958DB6253,provider-logo,provider-logo::FM HUESCA.png,PASS,PRESERVED_NATIVE_CANVAS,PASS,REVIEW,REVIEW,REVIEW
AUX-PROV-F7CDBDBDD27F,provider-logo,provider-logo::FM TERUEL.png,PASS,PRESERVED_NATIVE_CANVAS,PASS,REVIEW,REVIEW,REVIEW
AUX-PROV-936CF2FB8FEB,provider-logo,provider-logo::FM ZARAGOZA.png,PASS,PRESERVED_NATIVE_CANVAS,PASS,REVIEW,REVIEW,REVIEW
AUX-PROV-680C5EBE8DC3,provider-logo,provider-logo::FM-DVB TDF RMV.png,PASS,PRESERVED_NATIVE_CANVAS,PASS,REVIEW,REVIEW,REVIEW
AUX-PROV-471F2F0DBCBD,provider-logo,provider-logo::FM-DVB TDF TFL.png,PASS,PRESERVED_NATIVE_CANVAS,PASS,REVIEW,REVIEW,REVIEW
AUX-PROV-49920DC4D38F,provider-logo,provider-logo::FOCUS SAT.png,MISSING_SOURCE,NOT_APPLICABLE,MISSING_SOURCE,MISSING_SOURCE,MISSING_SOURCE,SOURCE-UNRESOLVED
AUX-PROV-1146896A4CBD,provider-logo,provider-logo::FOTELKA.png,PASS,PRESERVED_NATIVE_CANVAS,PASS,REVIEW,AUTO-FIXED,REVIEW
AUX-PROV-6AFDBAF0A4CF,provider-logo,provider-logo::FOX COMEDY.png,PASS,PRESERVED_NATIVE_CANVAS,PASS,REVIEW,REVIEW,REVIEW
AUX-PROV-0F6898D21F94,provider-logo,provider-logo::FOX CRIME HD.png,PASS,PRESERVED_NATIVE_CANVAS,PASS,REVIEW,REVIEW,REVIEW
AUX-PROV-3C8820CCDE58,provider-logo,provider-logo::FOX MOVIES.png,PASS,PRESERVED_NATIVE_CANVAS,PASS,REVIEW,AUTO-FIXED,REVIEW
AUX-PROV-25A07698271B,provider-logo,provider-logo::FOX NETWORKS GROUP.png,PASS,PRESERVED_NATIVE_CANVAS,PASS,REVIEW,REVIEW,REVIEW
AUX-PROV-CE62AB507043,provider-logo,provider-logo::FOX.png,PASS,PRESERVED_NATIVE_CANVAS,PASS,REVIEW,REVIEW,REVIEW
AUX-PROV-4FE1B06C4645,provider-logo,provider-logo::FOXGE.png,PASS,PRESERVED_NATIVE_CANVAS,PASS,REVIEW,REVIEW,REVIEW
AUX-PROV-31B9DF28362A,provider-logo,provider-logo::FOXNWS.png,PASS,PRESERVED_NATIVE_CANVAS,PASS,REVIEW,REVIEW,REVIEW
AUX-PROV-B745B83BD760,provider-logo,provider-logo::FRANCE 24 I.png,PASS,PRESERVED_NATIVE_CANVAS,PASS,AUTO-FIXED,REVIEW,REVIEW
AUX-PROV-460EB3D0F758,provider-logo,provider-logo::FRANCE 24.png,PASS,PRESERVED_NATIVE_CANVAS,PASS,AUTO-FIXED,REVIEW,REVIEW
AUX-PROV-7628F3B3AA90,provider-logo,provider-logo::FRANCE DTT.png,MISSING_SOURCE,NOT_APPLICABLE,MISSING_SOURCE,MISSING_SOURCE,MISSING_SOURCE,SOURCE-UNRESOLVED
AUX-PROV-A9662C83EC09,provider-logo,provider-logo::FRANCE MDIAS MONDE.png,PASS,PRESERVED_NATIVE_CANVAS,PASS,AUTO-FIXED,AUTO-FIXED,AUTO-FIXED
AUX-PROV-3482045CF9F5,provider-logo,provider-logo::FRANCE MDIAS MONDE2.png,PASS,PRESERVED_NATIVE_CANVAS,PASS,AUTO-FIXED,AUTO-FIXED,AUTO-FIXED
AUX-PROV-CDF527C61E35,provider-logo,provider-logo::FRANSAT.png,MISSING_SOURCE,NOT_APPLICABLE,MISSING_SOURCE,MISSING_SOURCE,MISSING_SOURCE,SOURCE-UNRESOLVED
AUX-PROV-AD3C7570EF3D,provider-logo,provider-logo::FREESAT UPC.png,MISSING_SOURCE,NOT_APPLICABLE,MISSING_SOURCE,MISSING_SOURCE,MISSING_SOURCE,SOURCE-UNRESOLVED
AUX-PROV-FA10BD760B1F,provider-logo,provider-logo::FREESAT.png,PASS,PRESERVED_NATIVE_CANVAS,PASS,REVIEW,REVIEW,REVIEW
AUX-PROV-71E5FCB3D3D2,provider-logo,provider-logo::FT GLOBECAST.png,MISSING_SOURCE,NOT_APPLICABLE,MISSING_SOURCE,MISSING_SOURCE,MISSING_SOURCE,SOURCE-UNRESOLVED
AUX-PROV-4E01746EA5F6,provider-logo,provider-logo::FTV.png,PASS,PRESERVED_NATIVE_CANVAS,PASS,REVIEW,REVIEW,REVIEW
AUX-PROV-AA2B4A4B7DD9,provider-logo,provider-logo::FUNRADIO.png,PASS,PRESERVED_NATIVE_CANVAS,PASS,AUTO-FIXED,REVIEW,REVIEW
AUX-PROV-4CFCEF90A725,provider-logo,provider-logo::GAZPROM SS.png,PASS,PRESERVED_NATIVE_CANVAS,PASS,REVIEW,REVIEW,REVIEW
AUX-PROV-912D72498C8E,provider-logo,provider-logo::GAZPROM_SS.png,MISSING_SOURCE,NOT_APPLICABLE,MISSING_SOURCE,MISSING_SOURCE,MISSING_SOURCE,SOURCE-UNRESOLVED
AUX-PROV-7A5E51AEE783,provider-logo,provider-logo::GENIPTV.png,MISSING_SOURCE,NOT_APPLICABLE,MISSING_SOURCE,MISSING_SOURCE,MISSING_SOURCE,SOURCE-UNRESOLVED
AUX-PROV-97C773158E15,provider-logo,provider-logo::GEOSAT.png,PASS,PRESERVED_NATIVE_CANVAS,PASS,AUTO-FIXED,AUTO-FIXED,AUTO-FIXED
AUX-PROV-615E8332705E,provider-logo,provider-logo::GEOTELECOM.png,PASS,PRESERVED_NATIVE_CANVAS,PASS,REVIEW,REVIEW,REVIEW
AUX-PROV-72047F726F91,provider-logo,provider-logo::GLANZ.png,MISSING_SOURCE,NOT_APPLICABLE,MISSING_SOURCE,MISSING_SOURCE,MISSING_SOURCE,SOURCE-UNRESOLVED
AUX-PROV-78783DA9C2B8,provider-logo,provider-logo::GLAS.png,PASS,PRESERVED_NATIVE_CANVAS,PASS,REVIEW,REVIEW,REVIEW
AUX-PROV-EC332FBE7712,provider-logo,provider-logo::GLOBAL.png,PASS,PRESERVED_NATIVE_CANVAS,PASS,REVIEW,REVIEW,REVIEW
AUX-PROV-4B58D97FD0B2,provider-logo,provider-logo::GLOBECAST FRANCE.png,MISSING_SOURCE,NOT_APPLICABLE,MISSING_SOURCE,MISSING_SOURCE,MISSING_SOURCE,SOURCE-UNRESOLVED
AUX-PROV-5D8411E9F3D5,provider-logo,provider-logo::GLOBECAST FT.png,MISSING_SOURCE,NOT_APPLICABLE,MISSING_SOURCE,MISSING_SOURCE,MISSING_SOURCE,SOURCE-UNRESOLVED
AUX-PROV-A7FA4A2D999A,provider-logo,provider-logo::GLOBECAST ITALIA.png,PASS,PRESERVED_NATIVE_CANVAS,PASS,REVIEW,REVIEW,REVIEW
AUX-PROV-00C58BA57765,provider-logo,provider-logo::GLOBECAST ITALY.png,PASS,PRESERVED_NATIVE_CANVAS,PASS,REVIEW,REVIEW,REVIEW
AUX-PROV-387C1774CBC7,provider-logo,provider-logo::GLOBECAST UK.png,PASS,PRESERVED_NATIVE_CANVAS,PASS,REVIEW,REVIEW,REVIEW
AUX-PROV-79E80328D61D,provider-logo,provider-logo::GLOBECAST.png,PASS,PRESERVED_NATIVE_CANVAS,PASS,REVIEW,REVIEW,REVIEW
AUX-PROV-6E1B9441483E,provider-logo,provider-logo::GLOBECAST_ITALIA.png,MISSING_SOURCE,NOT_APPLICABLE,MISSING_SOURCE,MISSING_SOURCE,MISSING_SOURCE,SOURCE-UNRESOLVED
AUX-PROV-20D36B6097B9,provider-logo,provider-logo::GLOBO NOW.png,PASS,PRESERVED_NATIVE_CANVAS,PASS,AUTO-FIXED,AUTO-FIXED,AUTO-FIXED
AUX-PROV-767E5429AF47,provider-logo,provider-logo::GLOBO.png,PASS,PRESERVED_NATIVE_CANVAS,PASS,REVIEW,REVIEW,REVIEW
AUX-PROV-51D2A8CD974A,provider-logo,provider-logo::GMA.png,PASS,PRESERVED_NATIVE_CANVAS,PASS,REVIEW,REVIEW,REVIEW
AUX-PROV-E1B8DA017CCF,provider-logo,provider-logo::GMDS.png,PASS,PRESERVED_NATIVE_CANVAS,PASS,REVIEW,REVIEW,REVIEW
AUX-PROV-C316D9218F3F,provider-logo,provider-logo::GOLOS DONBASU.png,PASS,PRESERVED_NATIVE_CANVAS,PASS,AUTO-FIXED,REVIEW,REVIEW
AUX-PROV-E03734E646FB,provider-logo,provider-logo::GOMEL-SAT.png,PASS,PRESERVED_NATIVE_CANVAS,PASS,REVIEW,REVIEW,REVIEW
AUX-PROV-9704F8259F10,provider-logo,provider-logo::GOTV.png,PASS,PRESERVED_NATIVE_CANVAS,PASS,AUTO-FIXED,REVIEW,REVIEW
AUX-PROV-60E96F7533F5,provider-logo,provider-logo::GOVERNANCE MINISTRIES.png,PASS,PRESERVED_NATIVE_CANVAS,PASS,AUTO-FIXED,REVIEW,REVIEW
AUX-PROV-CEFCA729F3E5,provider-logo,provider-logo::GR1 A.png,PASS,PRESERVED_NATIVE_CANVAS,PASS,REVIEW,REVIEW,REVIEW
AUX-PROV-DDCA3BBB163D,provider-logo,provider-logo::GR1 B.png,PASS,PRESERVED_NATIVE_CANVAS,PASS,REVIEW,REVIEW,REVIEW
AUX-PROV-5D7BF62B8774,provider-logo,provider-logo::GR1.png,PASS,PRESERVED_NATIVE_CANVAS,PASS,REVIEW,REVIEW,REVIEW
AUX-PROV-811DFC4C6597,provider-logo,provider-logo::GRIDSHOT HENKBOX.png,PASS,PRESERVED_NATIVE_CANVAS,PASS,REVIEW,REVIEW,REVIEW
AUX-PROV-18C9ECAEA22A,provider-logo,provider-logo::GROUPE M6.png,PASS,PRESERVED_NATIVE_CANVAS,PASS,AUTO-FIXED,REVIEW,REVIEW
AUX-PROV-089847BC7A8C,provider-logo,provider-logo::GRUPPOAIR.png,PASS,PRESERVED_NATIVE_CANVAS,PASS,REVIEW,REVIEW,REVIEW
AUX-PROV-313D75C37060,provider-logo,provider-logo::GTV.png,PASS,PRESERVED_NATIVE_CANVAS,PASS,REVIEW,REVIEW,REVIEW
AUX-PROV-418C48AAAA77,provider-logo,provider-logo::GUC TELEKOM MEDYA.png,PASS,PRESERVED_NATIVE_CANVAS,PASS,REVIEW,REVIEW,REVIEW
AUX-PROV-A039C49FE9C5,provider-logo,provider-logo::GUC TELEKOM.png,PASS,PRESERVED_NATIVE_CANVAS,PASS,REVIEW,REVIEW,REVIEW
AUX-PROV-EE9ED189B907,provider-logo,provider-logo::GULFSAT.png,PASS,PRESERVED_NATIVE_CANVAS,PASS,REVIEW,REVIEW,REVIEW
AUX-PROV-42C7D4B8B9D9,provider-logo,provider-logo::GUNAZ.png,PASS,PRESERVED_NATIVE_CANVAS,PASS,REVIEW,REVIEW,REVIEW
AUX-PROV-CC9FED2CEE78,provider-logo,provider-logo::H.png,PASS,PRESERVED_NATIVE_CANVAS,PASS,AUTO-FIXED,REVIEW,REVIEW
AUX-PROV-06445C919DDE,provider-logo,provider-logo::HABERAKS TV.png,PASS,PRESERVED_NATIVE_CANVAS,PASS,REVIEW,REVIEW,REVIEW
AUX-PROV-1F1708F46185,provider-logo,provider-logo::HABERTURK HD.png,PASS,PRESERVED_NATIVE_CANVAS,PASS,REVIEW,REVIEW,REVIEW
AUX-PROV-0EA4319F0AE4,provider-logo,provider-logo::HABERTURK RADYO.png,PASS,PRESERVED_NATIVE_CANVAS,PASS,REVIEW,REVIEW,REVIEW
AUX-PROV-A9C057296034,provider-logo,provider-logo::HABERTURK.png,PASS,PRESERVED_NATIVE_CANVAS,PASS,REVIEW,REVIEW,REVIEW
AUX-PROV-04DAB08E0B3B,provider-logo,provider-logo::HARMONIC - NT.png,PASS,PRESERVED_NATIVE_CANVAS,PASS,REVIEW,REVIEW,REVIEW
AUX-PROV-8C90CE09B891,provider-logo,provider-logo::HARMONIC.png,PASS,PRESERVED_NATIVE_CANVAS,PASS,REVIEW,REVIEW,REVIEW
AUX-PROV-6DC3EE4690D4,provider-logo,provider-logo::HBO.png,MISSING_SOURCE,NOT_APPLICABLE,MISSING_SOURCE,MISSING_SOURCE,MISSING_SOURCE,SOURCE-UNRESOLVED
AUX-PROV-6A0CF2479781,provider-logo,provider-logo::HD AUSTRIA.png,MISSING_SOURCE,NOT_APPLICABLE,MISSING_SOURCE,MISSING_SOURCE,MISSING_SOURCE,SOURCE-UNRESOLVED
AUX-PROV-014FB7F0E4D7,provider-logo,provider-logo::HDT.png,PASS,PRESERVED_NATIVE_CANVAS,PASS,AUTO-FIXED,REVIEW,REVIEW
AUX-PROV-E0EF8999F3D8,provider-logo,provider-logo::HELLAS SAT.png,PASS,PRESERVED_NATIVE_CANVAS,PASS,AUTO-FIXED,REVIEW,REVIEW
AUX-PROV-9D5BBC2BDF34,provider-logo,provider-logo::HELLASSAT.png,PASS,PRESERVED_NATIVE_CANVAS,PASS,AUTO-FIXED,REVIEW,REVIEW
AUX-PROV-D2F67CF85978,provider-logo,provider-logo::HFM.png,PASS,PRESERVED_NATIVE_CANVAS,PASS,AUTO-FIXED,REVIEW,REVIEW
AUX-PROV-69246BF6D562,provider-logo,provider-logo::HGTV.png,PASS,PRESERVED_NATIVE_CANVAS,PASS,PASS,AUTO-FIXED,AUTO-FIXED
AUX-PROV-24EE02ED65EC,provider-logo,provider-logo::HIRTV  AH  HDT.png,PASS,PRESERVED_NATIVE_CANVAS,PASS,REVIEW,REVIEW,REVIEW
AUX-PROV-5D5D1586670E,provider-logo,provider-logo::HISPASAT.png,PASS,PRESERVED_NATIVE_CANVAS,PASS,REVIEW,REVIEW,REVIEW
AUX-PROV-BF7B3D686B44,provider-logo,provider-logo::HIST.png,PASS,PRESERVED_NATIVE_CANVAS,PASS,REVIEW,REVIEW,REVIEW
AUX-PROV-17B6D6B22A1F,provider-logo,provider-logo::HIT FM.png,PASS,PRESERVED_NATIVE_CANVAS,PASS,REVIEW,REVIEW,REVIEW
AUX-PROV-48AA0DAC088D,provider-logo,provider-logo::HIT.png,PASS,PRESERVED_NATIVE_CANVAS,PASS,AUTO-FIXED,REVIEW,REVIEW
AUX-PROV-FC86268BE98E,provider-logo,provider-logo::HOLLYW.png,PASS,PRESERVED_NATIVE_CANVAS,PASS,REVIEW,REVIEW,REVIEW
AUX-PROV-1DF131126473,provider-logo,provider-logo::HORIZON TELEPORTS.png,PASS,PRESERVED_NATIVE_CANVAS,PASS,REVIEW,REVIEW,REVIEW
AUX-PROV-C5967AD1B7B8,provider-logo,provider-logo::HOT.png,PASS,PRESERVED_NATIVE_CANVAS,PASS,REVIEW,REVIEW,REVIEW
AUX-PROV-8E5758477F17,provider-logo,provider-logo::HROMADSKE TV.png,PASS,PRESERVED_NATIVE_CANVAS,PASS,AUTO-FIXED,REVIEW,REVIEW
AUX-PROV-4FCCB470819E,provider-logo,provider-logo::HTB+.png,PASS,PRESERVED_NATIVE_CANVAS,PASS,REVIEW,REVIEW,REVIEW
AUX-PROV-02156C2BD3CD,provider-logo,provider-logo::HUDOBNE.png,MISSING_SOURCE,NOT_APPLICABLE,MISSING_SOURCE,MISSING_SOURCE,MISSING_SOURCE,SOURCE-UNRESOLVED
AUX-PROV-1CB1024ED7B8,provider-logo,provider-logo::ICTV HD.png,PASS,PRESERVED_NATIVE_CANVAS,PASS,REVIEW,REVIEW,REVIEW
AUX-PROV-8D71B3039602,provider-logo,provider-logo::ICTV UA.png,PASS,PRESERVED_NATIVE_CANVAS,PASS,REVIEW,REVIEW,REVIEW
AUX-PROV-18370D9B89B3,provider-logo,provider-logo::ID INVESTIGATION DISCOVERY.png,PASS,PRESERVED_NATIVE_CANVAS,PASS,REVIEW,REVIEW,REVIEW
AUX-PROV-F7C6F649E02C,provider-logo,provider-logo::IDC.png,PASS,PRESERVED_NATIVE_CANVAS,PASS,REVIEW,REVIEW,REVIEW
AUX-PROV-B822F335C6B8,provider-logo,provider-logo::IKO MEDIA GROUP.png,PASS,PRESERVED_NATIVE_CANVAS,PASS,REVIEW,REVIEW,REVIEW
AUX-PROV-723978FF94E7,provider-logo,provider-logo::IKO-MEDIA.png,PASS,PRESERVED_NATIVE_CANVAS,PASS,REVIEW,REVIEW,REVIEW
AUX-PROV-23C424E8E3CB,provider-logo,provider-logo::IKOMG.png,PASS,PRESERVED_NATIVE_CANVAS,PASS,REVIEW,REVIEW,REVIEW
AUX-PROV-244924C14A2B,provider-logo,provider-logo::IMAGINE COMMUNICATIONS.png,PASS,PRESERVED_NATIVE_CANVAS,PASS,AUTO-FIXED,AUTO-FIXED,AUTO-FIXED
AUX-PROV-8859BE5FB504,provider-logo,provider-logo::IMAM ALI HD.png,PASS,PRESERVED_NATIVE_CANVAS,PASS,AUTO-FIXED,REVIEW,REVIEW
AUX-PROV-DC7A840E63AC,provider-logo,provider-logo::IMN.png,PASS,PRESERVED_NATIVE_CANVAS,PASS,AUTO-FIXED,REVIEW,REVIEW
AUX-PROV-D8FC896B0AC0,provider-logo,provider-logo::IN ARIA!.png,PASS,PRESERVED_NATIVE_CANVAS,PASS,REVIEW,REVIEW,REVIEW
AUX-PROV-F9DC3EF6A3EE,provider-logo,provider-logo::INARIA!.png,PASS,PRESERVED_NATIVE_CANVAS,PASS,REVIEW,REVIEW,REVIEW
AUX-PROV-7E38700E8FC0,provider-logo,provider-logo::INARIA.png,PASS,PRESERVED_NATIVE_CANVAS,PASS,REVIEW,REVIEW,REVIEW
AUX-PROV-D4450E917C10,provider-logo,provider-logo::INFOMIR.png,PASS,PRESERVED_NATIVE_CANVAS,PASS,REVIEW,AUTO-FIXED,REVIEW
AUX-PROV-40C9DF50155C,provider-logo,provider-logo::INGEST TELECOM.png,PASS,PRESERVED_NATIVE_CANVAS,PASS,REVIEW,REVIEW,REVIEW
AUX-PROV-7A1DC19BA07E,provider-logo,provider-logo::INTELSAT 20.png,PASS,PRESERVED_NATIVE_CANVAS,PASS,REVIEW,REVIEW,REVIEW
AUX-PROV-9E25C87D6334,provider-logo,provider-logo::INTELSAT.png,PASS,PRESERVED_NATIVE_CANVAS,PASS,REVIEW,REVIEW,REVIEW
AUX-PROV-5F13F3C033B0,provider-logo,provider-logo::INTER +.png,PASS,PRESERVED_NATIVE_CANVAS,PASS,REVIEW,REVIEW,REVIEW
AUX-PROV-BB579B67746E,provider-logo,provider-logo::INTER PLUS.png,PASS,PRESERVED_NATIVE_CANVAS,PASS,REVIEW,REVIEW,REVIEW
AUX-PROV-32C15AA20FE7,provider-logo,provider-logo::INTERAZ.png,PASS,PRESERVED_NATIVE_CANVAS,PASS,AUTO-FIXED,REVIEW,REVIEW
AUX-PROV-74CAC99574B5,provider-logo,provider-logo::INTERCOM BL.png,PASS,PRESERVED_NATIVE_CANVAS,PASS,REVIEW,REVIEW,REVIEW
AUX-PROV-6315504E9E0A,provider-logo,provider-logo::INTERCOM HT.png,PASS,PRESERVED_NATIVE_CANVAS,PASS,REVIEW,REVIEW,REVIEW
AUX-PROV-8BD62E187D56,provider-logo,provider-logo::INTERCOM.png,PASS,PRESERVED_NATIVE_CANVAS,PASS,REVIEW,REVIEW,REVIEW
AUX-PROV-D536535E4E13,provider-logo,provider-logo::INTERECONOMIA.png,PASS,PRESERVED_NATIVE_CANVAS,PASS,REVIEW,REVIEW,REVIEW
AUX-PROV-19D9484CC656,provider-logo,provider-logo::INTERNATIONAL DATACASTING.png,PASS,PRESERVED_NATIVE_CANVAS,PASS,REVIEW,REVIEW,REVIEW
AUX-PROV-A308294D0E4F,provider-logo,provider-logo::INTERNETOVERADIO.png,PASS,PRESERVED_NATIVE_CANVAS,PASS,REVIEW,REVIEW,REVIEW
AUX-PROV-16DC3D6A6110,provider-logo,provider-logo::INTRALOT.png,PASS,PRESERVED_NATIVE_CANVAS,PASS,AUTO-FIXED,REVIEW,REVIEW
AUX-PROV-8C4E214F5871,provider-logo,provider-logo::IPLEX.png,PASS,PRESERVED_NATIVE_CANVAS,PASS,REVIEW,REVIEW,REVIEW
AUX-PROV-C490E00F0AAD,provider-logo,provider-logo::IPTV NTV.png,PASS,PRESERVED_NATIVE_CANVAS,PASS,REVIEW,REVIEW,REVIEW
AUX-PROV-959418466B89,provider-logo,provider-logo::IPTV.png,MISSING_SOURCE,NOT_APPLICABLE,MISSING_SOURCE,MISSING_SOURCE,MISSING_SOURCE,SOURCE-UNRESOLVED
AUX-PROV-3892DAD42AF8,provider-logo,provider-logo::IPTV1.png,PASS,PRESERVED_NATIVE_CANVAS,PASS,REVIEW,REVIEW,REVIEW
AUX-PROV-FC7839DF7671,provider-logo,provider-logo::IPVIDEOTRANS.png,PASS,PRESERVED_NATIVE_CANVAS,PASS,REVIEW,REVIEW,REVIEW
AUX-PROV-890F8D275CD1,provider-logo,provider-logo::IQ TELEPORT.png,PASS,PRESERVED_NATIVE_CANVAS,PASS,PASS,REVIEW,REVIEW
AUX-PROV-03DE6E3247F1,provider-logo,provider-logo::IRAN PRESS.png,PASS,PRESERVED_NATIVE_CANVAS,PASS,REVIEW,REVIEW,REVIEW
AUX-PROV-8DCCF6CB0FF3,provider-logo,provider-logo::IRIB.png,PASS,PRESERVED_NATIVE_CANVAS,PASS,AUTO-FIXED,AUTO-FIXED,AUTO-FIXED
AUX-PROV-6AFB0E5132BB,provider-logo,provider-logo::IRIS.png,PASS,PRESERVED_NATIVE_CANVAS,PASS,AUTO-FIXED,AUTO-FIXED,AUTO-FIXED
AUX-PROV-E37C65352AF6,provider-logo,provider-logo::ISEEHD.png,PASS,PRESERVED_NATIVE_CANVAS,PASS,AUTO-FIXED,REVIEW,REVIEW
AUX-PROV-46F03B3ADDD0,provider-logo,provider-logo::ITALIA 3.png,PASS,PRESERVED_NATIVE_CANVAS,PASS,REVIEW,REVIEW,REVIEW
AUX-PROV-56E503B5A8BB,provider-logo,provider-logo::ITALIA DTT.png,MISSING_SOURCE,NOT_APPLICABLE,MISSING_SOURCE,MISSING_SOURCE,MISSING_SOURCE,SOURCE-UNRESOLVED
AUX-PROV-2EA45136E373,provider-logo,provider-logo::ITALIA NETWORK.png,PASS,PRESERVED_NATIVE_CANVAS,PASS,REVIEW,REVIEW,REVIEW
AUX-PROV-9C9C40F7F845,provider-logo,provider-logo::ITV LIVE.png,PASS,PRESERVED_NATIVE_CANVAS,PASS,REVIEW,REVIEW,REVIEW
AUX-PROV-2187EAF4E5BF,provider-logo,provider-logo::ITV.png,PASS,PRESERVED_NATIVE_CANVAS,PASS,REVIEW,REVIEW,REVIEW
AUX-PROV-602C02753C71,provider-logo,provider-logo::JASCO.png,PASS,PRESERVED_NATIVE_CANVAS,PASS,AUTO-FIXED,REVIEW,REVIEW
AUX-PROV-8C35E7DD0BB8,provider-logo,provider-logo::JMC.png,PASS,PRESERVED_NATIVE_CANVAS,PASS,REVIEW,REVIEW,REVIEW
AUX-PROV-60FACD2203F5,provider-logo,provider-logo::JOJ GROUP.png,PASS,PRESERVED_NATIVE_CANVAS,PASS,REVIEW,REVIEW,REVIEW
AUX-PROV-CA49C89D819C,provider-logo,provider-logo::JONYE.png,PASS,PRESERVED_NATIVE_CANVAS,PASS,REVIEW,REVIEW,REVIEW
AUX-PROV-B001D5B4EAEA,provider-logo,provider-logo::JOYNE.png,PASS,PRESERVED_NATIVE_CANVAS,PASS,REVIEW,REVIEW,REVIEW
AUX-PROV-CF5892A22CE8,provider-logo,provider-logo::JURNALTV.png,PASS,PRESERVED_NATIVE_CANVAS,PASS,REVIEW,REVIEW,REVIEW
AUX-PROV-3B8C8F205F29,provider-logo,provider-logo::KABEL DEUTSCHLAND.png,MISSING_SOURCE,NOT_APPLICABLE,MISSING_SOURCE,MISSING_SOURCE,MISSING_SOURCE,SOURCE-UNRESOLVED
AUX-PROV-116C6E5323BE,provider-logo,provider-logo::KABEL KIOSK.png,MISSING_SOURCE,NOT_APPLICABLE,MISSING_SOURCE,MISSING_SOURCE,MISSING_SOURCE,SOURCE-UNRESOLVED
AUX-PROV-402E041D1024,provider-logo,provider-logo::KABELIO SUISSE.png,MISSING_SOURCE,NOT_APPLICABLE,MISSING_SOURCE,MISSING_SOURCE,MISSING_SOURCE,SOURCE-UNRESOLVED
AUX-PROV-DF955801A5BD,provider-logo,provider-logo::KABELIO.CH.png,PASS,PRESERVED_NATIVE_CANVAS,PASS,REVIEW,REVIEW,REVIEW
AUX-PROV-71B223B85E52,provider-logo,provider-logo::KABELKIOSK.png,PASS,PRESERVED_NATIVE_CANVAS,PASS,REVIEW,REVIEW,REVIEW
AUX-PROV-D6C175342EA6,provider-logo,provider-logo::KACKAR.png,PASS,PRESERVED_NATIVE_CANVAS,PASS,REVIEW,REVIEW,REVIEW
AUX-PROV-A638EF4C3E6E,provider-logo,provider-logo::KANAL 7 AVRUPA.png,PASS,PRESERVED_NATIVE_CANVAS,PASS,REVIEW,REVIEW,REVIEW
AUX-PROV-EDD3453571B1,provider-logo,provider-logo::KANAL 7.png,PASS,PRESERVED_NATIVE_CANVAS,PASS,REVIEW,AUTO-FIXED,REVIEW
AUX-PROV-A0505245C9C6,provider-logo,provider-logo::KANAL D.png,PASS,PRESERVED_NATIVE_CANVAS,PASS,AUTO-FIXED,REVIEW,REVIEW
AUX-PROV-0ABBEAF19DFC,provider-logo,provider-logo::KARNAVAL.png,PASS,PRESERVED_NATIVE_CANVAS,PASS,REVIEW,REVIEW,REVIEW
AUX-PROV-F2CD8F3AC9D2,provider-logo,provider-logo::KARTINA SATELLITE.png,PASS,PRESERVED_NATIVE_CANVAS,PASS,AUTO-FIXED,REVIEW,REVIEW
AUX-PROV-D8E66C55B091,provider-logo,provider-logo::KARTINA TV.png,PASS,PRESERVED_NATIVE_CANVAS,PASS,REVIEW,REVIEW,REVIEW
AUX-PROV-A5A051996F55,provider-logo,provider-logo::KATOLIKUS RADIO.png,PASS,PRESERVED_NATIVE_CANVAS,PASS,REVIEW,AUTO-FIXED,REVIEW
AUX-PROV-9BAEBF2CECCE,provider-logo,provider-logo::KD HOME.png,MISSING_SOURCE,NOT_APPLICABLE,MISSING_SOURCE,MISSING_SOURCE,MISSING_SOURCE,SOURCE-UNRESOLVED
AUX-PROV-DA7AC34E4C43,provider-logo,provider-logo::KENTRON.png,PASS,PRESERVED_NATIVE_CANVAS,PASS,REVIEW,REVIEW,REVIEW
AUX-PROV-5325E9752B24,provider-logo,provider-logo::KHALIJ.png,PASS,PRESERVED_NATIVE_CANVAS,PASS,AUTO-FIXED,AUTO-FIXED,AUTO-FIXED
AUX-PROV-D103973E34AA,provider-logo,provider-logo::KISS FM.png,PASS,PRESERVED_NATIVE_CANVAS,PASS,REVIEW,REVIEW,REVIEW
AUX-PROV-EE541047B225,provider-logo,provider-logo::KISS KISS NAPOLI TV.png,PASS,PRESERVED_NATIVE_CANVAS,PASS,REVIEW,REVIEW,REVIEW
AUX-PROV-A95D40DC364F,provider-logo,provider-logo::KRONEHIT.png,PASS,PRESERVED_NATIVE_CANVAS,PASS,AUTO-FIXED,REVIEW,REVIEW
AUX-PROV-712F171A20A8,provider-logo,provider-logo::KRTPC.png,PASS,PRESERVED_NATIVE_CANVAS,PASS,REVIEW,REVIEW,REVIEW
AUX-PROV-6B4BF5AFFB69,provider-logo,provider-logo::KURDISTAN 24.png,PASS,PRESERVED_NATIVE_CANVAS,PASS,REVIEW,REVIEW,REVIEW
AUX-PROV-393A67A6A473,provider-logo,provider-logo::KURIAKOS TV HD.png,PASS,PRESERVED_NATIVE_CANVAS,PASS,AUTO-FIXED,REVIEW,REVIEW
AUX-PROV-25014839E517,provider-logo,provider-logo::KUWAIT RADIO.png,PASS,PRESERVED_NATIVE_CANVAS,PASS,AUTO-FIXED,REVIEW,REVIEW
AUX-PROV-392F14874781,provider-logo,provider-logo::LA TV CROSSMEDIALE.png,PASS,PRESERVED_NATIVE_CANVAS,PASS,REVIEW,REVIEW,REVIEW
AUX-PROV-9E0CD6C41698,provider-logo,provider-logo::LA2.png,PASS,PRESERVED_NATIVE_CANVAS,PASS,REVIEW,REVIEW,REVIEW
AUX-PROV-548928039F98,provider-logo,provider-logo::LAC.png,PASS,PRESERVED_NATIVE_CANVAS,PASS,REVIEW,REVIEW,REVIEW
AUX-PROV-5894214CD402,provider-logo,provider-logo::LANET.png,PASS,PRESERVED_NATIVE_CANVAS,PASS,AUTO-FIXED,REVIEW,REVIEW
AUX-PROV-752F893FAFB8,provider-logo,provider-logo::LBC.png,PASS,PRESERVED_NATIVE_CANVAS,PASS,REVIEW,REVIEW,REVIEW
AUX-PROV-2BE549CC1196,provider-logo,provider-logo::LBCI.png,PASS,PRESERVED_NATIVE_CANVAS,PASS,REVIEW,REVIEW,REVIEW
AUX-PROV-1813951D8AEE,provider-logo,provider-logo::LE CRONACHE.png,PASS,PRESERVED_NATIVE_CANVAS,PASS,AUTO-FIXED,REVIEW,REVIEW
AUX-PROV-60E09B2EBCF4,provider-logo,provider-logo::LIBYA ALAAN.png,PASS,PRESERVED_NATIVE_CANVAS,PASS,AUTO-FIXED,REVIEW,REVIEW
AUX-PROV-EB8CCD3719AF,provider-logo,provider-logo::LIFELINK TV.png,PASS,PRESERVED_NATIVE_CANVAS,PASS,REVIEW,REVIEW,REVIEW
AUX-PROV-CEF3F632337A,provider-logo,provider-logo::LIRA TV.png,PASS,PRESERVED_NATIVE_CANVAS,PASS,REVIEW,REVIEW,REVIEW
AUX-PROV-54FA9EF30CF5,provider-logo,provider-logo::LIRATV HD.png,PASS,PRESERVED_NATIVE_CANVAS,PASS,REVIEW,REVIEW,REVIEW
AUX-PROV-4610B5BC7F59,provider-logo,provider-logo::LUALUA.png,PASS,PRESERVED_NATIVE_CANVAS,PASS,REVIEW,REVIEW,REVIEW
AUX-PROV-304E53F88DE3,provider-logo,provider-logo::M-HREE SATCOM.png,PASS,PRESERVED_NATIVE_CANVAS,PASS,REVIEW,AUTO-FIXED,REVIEW
AUX-PROV-0A2FFC4B2E84,provider-logo,provider-logo::M-THREE SATCOM SRL.png,PASS,PRESERVED_NATIVE_CANVAS,PASS,REVIEW,AUTO-FIXED,REVIEW
AUX-PROV-A829BA926778,provider-logo,provider-logo::M-THREE SATCOM.png,PASS,PRESERVED_NATIVE_CANVAS,PASS,REVIEW,AUTO-FIXED,REVIEW
AUX-PROV-42813D44FA49,provider-logo,provider-logo::M-THREEE SATCOM.png,PASS,PRESERVED_NATIVE_CANVAS,PASS,REVIEW,AUTO-FIXED,REVIEW
AUX-PROV-FB1ED98F6447,provider-logo,provider-logo::M-THREESATCOM SRL.png,PASS,PRESERVED_NATIVE_CANVAS,PASS,REVIEW,AUTO-FIXED,REVIEW
AUX-PROV-135B62013349,provider-logo,provider-logo::M.-THREE SATCOM.png,PASS,PRESERVED_NATIVE_CANVAS,PASS,REVIEW,AUTO-FIXED,REVIEW
AUX-PROV-FE49FC96871A,provider-logo,provider-logo::M1 HD.png,PASS,PRESERVED_NATIVE_CANVAS,PASS,REVIEW,REVIEW,REVIEW
AUX-PROV-88A63A339978,provider-logo,provider-logo::M2 HD.png,PASS,PRESERVED_NATIVE_CANVAS,PASS,AUTO-FIXED,REVIEW,REVIEW
AUX-PROV-8CF6E8EE12CD,provider-logo,provider-logo::M7 DEUTSCHLAND.png,MISSING_SOURCE,NOT_APPLICABLE,MISSING_SOURCE,MISSING_SOURCE,MISSING_SOURCE,SOURCE-UNRESOLVED
AUX-PROV-CB4AB92C5346,provider-logo,provider-logo::M7 GROUP.png,PASS,PRESERVED_NATIVE_CANVAS,PASS,REVIEW,REVIEW,REVIEW
AUX-PROV-849840148388,provider-logo,provider-logo::M7.png,PASS,PRESERVED_NATIVE_CANVAS,PASS,REVIEW,REVIEW,REVIEW
AUX-PROV-E684E60942F9,provider-logo,provider-logo::M80.png,PASS,PRESERVED_NATIVE_CANVAS,PASS,REVIEW,AUTO-FIXED,REVIEW
AUX-PROV-796371012285,provider-logo,provider-logo::MAGIO TV.png,MISSING_SOURCE,NOT_APPLICABLE,MISSING_SOURCE,MISSING_SOURCE,MISSING_SOURCE,SOURCE-UNRESOLVED
AUX-PROV-34CBCB5D87B4,provider-logo,provider-logo::MAGTICOM.png,PASS,PRESERVED_NATIVE_CANVAS,PASS,REVIEW,REVIEW,REVIEW
AUX-PROV-CF66303BBD0F,provider-logo,provider-logo::MAGTISAT.png,PASS,PRESERVED_NATIVE_CANVAS,PASS,REVIEW,REVIEW,REVIEW
AUX-PROV-392A8DAA7A2A,provider-logo,provider-logo::MAGYAR TELEVIZIO.png,MISSING_SOURCE,NOT_APPLICABLE,MISSING_SOURCE,MISSING_SOURCE,MISSING_SOURCE,SOURCE-UNRESOLVED
AUX-PROV-EE0A1BF49B27,provider-logo,provider-logo::MAINDATA.png,PASS,PRESERVED_NATIVE_CANVAS,PASS,REVIEW,REVIEW,REVIEW
AUX-PROV-6366BD05665B,provider-logo,provider-logo::MAJAN.png,PASS,PRESERVED_NATIVE_CANVAS,PASS,REVIEW,REVIEW,REVIEW
AUX-PROV-E256E2B36F00,provider-logo,provider-logo::MANOTO HD.png,PASS,PRESERVED_NATIVE_CANVAS,PASS,REVIEW,REVIEW,REVIEW
AUX-PROV-2681B30F8E6A,provider-logo,provider-logo::MANOTO.png,PASS,PRESERVED_NATIVE_CANVAS,PASS,REVIEW,REVIEW,REVIEW
AUX-PROV-34B0AD21F99D,provider-logo,provider-logo::MARGINAL.png,PASS,PRESERVED_NATIVE_CANVAS,PASS,REVIEW,REVIEW,REVIEW
AUX-PROV-075159DFFB2D,provider-logo,provider-logo::MARKIZA.png,MISSING_SOURCE,NOT_APPLICABLE,MISSING_SOURCE,MISSING_SOURCE,MISSING_SOURCE,SOURCE-UNRESOLVED
AUX-PROV-3C0C7A18C4DA,provider-logo,provider-logo::MASH MEDIA.png,PASS,PRESERVED_NATIVE_CANVAS,PASS,REVIEW,REVIEW,REVIEW
AUX-PROV-CDFD0D9AB5DD,provider-logo,provider-logo::MAX TV.png,MISSING_SOURCE,NOT_APPLICABLE,MISSING_SOURCE,MISSING_SOURCE,MISSING_SOURCE,SOURCE-UNRESOLVED
AUX-PROV-FBCF23A76367,provider-logo,provider-logo::MAXTV HRVATSKA.png,MISSING_SOURCE,NOT_APPLICABLE,MISSING_SOURCE,MISSING_SOURCE,MISSING_SOURCE,SOURCE-UNRESOLVED
AUX-PROV-D2D696E097A0,provider-logo,provider-logo::MAXTV SAT.png,MISSING_SOURCE,NOT_APPLICABLE,MISSING_SOURCE,MISSING_SOURCE,MISSING_SOURCE,SOURCE-UNRESOLVED
AUX-PROV-ED8286FA5E0E,provider-logo,provider-logo::MAXXI TV.png,PASS,PRESERVED_NATIVE_CANVAS,PASS,REVIEW,REVIEW,REVIEW
AUX-PROV-7354F8263E57,provider-logo,provider-logo::MB SATELLITE.png,PASS,PRESERVED_NATIVE_CANVAS,PASS,AUTO-FIXED,REVIEW,REVIEW
AUX-PROV-4107107117B7,provider-logo,provider-logo::MBC.png,PASS,PRESERVED_NATIVE_CANVAS,PASS,REVIEW,REVIEW,REVIEW
AUX-PROV-DC0449EB16B2,provider-logo,provider-logo::MCA.png,PASS,PRESERVED_NATIVE_CANVAS,PASS,REVIEW,REVIEW,REVIEW
AUX-PROV-57E5BDAF7CF2,provider-logo,provider-logo::MCK.png,PASS,PRESERVED_NATIVE_CANVAS,PASS,REVIEW,REVIEW,REVIEW
AUX-PROV-C2B0D955F761,provider-logo,provider-logo::MCM POP.png,PASS,PRESERVED_NATIVE_CANVAS,PASS,REVIEW,REVIEW,REVIEW
AUX-PROV-96403CED3135,provider-logo,provider-logo::MCTV.png,PASS,PRESERVED_NATIVE_CANVAS,PASS,AUTO-FIXED,AUTO-FIXED,AUTO-FIXED
AUX-PROV-920C2ED27654,provider-logo,provider-logo::MEDIA 7.png,PASS,PRESERVED_NATIVE_CANVAS,PASS,REVIEW,REVIEW,REVIEW
AUX-PROV-419E79326FD6,provider-logo,provider-logo::MEDIA BROADCAST SATELLITE.png,MISSING_SOURCE,NOT_APPLICABLE,MISSING_SOURCE,MISSING_SOURCE,MISSING_SOURCE,SOURCE-UNRESOLVED
AUX-PROV-3C5244FD5AC8,provider-logo,provider-logo::MEDIA BROADCAST.png,PASS,PRESERVED_NATIVE_CANVAS,PASS,REVIEW,REVIEW,REVIEW
AUX-PROV-2325EE44F222,provider-logo,provider-logo::MEDIA BRODCAST.png,MISSING_SOURCE,NOT_APPLICABLE,MISSING_SOURCE,MISSING_SOURCE,MISSING_SOURCE,SOURCE-UNRESOLVED
AUX-PROV-F54426ABD652,provider-logo,provider-logo::MEDIA LIVE.png,PASS,PRESERVED_NATIVE_CANVAS,PASS,REVIEW,REVIEW,REVIEW
AUX-PROV-CC7746292A65,provider-logo,provider-logo::MEDIA TV.png,PASS,PRESERVED_NATIVE_CANVAS,PASS,REVIEW,REVIEW,REVIEW
AUX-PROV-8A47D408BEAE,provider-logo,provider-logo::MEDIA-LIVE.png,PASS,PRESERVED_NATIVE_CANVAS,PASS,REVIEW,REVIEW,REVIEW
AUX-PROV-404E4C1DB1B1,provider-logo,provider-logo::MEDIA.png,PASS,PRESERVED_NATIVE_CANVAS,PASS,REVIEW,REVIEW,REVIEW
AUX-PROV-BB776BFF5588,provider-logo,provider-logo::MEDIA7.png,PASS,PRESERVED_NATIVE_CANVAS,PASS,REVIEW,REVIEW,REVIEW
AUX-PROV-FB51694E8B81,provider-logo,provider-logo::MEDIADIAPASON.png,PASS,PRESERVED_NATIVE_CANVAS,PASS,REVIEW,REVIEW,REVIEW
AUX-PROV-693046373F5D,provider-logo,provider-logo::MEDIAKIND.png,PASS,PRESERVED_NATIVE_CANVAS,PASS,REVIEW,REVIEW,REVIEW
AUX-PROV-9CC769B86F03,provider-logo,provider-logo::MEDIALIVE.png,PASS,PRESERVED_NATIVE_CANVAS,PASS,REVIEW,REVIEW,REVIEW
AUX-PROV-23702F28936A,provider-logo,provider-logo::MEDIALOGISTIKA.png,PASS,PRESERVED_NATIVE_CANVAS,PASS,REVIEW,REVIEW,REVIEW
AUX-PROV-1BD78FD0A963,provider-logo,provider-logo::MEDIALOOKS.png,PASS,PRESERVED_NATIVE_CANVAS,PASS,REVIEW,REVIEW,REVIEW
AUX-PROV-4ACE6DADB87C,provider-logo,provider-logo::MEDIANEWS.png,PASS,PRESERVED_NATIVE_CANVAS,PASS,AUTO-FIXED,AUTO-FIXED,AUTO-FIXED
AUX-PROV-CFA2BF5B886F,provider-logo,provider-logo::MEDIANORDEST.png,PASS,PRESERVED_NATIVE_CANVAS,PASS,AUTO-FIXED,REVIEW,REVIEW
AUX-PROV-6013BD13C40C,provider-logo,provider-logo::MEDIAPASON.png,PASS,PRESERVED_NATIVE_CANVAS,PASS,REVIEW,REVIEW,REVIEW
AUX-PROV-D5EAEF2FF285,provider-logo,provider-logo::MEDIASET.png,PASS,PRESERVED_NATIVE_CANVAS,PASS,REVIEW,REVIEW,REVIEW
AUX-PROV-D17BB131C6C1,provider-logo,provider-logo::MEGA HITS.png,PASS,PRESERVED_NATIVE_CANVAS,PASS,AUTO-FIXED,REVIEW,REVIEW
AUX-PROV-05DD90F3E0FC,provider-logo,provider-logo::MEGAIMPULS TV.png,PASS,PRESERVED_NATIVE_CANVAS,PASS,REVIEW,REVIEW,REVIEW
AUX-PROV-7B1618893CC9,provider-logo,provider-logo::MEGASTAR.png,PASS,PRESERVED_NATIVE_CANVAS,PASS,AUTO-FIXED,AUTO-FIXED,AUTO-FIXED
AUX-PROV-1B48922AC9E0,provider-logo,provider-logo::MELODIA FM.png,PASS,PRESERVED_NATIVE_CANVAS,PASS,AUTO-FIXED,REVIEW,REVIEW
AUX-PROV-2C3E6C2EC0AA,provider-logo,provider-logo::MEZZO.png,PASS,PRESERVED_NATIVE_CANVAS,PASS,REVIEW,REVIEW,REVIEW
AUX-PROV-87BBCF69B78A,provider-logo,provider-logo::MHD7.png,PASS,PRESERVED_NATIVE_CANVAS,PASS,REVIEW,REVIEW,REVIEW
AUX-PROV-74DF39319E41,provider-logo,provider-logo::MIMYUNI.png,PASS,PRESERVED_NATIVE_CANVAS,PASS,REVIEW,REVIEW,REVIEW
AUX-PROV-441FB93B7F35,provider-logo,provider-logo::MIT-XPERTS GMBH.png,PASS,PRESERVED_NATIVE_CANVAS,PASS,REVIEW,REVIEW,REVIEW
AUX-PROV-2EB576919BB8,provider-logo,provider-logo::MOTORI_TV.png,MISSING_SOURCE,NOT_APPLICABLE,MISSING_SOURCE,MISSING_SOURCE,MISSING_SOURCE,SOURCE-UNRESOLVED
AUX-PROV-2ED63B6E318D,provider-logo,provider-logo::MOVIESTAR+ HISPASAT.png,MISSING_SOURCE,NOT_APPLICABLE,MISSING_SOURCE,MISSING_SOURCE,MISSING_SOURCE,SOURCE-UNRESOLVED
AUX-PROV-58A7BF3EF4F5,provider-logo,provider-logo::MOVISRTA+.png,PASS,PRESERVED_NATIVE_CANVAS,PASS,REVIEW,REVIEW,REVIEW
AUX-PROV-6A73C70CB460,provider-logo,provider-logo::MOVISTAR+ HISPASAT.png,MISSING_SOURCE,NOT_APPLICABLE,MISSING_SOURCE,MISSING_SOURCE,MISSING_SOURCE,SOURCE-UNRESOLVED
AUX-PROV-EC8293FC6C37,provider-logo,provider-logo::MOVISTAR+.png,PASS,PRESERVED_NATIVE_CANVAS,PASS,REVIEW,REVIEW,REVIEW
AUX-PROV-4FF040C49FB1,provider-logo,provider-logo::MOVISTAR.png,PASS,PRESERVED_NATIVE_CANVAS,PASS,REVIEW,REVIEW,REVIEW
AUX-PROV-DBD0A9649814,provider-logo,provider-logo::MOVISTARPLUS.png,PASS,PRESERVED_NATIVE_CANVAS,PASS,AUTO-FIXED,AUTO-FIXED,AUTO-FIXED
AUX-PROV-0CC53A1E2900,provider-logo,provider-logo::MOYO TV.png,PASS,PRESERVED_NATIVE_CANVAS,PASS,AUTO-FIXED,REVIEW,REVIEW
AUX-PROV-0E47381CC859,provider-logo,provider-logo::MS M.png,PASS,PRESERVED_NATIVE_CANVAS,PASS,REVIEW,REVIEW,REVIEW
AUX-PROV-1CB012062D5E,provider-logo,provider-logo::MSAT GLOBAL.png,PASS,PRESERVED_NATIVE_CANVAS,PASS,REVIEW,REVIEW,REVIEW
AUX-PROV-16B4C263F7B6,provider-logo,provider-logo::MTA INT..png,PASS,PRESERVED_NATIVE_CANVAS,PASS,REVIEW,AUTO-FIXED,REVIEW
AUX-PROV-C4FADA98BBAA,provider-logo,provider-logo::MTC.png,PASS,PRESERVED_NATIVE_CANVAS,PASS,REVIEW,REVIEW,REVIEW
AUX-PROV-703F6AA072D8,provider-logo,provider-logo::MTEL.png,MISSING_SOURCE,NOT_APPLICABLE,MISSING_SOURCE,MISSING_SOURCE,MISSING_SOURCE,SOURCE-UNRESOLVED
AUX-PROV-54BC01DEE703,provider-logo,provider-logo::MTHREE SATCOM.png,PASS,PRESERVED_NATIVE_CANVAS,PASS,REVIEW,AUTO-FIXED,REVIEW
AUX-PROV-DC34482F9F51,provider-logo,provider-logo::MTV 00S.png,PASS,PRESERVED_NATIVE_CANVAS,PASS,AUTO-FIXED,REVIEW,REVIEW
AUX-PROV-899DD6F4B2FA,provider-logo,provider-logo::MTV INTERNATIONAL.png,MISSING_SOURCE,NOT_APPLICABLE,MISSING_SOURCE,MISSING_SOURCE,MISSING_SOURCE,SOURCE-UNRESOLVED
AUX-PROV-EE54EE9A2D9F,provider-logo,provider-logo::MTV NETWORK EUROPE.png,PASS,PRESERVED_NATIVE_CANVAS,PASS,AUTO-FIXED,AUTO-FIXED,AUTO-FIXED
AUX-PROV-B450E8586276,provider-logo,provider-logo::MTV NETWORKS EUROPE.png,PASS,PRESERVED_NATIVE_CANVAS,PASS,AUTO-FIXED,AUTO-FIXED,AUTO-FIXED
AUX-PROV-D795313E83A7,provider-logo,provider-logo::MTV NETWORKS.png,PASS,PRESERVED_NATIVE_CANVAS,PASS,AUTO-FIXED,AUTO-FIXED,AUTO-FIXED
AUX-PROV-6B2111226ADC,provider-logo,provider-logo::MTV PORTUGAL.png,PASS,PRESERVED_NATIVE_CANVAS,PASS,REVIEW,REVIEW,REVIEW
AUX-PROV-54465EDAC584,provider-logo,provider-logo::MTV UNLIMITED.png,MISSING_SOURCE,NOT_APPLICABLE,MISSING_SOURCE,MISSING_SOURCE,MISSING_SOURCE,SOURCE-UNRESOLVED
AUX-PROV-60E8342B2758,provider-logo,provider-logo::MTV.png,PASS,PRESERVED_NATIVE_CANVAS,PASS,AUTO-FIXED,AUTO-FIXED,AUTO-FIXED
AUX-PROV-842030E6EEBD,provider-logo,provider-logo::MTVA.png,PASS,PRESERVED_NATIVE_CANVAS,PASS,REVIEW,REVIEW,REVIEW
AUX-PROV-8A01BD3DD661,provider-logo,provider-logo::MULTI4.png,PASS,PRESERVED_NATIVE_CANVAS,PASS,REVIEW,REVIEW,REVIEW
AUX-PROV-165F4AA1A6B1,provider-logo,provider-logo::MULTICHOICE.png,MISSING_SOURCE,NOT_APPLICABLE,MISSING_SOURCE,MISSING_SOURCE,MISSING_SOURCE,SOURCE-UNRESOLVED
AUX-PROV-B8A22C2B8A2C,provider-logo,provider-logo::MULTICHOJCE AFRICA.png,MISSING_SOURCE,NOT_APPLICABLE,MISSING_SOURCE,MISSING_SOURCE,MISSING_SOURCE,SOURCE-UNRESOLVED
AUX-PROV-4C4AE7E78BF3,provider-logo,provider-logo::MULTISTREAM.png,MISSING_SOURCE,NOT_APPLICABLE,MISSING_SOURCE,MISSING_SOURCE,MISSING_SOURCE,SOURCE-UNRESOLVED
AUX-PROV-C9BEE642F6BD,provider-logo,provider-logo::MUX TV.png,MISSING_SOURCE,NOT_APPLICABLE,MISSING_SOURCE,MISSING_SOURCE,MISSING_SOURCE,SOURCE-UNRESOLVED
AUX-PROV-7AAD721AD9FB,provider-logo,provider-logo::MVIDEO.png,PASS,PRESERVED_NATIVE_CANVAS,PASS,REVIEW,REVIEW,REVIEW
AUX-PROV-A808B46C3138,provider-logo,provider-logo::MX1.png,PASS,PRESERVED_NATIVE_CANVAS,PASS,AUTO-FIXED,AUTO-FIXED,AUTO-FIXED
AUX-PROV-7C7AB9553D78,provider-logo,provider-logo::MY HD.png,PASS,PRESERVED_NATIVE_CANVAS,PASS,REVIEW,REVIEW,REVIEW
AUX-PROV-83D0FD7598B9,provider-logo,provider-logo::MY TV.png,PASS,PRESERVED_NATIVE_CANVAS,PASS,REVIEW,REVIEW,REVIEW
AUX-PROV-B55C58B5BD22,provider-logo,provider-logo::MYEZA NETWORKS.png,SOURCE-REVIEW,PRESERVED_NATIVE_CANVAS,REVIEW,HOLD,HOLD,REVIEW
AUX-PROV-DCF1B2B49FFD,provider-logo,provider-logo::MYHD.png,PASS,PRESERVED_NATIVE_CANVAS,PASS,REVIEW,REVIEW,REVIEW
AUX-PROV-837DFDE2BF9F,provider-logo,provider-logo::NATGEO.png,PASS,PRESERVED_NATIVE_CANVAS,PASS,REVIEW,REVIEW,REVIEW
AUX-PROV-29EE0ACC6132,provider-logo,provider-logo::NATIONAL GEOGRAPHIC WILD.png,PASS,PRESERVED_NATIVE_CANVAS,PASS,REVIEW,REVIEW,REVIEW
AUX-PROV-8D4AF92035EE,provider-logo,provider-logo::NBC NEWS.png,PASS,PRESERVED_NATIVE_CANVAS,PASS,REVIEW,REVIEW,REVIEW
AUX-PROV-C88B32AC2672,provider-logo,provider-logo::NBC SATOPS.png,PASS,PRESERVED_NATIVE_CANVAS,PASS,REVIEW,REVIEW,REVIEW
AUX-PROV-9026B0CA490A,provider-logo,provider-logo::NC +.png,MISSING_SOURCE,NOT_APPLICABLE,MISSING_SOURCE,MISSING_SOURCE,MISSING_SOURCE,SOURCE-UNRESOLVED
AUX-PROV-063461B75DB6,provider-logo,provider-logo::NC+.png,PASS,PRESERVED_NATIVE_CANVAS,PASS,REVIEW,REVIEW,REVIEW
AUX-PROV-ECCF1E0575BD,provider-logo,provider-logo::NC.png,PASS,PRESERVED_NATIVE_CANVAS,PASS,REVIEW,REVIEW,REVIEW
AUX-PROV-917771B75AE8,provider-logo,provider-logo::NCPLUS.png,PASS,PRESERVED_NATIVE_CANVAS,PASS,AUTO-FIXED,AUTO-FIXED,AUTO-FIXED
AUX-PROV-D6A2B49E956D,provider-logo,provider-logo::NEOSAT.png,PASS,PRESERVED_NATIVE_CANVAS,PASS,REVIEW,REVIEW,REVIEW
AUX-PROV-4BC44BD2F876,provider-logo,provider-logo::NET 1.png,PASS,PRESERVED_NATIVE_CANVAS,PASS,REVIEW,REVIEW,REVIEW
AUX-PROV-4A7C8BA88AE4,provider-logo,provider-logo::NETERRA COMMUNICATIONS.png,MISSING_SOURCE,NOT_APPLICABLE,MISSING_SOURCE,MISSING_SOURCE,MISSING_SOURCE,SOURCE-UNRESOLVED
AUX-PROV-4DF3EAC8C6A5,provider-logo,provider-logo::NETERRA.png,MISSING_SOURCE,NOT_APPLICABLE,MISSING_SOURCE,MISSING_SOURCE,MISSING_SOURCE,SOURCE-UNRESOLVED
AUX-PROV-73791E630175,provider-logo,provider-logo::NETMED.png,PASS,PRESERVED_NATIVE_CANVAS,PASS,AUTO-FIXED,AUTO-FIXED,AUTO-FIXED
AUX-PROV-BECC4AAA774F,provider-logo,provider-logo::NEWRUS TV.png,PASS,PRESERVED_NATIVE_CANVAS,PASS,REVIEW,REVIEW,REVIEW
AUX-PROV-2230A40B594D,provider-logo,provider-logo::NEWS 24.png,PASS,PRESERVED_NATIVE_CANVAS,PASS,REVIEW,REVIEW,REVIEW
AUX-PROV-89E41C647A7B,provider-logo,provider-logo::NEXTOLOGIES.png,PASS,PRESERVED_NATIVE_CANVAS,PASS,REVIEW,REVIEW,REVIEW
AUX-PROV-A23716B9BC80,provider-logo,provider-logo::NGROUP.png,PASS,PRESERVED_NATIVE_CANVAS,PASS,REVIEW,REVIEW,REVIEW
AUX-PROV-EE2B08A01563,provider-logo,provider-logo::NIGERIAN TELEVISION.png,PASS,PRESERVED_NATIVE_CANVAS,PASS,REVIEW,REVIEW,REVIEW
AUX-PROV-74D59BEB075E,provider-logo,provider-logo::NILESAT LIBANON.png,MISSING_SOURCE,NOT_APPLICABLE,MISSING_SOURCE,MISSING_SOURCE,MISSING_SOURCE,SOURCE-UNRESOLVED
AUX-PROV-6F5054FC850D,provider-logo,provider-logo::NILESAT.png,PASS,PRESERVED_NATIVE_CANVAS,PASS,REVIEW,REVIEW,REVIEW
AUX-PROV-F22E694E736E,provider-logo,provider-logo::NOITV.png,PASS,PRESERVED_NATIVE_CANVAS,PASS,REVIEW,REVIEW,REVIEW
AUX-PROV-EE93365D5E6B,provider-logo,provider-logo::NONE.png,PASS,PRESERVED_NATIVE_CANVAS,PASS,REVIEW,REVIEW,REVIEW
AUX-PROV-E16D11FF7F4E,provider-logo,provider-logo::NOORSAT.png,PASS,PRESERVED_NATIVE_CANVAS,PASS,REVIEW,REVIEW,REVIEW
AUX-PROV-A70B487C7BD0,provider-logo,provider-logo::NOS STUDIOS HD.png,PASS,PRESERVED_NATIVE_CANVAS,PASS,AUTO-FIXED,AUTO-FIXED,AUTO-FIXED
AUX-PROV-7186487358F2,provider-logo,provider-logo::NOV-DIGI.png,MISSING_SOURCE,NOT_APPLICABLE,MISSING_SOURCE,MISSING_SOURCE,MISSING_SOURCE,SOURCE-UNRESOLVED
AUX-PROV-F562F02DF7D1,provider-logo,provider-logo::NOVA.png,PASS,PRESERVED_NATIVE_CANVAS,PASS,AUTO-FIXED,AUTO-FIXED,AUTO-FIXED
AUX-PROV-12C5295F45BA,provider-logo,provider-logo::NOVOTELECOM.png,PASS,PRESERVED_NATIVE_CANVAS,PASS,AUTO-FIXED,REVIEW,REVIEW
AUX-PROV-E045D4C1A452,provider-logo,provider-logo::NOVY KANAL HD.png,PASS,PRESERVED_NATIVE_CANVAS,PASS,REVIEW,REVIEW,REVIEW
AUX-PROV-04196BD84D68,provider-logo,provider-logo::NRJ.png,PASS,PRESERVED_NATIVE_CANVAS,PASS,REVIEW,REVIEW,REVIEW
AUX-PROV-5023B3C3D172,provider-logo,provider-logo::NSAB.png,PASS,PRESERVED_NATIVE_CANVAS,PASS,AUTO-FIXED,AUTO-FIXED,AUTO-FIXED
AUX-PROV-6AE7C535D07E,provider-logo,provider-logo::NTN.png,PASS,PRESERVED_NATIVE_CANVAS,PASS,REVIEW,REVIEW,REVIEW
AUX-PROV-43A2374A0D71,provider-logo,provider-logo::NTV PLUS.png,MISSING_SOURCE,NOT_APPLICABLE,MISSING_SOURCE,MISSING_SOURCE,MISSING_SOURCE,SOURCE-UNRESOLVED
AUX-PROV-00976F043476,provider-logo,provider-logo::NTV+ RUSSIA.png,MISSING_SOURCE,NOT_APPLICABLE,MISSING_SOURCE,MISSING_SOURCE,MISSING_SOURCE,SOURCE-UNRESOLVED
AUX-PROV-E6863A985159,provider-logo,provider-logo::NTV+.png,MISSING_SOURCE,NOT_APPLICABLE,MISSING_SOURCE,MISSING_SOURCE,MISSING_SOURCE,SOURCE-UNRESOLVED
AUX-PROV-EF1CC4787DF2,provider-logo,provider-logo::NURTS DIGITAL.png,PASS,PRESERVED_NATIVE_CANVAS,PASS,REVIEW,REVIEW,REVIEW
AUX-PROV-9B327B1AF250,provider-logo,provider-logo::NURTS.png,PASS,PRESERVED_NATIVE_CANVAS,PASS,REVIEW,REVIEW,REVIEW
AUX-PROV-AA8494B9DC8F,provider-logo,provider-logo::OCE DOPOMOGA.png,PASS,PRESERVED_NATIVE_CANVAS,PASS,AUTO-FIXED,AUTO-FIXED,AUTO-FIXED
AUX-PROV-897926189B80,provider-logo,provider-logo::OCE HD.png,PASS,PRESERVED_NATIVE_CANVAS,PASS,AUTO-FIXED,AUTO-FIXED,AUTO-FIXED
AUX-PROV-5647827E3DC3,provider-logo,provider-logo::ODESA LAYV.png,PASS,PRESERVED_NATIVE_CANVAS,PASS,AUTO-FIXED,AUTO-FIXED,AUTO-FIXED
AUX-PROV-49F963D9BC2B,provider-logo,provider-logo::OIV ZAGREB.png,PASS,PRESERVED_NATIVE_CANVAS,PASS,AUTO-FIXED,REVIEW,REVIEW
AUX-PROV-08BB999BA598,provider-logo,provider-logo::OIV.png,PASS,PRESERVED_NATIVE_CANVAS,PASS,AUTO-FIXED,REVIEW,REVIEW
AUX-PROV-80B19B80576B,provider-logo,provider-logo::OMAN TV.png,PASS,PRESERVED_NATIVE_CANVAS,PASS,AUTO-FIXED,REVIEW,REVIEW
AUX-PROV-7F4A48A03738,provider-logo,provider-logo::ONDA CERO.png,PASS,PRESERVED_NATIVE_CANVAS,PASS,REVIEW,REVIEW,REVIEW
AUX-PROV-193FA5D991AE,provider-logo,provider-logo::ONDA MELODIA.png,PASS,PRESERVED_NATIVE_CANVAS,PASS,AUTO-FIXED,REVIEW,REVIEW
AUX-PROV-8D2F4AD25ED8,provider-logo,provider-logo::ONE TV.png,PASS,PRESERVED_NATIVE_CANVAS,PASS,REVIEW,REVIEW,REVIEW
AUX-PROV-F96EA729FD16,provider-logo,provider-logo::ONT TUNISIA.png,PASS,PRESERVED_NATIVE_CANVAS,PASS,REVIEW,REVIEW,REVIEW
AUX-PROV-446F7A29A9DC,provider-logo,provider-logo::ONT.png,PASS,PRESERVED_NATIVE_CANVAS,PASS,REVIEW,REVIEW,REVIEW
AUX-PROV-362EB0569A8C,provider-logo,provider-logo::OPENMUX IP GATEWAY.png,PASS,PRESERVED_NATIVE_CANVAS,PASS,REVIEW,REVIEW,REVIEW
AUX-PROV-539EE874EFAD,provider-logo,provider-logo::ORANGE BELGIUM.png,MISSING_SOURCE,NOT_APPLICABLE,MISSING_SOURCE,MISSING_SOURCE,MISSING_SOURCE,SOURCE-UNRESOLVED
AUX-PROV-BAA4FE566091,provider-logo,provider-logo::ORANGE FRANCE.png,MISSING_SOURCE,NOT_APPLICABLE,MISSING_SOURCE,MISSING_SOURCE,MISSING_SOURCE,SOURCE-UNRESOLVED
AUX-PROV-713268F881A2,provider-logo,provider-logo::ORANGE POLSKA.png,MISSING_SOURCE,NOT_APPLICABLE,MISSING_SOURCE,MISSING_SOURCE,MISSING_SOURCE,SOURCE-UNRESOLVED
AUX-PROV-A9B19FC00C3A,provider-logo,provider-logo::ORANGE ROMANIA.png,MISSING_SOURCE,NOT_APPLICABLE,MISSING_SOURCE,MISSING_SOURCE,MISSING_SOURCE,SOURCE-UNRESOLVED
AUX-PROV-9BCDD2EA4F1E,provider-logo,provider-logo::ORANGE TV.png,PASS,PRESERVED_NATIVE_CANVAS,PASS,REVIEW,REVIEW,REVIEW
AUX-PROV-ADC55E4375A8,provider-logo,provider-logo::ORANGE-BIS-TELESAT.png,MISSING_SOURCE,NOT_APPLICABLE,MISSING_SOURCE,MISSING_SOURCE,MISSING_SOURCE,SOURCE-UNRESOLVED
AUX-PROV-D1BF9D1DD715,provider-logo,provider-logo::ORANGE-BIS.png,MISSING_SOURCE,NOT_APPLICABLE,MISSING_SOURCE,MISSING_SOURCE,MISSING_SOURCE,SOURCE-UNRESOLVED
AUX-PROV-D1E5D0070945,provider-logo,provider-logo::ORANGE.png,MISSING_SOURCE,NOT_APPLICABLE,MISSING_SOURCE,MISSING_SOURCE,MISSING_SOURCE,SOURCE-UNRESOLVED
AUX-PROV-B039FD30A07A,provider-logo,provider-logo::ORANGESAT SK.png,PASS,PRESERVED_NATIVE_CANVAS,PASS,AUTO-FIXED,REVIEW,REVIEW
AUX-PROV-0848558AA5AE,provider-logo,provider-logo::ORANGESAT.png,MISSING_SOURCE,NOT_APPLICABLE,MISSING_SOURCE,MISSING_SOURCE,MISSING_SOURCE,SOURCE-UNRESOLVED
AUX-PROV-D4308BDD376D,provider-logo,provider-logo::ORBIT.png,MISSING_SOURCE,NOT_APPLICABLE,MISSING_SOURCE,MISSING_SOURCE,MISSING_SOURCE,SOURCE-UNRESOLVED
AUX-PROV-784330307964,provider-logo,provider-logo::ORF DIGITAL.png,MISSING_SOURCE,NOT_APPLICABLE,MISSING_SOURCE,MISSING_SOURCE,MISSING_SOURCE,SOURCE-UNRESOLVED
AUX-PROV-3421940AD6EB,provider-logo,provider-logo::ORF.png,PASS,PRESERVED_NATIVE_CANVAS,PASS,REVIEW,REVIEW,REVIEW
AUX-PROV-90E30198C7BD,provider-logo,provider-logo::ORION EXPRESS.png,PASS,PRESERVED_NATIVE_CANVAS,PASS,REVIEW,AUTO-FIXED,REVIEW
AUX-PROV-B88747E78F2C,provider-logo,provider-logo::ORS.png,PASS,PRESERVED_NATIVE_CANVAS,PASS,REVIEW,REVIEW,REVIEW
AUX-PROV-280249E75018,provider-logo,provider-logo::OSAT.png,PASS,PRESERVED_NATIVE_CANVAS,PASS,REVIEW,REVIEW,REVIEW
AUX-PROV-723EFEA8AF31,provider-logo,provider-logo::OSN SHOWTIME.png,MISSING_SOURCE,NOT_APPLICABLE,MISSING_SOURCE,MISSING_SOURCE,MISSING_SOURCE,SOURCE-UNRESOLVED
AUX-PROV-4FDCCE552FAB,provider-logo,provider-logo::OSN.png,PASS,PRESERVED_NATIVE_CANVAS,PASS,REVIEW,REVIEW,REVIEW
AUX-PROV-85033B43F2E8,provider-logo,provider-logo::OTE.png,PASS,PRESERVED_NATIVE_CANVAS,PASS,REVIEW,REVIEW,REVIEW
AUX-PROV-F0BCADEF32BA,provider-logo,provider-logo::OTHERS.png,MISSING_SOURCE,NOT_APPLICABLE,MISSING_SOURCE,MISSING_SOURCE,MISSING_SOURCE,SOURCE-UNRESOLVED
AUX-PROV-04153834B4C4,provider-logo,provider-logo::OTTO CHANNEL.png,PASS,PRESERVED_NATIVE_CANVAS,PASS,REVIEW,REVIEW,REVIEW
AUX-PROV-01DB16EF98A9,provider-logo,provider-logo::OTV.png,PASS,PRESERVED_NATIVE_CANVAS,PASS,REVIEW,REVIEW,REVIEW
AUX-PROV-917B12F11115,provider-logo,provider-logo::OVERON AMERICA.png,PASS,PRESERVED_NATIVE_CANVAS,PASS,REVIEW,REVIEW,REVIEW
AUX-PROV-E3A66DCE2553,provider-logo,provider-logo::OVERON SERVICIOS AUDIOVISUALES.png,PASS,PRESERVED_NATIVE_CANVAS,PASS,REVIEW,REVIEW,REVIEW
AUX-PROV-88B26C725285,provider-logo,provider-logo::OVERON.png,PASS,PRESERVED_NATIVE_CANVAS,PASS,REVIEW,REVIEW,REVIEW
AUX-PROV-E8C6CCB97664,provider-logo,provider-logo::OXIGENIO.png,PASS,PRESERVED_NATIVE_CANVAS,PASS,REVIEW,REVIEW,REVIEW
AUX-PROV-4ED5D1CBAAB3,provider-logo,provider-logo::OXIGNIO.png,PASS,PRESERVED_NATIVE_CANVAS,PASS,REVIEW,REVIEW,REVIEW
AUX-PROV-53E6DD7A621A,provider-logo,provider-logo::PAC12.png,PASS,PRESERVED_NATIVE_CANVAS,PASS,REVIEW,REVIEW,REVIEW
AUX-PROV-A3666F61AEA7,provider-logo,provider-logo::PALCO NOS CLUBBING.png,PASS,PRESERVED_NATIVE_CANVAS,PASS,AUTO-FIXED,AUTO-FIXED,AUTO-FIXED
AUX-PROV-9AE22E805EFB,provider-logo,provider-logo::PALSAT.png,PASS,PRESERVED_NATIVE_CANVAS,PASS,REVIEW,REVIEW,REVIEW
AUX-PROV-D1E5F75CA2C1,provider-logo,provider-logo::PANASONIC.png,PASS,PRESERVED_NATIVE_CANVAS,PASS,REVIEW,AUTO-FIXED,REVIEW
AUX-PROV-1D8DA56016C8,provider-logo,provider-logo::PANTELIO.png,PASS,PRESERVED_NATIVE_CANVAS,PASS,REVIEW,REVIEW,REVIEW
AUX-PROV-15A5BBF4D21B,provider-logo,provider-logo::PARAMOUNT.png,PASS,PRESERVED_NATIVE_CANVAS,PASS,AUTO-FIXED,AUTO-FIXED,AUTO-FIXED
AUX-PROV-5CE89B52BF34,provider-logo,provider-logo::PART.png,PASS,PRESERVED_NATIVE_CANVAS,PASS,AUTO-FIXED,REVIEW,REVIEW
AUX-PROV-1387DE39C760,provider-logo,provider-logo::PBS.png,PASS,PRESERVED_NATIVE_CANVAS,PASS,REVIEW,REVIEW,REVIEW
AUX-PROV-5C57E97771A6,provider-logo,"provider-logo::PD, MUX 7.png",PASS,PRESERVED_NATIVE_CANVAS,PASS,AUTO-FIXED,REVIEW,REVIEW
AUX-PROV-6F61668E3376,provider-logo,"provider-logo::PD, R-MUX 7.png",PASS,PRESERVED_NATIVE_CANVAS,PASS,AUTO-FIXED,REVIEW,REVIEW
AUX-PROV-89ED3EDD3AB8,provider-logo,provider-logo::PD.png,PASS,PRESERVED_NATIVE_CANVAS,PASS,AUTO-FIXED,REVIEW,REVIEW
AUX-PROV-483F317341E5,provider-logo,provider-logo::PEERS TV.png,PASS,PRESERVED_NATIVE_CANVAS,PASS,AUTO-FIXED,REVIEW,REVIEW
AUX-PROV-7CBB18360DB9,provider-logo,provider-logo::PEOPLETV-RETE7.png,PASS,PRESERVED_NATIVE_CANVAS,PASS,AUTO-FIXED,REVIEW,REVIEW
AUX-PROV-F813190CCB2A,provider-logo,provider-logo::PERSDIERA.png,PASS,PRESERVED_NATIVE_CANVAS,PASS,REVIEW,REVIEW,REVIEW
AUX-PROV-D3AD6E34A682,provider-logo,provider-logo::PERSIANA CAST.png,PASS,PRESERVED_NATIVE_CANVAS,PASS,REVIEW,REVIEW,REVIEW
AUX-PROV-41B132C0462F,provider-logo,provider-logo::PERSIDERA.png,PASS,PRESERVED_NATIVE_CANVAS,PASS,REVIEW,REVIEW,REVIEW
AUX-PROV-A01140E50D18,provider-logo,provider-logo::PERVY DELOVOY.png,PASS,PRESERVED_NATIVE_CANVAS,PASS,REVIEW,REVIEW,REVIEW
AUX-PROV-0B736905B324,provider-logo,provider-logo::PFC.png,PASS,PRESERVED_NATIVE_CANVAS,PASS,REVIEW,REVIEW,REVIEW
AUX-PROV-D0B2838A3A2D,provider-logo,provider-logo::PINK MEDIA GROUP.png,MISSING_SOURCE,NOT_APPLICABLE,MISSING_SOURCE,MISSING_SOURCE,MISSING_SOURCE,SOURCE-UNRESOLVED
AUX-PROV-A84B9EA20738,provider-logo,provider-logo::PINK.png,PASS,PRESERVED_NATIVE_CANVAS,PASS,REVIEW,REVIEW,REVIEW
AUX-PROV-2A9113187C44,provider-logo,provider-logo::PIU VALLI TV.png,PASS,PRESERVED_NATIVE_CANVAS,PASS,REVIEW,REVIEW,REVIEW
AUX-PROV-F0B5E458F6D9,provider-logo,provider-logo::PLANETA.png,PASS,PRESERVED_NATIVE_CANVAS,PASS,REVIEW,REVIEW,REVIEW
AUX-PROV-303E5AD08457,provider-logo,provider-logo::PLATFORMA CANAL+.png,MISSING_SOURCE,NOT_APPLICABLE,MISSING_SOURCE,MISSING_SOURCE,MISSING_SOURCE,SOURCE-UNRESOLVED
AUX-PROV-A42FE72A3FBD,provider-logo,provider-logo::PLAY CZ.png,PASS,PRESERVED_NATIVE_CANVAS,PASS,REVIEW,REVIEW,REVIEW
AUX-PROV-4AA1D184571F,provider-logo,provider-logo::PLAYBOY TV.png,PASS,PRESERVED_NATIVE_CANVAS,PASS,REVIEW,REVIEW,REVIEW
AUX-PROV-AFCF3730FA8F,provider-logo,provider-logo::POLARIS MEDIA.png,PASS,PRESERVED_NATIVE_CANVAS,PASS,REVIEW,AUTO-FIXED,REVIEW
AUX-PROV-01E040B3425F,provider-logo,provider-logo::POLARIS.png,PASS,PRESERVED_NATIVE_CANVAS,PASS,REVIEW,AUTO-FIXED,REVIEW
AUX-PROV-F5F4EABB2D41,provider-logo,provider-logo::POLASTBOX.png,PASS,PRESERVED_NATIVE_CANVAS,PASS,REVIEW,REVIEW,REVIEW
AUX-PROV-454A85980D39,provider-logo,provider-logo::PORTO CANAL.png,PASS,PRESERVED_NATIVE_CANVAS,PASS,REVIEW,REVIEW,REVIEW
AUX-PROV-606272582D00,provider-logo,provider-logo::POVERKHNOST TV.png,MISSING_SOURCE,NOT_APPLICABLE,MISSING_SOURCE,MISSING_SOURCE,MISSING_SOURCE,SOURCE-UNRESOLVED
AUX-PROV-A9885E633322,provider-logo,provider-logo::POVERKHNOST.png,MISSING_SOURCE,NOT_APPLICABLE,MISSING_SOURCE,MISSING_SOURCE,MISSING_SOURCE,SOURCE-UNRESOLVED
AUX-PROV-047218AE8A49,provider-logo,provider-logo::POWERVU.png,MISSING_SOURCE,NOT_APPLICABLE,MISSING_SOURCE,MISSING_SOURCE,MISSING_SOURCE,SOURCE-UNRESOLVED
AUX-PROV-A6F965E48660,provider-logo,provider-logo::POZEMN - NOV.png,MISSING_SOURCE,NOT_APPLICABLE,MISSING_SOURCE,MISSING_SOURCE,MISSING_SOURCE,SOURCE-UNRESOLVED
AUX-PROV-2DC786EFE842,provider-logo,provider-logo::POZEMN - POSKYTOVATEL.png,MISSING_SOURCE,NOT_APPLICABLE,MISSING_SOURCE,MISSING_SOURCE,MISSING_SOURCE,SOURCE-UNRESOLVED
AUX-PROV-2907B16DEAF9,provider-logo,provider-logo::POZEMN - STANICE.png,MISSING_SOURCE,NOT_APPLICABLE,MISSING_SOURCE,MISSING_SOURCE,MISSING_SOURCE,SOURCE-UNRESOLVED
AUX-PROV-534795E69959,provider-logo,provider-logo::PRESS TV.png,PASS,PRESERVED_NATIVE_CANVAS,PASS,REVIEW,REVIEW,REVIEW
AUX-PROV-7A5C6E5B4B43,provider-logo,provider-logo::PRIMATIVV.png,PASS,PRESERVED_NATIVE_CANVAS,PASS,REVIEW,REVIEW,REVIEW
AUX-PROV-9762CD288DD0,provider-logo,provider-logo::PRISA TV.png,PASS,PRESERVED_NATIVE_CANVAS,PASS,REVIEW,REVIEW,REVIEW
AUX-PROV-E048AD662379,provider-logo,provider-logo::PRISAT TV.png,PASS,PRESERVED_NATIVE_CANVAS,PASS,REVIEW,REVIEW,REVIEW
AUX-PROV-85575EE4A80E,provider-logo,provider-logo::PRISATV.png,MISSING_SOURCE,NOT_APPLICABLE,MISSING_SOURCE,MISSING_SOURCE,MISSING_SOURCE,SOURCE-UNRESOLVED
AUX-PROV-8199A23A5AFE,provider-logo,provider-logo::PRO TV.png,PASS,PRESERVED_NATIVE_CANVAS,PASS,REVIEW,REVIEW,REVIEW
AUX-PROV-02AB72B845FB,provider-logo,provider-logo::PROFEN.png,PASS,PRESERVED_NATIVE_CANVAS,PASS,REVIEW,REVIEW,REVIEW
AUX-PROV-275FD3E2A2E0,provider-logo,provider-logo::PROFLINE B.V..png,PASS,PRESERVED_NATIVE_CANVAS,PASS,REVIEW,REVIEW,REVIEW
AUX-PROV-3E2D6F6D8C2E,provider-logo,provider-logo::PROGRESS DIGITAL S.R.O..png,PASS,PRESERVED_NATIVE_CANVAS,PASS,AUTO-FIXED,REVIEW,REVIEW
AUX-PROV-BB36F69923AC,provider-logo,provider-logo::PROSIEBENSAT.1.png,PASS,PRESERVED_NATIVE_CANVAS,PASS,REVIEW,AUTO-FIXED,REVIEW
AUX-PROV-E623143012CA,provider-logo,provider-logo::PROTV.png,PASS,PRESERVED_NATIVE_CANVAS,PASS,REVIEW,REVIEW,REVIEW
AUX-PROV-9FD10B42F2BF,provider-logo,provider-logo::PROV.png,PASS,PRESERVED_NATIVE_CANVAS,PASS,REVIEW,REVIEW,REVIEW
AUX-PROV-157099FBD3A5,provider-logo,provider-logo::PRYAMYY SD.png,PASS,PRESERVED_NATIVE_CANVAS,PASS,REVIEW,REVIEW,REVIEW
AUX-PROV-96FBDAECEF20,provider-logo,provider-logo::PTM.png,PASS,PRESERVED_NATIVE_CANVAS,PASS,REVIEW,REVIEW,REVIEW
AUX-PROV-C72E7C875C1F,provider-logo,provider-logo::PTP.png,PASS,PRESERVED_NATIVE_CANVAS,PASS,REVIEW,REVIEW,REVIEW
AUX-PROV-8D35D48CE508,provider-logo,provider-logo::PUBBLIROSE.png,PASS,PRESERVED_NATIVE_CANVAS,PASS,REVIEW,AUTO-FIXED,REVIEW
AUX-PROV-862362BE2805,provider-logo,provider-logo::PUBBLISOLE.png,PASS,PRESERVED_NATIVE_CANVAS,PASS,REVIEW,REVIEW,REVIEW
AUX-PROV-E30EDF88E5FB,provider-logo,provider-logo::PUBLIROSE.png,MISSING_SOURCE,NOT_APPLICABLE,MISSING_SOURCE,MISSING_SOURCE,MISSING_SOURCE,SOURCE-UNRESOLVED
AUX-PROV-6A2122D669E2,provider-logo,provider-logo::PURPLE TURTLE.png,PASS,PRESERVED_NATIVE_CANVAS,PASS,REVIEW,REVIEW,REVIEW
AUX-PROV-308EE0CF845D,provider-logo,provider-logo::QATAR TELEVISION.png,PASS,PRESERVED_NATIVE_CANVAS,PASS,REVIEW,REVIEW,REVIEW
AUX-PROV-AA5B88D9FEC3,provider-logo,provider-logo::QATAR TV.png,PASS,PRESERVED_NATIVE_CANVAS,PASS,REVIEW,REVIEW,REVIEW
AUX-PROV-3C52DC04518E,provider-logo,provider-logo::QBIT GMBH.png,PASS,PRESERVED_NATIVE_CANVAS,PASS,REVIEW,REVIEW,REVIEW
AUX-PROV-46386095679B,provider-logo,provider-logo::RADA ENG.png,PASS,PRESERVED_NATIVE_CANVAS,PASS,AUTO-FIXED,REVIEW,REVIEW
AUX-PROV-56100E36B7CE,provider-logo,provider-logo::RADA RUS.png,PASS,PRESERVED_NATIVE_CANVAS,PASS,AUTO-FIXED,REVIEW,REVIEW
AUX-PROV-0AB81032E8E6,provider-logo,provider-logo::RADAR.png,PASS,PRESERVED_NATIVE_CANVAS,PASS,REVIEW,REVIEW,REVIEW
AUX-PROV-AD15EE1968BC,provider-logo,provider-logo::RADIO AMALIA.png,PASS,PRESERVED_NATIVE_CANVAS,PASS,REVIEW,REVIEW,REVIEW
AUX-PROV-B3CE4F14FDDD,provider-logo,provider-logo::RADIO BRUNO.png,PASS,PRESERVED_NATIVE_CANVAS,PASS,AUTO-FIXED,REVIEW,REVIEW
AUX-PROV-EF1D41E1EC26,provider-logo,provider-logo::RADIO CAPRI.png,PASS,PRESERVED_NATIVE_CANVAS,PASS,REVIEW,REVIEW,REVIEW
AUX-PROV-7B09A6DD5137,provider-logo,provider-logo::RADIO COMERCIAL.png,PASS,PRESERVED_NATIVE_CANVAS,PASS,AUTO-FIXED,REVIEW,REVIEW
AUX-PROV-AF593FFBBF53,provider-logo,provider-logo::RADIO DMO.png,PASS,PRESERVED_NATIVE_CANVAS,PASS,REVIEW,REVIEW,REVIEW
AUX-PROV-E874FF4CEF7C,provider-logo,provider-logo::RADIO FRANCE.png,PASS,PRESERVED_NATIVE_CANVAS,PASS,REVIEW,REVIEW,REVIEW
AUX-PROV-B821A9C2DDE1,provider-logo,provider-logo::RADIO LUSITANIA.png,PASS,PRESERVED_NATIVE_CANVAS,PASS,REVIEW,REVIEW,REVIEW
AUX-PROV-96BC01E683AE,provider-logo,provider-logo::RADIO MARIA OSTERREICH.png,PASS,PRESERVED_NATIVE_CANVAS,PASS,REVIEW,REVIEW,REVIEW
AUX-PROV-90B2B7228F06,provider-logo,provider-logo::RADIO MARIA STERREICH.png,PASS,PRESERVED_NATIVE_CANVAS,PASS,AUTO-FIXED,REVIEW,REVIEW
AUX-PROV-361290FB4A45,provider-logo,provider-logo::RADIO MARIA.png,PASS,PRESERVED_NATIVE_CANVAS,PASS,REVIEW,REVIEW,REVIEW
AUX-PROV-9DFB7626DACE,provider-logo,provider-logo::RADIO MARTE TV.png,PASS,PRESERVED_NATIVE_CANVAS,PASS,REVIEW,REVIEW,REVIEW
AUX-PROV-0BA17B6C8010,provider-logo,provider-logo::RADIO MOJDEH.png,PASS,PRESERVED_NATIVE_CANVAS,PASS,REVIEW,REVIEW,REVIEW
AUX-PROV-776C6B1D88F6,provider-logo,provider-logo::RADIO NAMA GOFTOGOO.png,PASS,PRESERVED_NATIVE_CANVAS,PASS,REVIEW,REVIEW,REVIEW
AUX-PROV-908771F1F974,provider-logo,provider-logo::RADIO NAMA JAVAN.png,PASS,PRESERVED_NATIVE_CANVAS,PASS,REVIEW,REVIEW,REVIEW
AUX-PROV-44B1B6DFC8B5,provider-logo,provider-logo::RADIO NAMA MONASEBATI.png,PASS,PRESERVED_NATIVE_CANVAS,PASS,AUTO-FIXED,AUTO-FIXED,AUTO-FIXED
AUX-PROV-BB70079C8AE9,provider-logo,provider-logo::RADIO NAMA QURAN.png,PASS,PRESERVED_NATIVE_CANVAS,PASS,AUTO-FIXED,AUTO-FIXED,AUTO-FIXED
AUX-PROV-A10821F4F919,provider-logo,provider-logo::RADIO NAMA TARTIL.png,PASS,PRESERVED_NATIVE_CANVAS,PASS,AUTO-FIXED,AUTO-FIXED,AUTO-FIXED
AUX-PROV-FAA5058D628D,provider-logo,provider-logo::RADIO NAMA TEHRAN.png,PASS,PRESERVED_NATIVE_CANVAS,PASS,AUTO-FIXED,AUTO-FIXED,AUTO-FIXED
AUX-PROV-D0AD33C769A2,provider-logo,provider-logo::RADIO NAMA VARZESH.png,PASS,PRESERVED_NATIVE_CANVAS,PASS,AUTO-FIXED,AUTO-FIXED,AUTO-FIXED
AUX-PROV-802CFF604430,provider-logo,provider-logo::RADIO NAWA.png,PASS,PRESERVED_NATIVE_CANVAS,PASS,AUTO-FIXED,REVIEW,REVIEW
AUX-PROV-9BA3C76C9436,provider-logo,provider-logo::RADIO PARSIFAL.png,PASS,PRESERVED_NATIVE_CANVAS,PASS,REVIEW,REVIEW,REVIEW
AUX-PROV-5EC3F7465213,provider-logo,provider-logo::RADIO PROMIN.png,PASS,PRESERVED_NATIVE_CANVAS,PASS,AUTO-FIXED,REVIEW,REVIEW
AUX-PROV-D3BDA82D800C,provider-logo,provider-logo::RADIO REGIONAL.png,PASS,PRESERVED_NATIVE_CANVAS,PASS,REVIEW,REVIEW,REVIEW
AUX-PROV-69B5FAC2B902,provider-logo,provider-logo::RADIO RENASCENCA.png,PASS,PRESERVED_NATIVE_CANVAS,PASS,AUTO-FIXED,REVIEW,REVIEW
AUX-PROV-20D352B538F3,provider-logo,provider-logo::RADIO RTR.png,PASS,PRESERVED_NATIVE_CANVAS,PASS,REVIEW,REVIEW,REVIEW
AUX-PROV-657541F073E7,provider-logo,provider-logo::RADIO RUMANTSCH.png,PASS,PRESERVED_NATIVE_CANVAS,PASS,REVIEW,REVIEW,REVIEW
AUX-PROV-01A89783A3B9,provider-logo,provider-logo::RADIO TCHAD RNT.png,PASS,PRESERVED_NATIVE_CANVAS,PASS,AUTO-FIXED,REVIEW,REVIEW
AUX-PROV-827F7A055C80,provider-logo,provider-logo::RADIO TELEVISION SUISSE.png,PASS,PRESERVED_NATIVE_CANVAS,PASS,REVIEW,REVIEW,REVIEW
AUX-PROV-C429646ACD54,provider-logo,provider-logo::RADIO UKRAINE INTERNATIONAL.png,PASS,PRESERVED_NATIVE_CANVAS,PASS,REVIEW,REVIEW,REVIEW
AUX-PROV-FB1CF637BCD5,provider-logo,provider-logo::RADIO X.png,PASS,PRESERVED_NATIVE_CANVAS,PASS,REVIEW,REVIEW,REVIEW
AUX-PROV-A5D8B5E9BDBD,provider-logo,provider-logo::RADIO ZET GOLD.png,PASS,PRESERVED_NATIVE_CANVAS,PASS,AUTO-FIXED,REVIEW,REVIEW
AUX-PROV-E02DE28E11B6,provider-logo,provider-logo::RADIOTELEVISIONE SVIZZERA.png,PASS,PRESERVED_NATIVE_CANVAS,PASS,REVIEW,REVIEW,REVIEW
AUX-PROV-D57C201C6B63,provider-logo,provider-logo::RAH-E-FARDA TV.png,PASS,PRESERVED_NATIVE_CANVAS,PASS,AUTO-FIXED,REVIEW,REVIEW
AUX-PROV-A87E7EEEF4C5,provider-logo,provider-logo::RAI WAY.png,PASS,PRESERVED_NATIVE_CANVAS,PASS,REVIEW,REVIEW,REVIEW
AUX-PROV-39D3512D3574,provider-logo,provider-logo::RAI.png,PASS,PRESERVED_NATIVE_CANVAS,PASS,REVIEW,REVIEW,REVIEW
AUX-PROV-84B75403CB25,provider-logo,provider-logo::RAIWAY.png,PASS,PRESERVED_NATIVE_CANVAS,PASS,REVIEW,REVIEW,REVIEW
AUX-PROV-473DC04C764E,provider-logo,provider-logo::RASD-RADIO.png,PASS,PRESERVED_NATIVE_CANVAS,PASS,AUTO-FIXED,REVIEW,REVIEW
AUX-PROV-FD52E4643ADB,provider-logo,provider-logo::RASD-TV.png,PASS,PRESERVED_NATIVE_CANVAS,PASS,REVIEW,REVIEW,REVIEW
AUX-PROV-B5D7620E8DF7,provider-logo,provider-logo::RASDRADIO.png,PASS,PRESERVED_NATIVE_CANVAS,PASS,AUTO-FIXED,REVIEW,REVIEW
AUX-PROV-0F02CACCE45B,provider-logo,provider-logo::RASDTV.png,PASS,PRESERVED_NATIVE_CANVAS,PASS,AUTO-FIXED,REVIEW,REVIEW
AUX-PROV-1A9516DBD6B3,provider-logo,provider-logo::RBN MEDIA.png,PASS,PRESERVED_NATIVE_CANVAS,PASS,REVIEW,REVIEW,REVIEW
AUX-PROV-FCD4ECB629D7,provider-logo,provider-logo::RCS GHANA.png,PASS,PRESERVED_NATIVE_CANVAS,PASS,REVIEW,REVIEW,REVIEW
AUX-PROV-6E11F20FE5D4,provider-logo,provider-logo::RCS-DIGI TV.png,MISSING_SOURCE,NOT_APPLICABLE,MISSING_SOURCE,MISSING_SOURCE,MISSING_SOURCE,SOURCE-UNRESOLVED
AUX-PROV-0F88566CDFD4,provider-logo,provider-logo::RCS.png,MISSING_SOURCE,NOT_APPLICABLE,MISSING_SOURCE,MISSING_SOURCE,MISSING_SOURCE,SOURCE-UNRESOLVED
AUX-PROV-801715A0BD0A,provider-logo,provider-logo::RCSRDS.png,MISSING_SOURCE,NOT_APPLICABLE,MISSING_SOURCE,MISSING_SOURCE,MISSING_SOURCE,SOURCE-UNRESOLVED
AUX-PROV-E356F536F84C,provider-logo,provider-logo::RDIO AMALIA.png,PASS,PRESERVED_NATIVE_CANVAS,PASS,REVIEW,REVIEW,REVIEW
AUX-PROV-53E2D0E1E93D,provider-logo,provider-logo::RDIO COMERCIAL.png,PASS,PRESERVED_NATIVE_CANVAS,PASS,AUTO-FIXED,REVIEW,REVIEW
AUX-PROV-A0CA7BF3CE4E,provider-logo,provider-logo::RDIO LUSITNIA.png,PASS,PRESERVED_NATIVE_CANVAS,PASS,REVIEW,REVIEW,REVIEW
AUX-PROV-DD0CBCF761BC,provider-logo,provider-logo::RDIO REGIONAL.png,PASS,PRESERVED_NATIVE_CANVAS,PASS,REVIEW,REVIEW,REVIEW
AUX-PROV-FC5BD79EB9F4,provider-logo,provider-logo::RDIO RENASCENA.png,PASS,PRESERVED_NATIVE_CANVAS,PASS,AUTO-FIXED,REVIEW,REVIEW
AUX-PROV-6ADD5C49D22E,provider-logo,provider-logo::RDP AFRICA.png,PASS,PRESERVED_NATIVE_CANVAS,PASS,REVIEW,REVIEW,REVIEW
AUX-PROV-0FA7996D6679,provider-logo,provider-logo::RDP FRICA.png,PASS,PRESERVED_NATIVE_CANVAS,PASS,REVIEW,REVIEW,REVIEW
AUX-PROV-04CF4833A16F,provider-logo,provider-logo::REGGIO TV.png,PASS,PRESERVED_NATIVE_CANVAS,PASS,AUTO-FIXED,AUTO-FIXED,AUTO-FIXED
AUX-PROV-F15F5C2CBE34,provider-logo,provider-logo::REI.png,PASS,PRESERVED_NATIVE_CANVAS,PASS,AUTO-FIXED,AUTO-FIXED,AUTO-FIXED
AUX-PROV-8678A0B57B7E,provider-logo,provider-logo::RENASCENA.png,PASS,PRESERVED_NATIVE_CANVAS,PASS,AUTO-FIXED,REVIEW,REVIEW
AUX-PROV-C30DA4B413C9,provider-logo,provider-logo::RETE 55.png,PASS,PRESERVED_NATIVE_CANVAS,PASS,REVIEW,REVIEW,REVIEW
AUX-PROV-89A394256E55,provider-logo,provider-logo::RETE 7.png,PASS,PRESERVED_NATIVE_CANVAS,PASS,AUTO-FIXED,REVIEW,REVIEW
AUX-PROV-1320F35B4F16,provider-logo,provider-logo::RETE 8.png,PASS,PRESERVED_NATIVE_CANVAS,PASS,REVIEW,REVIEW,REVIEW
AUX-PROV-CCCFB4443CE9,provider-logo,provider-logo::RETE_7_HD.png,MISSING_SOURCE,NOT_APPLICABLE,MISSING_SOURCE,MISSING_SOURCE,MISSING_SOURCE,SOURCE-UNRESOLVED
AUX-PROV-9F5F53610E14,provider-logo,provider-logo::REUTERS.png,PASS,PRESERVED_NATIVE_CANVAS,PASS,REVIEW,REVIEW,REVIEW
AUX-PROV-DBDEE67CB344,provider-logo,provider-logo::RFM.png,PASS,PRESERVED_NATIVE_CANVAS,PASS,REVIEW,REVIEW,REVIEW
AUX-PROV-3E41A9CB37CC,provider-logo,provider-logo::RIT.png,PASS,PRESERVED_NATIVE_CANVAS,PASS,REVIEW,REVIEW,REVIEW
AUX-PROV-988D38B23512,provider-logo,provider-logo::RNE.png,PASS,PRESERVED_NATIVE_CANVAS,PASS,REVIEW,REVIEW,REVIEW
AUX-PROV-E4187C10C79D,provider-logo,provider-logo::ROCK FM.png,PASS,PRESERVED_NATIVE_CANVAS,PASS,REVIEW,REVIEW,REVIEW
AUX-PROV-0CEA3DB3298C,provider-logo,provider-logo::RODNOE TV.png,PASS,PRESERVED_NATIVE_CANVAS,PASS,REVIEW,REVIEW,REVIEW
AUX-PROV-01F21C3866CE,provider-logo,provider-logo::ROMANIA TV.png,PASS,PRESERVED_NATIVE_CANVAS,PASS,REVIEW,REVIEW,REVIEW
AUX-PROV-184BA31FD8FA,provider-logo,provider-logo::ROSSINI.png,PASS,PRESERVED_NATIVE_CANVAS,PASS,AUTO-FIXED,REVIEW,REVIEW
AUX-PROV-F5353EE79CFE,provider-logo,provider-logo::ROSTELECOM.png,PASS,PRESERVED_NATIVE_CANVAS,PASS,REVIEW,AUTO-FIXED,REVIEW
AUX-PROV-420D4D32FFEC,provider-logo,provider-logo::RR MEDIA.png,PASS,PRESERVED_NATIVE_CANVAS,PASS,REVIEW,REVIEW,REVIEW
AUX-PROV-9E4A6E09D060,provider-logo,provider-logo::RR SAT.png,MISSING_SOURCE,NOT_APPLICABLE,MISSING_SOURCE,MISSING_SOURCE,MISSING_SOURCE,SOURCE-UNRESOLVED
AUX-PROV-2CFB7751C6F6,provider-logo,provider-logo::RRSAT.png,PASS,PRESERVED_NATIVE_CANVAS,PASS,REVIEW,REVIEW,REVIEW
AUX-PROV-10803A506A50,provider-logo,provider-logo::RSCC.png,PASS,PRESERVED_NATIVE_CANVAS,PASS,REVIEW,REVIEW,REVIEW
AUX-PROV-7E76E5515E0B,provider-logo,provider-logo::RT1.TV.png,PASS,PRESERVED_NATIVE_CANVAS,PASS,AUTO-FIXED,AUTO-FIXED,AUTO-FIXED
AUX-PROV-D3D5BAF4B48D,provider-logo,provider-logo::RTARAB.png,PASS,PRESERVED_NATIVE_CANVAS,PASS,REVIEW,REVIEW,REVIEW
AUX-PROV-0B185CC6AD38,provider-logo,provider-logo::RTI 1 PRINCIPAL.png,PASS,PRESERVED_NATIVE_CANVAS,PASS,AUTO-FIXED,REVIEW,REVIEW
AUX-PROV-92827F670F4E,provider-logo,provider-logo::RTL DEUTSCHLAND.png,PASS,PRESERVED_NATIVE_CANVAS,PASS,REVIEW,REVIEW,REVIEW
AUX-PROV-13CC59CE6398,provider-logo,provider-logo::RTL WORLD.png,MISSING_SOURCE,NOT_APPLICABLE,MISSING_SOURCE,MISSING_SOURCE,MISSING_SOURCE,SOURCE-UNRESOLVED
AUX-PROV-8C05F78188CB,provider-logo,provider-logo::RTL.png,PASS,PRESERVED_NATIVE_CANVAS,PASS,REVIEW,REVIEW,REVIEW
AUX-PROV-113447D9631F,provider-logo,provider-logo::RTP 1 HD.png,PASS,PRESERVED_NATIVE_CANVAS,PASS,AUTO-FIXED,AUTO-FIXED,AUTO-FIXED
AUX-PROV-1D64E78ADF5D,provider-logo,provider-logo::RTP 2 HD.png,PASS,PRESERVED_NATIVE_CANVAS,PASS,AUTO-FIXED,REVIEW,REVIEW
AUX-PROV-2A82339E6E85,provider-logo,provider-logo::RTP 3.png,PASS,PRESERVED_NATIVE_CANVAS,PASS,REVIEW,AUTO-FIXED,REVIEW
AUX-PROV-71159A721AD2,provider-logo,provider-logo::RTP AORES.png,PASS,PRESERVED_NATIVE_CANVAS,PASS,AUTO-FIXED,AUTO-FIXED,AUTO-FIXED
AUX-PROV-27CB38ED7F68,provider-logo,provider-logo::RTP FRICA.png,PASS,PRESERVED_NATIVE_CANVAS,PASS,AUTO-FIXED,AUTO-FIXED,AUTO-FIXED
AUX-PROV-9CC1262FE868,provider-logo,provider-logo::RTP MADEIRA.png,PASS,PRESERVED_NATIVE_CANVAS,PASS,AUTO-FIXED,AUTO-FIXED,AUTO-FIXED
AUX-PROV-F0F3F974F2B0,provider-logo,provider-logo::RTP MEMORIA.png,PASS,PRESERVED_NATIVE_CANVAS,PASS,AUTO-FIXED,AUTO-FIXED,AUTO-FIXED
AUX-PROV-4CAED0DF823C,provider-logo,provider-logo::RTP MEMRIA.png,PASS,PRESERVED_NATIVE_CANVAS,PASS,AUTO-FIXED,AUTO-FIXED,AUTO-FIXED
AUX-PROV-CCBFA495CEFC,provider-logo,provider-logo::RTP.png,PASS,PRESERVED_NATIVE_CANVAS,PASS,REVIEW,REVIEW,REVIEW
AUX-PROV-18DF4EF072C1,provider-logo,provider-logo::RTS.png,PASS,PRESERVED_NATIVE_CANVAS,PASS,AUTO-FIXED,AUTO-FIXED,AUTO-FIXED
AUX-PROV-90D14550A72F,provider-logo,provider-logo::RTSH.png,PASS,PRESERVED_NATIVE_CANVAS,PASS,REVIEW,REVIEW,REVIEW
AUX-PROV-1BB6B9F309F6,provider-logo,provider-logo::RTTR OPIM TRENTO.png,PASS,PRESERVED_NATIVE_CANVAS,PASS,AUTO-FIXED,AUTO-FIXED,AUTO-FIXED
AUX-PROV-293AE296651A,provider-logo,provider-logo::RTV SLOVENIJA.png,PASS,PRESERVED_NATIVE_CANVAS,PASS,REVIEW,AUTO-FIXED,REVIEW
AUX-PROV-3F6BEF669232,provider-logo,provider-logo::RTV38.png,PASS,PRESERVED_NATIVE_CANVAS,PASS,REVIEW,REVIEW,REVIEW
AUX-PROV-75386D804DDE,provider-logo,provider-logo::RTVE.png,PASS,PRESERVED_NATIVE_CANVAS,PASS,REVIEW,REVIEW,REVIEW
AUX-PROV-0CA9C9EEB948,provider-logo,provider-logo::RTVS.png,PASS,PRESERVED_NATIVE_CANVAS,PASS,REVIEW,REVIEW,REVIEW
AUX-PROV-87388AE48B1E,provider-logo,provider-logo::RUBINTELECOM.png,PASS,PRESERVED_NATIVE_CANVAS,PASS,REVIEW,REVIEW,REVIEW
AUX-PROV-DD1456EBDFA2,provider-logo,provider-logo::RUDAW.png,PASS,PRESERVED_NATIVE_CANVAS,PASS,REVIEW,REVIEW,REVIEW
AUX-PROV-6BB3D3A73F92,provider-logo,provider-logo::S.R.T.V..png,PASS,PRESERVED_NATIVE_CANVAS,PASS,AUTO-FIXED,REVIEW,REVIEW
AUX-PROV-4AD7EED93FF8,provider-logo,provider-logo::S4C.png,PASS,PRESERVED_NATIVE_CANVAS,PASS,REVIEW,REVIEW,REVIEW
AUX-PROV-BBC665EC9D55,provider-logo,provider-logo::SABA GROUP.png,PASS,PRESERVED_NATIVE_CANVAS,PASS,REVIEW,REVIEW,REVIEW
AUX-PROV-07D7F9D5D1A5,provider-logo,provider-logo::SABA WORLD.png,PASS,PRESERVED_NATIVE_CANVAS,PASS,REVIEW,REVIEW,REVIEW
AUX-PROV-90F2300EB3DA,provider-logo,provider-logo::SAMA.png,PASS,PRESERVED_NATIVE_CANVAS,PASS,REVIEW,REVIEW,REVIEW
AUX-PROV-10E3696D9923,provider-logo,provider-logo::SAPEC.png,PASS,PRESERVED_NATIVE_CANVAS,PASS,AUTO-FIXED,REVIEW,REVIEW
AUX-PROV-FCCD6D0E0D29,provider-logo,provider-logo::SAT.png,PASS,PRESERVED_NATIVE_CANVAS,PASS,REVIEW,REVIEW,REVIEW
AUX-PROV-6D62B73125B0,provider-logo,provider-logo::SATTELECOM.png,PASS,PRESERVED_NATIVE_CANVAS,PASS,AUTO-FIXED,REVIEW,REVIEW
AUX-PROV-332BE33DE667,provider-logo,provider-logo::SAUDI TV1.png,PASS,PRESERVED_NATIVE_CANVAS,PASS,AUTO-FIXED,REVIEW,REVIEW
AUX-PROV-437AC9D2B577,provider-logo,provider-logo::SAWA.png,PASS,PRESERVED_NATIVE_CANVAS,PASS,AUTO-FIXED,REVIEW,REVIEW
AUX-PROV-009306950B36,provider-logo,provider-logo::SAY TV.png,PASS,PRESERVED_NATIVE_CANVAS,PASS,REVIEW,REVIEW,REVIEW
AUX-PROV-BFABBB853704,provider-logo,provider-logo::SBA.png,PASS,PRESERVED_NATIVE_CANVAS,PASS,REVIEW,REVIEW,REVIEW
AUX-PROV-2A1D850DC085,provider-logo,provider-logo::SBB.png,PASS,PRESERVED_NATIVE_CANVAS,PASS,AUTO-FIXED,REVIEW,REVIEW
AUX-PROV-A8AC05B3D27A,provider-logo,provider-logo::SBC.png,PASS,PRESERVED_NATIVE_CANVAS,PASS,REVIEW,REVIEW,REVIEW
AUX-PROV-90F7208660C6,provider-logo,provider-logo::SBSR.png,PASS,PRESERVED_NATIVE_CANVAS,PASS,REVIEW,REVIEW,REVIEW
AUX-PROV-6FCBDBB3BDFA,provider-logo,provider-logo::SCHURA.png,PASS,PRESERVED_NATIVE_CANVAS,PASS,AUTO-FIXED,AUTO-FIXED,AUTO-FIXED
AUX-PROV-F87A93469709,provider-logo,provider-logo::SCHWEIZER FERNSEHEN.png,MISSING_SOURCE,NOT_APPLICABLE,MISSING_SOURCE,MISSING_SOURCE,MISSING_SOURCE,SOURCE-UNRESOLVED
AUX-PROV-780A93026B25,provider-logo,provider-logo::SCHWEIZER RADIO UND FERNSEHEN.png,PASS,PRESERVED_NATIVE_CANVAS,PASS,REVIEW,REVIEW,REVIEW
AUX-PROV-E4EF06B31BBC,provider-logo,provider-logo::SCOPUS NETWORK TECHNOLOGIES.png,PASS,PRESERVED_NATIVE_CANVAS,PASS,REVIEW,REVIEW,REVIEW
AUX-PROV-516C2C7C897E,provider-logo,provider-logo::SCOPUS NETWORK.png,MISSING_SOURCE,NOT_APPLICABLE,MISSING_SOURCE,MISSING_SOURCE,MISSING_SOURCE,SOURCE-UNRESOLVED
AUX-PROV-D1FED40AB641,provider-logo,provider-logo::SCOPUS.png,PASS,PRESERVED_NATIVE_CANVAS,PASS,REVIEW,REVIEW,REVIEW
AUX-PROV-736A038E13A9,provider-logo,provider-logo::SEMBA.png,PASS,PRESERVED_NATIVE_CANVAS,PASS,REVIEW,REVIEW,REVIEW
AUX-PROV-8F1D33F1F756,provider-logo,provider-logo::SENTECH.png,PASS,PRESERVED_NATIVE_CANVAS,PASS,AUTO-FIXED,REVIEW,REVIEW
AUX-PROV-AC337D59D789,provider-logo,provider-logo::SERVES 2.png,PASS,PRESERVED_NATIVE_CANVAS,PASS,REVIEW,REVIEW,REVIEW
AUX-PROV-2424E57C25AB,provider-logo,provider-logo::SERVICE PROVIDE.png,PASS,PRESERVED_NATIVE_CANVAS,PASS,REVIEW,REVIEW,REVIEW
AUX-PROV-C9C55ED4BAF0,provider-logo,provider-logo::SERVICE PROVIDER.png,PASS,PRESERVED_NATIVE_CANVAS,PASS,REVIEW,REVIEW,REVIEW
AUX-PROV-D72F7170292E,provider-logo,provider-logo::SERVUSTV.png,PASS,PRESERVED_NATIVE_CANVAS,PASS,REVIEW,REVIEW,REVIEW
AUX-PROV-DE6FDDB394F1,provider-logo,provider-logo::SES ASTRA.png,PASS,PRESERVED_NATIVE_CANVAS,PASS,AUTO-FIXED,AUTO-FIXED,AUTO-FIXED
AUX-PROV-E62A902FCE90,provider-logo,provider-logo::SES.png,PASS,PRESERVED_NATIVE_CANVAS,PASS,AUTO-FIXED,AUTO-FIXED,AUTO-FIXED
AUX-PROV-5234F4AC5478,provider-logo,provider-logo::SESATEME.png,PASS,PRESERVED_NATIVE_CANVAS,PASS,AUTO-FIXED,AUTO-FIXED,AUTO-FIXED
AUX-PROV-3D9732020310,provider-logo,provider-logo::SESTA RETE.png,PASS,PRESERVED_NATIVE_CANVAS,PASS,AUTO-FIXED,AUTO-FIXED,AUTO-FIXED
AUX-PROV-29CD1A981297,provider-logo,provider-logo::SETTE GOLD.png,PASS,PRESERVED_NATIVE_CANVAS,PASS,AUTO-FIXED,REVIEW,REVIEW
AUX-PROV-BFE6BF54DA22,provider-logo,provider-logo::SEVENONEMEDIA.png,PASS,PRESERVED_NATIVE_CANVAS,PASS,AUTO-FIXED,REVIEW,REVIEW
AUX-PROV-6F8A3632E7D2,provider-logo,provider-logo::SHARAVOZ.png,MISSING_SOURCE,NOT_APPLICABLE,MISSING_SOURCE,MISSING_SOURCE,MISSING_SOURCE,SOURCE-UNRESOLVED
AUX-PROV-291D9DB2CDA6,provider-logo,provider-logo::SHARQIYA FROM KALBA-MAIN.png,PASS,PRESERVED_NATIVE_CANVAS,PASS,AUTO-FIXED,REVIEW,REVIEW
AUX-PROV-67B7722EDCD6,provider-logo,provider-logo::SHOW HD.png,PASS,PRESERVED_NATIVE_CANVAS,PASS,REVIEW,REVIEW,REVIEW
AUX-PROV-30809A55AE94,provider-logo,provider-logo::SHOW MAX HD.png,PASS,PRESERVED_NATIVE_CANVAS,PASS,REVIEW,REVIEW,REVIEW
AUX-PROV-4CB81D224FA0,provider-logo,provider-logo::SHOW MAX.png,PASS,PRESERVED_NATIVE_CANVAS,PASS,REVIEW,REVIEW,REVIEW
AUX-PROV-EED14880F4A1,provider-logo,provider-logo::SHOW TURK HD.png,PASS,PRESERVED_NATIVE_CANVAS,PASS,REVIEW,REVIEW,REVIEW
AUX-PROV-14F1D784D395,provider-logo,provider-logo::SHOW TURK.png,PASS,PRESERVED_NATIVE_CANVAS,PASS,REVIEW,REVIEW,REVIEW
AUX-PROV-371E621178AB,provider-logo,provider-logo::SHOW TV.png,PASS,PRESERVED_NATIVE_CANVAS,PASS,AUTO-FIXED,REVIEW,REVIEW
AUX-PROV-AE6C236B2A8F,provider-logo,provider-logo::SHOWTIME NETWORKS.png,PASS,PRESERVED_NATIVE_CANVAS,PASS,REVIEW,REVIEW,REVIEW
AUX-PROV-77CFE23CCDCC,provider-logo,provider-logo::SHURA TV.png,PASS,PRESERVED_NATIVE_CANVAS,PASS,AUTO-FIXED,AUTO-FIXED,AUTO-FIXED
AUX-PROV-DCB14B218077,provider-logo,provider-logo::SIC CARAS.png,PASS,PRESERVED_NATIVE_CANVAS,PASS,AUTO-FIXED,AUTO-FIXED,AUTO-FIXED
AUX-PROV-CA25DDCBB6DC,provider-logo,provider-logo::SIC HD.png,PASS,PRESERVED_NATIVE_CANVAS,PASS,REVIEW,REVIEW,REVIEW
AUX-PROV-38EF8297A8DD,provider-logo,provider-logo::SIC INTERNACIONAL.png,PASS,PRESERVED_NATIVE_CANVAS,PASS,REVIEW,REVIEW,REVIEW
AUX-PROV-70964EC1769A,provider-logo,provider-logo::SIC K.png,PASS,PRESERVED_NATIVE_CANVAS,PASS,AUTO-FIXED,REVIEW,REVIEW
AUX-PROV-FC28A400D2C2,provider-logo,provider-logo::SIC R.png,PASS,PRESERVED_NATIVE_CANVAS,PASS,REVIEW,REVIEW,REVIEW
AUX-PROV-486FEDB6F36B,provider-logo,provider-logo::SIC RADICAL.png,PASS,PRESERVED_NATIVE_CANVAS,PASS,REVIEW,REVIEW,REVIEW
AUX-PROV-4F6DDBA41651,provider-logo,provider-logo::SID - TVI REALITY.png,PASS,PRESERVED_NATIVE_CANVAS,PASS,AUTO-FIXED,REVIEW,REVIEW
AUX-PROV-925692C1AFDC,provider-logo,provider-logo::SID 24 KITCHEN HD.png,PASS,PRESERVED_NATIVE_CANVAS,PASS,AUTO-FIXED,REVIEW,REVIEW
AUX-PROV-095F90E347A0,provider-logo,provider-logo::SID AXN BLACK HD.png,PASS,PRESERVED_NATIVE_CANVAS,PASS,AUTO-FIXED,REVIEW,REVIEW
AUX-PROV-4E7F42FAF837,provider-logo,provider-logo::SID AXN HD.png,PASS,PRESERVED_NATIVE_CANVAS,PASS,REVIEW,AUTO-FIXED,REVIEW
AUX-PROV-89C85513DF7B,provider-logo,provider-logo::SID BBC ENTERTAINMENT.png,PASS,PRESERVED_NATIVE_CANVAS,PASS,REVIEW,REVIEW,REVIEW
AUX-PROV-45A41265357F,provider-logo,provider-logo::SID BBC WORLD NEWS.png,PASS,PRESERVED_NATIVE_CANVAS,PASS,REVIEW,REVIEW,REVIEW
AUX-PROV-0EB86E167968,provider-logo,provider-logo::SID BIGGS.png,PASS,PRESERVED_NATIVE_CANVAS,PASS,REVIEW,REVIEW,REVIEW
AUX-PROV-040324DA6E50,provider-logo,provider-logo::SID BLOOMBERG.png,PASS,PRESERVED_NATIVE_CANVAS,PASS,REVIEW,REVIEW,REVIEW
AUX-PROV-28A72DEA3960,provider-logo,provider-logo::SID BTV 1 HD.png,PASS,PRESERVED_NATIVE_CANVAS,PASS,REVIEW,AUTO-FIXED,REVIEW
AUX-PROV-F573E43E8F5A,provider-logo,provider-logo::SID BTV 1.png,PASS,PRESERVED_NATIVE_CANVAS,PASS,REVIEW,AUTO-FIXED,REVIEW
AUX-PROV-9E5701F4B0AD,provider-logo,provider-logo::SID CAA E PESCA.png,PASS,PRESERVED_NATIVE_CANVAS,PASS,AUTO-FIXED,AUTO-FIXED,AUTO-FIXED
AUX-PROV-334C60AC4003,provider-logo,provider-logo::SID CACA E PESCA.png,PASS,PRESERVED_NATIVE_CANVAS,PASS,PASS,AUTO-FIXED,AUTO-FIXED
AUX-PROV-4C2AE9A605B4,provider-logo,provider-logo::SID CANAL Q.png,PASS,PRESERVED_NATIVE_CANVAS,PASS,REVIEW,REVIEW,REVIEW
AUX-PROV-D38E290D6596,provider-logo,provider-logo::SID CNN.png,PASS,PRESERVED_NATIVE_CANVAS,PASS,REVIEW,REVIEW,REVIEW
AUX-PROV-55E237D30A61,provider-logo,provider-logo::SID DISCOVERY HD SHOWCASE.png,PASS,PRESERVED_NATIVE_CANVAS,PASS,AUTO-FIXED,REVIEW,REVIEW
AUX-PROV-E94BE2024C7D,provider-logo,provider-logo::SID DISCOVERY HD.png,PASS,PRESERVED_NATIVE_CANVAS,PASS,REVIEW,REVIEW,REVIEW
AUX-PROV-6C0D878C5A6B,provider-logo,provider-logo::SID DISCOVERY.png,PASS,PRESERVED_NATIVE_CANVAS,PASS,REVIEW,REVIEW,REVIEW
AUX-PROV-9368FC32F78C,provider-logo,provider-logo::SID E! ENTERTAINMENT.png,PASS,PRESERVED_NATIVE_CANVAS,PASS,AUTO-FIXED,AUTO-FIXED,AUTO-FIXED
AUX-PROV-ABAAD0688DA1,provider-logo,provider-logo::SID EI ENTERTAINMENT.png,PASS,PRESERVED_NATIVE_CANVAS,PASS,AUTO-FIXED,AUTO-FIXED,AUTO-FIXED
AUX-PROV-61ADDCAA4C7D,provider-logo,provider-logo::SID EUROSPORT 1 HD.png,PASS,PRESERVED_NATIVE_CANVAS,PASS,AUTO-FIXED,REVIEW,REVIEW
AUX-PROV-6A3E40805B13,provider-logo,provider-logo::SID EUROSPORT 1.png,PASS,PRESERVED_NATIVE_CANVAS,PASS,AUTO-FIXED,REVIEW,REVIEW
AUX-PROV-FF29C326C5CB,provider-logo,provider-logo::SID EUROSPORT 2.png,PASS,PRESERVED_NATIVE_CANVAS,PASS,AUTO-FIXED,REVIEW,REVIEW
AUX-PROV-8EBBD51341D2,provider-logo,provider-logo::SID FOX COMEDY.png,PASS,PRESERVED_NATIVE_CANVAS,PASS,REVIEW,REVIEW,REVIEW
AUX-PROV-358912281DBA,provider-logo,provider-logo::SID FOX HD.png,PASS,PRESERVED_NATIVE_CANVAS,PASS,REVIEW,REVIEW,REVIEW
AUX-PROV-6BFE023276AF,provider-logo,provider-logo::SID FOX LIFE HD.png,PASS,PRESERVED_NATIVE_CANVAS,PASS,REVIEW,REVIEW,REVIEW
AUX-PROV-5EA04E85D6D1,provider-logo,provider-logo::SID FTV.png,PASS,PRESERVED_NATIVE_CANVAS,PASS,AUTO-FIXED,AUTO-FIXED,AUTO-FIXED
AUX-PROV-C686C2A32616,provider-logo,provider-logo::SID FUEL TV.png,PASS,PRESERVED_NATIVE_CANVAS,PASS,REVIEW,REVIEW,REVIEW
AUX-PROV-AE9F196778FF,provider-logo,provider-logo::SID GLOBO NOW.png,PASS,PRESERVED_NATIVE_CANVAS,PASS,AUTO-FIXED,AUTO-FIXED,AUTO-FIXED
AUX-PROV-C5FC129B4AB0,provider-logo,provider-logo::SID HISTORIA.png,PASS,PRESERVED_NATIVE_CANVAS,PASS,AUTO-FIXED,REVIEW,REVIEW
AUX-PROV-C146CE95E1A8,provider-logo,provider-logo::SID HISTRIA.png,PASS,PRESERVED_NATIVE_CANVAS,PASS,AUTO-FIXED,REVIEW,REVIEW
AUX-PROV-5570E964A26C,provider-logo,provider-logo::SID HOLLYWOOD.png,PASS,PRESERVED_NATIVE_CANVAS,PASS,AUTO-FIXED,REVIEW,REVIEW
AUX-PROV-B9A2901E8622,provider-logo,provider-logo::SID MEZZO.png,PASS,PRESERVED_NATIVE_CANVAS,PASS,REVIEW,REVIEW,REVIEW
AUX-PROV-97E46F73BF12,provider-logo,provider-logo::SID MOTORVISION.png,PASS,PRESERVED_NATIVE_CANVAS,PASS,REVIEW,REVIEW,REVIEW
AUX-PROV-5F0E97345B2D,provider-logo,provider-logo::SID MTV.png,PASS,PRESERVED_NATIVE_CANVAS,PASS,PASS,AUTO-FIXED,AUTO-FIXED
AUX-PROV-015CFFFF6F8C,provider-logo,provider-logo::SID NATIONAL GEOGRAPHIC HD.png,PASS,PRESERVED_NATIVE_CANVAS,PASS,AUTO-FIXED,REVIEW,REVIEW
AUX-PROV-6D2D26192B06,provider-logo,provider-logo::SID NICK JR..png,PASS,PRESERVED_NATIVE_CANVAS,PASS,REVIEW,REVIEW,REVIEW
AUX-PROV-D4292C6AA991,provider-logo,provider-logo::SID NICKELODEON.png,PASS,PRESERVED_NATIVE_CANVAS,PASS,AUTO-FIXED,REVIEW,REVIEW
AUX-PROV-1250F7F357F9,provider-logo,provider-logo::SID NOS STUDIOS HD.png,PASS,PRESERVED_NATIVE_CANVAS,PASS,AUTO-FIXED,AUTO-FIXED,AUTO-FIXED
AUX-PROV-0F062D5F80E2,provider-logo,provider-logo::SID ODISSEIA.png,PASS,PRESERVED_NATIVE_CANVAS,PASS,AUTO-FIXED,AUTO-FIXED,AUTO-FIXED
AUX-PROV-B64CA884F651,provider-logo,provider-logo::SID PANDA.png,PASS,PRESERVED_NATIVE_CANVAS,PASS,AUTO-FIXED,REVIEW,REVIEW
AUX-PROV-CBEC586A63E0,provider-logo,provider-logo::SID PFC.png,PASS,PRESERVED_NATIVE_CANVAS,PASS,REVIEW,REVIEW,REVIEW
AUX-PROV-F37B95C3608F,provider-logo,provider-logo::SID PLAYBOY.png,PASS,PRESERVED_NATIVE_CANVAS,PASS,REVIEW,REVIEW,REVIEW
AUX-PROV-904042055C5B,provider-logo,provider-logo::SID PORTO CANAL.png,PASS,PRESERVED_NATIVE_CANVAS,PASS,REVIEW,REVIEW,REVIEW
AUX-PROV-99852E5B16A1,provider-logo,provider-logo::SID RTP 1 HD.png,PASS,PRESERVED_NATIVE_CANVAS,PASS,AUTO-FIXED,AUTO-FIXED,AUTO-FIXED
AUX-PROV-411449311CD7,provider-logo,provider-logo::SID RTP 2 HD.png,PASS,PRESERVED_NATIVE_CANVAS,PASS,AUTO-FIXED,AUTO-FIXED,AUTO-FIXED
AUX-PROV-8E4A03F99359,provider-logo,provider-logo::SID RTP 2.png,PASS,PRESERVED_NATIVE_CANVAS,PASS,AUTO-FIXED,AUTO-FIXED,AUTO-FIXED
AUX-PROV-0F4CD4CC5049,provider-logo,provider-logo::SID RTP 3.png,PASS,PRESERVED_NATIVE_CANVAS,PASS,AUTO-FIXED,AUTO-FIXED,AUTO-FIXED
AUX-PROV-035EAF989D59,provider-logo,provider-logo::SID RTP ACORES.png,PASS,PRESERVED_NATIVE_CANVAS,PASS,AUTO-FIXED,AUTO-FIXED,AUTO-FIXED
AUX-PROV-E5DDBEF43CBD,provider-logo,provider-logo::SID RTP AFRICA.png,PASS,PRESERVED_NATIVE_CANVAS,PASS,AUTO-FIXED,AUTO-FIXED,AUTO-FIXED
AUX-PROV-8DA9A2BD7FF8,provider-logo,provider-logo::SID RTP FRICA.png,PASS,PRESERVED_NATIVE_CANVAS,PASS,AUTO-FIXED,AUTO-FIXED,AUTO-FIXED
AUX-PROV-F6BFF9D45311,provider-logo,provider-logo::SID RTP MADEIRA.png,PASS,PRESERVED_NATIVE_CANVAS,PASS,AUTO-FIXED,AUTO-FIXED,AUTO-FIXED
AUX-PROV-8D7F768EA75B,provider-logo,provider-logo::SID RTP1.png,PASS,PRESERVED_NATIVE_CANVAS,PASS,REVIEW,REVIEW,REVIEW
AUX-PROV-8CC38FD74000,provider-logo,provider-logo::SID SIC HD.png,PASS,PRESERVED_NATIVE_CANVAS,PASS,REVIEW,REVIEW,REVIEW
AUX-PROV-BD23B393D54E,provider-logo,provider-logo::SID SIC MULHER.png,PASS,PRESERVED_NATIVE_CANVAS,PASS,REVIEW,REVIEW,REVIEW
AUX-PROV-6CE6B875CC0F,provider-logo,provider-logo::SID SIC N.png,PASS,PRESERVED_NATIVE_CANVAS,PASS,REVIEW,REVIEW,REVIEW
AUX-PROV-94615F6ED0D7,provider-logo,provider-logo::SID SIC.png,PASS,PRESERVED_NATIVE_CANVAS,PASS,REVIEW,REVIEW,REVIEW
AUX-PROV-694CE12DC7BB,provider-logo,provider-logo::SID SPORT TV 1 HD.png,PASS,PRESERVED_NATIVE_CANVAS,PASS,AUTO-FIXED,REVIEW,REVIEW
AUX-PROV-511C401691A7,provider-logo,provider-logo::SID SPORT TV 2 HD.png,PASS,PRESERVED_NATIVE_CANVAS,PASS,REVIEW,REVIEW,REVIEW
AUX-PROV-1DC82128F0A8,provider-logo,provider-logo::SID SPORT TV NBA.png,PASS,PRESERVED_NATIVE_CANVAS,PASS,REVIEW,REVIEW,REVIEW
AUX-PROV-6CD8CFC6B895,provider-logo,provider-logo::SID SPORTING TV.png,PASS,PRESERVED_NATIVE_CANVAS,PASS,REVIEW,REVIEW,REVIEW
AUX-PROV-C3D2F975ADF0,provider-logo,provider-logo::SID TRAVEL CHANNEL HD.png,PASS,PRESERVED_NATIVE_CANVAS,PASS,AUTO-FIXED,REVIEW,REVIEW
AUX-PROV-25C6BB697E3F,provider-logo,provider-logo::SID TSF.png,PASS,PRESERVED_NATIVE_CANVAS,PASS,REVIEW,REVIEW,REVIEW
AUX-PROV-13B4F94AC80E,provider-logo,provider-logo::SID TV GALICIA.png,PASS,PRESERVED_NATIVE_CANVAS,PASS,AUTO-FIXED,REVIEW,REVIEW
AUX-PROV-6532DC179BE3,provider-logo,provider-logo::SID TV RECORD.png,PASS,PRESERVED_NATIVE_CANVAS,PASS,REVIEW,REVIEW,REVIEW
AUX-PROV-72CA13902B62,provider-logo,provider-logo::SID TV5 MONDE.png,PASS,PRESERVED_NATIVE_CANVAS,PASS,REVIEW,REVIEW,REVIEW
AUX-PROV-CFA1C5645985,provider-logo,provider-logo::SID TVCINE 1 HD.png,PASS,PRESERVED_NATIVE_CANVAS,PASS,AUTO-FIXED,AUTO-FIXED,AUTO-FIXED
AUX-PROV-E9A41FDA59D8,provider-logo,provider-logo::SID TVCINE 2 HD.png,PASS,PRESERVED_NATIVE_CANVAS,PASS,AUTO-FIXED,AUTO-FIXED,AUTO-FIXED
AUX-PROV-A2FBD64D9860,provider-logo,provider-logo::SID TVE 24H.png,PASS,PRESERVED_NATIVE_CANVAS,PASS,AUTO-FIXED,REVIEW,REVIEW
AUX-PROV-7313764CC5BD,provider-logo,provider-logo::SID TVE INTERNACIONAL.png,PASS,PRESERVED_NATIVE_CANVAS,PASS,REVIEW,REVIEW,REVIEW
AUX-PROV-6593C3FDD0F2,provider-logo,provider-logo::SID TVI 24.png,PASS,PRESERVED_NATIVE_CANVAS,PASS,AUTO-FIXED,REVIEW,REVIEW
AUX-PROV-1342A4ADBEDA,provider-logo,provider-logo::SID TVI HD.png,PASS,PRESERVED_NATIVE_CANVAS,PASS,AUTO-FIXED,REVIEW,REVIEW
AUX-PROV-19B86430622C,provider-logo,provider-logo::SID TVI.png,PASS,PRESERVED_NATIVE_CANVAS,PASS,REVIEW,AUTO-FIXED,REVIEW
AUX-PROV-31AABB38B490,provider-logo,provider-logo::SID TVSERIES HD.png,PASS,PRESERVED_NATIVE_CANVAS,PASS,PASS,AUTO-FIXED,AUTO-FIXED
AUX-PROV-2CD47E854DE7,provider-logo,provider-logo::SID TVSRIES HD.png,PASS,PRESERVED_NATIVE_CANVAS,PASS,PASS,AUTO-FIXED,AUTO-FIXED
AUX-PROV-06E93604C0F8,provider-logo,provider-logo::SID ZAP VIVA HD.png,PASS,PRESERVED_NATIVE_CANVAS,PASS,REVIEW,REVIEW,REVIEW
AUX-PROV-EEEF3993C857,provider-logo,provider-logo::SIENATV.png,PASS,PRESERVED_NATIVE_CANVAS,PASS,REVIEW,REVIEW,REVIEW
AUX-PROV-9DAA2229F139,provider-logo,provider-logo::SIS LIMITED.png,PASS,PRESERVED_NATIVE_CANVAS,PASS,AUTO-FIXED,REVIEW,REVIEW
AUX-PROV-013091F44324,provider-logo,provider-logo::SIS.png,PASS,PRESERVED_NATIVE_CANVAS,PASS,AUTO-FIXED,REVIEW,REVIEW
AUX-PROV-464417F64270,provider-logo,provider-logo::SKY DEUTSCHLAND.png,MISSING_SOURCE,NOT_APPLICABLE,MISSING_SOURCE,MISSING_SOURCE,MISSING_SOURCE,SOURCE-UNRESOLVED
AUX-PROV-7BAC5E883532,provider-logo,provider-logo::SKY DIGITAL.png,MISSING_SOURCE,NOT_APPLICABLE,MISSING_SOURCE,MISSING_SOURCE,MISSING_SOURCE,SOURCE-UNRESOLVED
AUX-PROV-27030F68599C,provider-logo,provider-logo::SKY ITALIA.png,PASS,PRESERVED_NATIVE_CANVAS,PASS,REVIEW,REVIEW,REVIEW
AUX-PROV-DA2C868D4371,provider-logo,provider-logo::SKY NEWS ARABIA HD.png,PASS,PRESERVED_NATIVE_CANVAS,PASS,REVIEW,REVIEW,REVIEW
AUX-PROV-4A9A177546B6,provider-logo,provider-logo::SKY NEWS ARABIA.png,PASS,PRESERVED_NATIVE_CANVAS,PASS,REVIEW,REVIEW,REVIEW
AUX-PROV-2C13247E9690,provider-logo,provider-logo::SKY NEWS.png,PASS,PRESERVED_NATIVE_CANVAS,PASS,AUTO-FIXED,REVIEW,REVIEW
AUX-PROV-3EF2845AA32A,provider-logo,provider-logo::SKY.png,PASS,PRESERVED_NATIVE_CANVAS,PASS,REVIEW,REVIEW,REVIEW
AUX-PROV-94C1569519DE,provider-logo,provider-logo::SKYITALIA.png,PASS,PRESERVED_NATIVE_CANVAS,PASS,REVIEW,REVIEW,REVIEW
AUX-PROV-5DC508B48160,provider-logo,provider-logo::SKYLINK.png,MISSING_SOURCE,NOT_APPLICABLE,MISSING_SOURCE,MISSING_SOURCE,MISSING_SOURCE,SOURCE-UNRESOLVED
AUX-PROV-5CC02B89C3E3,provider-logo,provider-logo::SKYMEDIA BROADCAST.png,PASS,PRESERVED_NATIVE_CANVAS,PASS,REVIEW,REVIEW,REVIEW
AUX-PROV-A0654F7DAF8C,provider-logo,provider-logo::SKYROCK.png,PASS,PRESERVED_NATIVE_CANVAS,PASS,REVIEW,REVIEW,REVIEW
AUX-PROV-4D84EFE0275E,provider-logo,provider-logo::SLM.png,PASS,PRESERVED_NATIVE_CANVAS,PASS,AUTO-FIXED,REVIEW,REVIEW
AUX-PROV-3CA32B38BE01,provider-logo,provider-logo::SLOVAK TELECOM.png,PASS,PRESERVED_NATIVE_CANVAS,PASS,REVIEW,REVIEW,REVIEW
AUX-PROV-A4772231E7F3,provider-logo,provider-logo::SLOVAK TELEKOM.png,PASS,PRESERVED_NATIVE_CANVAS,PASS,REVIEW,REVIEW,REVIEW
AUX-PROV-E4F380A581E8,provider-logo,provider-logo::SMOOTH FM.png,PASS,PRESERVED_NATIVE_CANVAS,PASS,AUTO-FIXED,REVIEW,REVIEW
AUX-PROV-3B6718344928,provider-logo,provider-logo::SMR6.png,PASS,PRESERVED_NATIVE_CANVAS,PASS,REVIEW,REVIEW,REVIEW
AUX-PROV-746976377A00,provider-logo,provider-logo::SNAI LIVE.png,PASS,PRESERVED_NATIVE_CANVAS,PASS,REVIEW,REVIEW,REVIEW
AUX-PROV-D1B230C62978,provider-logo,provider-logo::SNRT-2.png,PASS,PRESERVED_NATIVE_CANVAS,PASS,REVIEW,REVIEW,REVIEW
AUX-PROV-A7EBCC138AAB,provider-logo,provider-logo::SNRT-ALHOCEIMA.png,PASS,PRESERVED_NATIVE_CANVAS,PASS,REVIEW,REVIEW,REVIEW
AUX-PROV-FBE918C048A1,provider-logo,provider-logo::SNRT.png,PASS,PRESERVED_NATIVE_CANVAS,PASS,REVIEW,REVIEW,REVIEW
AUX-PROV-6964AF2B2B98,provider-logo,provider-logo::SOLAR MEDIA.png,PASS,PRESERVED_NATIVE_CANVAS,PASS,AUTO-FIXED,REVIEW,REVIEW
AUX-PROV-CB26C19B8783,provider-logo,provider-logo::SOREAD 2M.png,PASS,PRESERVED_NATIVE_CANVAS,PASS,REVIEW,REVIEW,REVIEW
AUX-PROV-9C8419CF8AA9,provider-logo,provider-logo::SOVOK TV.png,PASS,PRESERVED_NATIVE_CANVAS,PASS,REVIEW,REVIEW,REVIEW
AUX-PROV-EECF3B3948AB,provider-logo,provider-logo::SPACECOM.png,MISSING_SOURCE,NOT_APPLICABLE,MISSING_SOURCE,MISSING_SOURCE,MISSING_SOURCE,SOURCE-UNRESOLVED
AUX-PROV-EB1DB3876529,provider-logo,provider-logo::SPI.png,PASS,PRESERVED_NATIVE_CANVAS,PASS,REVIEW,REVIEW,REVIEW
AUX-PROV-9019785AFB4A,provider-logo,provider-logo::SPORT TV 3 HD.png,PASS,PRESERVED_NATIVE_CANVAS,PASS,REVIEW,REVIEW,REVIEW
AUX-PROV-F5CAB59EC536,provider-logo,provider-logo::SPORT TV 3.png,PASS,PRESERVED_NATIVE_CANVAS,PASS,REVIEW,REVIEW,REVIEW
AUX-PROV-B9FD070DFE7E,provider-logo,provider-logo::SPORT TV 4 HD.png,PASS,PRESERVED_NATIVE_CANVAS,PASS,REVIEW,REVIEW,REVIEW
AUX-PROV-F0EF6635490E,provider-logo,provider-logo::SPORT TV 4.png,PASS,PRESERVED_NATIVE_CANVAS,PASS,REVIEW,REVIEW,REVIEW
AUX-PROV-2A6B29AB7AC0,provider-logo,provider-logo::SPORT TV 5 HD.png,PASS,PRESERVED_NATIVE_CANVAS,PASS,REVIEW,REVIEW,REVIEW
AUX-PROV-EFF115D60173,provider-logo,provider-logo::SPORT TV 5.png,PASS,PRESERVED_NATIVE_CANVAS,PASS,REVIEW,REVIEW,REVIEW
AUX-PROV-17979AB3EA9D,provider-logo,provider-logo::SPORT TV 6 HD.png,PASS,PRESERVED_NATIVE_CANVAS,PASS,REVIEW,REVIEW,REVIEW
AUX-PROV-169BFB479FDA,provider-logo,provider-logo::SPORT TV+.png,PASS,PRESERVED_NATIVE_CANVAS,PASS,REVIEW,REVIEW,REVIEW
AUX-PROV-A0CEE6CE7FAD,provider-logo,provider-logo::SPORT TVPLUS.png,PASS,PRESERVED_NATIVE_CANVAS,PASS,REVIEW,REVIEW,REVIEW
AUX-PROV-441A3A02519C,provider-logo,provider-logo::SPORTTV2.png,PASS,PRESERVED_NATIVE_CANVAS,PASS,REVIEW,REVIEW,REVIEW
AUX-PROV-B61D30F07345,provider-logo,provider-logo::SPRO TV.png,PASS,PRESERVED_NATIVE_CANVAS,PASS,AUTO-FIXED,REVIEW,REVIEW
AUX-PROV-834070E6C479,provider-logo,provider-logo::SPTV.png,PASS,PRESERVED_NATIVE_CANVAS,PASS,REVIEW,REVIEW,REVIEW
AUX-PROV-479D217EC12C,provider-logo,provider-logo::SRG SSR IDEE SUISSE.png,MISSING_SOURCE,NOT_APPLICABLE,MISSING_SOURCE,MISSING_SOURCE,MISSING_SOURCE,SOURCE-UNRESOLVED
AUX-PROV-6CE45584437B,provider-logo,provider-logo::SRG SSR SUISSE.png,MISSING_SOURCE,NOT_APPLICABLE,MISSING_SOURCE,MISSING_SOURCE,MISSING_SOURCE,SOURCE-UNRESOLVED
AUX-PROV-90118DFC8CDC,provider-logo,provider-logo::SRG SSR.png,PASS,PRESERVED_NATIVE_CANVAS,PASS,REVIEW,REVIEW,REVIEW
AUX-PROV-CC5CEDFED4FA,provider-logo,provider-logo::SRTV.png,PASS,PRESERVED_NATIVE_CANVAS,PASS,REVIEW,REVIEW,REVIEW
AUX-PROV-D8E7017BFD50,provider-logo,provider-logo::SSU STBS NAGRAGUIDE HD.png,PASS,PRESERVED_NATIVE_CANVAS,PASS,REVIEW,REVIEW,REVIEW
AUX-PROV-2681E4250AF7,provider-logo,provider-logo::ST.png,MISSING_SOURCE,NOT_APPLICABLE,MISSING_SOURCE,MISSING_SOURCE,MISSING_SOURCE,SOURCE-UNRESOLVED
AUX-PROV-2089C1716351,provider-logo,provider-logo::STARLIGHTMEDIA.png,PASS,PRESERVED_NATIVE_CANVAS,PASS,REVIEW,AUTO-FIXED,REVIEW
AUX-PROV-B849843803D2,provider-logo,provider-logo::STARLINK.png,PASS,PRESERVED_NATIVE_CANVAS,PASS,REVIEW,REVIEW,REVIEW
AUX-PROV-ABD2D14793EE,provider-logo,provider-logo::STARNET.png,PASS,PRESERVED_NATIVE_CANVAS,PASS,REVIEW,REVIEW,REVIEW
AUX-PROV-FDE51FF887BB,provider-logo,provider-logo::STEREO +.png,PASS,PRESERVED_NATIVE_CANVAS,PASS,AUTO-FIXED,AUTO-FIXED,AUTO-FIXED
AUX-PROV-F27B0F0A252F,provider-logo,provider-logo::STN L.png,PASS,PRESERVED_NATIVE_CANVAS,PASS,REVIEW,REVIEW,REVIEW
AUX-PROV-C79F41B71215,provider-logo,provider-logo::STN LTD.png,PASS,PRESERVED_NATIVE_CANVAS,PASS,REVIEW,REVIEW,REVIEW
AUX-PROV-D7D4E9875D1A,provider-logo,provider-logo::STN PLC.png,PASS,PRESERVED_NATIVE_CANVAS,PASS,REVIEW,REVIEW,REVIEW
AUX-PROV-EE7B6D92CD22,provider-logo,provider-logo::STN.png,PASS,PRESERVED_NATIVE_CANVAS,PASS,REVIEW,REVIEW,REVIEW
AUX-PROV-F264DC002CA6,provider-logo,provider-logo::STREAM.png,PASS,PRESERVED_NATIVE_CANVAS,PASS,REVIEW,REVIEW,REVIEW
AUX-PROV-0D6D6304233A,provider-logo,provider-logo::STREAMTV.png,PASS,PRESERVED_NATIVE_CANVAS,PASS,REVIEW,REVIEW,REVIEW
AUX-PROV-8B4237F6E065,provider-logo,provider-logo::STV.png,PASS,PRESERVED_NATIVE_CANVAS,PASS,AUTO-FIXED,REVIEW,REVIEW
AUX-PROV-E2BF787F77FF,provider-logo,provider-logo::SUDAN SPORT.png,PASS,PRESERVED_NATIVE_CANVAS,PASS,REVIEW,REVIEW,REVIEW
AUX-PROV-A19B854E0AF3,provider-logo,provider-logo::SUDAN TV.png,PASS,PRESERVED_NATIVE_CANVAS,PASS,REVIEW,REVIEW,REVIEW
AUX-PROV-FBDBF9EDD33E,provider-logo,provider-logo::SUDANIA 24NONE.png,PASS,PRESERVED_NATIVE_CANVAS,PASS,REVIEW,REVIEW,REVIEW
AUX-PROV-A4C803CB0216,provider-logo,provider-logo::SUDANIA24 GROUP.png,PASS,PRESERVED_NATIVE_CANVAS,PASS,REVIEW,REVIEW,REVIEW
AUX-PROV-A72DA0F3C9F4,provider-logo,provider-logo::SUPERFM.png,PASS,PRESERVED_NATIVE_CANVAS,PASS,AUTO-FIXED,REVIEW,REVIEW
AUX-PROV-549CF151B766,provider-logo,provider-logo::SUPERTV.png,PASS,PRESERVED_NATIVE_CANVAS,PASS,REVIEW,REVIEW,REVIEW
AUX-PROV-0382DE8D571A,provider-logo,provider-logo::SV.png,PASS,PRESERVED_NATIVE_CANVAS,PASS,REVIEW,REVIEW,REVIEW
AUX-PROV-C4DCFF72C5A2,provider-logo,provider-logo::SVITLE RADIO.png,PASS,PRESERVED_NATIVE_CANVAS,PASS,REVIEW,REVIEW,REVIEW
AUX-PROV-1CD6E219BC99,provider-logo,provider-logo::SVS.png,PASS,PRESERVED_NATIVE_CANVAS,PASS,AUTO-FIXED,REVIEW,REVIEW
AUX-PROV-018CD5E90764,provider-logo,provider-logo::SW KAON DTH.png,PASS,PRESERVED_NATIVE_CANVAS,PASS,REVIEW,REVIEW,REVIEW
AUX-PROV-625112F6DE24,provider-logo,provider-logo::SWISS SATELLITE RADIO.png,PASS,PRESERVED_NATIVE_CANVAS,PASS,REVIEW,REVIEW,REVIEW
AUX-PROV-A6B630D4C522,provider-logo,provider-logo::SYFY.png,PASS,PRESERVED_NATIVE_CANVAS,PASS,AUTO-FIXED,REVIEW,REVIEW
AUX-PROV-E314180E87B1,provider-logo,provider-logo::SYNED.png,PASS,PRESERVED_NATIVE_CANVAS,PASS,AUTO-FIXED,AUTO-FIXED,AUTO-FIXED
AUX-PROV-6A5D67B003B7,provider-logo,provider-logo::SYNTERRAMEDIA.png,PASS,PRESERVED_NATIVE_CANVAS,PASS,REVIEW,REVIEW,REVIEW
AUX-PROV-BF422F08824A,provider-logo,provider-logo::T-HOME MAGIO TV.png,MISSING_SOURCE,NOT_APPLICABLE,MISSING_SOURCE,MISSING_SOURCE,MISSING_SOURCE,SOURCE-UNRESOLVED
AUX-PROV-5C87C9C81B32,provider-logo,provider-logo::T-HOME MAGIOTV.png,MISSING_SOURCE,NOT_APPLICABLE,MISSING_SOURCE,MISSING_SOURCE,MISSING_SOURCE,SOURCE-UNRESOLVED
AUX-PROV-6A54703F276E,provider-logo,provider-logo::T-HOME.png,PASS,PRESERVED_NATIVE_CANVAS,PASS,REVIEW,REVIEW,REVIEW
AUX-PROV-B21A5FA4F084,provider-logo,provider-logo::T-HT.png,PASS,PRESERVED_NATIVE_CANVAS,PASS,AUTO-FIXED,AUTO-FIXED,AUTO-FIXED
AUX-PROV-6F78EBBAD2EF,provider-logo,provider-logo::TADIRAN SCOPUS.png,MISSING_SOURCE,NOT_APPLICABLE,MISSING_SOURCE,MISSING_SOURCE,MISSING_SOURCE,SOURCE-UNRESOLVED
AUX-PROV-8D8E322CC8D8,provider-logo,provider-logo::TAG BROADCASTING.png,PASS,PRESERVED_NATIVE_CANVAS,PASS,REVIEW,REVIEW,REVIEW
AUX-PROV-FABC1FA9D701,provider-logo,provider-logo::TAG BRODCASTING.png,PASS,PRESERVED_NATIVE_CANVAS,PASS,REVIEW,REVIEW,REVIEW
AUX-PROV-EC4776E2B1BE,provider-logo,provider-logo::TAG.png,PASS,PRESERVED_NATIVE_CANVAS,PASS,REVIEW,REVIEW,REVIEW
AUX-PROV-8C90905C6604,provider-logo,provider-logo::TANDBERG TELEVISION.png,PASS,PRESERVED_NATIVE_CANVAS,PASS,AUTO-FIXED,AUTO-FIXED,AUTO-FIXED
AUX-PROV-35B7A2371029,provider-logo,provider-logo::TANDBERG.png,MISSING_SOURCE,NOT_APPLICABLE,MISSING_SOURCE,MISSING_SOURCE,MISSING_SOURCE,SOURCE-UNRESOLVED
AUX-PROV-E0A2220A9B68,provider-logo,provider-logo::TANDBERGTV.png,PASS,PRESERVED_NATIVE_CANVAS,PASS,AUTO-FIXED,AUTO-FIXED,AUTO-FIXED
AUX-PROV-D132E7D952DF,provider-logo,provider-logo::TBN.png,PASS,PRESERVED_NATIVE_CANVAS,PASS,REVIEW,REVIEW,REVIEW
AUX-PROV-03C76B01E882,provider-logo,provider-logo::TBNFARSI.png,PASS,PRESERVED_NATIVE_CANVAS,PASS,REVIEW,REVIEW,REVIEW
AUX-PROV-C881B3060F99,provider-logo,provider-logo::TCM.png,PASS,PRESERVED_NATIVE_CANVAS,PASS,AUTO-FIXED,AUTO-FIXED,AUTO-FIXED
AUX-PROV-BB518F11E2AE,provider-logo,provider-logo::TDA DZ.png,PASS,PRESERVED_NATIVE_CANVAS,PASS,REVIEW,REVIEW,REVIEW
AUX-PROV-9A6D9E219BF6,provider-logo,provider-logo::TDA.png,PASS,PRESERVED_NATIVE_CANVAS,PASS,REVIEW,REVIEW,REVIEW
AUX-PROV-478B116B4392,provider-logo,provider-logo::TDEP.png,PASS,PRESERVED_NATIVE_CANVAS,PASS,REVIEW,REVIEW,REVIEW
AUX-PROV-3A843B0F5678,provider-logo,provider-logo::TDF.png,PASS,PRESERVED_NATIVE_CANVAS,PASS,REVIEW,REVIEW,REVIEW
AUX-PROV-D3F4143D7D72,provider-logo,provider-logo::TDM.png,PASS,PRESERVED_NATIVE_CANVAS,PASS,AUTO-FIXED,REVIEW,REVIEW
AUX-PROV-51A19EF83EFC,provider-logo,provider-logo::TDS.png,PASS,PRESERVED_NATIVE_CANVAS,PASS,REVIEW,REVIEW,REVIEW
AUX-PROV-61E8AD078C38,provider-logo,provider-logo::TEAM SAT.png,MISSING_SOURCE,NOT_APPLICABLE,MISSING_SOURCE,MISSING_SOURCE,MISSING_SOURCE,SOURCE-UNRESOLVED
AUX-PROV-9A5840349CC7,provider-logo,provider-logo::TEAMMEDIA.png,MISSING_SOURCE,NOT_APPLICABLE,MISSING_SOURCE,MISSING_SOURCE,MISSING_SOURCE,SOURCE-UNRESOLVED
AUX-PROV-D844BA9A0CD1,provider-logo,provider-logo::TEAMSAT.png,PASS,PRESERVED_NATIVE_CANVAS,PASS,REVIEW,REVIEW,REVIEW
AUX-PROV-C3697B93A7B1,provider-logo,provider-logo::TEELSPAZIO.png,PASS,PRESERVED_NATIVE_CANVAS,PASS,REVIEW,REVIEW,REVIEW
AUX-PROV-0F286A962E3E,provider-logo,provider-logo::TELE 2000.png,PASS,PRESERVED_NATIVE_CANVAS,PASS,REVIEW,REVIEW,REVIEW
AUX-PROV-F204CC45B424,provider-logo,provider-logo::TELE IN.png,PASS,PRESERVED_NATIVE_CANVAS,PASS,REVIEW,REVIEW,REVIEW
AUX-PROV-99EB503A2B45,provider-logo,provider-logo::TELEA1.png,PASS,PRESERVED_NATIVE_CANVAS,PASS,AUTO-FIXED,REVIEW,REVIEW
AUX-PROV-FD69221E52E0,provider-logo,provider-logo::TELECAMPIONE.png,PASS,PRESERVED_NATIVE_CANVAS,PASS,REVIEW,REVIEW,REVIEW
AUX-PROV-97BE64D5BBA4,provider-logo,provider-logo::TELECAPRI.png,PASS,PRESERVED_NATIVE_CANVAS,PASS,AUTO-FIXED,REVIEW,REVIEW
AUX-PROV-2C8F41491918,provider-logo,provider-logo::TELECITY AO.png,PASS,PRESERVED_NATIVE_CANVAS,PASS,AUTO-FIXED,AUTO-FIXED,AUTO-FIXED
AUX-PROV-F7F030BA3EC6,provider-logo,provider-logo::TELECITY LIGURIA.png,PASS,PRESERVED_NATIVE_CANVAS,PASS,AUTO-FIXED,AUTO-FIXED,AUTO-FIXED
AUX-PROV-375DF0572F8D,provider-logo,provider-logo::TELECITY LOMBARDIA.png,PASS,PRESERVED_NATIVE_CANVAS,PASS,AUTO-FIXED,AUTO-FIXED,AUTO-FIXED
AUX-PROV-DA6CAE677AA9,provider-logo,provider-logo::TELECITY PIEMONTE.png,PASS,PRESERVED_NATIVE_CANVAS,PASS,AUTO-FIXED,AUTO-FIXED,AUTO-FIXED
AUX-PROV-D24B8DDADA55,provider-logo,provider-logo::TELECITY.png,MISSING_SOURCE,NOT_APPLICABLE,MISSING_SOURCE,MISSING_SOURCE,MISSING_SOURCE,SOURCE-UNRESOLVED
AUX-PROV-F89EA83C3E84,provider-logo,provider-logo::TELECLUSONE.png,PASS,PRESERVED_NATIVE_CANVAS,PASS,REVIEW,REVIEW,REVIEW
AUX-PROV-57D8E84A0F38,provider-logo,provider-logo::TELECOLOR.png,PASS,PRESERVED_NATIVE_CANVAS,PASS,REVIEW,REVIEW,REVIEW
AUX-PROV-1B2747276657,provider-logo,provider-logo::TELECOM AUSTRIA AG.png,PASS,PRESERVED_NATIVE_CANVAS,PASS,AUTO-FIXED,REVIEW,REVIEW
AUX-PROV-BF64404619D8,provider-logo,provider-logo::TELECUPOLE-TLT.png,PASS,PRESERVED_NATIVE_CANVAS,PASS,AUTO-FIXED,AUTO-FIXED,AUTO-FIXED
AUX-PROV-ACC1117FF608,provider-logo,provider-logo::TELEFONICA SERVICIOS AUDIOVISUALES.png,MISSING_SOURCE,NOT_APPLICABLE,MISSING_SOURCE,MISSING_SOURCE,MISSING_SOURCE,SOURCE-UNRESOLVED
AUX-PROV-19F9F87FB91F,provider-logo,provider-logo::TELEFONICA SPAIN.png,MISSING_SOURCE,NOT_APPLICABLE,MISSING_SOURCE,MISSING_SOURCE,MISSING_SOURCE,SOURCE-UNRESOLVED
AUX-PROV-6F29F05702B8,provider-logo,provider-logo::TELEFONICA.png,MISSING_SOURCE,NOT_APPLICABLE,MISSING_SOURCE,MISSING_SOURCE,MISSING_SOURCE,SOURCE-UNRESOLVED
AUX-PROV-673DE8747290,provider-logo,provider-logo::TELEGRANDUCATO.png,PASS,PRESERVED_NATIVE_CANVAS,PASS,REVIEW,REVIEW,REVIEW
AUX-PROV-0A2017B366E2,provider-logo,provider-logo::TELEIPPICA.png,PASS,PRESERVED_NATIVE_CANVAS,PASS,REVIEW,REVIEW,REVIEW
AUX-PROV-B4F9C0EEB0F6,provider-logo,provider-logo::TELEKOM AUSTRIA AG.png,PASS,PRESERVED_NATIVE_CANVAS,PASS,REVIEW,REVIEW,REVIEW
AUX-PROV-0C7E8500E4E9,provider-logo,provider-logo::TELEKOM SRBIJA.png,PASS,PRESERVED_NATIVE_CANVAS,PASS,AUTO-FIXED,AUTO-FIXED,AUTO-FIXED
AUX-PROV-0DCD232E2AB9,provider-logo,provider-logo::TELEKOMSRBIJA.png,MISSING_SOURCE,NOT_APPLICABLE,MISSING_SOURCE,MISSING_SOURCE,MISSING_SOURCE,SOURCE-UNRESOLVED
AUX-PROV-6A1DE0093F79,provider-logo,provider-logo::TELEMEDIA.png,PASS,PRESERVED_NATIVE_CANVAS,PASS,REVIEW,REVIEW,REVIEW
AUX-PROV-F289ACA7321A,provider-logo,provider-logo::TELEMOLISE.png,PASS,PRESERVED_NATIVE_CANVAS,PASS,REVIEW,REVIEW,REVIEW
AUX-PROV-DB1E22A9AC25,provider-logo,provider-logo::TELEMORMANNO.png,PASS,PRESERVED_NATIVE_CANVAS,PASS,AUTO-FIXED,AUTO-FIXED,AUTO-FIXED
AUX-PROV-3648FB4DE977,provider-logo,provider-logo::TELENOR.png,PASS,PRESERVED_NATIVE_CANVAS,PASS,AUTO-FIXED,REVIEW,REVIEW
AUX-PROV-7941076FFF84,provider-logo,provider-logo::TELENORBA.png,PASS,PRESERVED_NATIVE_CANVAS,PASS,AUTO-FIXED,AUTO-FIXED,AUTO-FIXED
AUX-PROV-AD4C48C3C33D,provider-logo,provider-logo::TELENORD_HD.png,MISSING_SOURCE,NOT_APPLICABLE,MISSING_SOURCE,MISSING_SOURCE,MISSING_SOURCE,SOURCE-UNRESOLVED
AUX-PROV-FBEE83B02F71,provider-logo,provider-logo::TELENOSTRA.png,PASS,PRESERVED_NATIVE_CANVAS,PASS,AUTO-FIXED,AUTO-FIXED,AUTO-FIXED
AUX-PROV-0B283913EC4D,provider-logo,provider-logo::TELENUOVO-TN.png,PASS,PRESERVED_NATIVE_CANVAS,PASS,REVIEW,REVIEW,REVIEW
AUX-PROV-9D61AD4EA7B3,provider-logo,provider-logo::TELENUOVO-VR.png,PASS,PRESERVED_NATIVE_CANVAS,PASS,REVIEW,REVIEW,REVIEW
AUX-PROV-BA87886EB071,provider-logo,provider-logo::TELEPACE TN.png,PASS,PRESERVED_NATIVE_CANVAS,PASS,REVIEW,AUTO-FIXED,REVIEW
AUX-PROV-D1A70C16ED59,provider-logo,provider-logo::TELEPACE.png,PASS,PRESERVED_NATIVE_CANVAS,PASS,REVIEW,AUTO-FIXED,REVIEW
AUX-PROV-B5C356BC6010,provider-logo,provider-logo::TELEPADOVA.png,PASS,PRESERVED_NATIVE_CANVAS,PASS,AUTO-FIXED,AUTO-FIXED,AUTO-FIXED
AUX-PROV-8FEFFE294640,provider-logo,provider-logo::TELERADIO.png,PASS,PRESERVED_NATIVE_CANVAS,PASS,REVIEW,REVIEW,REVIEW
AUX-PROV-FC443ED956B3,provider-logo,provider-logo::TELEREGIONE LIVE.png,PASS,PRESERVED_NATIVE_CANVAS,PASS,AUTO-FIXED,REVIEW,REVIEW
AUX-PROV-F6443A7A41A2,provider-logo,provider-logo::TELEREGIONE TOSCANA.png,PASS,PRESERVED_NATIVE_CANVAS,PASS,REVIEW,AUTO-FIXED,REVIEW
AUX-PROV-1E6805B4F399,provider-logo,provider-logo::TELEREPORTER.png,PASS,PRESERVED_NATIVE_CANVAS,PASS,REVIEW,REVIEW,REVIEW
AUX-PROV-664EF4A9129C,provider-logo,provider-logo::TELEROMA.png,PASS,PRESERVED_NATIVE_CANVAS,PASS,REVIEW,REVIEW,REVIEW
AUX-PROV-BD5D446E0BC0,provider-logo,provider-logo::TELEROMAUNO.png,PASS,PRESERVED_NATIVE_CANVAS,PASS,REVIEW,REVIEW,REVIEW
AUX-PROV-9702BE7A451C,provider-logo,provider-logo::TELESARDEGNA.png,PASS,PRESERVED_NATIVE_CANVAS,PASS,AUTO-FIXED,REVIEW,REVIEW
AUX-PROV-B0C004C31E84,provider-logo,provider-logo::TELESIRIO.png,PASS,PRESERVED_NATIVE_CANVAS,PASS,REVIEW,REVIEW,REVIEW
AUX-PROV-6B243B333242,provider-logo,provider-logo::TELESPAZIO HUNGARY.png,MISSING_SOURCE,NOT_APPLICABLE,MISSING_SOURCE,MISSING_SOURCE,MISSING_SOURCE,SOURCE-UNRESOLVED
AUX-PROV-71ACE6F5F473,provider-logo,provider-logo::TELESPAZIO.png,PASS,PRESERVED_NATIVE_CANVAS,PASS,REVIEW,REVIEW,REVIEW
AUX-PROV-1F6D98F85386,provider-logo,provider-logo::TELETRURIA 2000SRL.png,PASS,PRESERVED_NATIVE_CANVAS,PASS,REVIEW,REVIEW,REVIEW
AUX-PROV-3B44FD29720F,provider-logo,provider-logo::TELEUNIVERSO.png,PASS,PRESERVED_NATIVE_CANVAS,PASS,REVIEW,REVIEW,REVIEW
AUX-PROV-217AFC2AD389,provider-logo,provider-logo::TELEUROPA.png,PASS,PRESERVED_NATIVE_CANVAS,PASS,REVIEW,REVIEW,REVIEW
AUX-PROV-DB1555280C1B,provider-logo,provider-logo::TELEVISA NETWORKS.png,MISSING_SOURCE,NOT_APPLICABLE,MISSING_SOURCE,MISSING_SOURCE,MISSING_SOURCE,SOURCE-UNRESOLVED
AUX-PROV-920564935878,provider-logo,provider-logo::TELEVISA.png,PASS,PRESERVED_NATIVE_CANVAS,PASS,AUTO-FIXED,AUTO-FIXED,AUTO-FIXED
AUX-PROV-194A14117771,provider-logo,provider-logo::TELEVISION SUISSE ROMANDE.png,MISSING_SOURCE,NOT_APPLICABLE,MISSING_SOURCE,MISSING_SOURCE,MISSING_SOURCE,SOURCE-UNRESOLVED
AUX-PROV-DFBB7F28028C,provider-logo,provider-logo::TELEVOMERO.png,PASS,PRESERVED_NATIVE_CANVAS,PASS,REVIEW,REVIEW,REVIEW
AUX-PROV-AC5D6F3B6506,provider-logo,provider-logo::TELEWIZJA NA KART.png,MISSING_SOURCE,NOT_APPLICABLE,MISSING_SOURCE,MISSING_SOURCE,MISSING_SOURCE,SOURCE-UNRESOLVED
AUX-PROV-84B345F4084C,provider-logo,provider-logo::TELEWIZJA NA KARTE.png,MISSING_SOURCE,NOT_APPLICABLE,MISSING_SOURCE,MISSING_SOURCE,MISSING_SOURCE,SOURCE-UNRESOLVED
AUX-PROV-10E82A6EF3CC,provider-logo,provider-logo::TELLY.png,MISSING_SOURCE,NOT_APPLICABLE,MISSING_SOURCE,MISSING_SOURCE,MISSING_SOURCE,SOURCE-UNRESOLVED
AUX-PROV-D0A04EBDAB96,provider-logo,provider-logo::TERACUE AG.png,PASS,PRESERVED_NATIVE_CANVAS,PASS,AUTO-FIXED,AUTO-FIXED,AUTO-FIXED
AUX-PROV-ECAED41E6D68,provider-logo,provider-logo::TEST FEED.png,PASS,PRESERVED_NATIVE_CANVAS,PASS,REVIEW,REVIEW,REVIEW
AUX-PROV-51455F46157A,provider-logo,provider-logo::TEST.png,PASS,PRESERVED_NATIVE_CANVAS,PASS,REVIEW,REVIEW,REVIEW
AUX-PROV-AA0309B8B635,provider-logo,provider-logo::TGRT HABER.png,PASS,PRESERVED_NATIVE_CANVAS,PASS,AUTO-FIXED,REVIEW,REVIEW
AUX-PROV-78F15C0827B4,provider-logo,provider-logo::THAQALAYN.png,PASS,PRESERVED_NATIVE_CANVAS,PASS,AUTO-FIXED,REVIEW,REVIEW
AUX-PROV-481D425FDF9A,provider-logo,provider-logo::THOME.png,PASS,PRESERVED_NATIVE_CANVAS,PASS,REVIEW,REVIEW,REVIEW
AUX-PROV-A41D09B0C486,provider-logo,provider-logo::THT.png,PASS,PRESERVED_NATIVE_CANVAS,PASS,AUTO-FIXED,REVIEW,REVIEW
AUX-PROV-D091E8C535ED,provider-logo,provider-logo::TIV.png,PASS,PRESERVED_NATIVE_CANVAS,PASS,REVIEW,REVIEW,REVIEW
AUX-PROV-F0E12319CA05,provider-logo,provider-logo::TIVIBU.png,MISSING_SOURCE,NOT_APPLICABLE,MISSING_SOURCE,MISSING_SOURCE,MISSING_SOURCE,SOURCE-UNRESOLVED
AUX-PROV-D15AA2709546,provider-logo,provider-logo::TIVSAT.png,MISSING_SOURCE,NOT_APPLICABLE,MISSING_SOURCE,MISSING_SOURCE,MISSING_SOURCE,SOURCE-UNRESOLVED
AUX-PROV-E49B3B560B06,provider-logo,provider-logo::TIVU.png,PASS,PRESERVED_NATIVE_CANVAS,PASS,REVIEW,REVIEW,REVIEW
AUX-PROV-C8357448FB1A,provider-logo,provider-logo::TIVUBU.png,MISSING_SOURCE,NOT_APPLICABLE,MISSING_SOURCE,MISSING_SOURCE,MISSING_SOURCE,SOURCE-UNRESOLVED
AUX-PROV-7FD30053D5BE,provider-logo,provider-logo::TLC.png,PASS,PRESERVED_NATIVE_CANVAS,PASS,REVIEW,REVIEW,REVIEW
AUX-PROV-C5D27119A308,provider-logo,provider-logo::TLS.png,PASS,PRESERVED_NATIVE_CANVAS,PASS,REVIEW,REVIEW,REVIEW
AUX-PROV-4B6222353DC1,provider-logo,provider-logo::TLT TELECUPOLE.png,PASS,PRESERVED_NATIVE_CANVAS,PASS,AUTO-FIXED,AUTO-FIXED,AUTO-FIXED
AUX-PROV-62449AEDA29E,provider-logo,provider-logo::TLTMOLISE.png,PASS,PRESERVED_NATIVE_CANVAS,PASS,AUTO-FIXED,AUTO-FIXED,AUTO-FIXED
AUX-PROV-0A397544A5E5,provider-logo,provider-logo::TNT SAT.png,MISSING_SOURCE,NOT_APPLICABLE,MISSING_SOURCE,MISSING_SOURCE,MISSING_SOURCE,SOURCE-UNRESOLVED
AUX-PROV-5D3989AA4E49,provider-logo,provider-logo::TNV.png,PASS,PRESERVED_NATIVE_CANVAS,PASS,REVIEW,REVIEW,REVIEW
AUX-PROV-84E2689A3DD4,provider-logo,provider-logo::TOROS TV.png,PASS,PRESERVED_NATIVE_CANVAS,PASS,AUTO-FIXED,AUTO-FIXED,AUTO-FIXED
AUX-PROV-E05D901DFB45,provider-logo,provider-logo::TORRENT-TV.png,PASS,PRESERVED_NATIVE_CANVAS,PASS,REVIEW,REVIEW,REVIEW
AUX-PROV-D77AEE27FC19,provider-logo,provider-logo::TOSCANA TV.png,PASS,PRESERVED_NATIVE_CANVAS,PASS,AUTO-FIXED,AUTO-FIXED,AUTO-FIXED
AUX-PROV-0000345FBD2A,provider-logo,provider-logo::TOTAL MEDIA CAST.png,PASS,PRESERVED_NATIVE_CANVAS,PASS,REVIEW,REVIEW,REVIEW
AUX-PROV-59CAD7A13435,provider-logo,provider-logo::TOTAL TV.png,PASS,PRESERVED_NATIVE_CANVAS,PASS,AUTO-FIXED,REVIEW,REVIEW
AUX-PROV-A6CA3C27C41A,provider-logo,provider-logo::TOTALTV.png,MISSING_SOURCE,NOT_APPLICABLE,MISSING_SOURCE,MISSING_SOURCE,MISSING_SOURCE,SOURCE-UNRESOLVED
AUX-PROV-B1000FDC432F,provider-logo,provider-logo::TOTOPARTNER.png,MISSING_SOURCE,NOT_APPLICABLE,MISSING_SOURCE,MISSING_SOURCE,MISSING_SOURCE,SOURCE-UNRESOLVED
AUX-PROV-AF47F27B9F90,provider-logo,provider-logo::TOWERCAST 1-M.png,PASS,PRESERVED_NATIVE_CANVAS,PASS,AUTO-FIXED,REVIEW,REVIEW
AUX-PROV-15514474438C,provider-logo,provider-logo::TOWERCOM.png,PASS,PRESERVED_NATIVE_CANVAS,PASS,REVIEW,REVIEW,REVIEW
AUX-PROV-7EB55C1A0431,provider-logo,provider-logo::TOWERHOME-PLUSTELKA.png,MISSING_SOURCE,NOT_APPLICABLE,MISSING_SOURCE,MISSING_SOURCE,MISSING_SOURCE,SOURCE-UNRESOLVED
AUX-PROV-2994B41DE8E4,provider-logo,provider-logo::TOWERHOME.png,PASS,PRESERVED_NATIVE_CANVAS,PASS,REVIEW,REVIEW,REVIEW
AUX-PROV-DEA3DC8F267C,provider-logo,provider-logo::TP.png,MISSING_SOURCE,NOT_APPLICABLE,MISSING_SOURCE,MISSING_SOURCE,MISSING_SOURCE,SOURCE-UNRESOLVED
AUX-PROV-472373102DDF,provider-logo,provider-logo::TPA.png,PASS,PRESERVED_NATIVE_CANVAS,PASS,REVIEW,REVIEW,REVIEW
AUX-PROV-33F4F5D671FE,provider-logo,provider-logo::TQ1.png,PASS,PRESERVED_NATIVE_CANVAS,PASS,REVIEW,REVIEW,REVIEW
AUX-PROV-2DE031264D7E,provider-logo,provider-logo::TQ2.png,PASS,PRESERVED_NATIVE_CANVAS,PASS,REVIEW,REVIEW,REVIEW
AUX-PROV-BFED75765543,provider-logo,provider-logo::TRACE MUSIC.png,PASS,PRESERVED_NATIVE_CANVAS,PASS,AUTO-FIXED,REVIEW,REVIEW
AUX-PROV-3C80EB4AB513,provider-logo,provider-logo::TRACE TOCA.png,PASS,PRESERVED_NATIVE_CANVAS,PASS,AUTO-FIXED,REVIEW,REVIEW
AUX-PROV-81CAA164B93A,provider-logo,provider-logo::TRACE.png,PASS,PRESERVED_NATIVE_CANVAS,PASS,REVIEW,REVIEW,REVIEW
AUX-PROV-E15409C44E8A,provider-logo,provider-logo::TRICOLOR TV RUSSIA.png,MISSING_SOURCE,NOT_APPLICABLE,MISSING_SOURCE,MISSING_SOURCE,MISSING_SOURCE,SOURCE-UNRESOLVED
AUX-PROV-E28B9DF3DD27,provider-logo,provider-logo::TRICOLOR TV.png,MISSING_SOURCE,NOT_APPLICABLE,MISSING_SOURCE,MISSING_SOURCE,MISSING_SOURCE,SOURCE-UNRESOLVED
AUX-PROV-3B346C310148,provider-logo,provider-logo::TRICOLORTV.png,PASS,PRESERVED_NATIVE_CANVAS,PASS,REVIEW,REVIEW,REVIEW
AUX-PROV-A9075C20AA18,provider-logo,provider-logo::TRING  TV.png,MISSING_SOURCE,NOT_APPLICABLE,MISSING_SOURCE,MISSING_SOURCE,MISSING_SOURCE,SOURCE-UNRESOLVED
AUX-PROV-751353ECB7DB,provider-logo,provider-logo::TRING DIGITAL.png,MISSING_SOURCE,NOT_APPLICABLE,MISSING_SOURCE,MISSING_SOURCE,MISSING_SOURCE,SOURCE-UNRESOLVED
AUX-PROV-1D0BD009458B,provider-logo,provider-logo::TRING TV.png,PASS,PRESERVED_NATIVE_CANVAS,PASS,REVIEW,REVIEW,REVIEW
AUX-PROV-9564FC323513,provider-logo,provider-logo::TRING.png,PASS,PRESERVED_NATIVE_CANVAS,PASS,REVIEW,REVIEW,REVIEW
AUX-PROV-9294F368259D,provider-logo,provider-logo::TRINGTV.png,PASS,PRESERVED_NATIVE_CANVAS,PASS,REVIEW,REVIEW,REVIEW
AUX-PROV-5CFFAFB50149,provider-logo,provider-logo::TRINITY.png,PASS,PRESERVED_NATIVE_CANVAS,PASS,REVIEW,AUTO-FIXED,REVIEW
AUX-PROV-41C370929CEA,provider-logo,provider-logo::TRIOLAN.png,PASS,PRESERVED_NATIVE_CANVAS,PASS,REVIEW,REVIEW,REVIEW
AUX-PROV-E5E480DA70FE,provider-logo,provider-logo::TRK ASTRA.png,PASS,PRESERVED_NATIVE_CANVAS,PASS,REVIEW,REVIEW,REVIEW
AUX-PROV-1F4D0BBD46B9,provider-logo,provider-logo::TRK ERA.png,PASS,PRESERVED_NATIVE_CANVAS,PASS,REVIEW,REVIEW,REVIEW
AUX-PROV-125D8630786F,provider-logo,provider-logo::TRK UKRAINA.png,PASS,PRESERVED_NATIVE_CANVAS,PASS,REVIEW,REVIEW,REVIEW
AUX-PROV-20186F8A1BA2,provider-logo,provider-logo::TRK UKRAINE.png,PASS,PRESERVED_NATIVE_CANVAS,PASS,REVIEW,REVIEW,REVIEW
AUX-PROV-8F20F7250BC2,provider-logo,provider-logo::TRMEDIA.png,PASS,PRESERVED_NATIVE_CANVAS,PASS,AUTO-FIXED,REVIEW,REVIEW
AUX-PROV-019B7B1E065C,provider-logo,provider-logo::TROFEY NET.png,PASS,PRESERVED_NATIVE_CANVAS,PASS,REVIEW,REVIEW,REVIEW
AUX-PROV-DE4327006899,provider-logo,provider-logo::TRS 93.png,PASS,PRESERVED_NATIVE_CANVAS,PASS,REVIEW,REVIEW,REVIEW
AUX-PROV-8142263E0655,provider-logo,provider-logo::TRT.png,PASS,PRESERVED_NATIVE_CANVAS,PASS,AUTO-FIXED,REVIEW,REVIEW
AUX-PROV-32CCE078B589,provider-logo,provider-logo::TSA.png,PASS,PRESERVED_NATIVE_CANVAS,PASS,REVIEW,REVIEW,REVIEW
AUX-PROV-09BEBF84BE5C,provider-logo,provider-logo::TSD.png,PASS,PRESERVED_NATIVE_CANVAS,PASS,REVIEW,REVIEW,REVIEW
AUX-PROV-B5D63161AF4A,provider-logo,provider-logo::TSN.png,PASS,PRESERVED_NATIVE_CANVAS,PASS,REVIEW,REVIEW,REVIEW
AUX-PROV-866C3A3F8F9E,provider-logo,provider-logo::TTCOMM.png,MISSING_SOURCE,NOT_APPLICABLE,MISSING_SOURCE,MISSING_SOURCE,MISSING_SOURCE,SOURCE-UNRESOLVED
AUX-PROV-91F5DD6CB418,provider-logo,provider-logo::TTNET.png,PASS,PRESERVED_NATIVE_CANVAS,PASS,REVIEW,REVIEW,REVIEW
AUX-PROV-D7D23FFD744D,provider-logo,provider-logo::TTS.png,PASS,PRESERVED_NATIVE_CANVAS,PASS,AUTO-FIXED,REVIEW,REVIEW
AUX-PROV-CC7758AA3B1D,provider-logo,provider-logo::TTV.png,MISSING_SOURCE,NOT_APPLICABLE,MISSING_SOURCE,MISSING_SOURCE,MISSING_SOURCE,SOURCE-UNRESOLVED
AUX-PROV-66CA7C34F709,provider-logo,provider-logo::TURK MEDYA.png,PASS,PRESERVED_NATIVE_CANVAS,PASS,REVIEW,REVIEW,REVIEW
AUX-PROV-C34AD09A41AA,provider-logo,provider-logo::TURKMEDYA.png,PASS,PRESERVED_NATIVE_CANVAS,PASS,REVIEW,REVIEW,REVIEW
AUX-PROV-1FEA9AEAD1ED,provider-logo,provider-logo::TURKMENISTAN.png,PASS,PRESERVED_NATIVE_CANVAS,PASS,REVIEW,REVIEW,REVIEW
AUX-PROV-2ED031830391,provider-logo,provider-logo::TURKSAT.png,PASS,PRESERVED_NATIVE_CANVAS,PASS,REVIEW,REVIEW,REVIEW
AUX-PROV-F41E128CD5A3,provider-logo,provider-logo::TURKUVAZ.png,PASS,PRESERVED_NATIVE_CANVAS,PASS,REVIEW,REVIEW,REVIEW
AUX-PROV-B6DC4B74995E,provider-logo,provider-logo::TV CENTRO MARCHE.png,PASS,PRESERVED_NATIVE_CANVAS,PASS,REVIEW,REVIEW,REVIEW
AUX-PROV-43F1E2E6F493,provider-logo,provider-logo::TV COM.png,PASS,PRESERVED_NATIVE_CANVAS,PASS,REVIEW,REVIEW,REVIEW
AUX-PROV-AE8C4404D63C,provider-logo,provider-logo::TV GALICIA.png,PASS,PRESERVED_NATIVE_CANVAS,PASS,AUTO-FIXED,REVIEW,REVIEW
AUX-PROV-4DA92082EA9D,provider-logo,provider-logo::TV MAURITANIE.png,PASS,PRESERVED_NATIVE_CANVAS,PASS,REVIEW,REVIEW,REVIEW
AUX-PROV-B8903128A212,provider-logo,provider-logo::TV PARMA.png,PASS,PRESERVED_NATIVE_CANVAS,PASS,REVIEW,REVIEW,REVIEW
AUX-PROV-BA8B612A5FED,provider-logo,provider-logo::TV QUI.png,PASS,PRESERVED_NATIVE_CANVAS,PASS,AUTO-FIXED,REVIEW,REVIEW
AUX-PROV-D8E34CF41E9C,provider-logo,provider-logo::TV RECORD.png,PASS,PRESERVED_NATIVE_CANVAS,PASS,REVIEW,REVIEW,REVIEW
AUX-PROV-A00A929BAFCC,provider-logo,provider-logo::TV TEAM.png,PASS,PRESERVED_NATIVE_CANVAS,PASS,AUTO-FIXED,AUTO-FIXED,AUTO-FIXED
AUX-PROV-5CBADD3362B2,provider-logo,provider-logo::TV VLAANDEREN.png,MISSING_SOURCE,NOT_APPLICABLE,MISSING_SOURCE,MISSING_SOURCE,MISSING_SOURCE,SOURCE-UNRESOLVED
AUX-PROV-1CEDA57294FF,provider-logo,provider-logo::TV ZIMBO.png,PASS,PRESERVED_NATIVE_CANVAS,PASS,REVIEW,REVIEW,REVIEW
AUX-PROV-D2F8426BB52A,provider-logo,provider-logo::TV-BORSICE.png,PASS,PRESERVED_NATIVE_CANVAS,PASS,REVIEW,REVIEW,REVIEW
AUX-PROV-40C62F93D430,provider-logo,provider-logo::TV-MAURITANIE.png,PASS,PRESERVED_NATIVE_CANVAS,PASS,REVIEW,REVIEW,REVIEW
AUX-PROV-35508A66F076,provider-logo,provider-logo::TV-PROVIDER.png,PASS,PRESERVED_NATIVE_CANVAS,PASS,REVIEW,REVIEW,REVIEW
AUX-PROV-2E3ED74C621B,provider-logo,provider-logo::TV8 5 HD.png,PASS,PRESERVED_NATIVE_CANVAS,PASS,AUTO-FIXED,AUTO-FIXED,AUTO-FIXED
AUX-PROV-87889FDCCD9F,provider-logo,provider-logo::TV8 5.png,PASS,PRESERVED_NATIVE_CANVAS,PASS,AUTO-FIXED,AUTO-FIXED,AUTO-FIXED
AUX-PROV-F636411B3EAD,provider-logo,provider-logo::TV8.png,PASS,PRESERVED_NATIVE_CANVAS,PASS,AUTO-FIXED,AUTO-FIXED,AUTO-FIXED
AUX-PROV-F1D0E67E6911,provider-logo,provider-logo::TVCINE 3 HD.png,PASS,PRESERVED_NATIVE_CANVAS,PASS,AUTO-FIXED,AUTO-FIXED,AUTO-FIXED
AUX-PROV-696E8E555BB9,provider-logo,provider-logo::TVCINE 4 HD.png,PASS,PRESERVED_NATIVE_CANVAS,PASS,AUTO-FIXED,AUTO-FIXED,AUTO-FIXED
AUX-PROV-6E783CED5E7F,provider-logo,provider-logo::TVCINE ACTION HD.png,PASS,PRESERVED_NATIVE_CANVAS,PASS,REVIEW,REVIEW,REVIEW
AUX-PROV-111A0535FA99,provider-logo,provider-logo::TVCINE EDITION HD.png,PASS,PRESERVED_NATIVE_CANVAS,PASS,AUTO-FIXED,REVIEW,REVIEW
AUX-PROV-DA150C0D767B,provider-logo,provider-logo::TVCINE EMOTION HD.png,PASS,PRESERVED_NATIVE_CANVAS,PASS,AUTO-FIXED,REVIEW,REVIEW
AUX-PROV-F641E7F0ECD3,provider-logo,provider-logo::TVCINE TOP HD.png,PASS,PRESERVED_NATIVE_CANVAS,PASS,AUTO-FIXED,REVIEW,REVIEW
AUX-PROV-DFE8F18ADEAA,provider-logo,provider-logo::TVCOM.png,PASS,PRESERVED_NATIVE_CANVAS,PASS,REVIEW,REVIEW,REVIEW
AUX-PROV-17360A318A60,provider-logo,provider-logo::TVE 1.png,PASS,PRESERVED_NATIVE_CANVAS,PASS,REVIEW,REVIEW,REVIEW
AUX-PROV-B9D0B811B142,provider-logo,provider-logo::TVE.png,PASS,PRESERVED_NATIVE_CANVAS,PASS,REVIEW,REVIEW,REVIEW
AUX-PROV-95807F9B5A41,provider-logo,provider-logo::TVH.png,PASS,PRESERVED_NATIVE_CANVAS,PASS,REVIEW,REVIEW,REVIEW
AUX-PROV-9095F03A46B4,provider-logo,provider-logo::TVI 24.png,PASS,PRESERVED_NATIVE_CANVAS,PASS,AUTO-FIXED,REVIEW,REVIEW
AUX-PROV-EDB6FA3C249A,provider-logo,provider-logo::TVI FICO.png,PASS,PRESERVED_NATIVE_CANVAS,PASS,AUTO-FIXED,REVIEW,REVIEW
AUX-PROV-B819CF3EB829,provider-logo,provider-logo::TVI HD.png,PASS,PRESERVED_NATIVE_CANVAS,PASS,REVIEW,REVIEW,REVIEW
AUX-PROV-2E1886610B6B,provider-logo,provider-logo::TVN  GRUPA ITI.png,MISSING_SOURCE,NOT_APPLICABLE,MISSING_SOURCE,MISSING_SOURCE,MISSING_SOURCE,SOURCE-UNRESOLVED
AUX-PROV-0EACB6056E19,provider-logo,provider-logo::TVN DISCOVERY GROUP.png,PASS,PRESERVED_NATIVE_CANVAS,PASS,REVIEW,REVIEW,REVIEW
AUX-PROV-49C9CD94DCE3,provider-logo,provider-logo::TVN DISCPVERY GROUP.png,PASS,PRESERVED_NATIVE_CANVAS,PASS,REVIEW,REVIEW,REVIEW
AUX-PROV-39CFB13DAAA3,provider-logo,provider-logo::TVN GRUPA ITI.png,MISSING_SOURCE,NOT_APPLICABLE,MISSING_SOURCE,MISSING_SOURCE,MISSING_SOURCE,SOURCE-UNRESOLVED
AUX-PROV-E9F9A52CF35E,provider-logo,provider-logo::TVN SA DISCOVERY GROUP.png,PASS,PRESERVED_NATIVE_CANVAS,PASS,REVIEW,REVIEW,REVIEW
AUX-PROV-C8D40A110336,provider-logo,provider-logo::TVN SA.png,PASS,PRESERVED_NATIVE_CANVAS,PASS,REVIEW,REVIEW,REVIEW
AUX-PROV-2097F7CDE235,provider-logo,provider-logo::TVN.png,PASS,PRESERVED_NATIVE_CANVAS,PASS,REVIEW,REVIEW,REVIEW
AUX-PROV-602AC6CB3B65,provider-logo,provider-logo::TVN_WBD.png,MISSING_SOURCE,NOT_APPLICABLE,MISSING_SOURCE,MISSING_SOURCE,MISSING_SOURCE,SOURCE-UNRESOLVED
AUX-PROV-FC83FF363F71,provider-logo,provider-logo::TVNET.png,PASS,PRESERVED_NATIVE_CANVAS,PASS,REVIEW,REVIEW,REVIEW
AUX-PROV-8F3BBDDB1F6E,provider-logo,provider-logo::TVP S.A..png,PASS,PRESERVED_NATIVE_CANVAS,PASS,REVIEW,REVIEW,REVIEW
AUX-PROV-396027DC6B62,provider-logo,provider-logo::TVP.png,PASS,PRESERVED_NATIVE_CANVAS,PASS,REVIEW,REVIEW,REVIEW
AUX-PROV-A3C2308DE513,provider-logo,provider-logo::TVPALANCA.png,PASS,PRESERVED_NATIVE_CANVAS,PASS,REVIEW,REVIEW,REVIEW
AUX-PROV-8D74251332CE,provider-logo,provider-logo::TVQUI.png,PASS,PRESERVED_NATIVE_CANVAS,PASS,REVIEW,REVIEW,REVIEW
AUX-PROV-1BBFB5D7B9C9,provider-logo,provider-logo::TVR TELEITALIA 7 GOLD.png,PASS,PRESERVED_NATIVE_CANVAS,PASS,REVIEW,REVIEW,REVIEW
AUX-PROV-8AE81C90C1E8,provider-logo,provider-logo::TVR-FREESAT ROMANIA.png,MISSING_SOURCE,NOT_APPLICABLE,MISSING_SOURCE,MISSING_SOURCE,MISSING_SOURCE,SOURCE-UNRESOLVED
AUX-PROV-7E095F2ED6EB,provider-logo,provider-logo::TVRS.png,PASS,PRESERVED_NATIVE_CANVAS,PASS,REVIEW,REVIEW,REVIEW
AUX-PROV-E891DDCF5724,provider-logo,provider-logo::TVSRIES HD.png,PASS,PRESERVED_NATIVE_CANVAS,PASS,AUTO-FIXED,AUTO-FIXED,AUTO-FIXED
AUX-PROV-F1ED730597C1,provider-logo,provider-logo::TVT MEDIA NL.png,PASS,PRESERVED_NATIVE_CANVAS,PASS,REVIEW,REVIEW,REVIEW
AUX-PROV-4F75F50B6BDC,provider-logo,provider-logo::TVT.png,PASS,PRESERVED_NATIVE_CANVAS,PASS,REVIEW,REVIEW,REVIEW
AUX-PROV-16E473441A42,provider-logo,provider-logo::TWC.png,PASS,PRESERVED_NATIVE_CANVAS,PASS,REVIEW,AUTO-FIXED,REVIEW
AUX-PROV-B5EE3E110890,provider-logo,provider-logo::TWDC TURKEY.png,PASS,PRESERVED_NATIVE_CANVAS,PASS,REVIEW,REVIEW,REVIEW
AUX-PROV-BB9F523AB61A,provider-logo,provider-logo::TWOFOUR54.png,PASS,PRESERVED_NATIVE_CANVAS,PASS,REVIEW,REVIEW,REVIEW
AUX-PROV-CFFEA44C087A,provider-logo,provider-logo::TXY.png,PASS,PRESERVED_NATIVE_CANVAS,PASS,REVIEW,REVIEW,REVIEW
AUX-PROV-3CB10D0F4AB6,provider-logo,provider-logo::U1 TIROL.png,PASS,PRESERVED_NATIVE_CANVAS,PASS,AUTO-FIXED,REVIEW,REVIEW
AUX-PROV-48FE91F20A11,provider-logo,provider-logo::UA KULTURA.png,PASS,PRESERVED_NATIVE_CANVAS,PASS,REVIEW,AUTO-FIXED,REVIEW
AUX-PROV-240CF5C399AB,provider-logo,provider-logo::UBN.png,PASS,PRESERVED_NATIVE_CANVAS,PASS,REVIEW,REVIEW,REVIEW
AUX-PROV-9F58B852CD29,provider-logo,provider-logo::UFANET.png,PASS,PRESERVED_NATIVE_CANVAS,PASS,REVIEW,REVIEW,REVIEW
AUX-PROV-D53F4D607695,provider-logo,provider-logo::UKRKOSMOS.png,PASS,PRESERVED_NATIVE_CANVAS,PASS,REVIEW,REVIEW,REVIEW
AUX-PROV-E2DB97E70F56,provider-logo,provider-logo::UKRTELECOM.png,PASS,PRESERVED_NATIVE_CANVAS,PASS,REVIEW,REVIEW,REVIEW
AUX-PROV-F3BAD91B1272,provider-logo,provider-logo::ULKE TV.png,PASS,PRESERVED_NATIVE_CANVAS,PASS,AUTO-FIXED,AUTO-FIXED,AUTO-FIXED
AUX-PROV-668809D733D4,provider-logo,provider-logo::ULTRA HD.png,MISSING_SOURCE,NOT_APPLICABLE,MISSING_SOURCE,MISSING_SOURCE,MISSING_SOURCE,SOURCE-UNRESOLVED
AUX-PROV-6D45E66813C4,provider-logo,provider-logo::UNITED TELEPORTS.png,PASS,PRESERVED_NATIVE_CANVAS,PASS,REVIEW,REVIEW,REVIEW
AUX-PROV-18E4B2DDA968,provider-logo,provider-logo::UNKNOWN.png,PASS,PRESERVED_NATIVE_CANVAS,PASS,AUTO-FIXED,REVIEW,REVIEW
AUX-PROV-296C5895F754,provider-logo,provider-logo::UNNAMED.png,PASS,PRESERVED_NATIVE_CANVAS,PASS,REVIEW,REVIEW,REVIEW
AUX-PROV-B7E85BA99649,provider-logo,provider-logo::UNO 4.png,PASS,PRESERVED_NATIVE_CANVAS,PASS,AUTO-FIXED,REVIEW,REVIEW
AUX-PROV-A459C037B9B1,provider-logo,provider-logo::UPC DIRECT.png,PASS,PRESERVED_NATIVE_CANVAS,PASS,REVIEW,AUTO-FIXED,REVIEW
AUX-PROV-9F70E4FDB383,provider-logo,provider-logo::UPC.png,PASS,PRESERVED_NATIVE_CANVAS,PASS,REVIEW,AUTO-FIXED,REVIEW
AUX-PROV-0D269C92F6C0,provider-logo,provider-logo::UPCPL.png,MISSING_SOURCE,NOT_APPLICABLE,MISSING_SOURCE,MISSING_SOURCE,MISSING_SOURCE,SOURCE-UNRESOLVED
AUX-PROV-0E2BCFBAADB8,provider-logo,provider-logo::UR-1.png,PASS,PRESERVED_NATIVE_CANVAS,PASS,REVIEW,REVIEW,REVIEW
AUX-PROV-0D0FBC9199E4,provider-logo,provider-logo::UR-3.png,PASS,PRESERVED_NATIVE_CANVAS,PASS,REVIEW,REVIEW,REVIEW
AUX-PROV-165C399F242F,provider-logo,provider-logo::UTV.png,PASS,PRESERVED_NATIVE_CANVAS,PASS,REVIEW,REVIEW,REVIEW
AUX-PROV-74E2F0F96246,provider-logo,provider-logo::VALENZA_TV.png,MISSING_SOURCE,NOT_APPLICABLE,MISSING_SOURCE,MISSING_SOURCE,MISSING_SOURCE,SOURCE-UNRESOLVED
AUX-PROV-A32342FA07F0,provider-logo,provider-logo::VB33.png,MISSING_SOURCE,NOT_APPLICABLE,MISSING_SOURCE,MISSING_SOURCE,MISSING_SOURCE,SOURCE-UNRESOLVED
AUX-PROV-C3E7FEFC3E0B,provider-logo,provider-logo::VECROR A.G.png,PASS,PRESERVED_NATIVE_CANVAS,PASS,REVIEW,REVIEW,REVIEW
AUX-PROV-3AFFB82D6873,provider-logo,provider-logo::VECTOR A. G.png,PASS,PRESERVED_NATIVE_CANVAS,PASS,REVIEW,REVIEW,REVIEW
AUX-PROV-8DDB2FA1BE98,provider-logo,provider-logo::VECTOR A.G.png,PASS,PRESERVED_NATIVE_CANVAS,PASS,REVIEW,REVIEW,REVIEW
AUX-PROV-959A82276EEC,provider-logo,provider-logo::VERMANTIA.png,PASS,PRESERVED_NATIVE_CANVAS,PASS,REVIEW,REVIEW,REVIEW
AUX-PROV-4DAF4F7FB01E,provider-logo,provider-logo::VEVTOR A.G.png,PASS,PRESERVED_NATIVE_CANVAS,PASS,REVIEW,REVIEW,REVIEW
AUX-PROV-8EFAC6B623DF,provider-logo,provider-logo::VH1 CLASSIC.png,PASS,PRESERVED_NATIVE_CANVAS,PASS,AUTO-FIXED,AUTO-FIXED,AUTO-FIXED
AUX-PROV-8188E937389B,provider-logo,provider-logo::VH1.png,PASS,PRESERVED_NATIVE_CANVAS,PASS,REVIEW,REVIEW,REVIEW
AUX-PROV-AA79560D7D7E,provider-logo,provider-logo::VIA EMILIA TV.png,PASS,PRESERVED_NATIVE_CANVAS,PASS,AUTO-FIXED,REVIEW,REVIEW
AUX-PROV-01E569933EE9,provider-logo,provider-logo::VIACOM INTERNATIONAL MEDIA NETWORKS.png,PASS,PRESERVED_NATIVE_CANVAS,PASS,AUTO-FIXED,REVIEW,REVIEW
AUX-PROV-EF23DA91136F,provider-logo,provider-logo::VIACOM.png,PASS,PRESERVED_NATIVE_CANVAS,PASS,PASS,REVIEW,REVIEW
AUX-PROV-E87D9CA20B51,provider-logo,provider-logo::VIASAT BALTIC.png,MISSING_SOURCE,NOT_APPLICABLE,MISSING_SOURCE,MISSING_SOURCE,MISSING_SOURCE,SOURCE-UNRESOLVED
AUX-PROV-BF4BB303E78E,provider-logo,provider-logo::VIASAT DENMARK.png,MISSING_SOURCE,NOT_APPLICABLE,MISSING_SOURCE,MISSING_SOURCE,MISSING_SOURCE,SOURCE-UNRESOLVED
AUX-PROV-E32B244710E4,provider-logo,provider-logo::VIASAT EAST.png,MISSING_SOURCE,NOT_APPLICABLE,MISSING_SOURCE,MISSING_SOURCE,MISSING_SOURCE,SOURCE-UNRESOLVED
AUX-PROV-BB253997A4D4,provider-logo,provider-logo::VIASAT FINLAND.png,MISSING_SOURCE,NOT_APPLICABLE,MISSING_SOURCE,MISSING_SOURCE,MISSING_SOURCE,SOURCE-UNRESOLVED
AUX-PROV-5701CACE8F77,provider-logo,provider-logo::VIASAT NORWAY.png,MISSING_SOURCE,NOT_APPLICABLE,MISSING_SOURCE,MISSING_SOURCE,MISSING_SOURCE,SOURCE-UNRESOLVED
AUX-PROV-1557BA05AA61,provider-logo,provider-logo::VIASAT SWEDEN.png,MISSING_SOURCE,NOT_APPLICABLE,MISSING_SOURCE,MISSING_SOURCE,MISSING_SOURCE,SOURCE-UNRESOLVED
AUX-PROV-E4BD7164909E,provider-logo,provider-logo::VIASAT UKRAINE.png,MISSING_SOURCE,NOT_APPLICABLE,MISSING_SOURCE,MISSING_SOURCE,MISSING_SOURCE,SOURCE-UNRESOLVED
AUX-PROV-C5856BF56A80,provider-logo,provider-logo::VIASAT.png,PASS,PRESERVED_NATIVE_CANVAS,PASS,REVIEW,REVIEW,REVIEW
AUX-PROV-F397F7056091,provider-logo,provider-logo::VIASAT.UA.png,MISSING_SOURCE,NOT_APPLICABLE,MISSING_SOURCE,MISSING_SOURCE,MISSING_SOURCE,SOURCE-UNRESOLVED
AUX-PROV-BA791CDB8350,provider-logo,provider-logo::VICUS-LUXLINIK.png,PASS,PRESERVED_NATIVE_CANVAS,PASS,AUTO-FIXED,REVIEW,REVIEW
AUX-PROV-654EB7CC133C,provider-logo,provider-logo::VICUS-LUXLINK.png,PASS,PRESERVED_NATIVE_CANVAS,PASS,AUTO-FIXED,REVIEW,REVIEW
AUX-PROV-AC8D48BD234A,provider-logo,provider-logo::VIDEO CALABRIA.png,PASS,PRESERVED_NATIVE_CANVAS,PASS,AUTO-FIXED,REVIEW,REVIEW
AUX-PROV-F0C5745FC46F,provider-logo,provider-logo::VIDEOLINA.png,PASS,PRESERVED_NATIVE_CANVAS,PASS,AUTO-FIXED,AUTO-FIXED,AUTO-FIXED
AUX-PROV-6844DDCCC95F,provider-logo,provider-logo::VIDEONOLA.png,PASS,PRESERVED_NATIVE_CANVAS,PASS,REVIEW,REVIEW,REVIEW
AUX-PROV-D74B99F52185,provider-logo,provider-logo::VIDEOSTAR.png,PASS,PRESERVED_NATIVE_CANVAS,PASS,REVIEW,REVIEW,REVIEW
AUX-PROV-27523A2437E1,provider-logo,provider-logo::VIEW MEDIA.png,PASS,PRESERVED_NATIVE_CANVAS,PASS,AUTO-FIXED,AUTO-FIXED,AUTO-FIXED
AUX-PROV-2D5C4037128B,provider-logo,provider-logo::VIEWMADIA.png,PASS,PRESERVED_NATIVE_CANVAS,PASS,AUTO-FIXED,AUTO-FIXED,AUTO-FIXED
AUX-PROV-166AC962D87D,provider-logo,provider-logo::VIEWMEDIA.png,PASS,PRESERVED_NATIVE_CANVAS,PASS,AUTO-FIXED,AUTO-FIXED,AUTO-FIXED
AUX-PROV-1CC0CCAC076E,provider-logo,provider-logo::VIEWMEDIQ.png,PASS,PRESERVED_NATIVE_CANVAS,PASS,AUTO-FIXED,AUTO-FIXED,AUTO-FIXED
AUX-PROV-073097878672,provider-logo,provider-logo::VIEWSAT.png,PASS,PRESERVED_NATIVE_CANVAS,PASS,REVIEW,AUTO-FIXED,REVIEW
AUX-PROV-EFADF5948E5F,provider-logo,provider-logo::VIMN.png,PASS,PRESERVED_NATIVE_CANVAS,PASS,REVIEW,REVIEW,REVIEW
AUX-PROV-A504896EA3FE,provider-logo,provider-logo::VIP SAT.png,MISSING_SOURCE,NOT_APPLICABLE,MISSING_SOURCE,MISSING_SOURCE,MISSING_SOURCE,SOURCE-UNRESOLVED
AUX-PROV-E86DB66BF30F,provider-logo,provider-logo::VIPNET.png,MISSING_SOURCE,NOT_APPLICABLE,MISSING_SOURCE,MISSING_SOURCE,MISSING_SOURCE,SOURCE-UNRESOLVED
AUX-PROV-3B9BF9842EAC,provider-logo,provider-logo::VISIONTV.png,PASS,PRESERVED_NATIVE_CANVAS,PASS,REVIEW,REVIEW,REVIEW
AUX-PROV-1C8D5FCB10F7,provider-logo,provider-logo::VIVACOM.png,PASS,PRESERVED_NATIVE_CANVAS,PASS,AUTO-FIXED,REVIEW,REVIEW
AUX-PROV-2B7AF2649BFC,provider-logo,provider-logo::VJR.png,PASS,PRESERVED_NATIVE_CANVAS,PASS,REVIEW,REVIEW,REVIEW
AUX-PROV-B64E022346D8,provider-logo,provider-logo::VOLANT MEDIA.png,PASS,PRESERVED_NATIVE_CANVAS,PASS,REVIEW,REVIEW,REVIEW
AUX-PROV-3A417F091254,provider-logo,provider-logo::VOLIA TV.png,PASS,PRESERVED_NATIVE_CANVAS,PASS,AUTO-FIXED,REVIEW,REVIEW
AUX-PROV-9C2995EDFB99,provider-logo,provider-logo::VPS-GULFSAT.png,PASS,PRESERVED_NATIVE_CANVAS,PASS,REVIEW,REVIEW,REVIEW
AUX-PROV-000C5D80A637,provider-logo,provider-logo::W1 WL DTH.png,MISSING_SOURCE,NOT_APPLICABLE,MISSING_SOURCE,MISSING_SOURCE,MISSING_SOURCE,SOURCE-UNRESOLVED
AUX-PROV-6B35C992C337,provider-logo,provider-logo::WAAR.png,PASS,PRESERVED_NATIVE_CANVAS,PASS,AUTO-FIXED,REVIEW,REVIEW
AUX-PROV-D5D64AB1CDB1,provider-logo,provider-logo::WEB TVBOX MD.png,PASS,PRESERVED_NATIVE_CANVAS,PASS,REVIEW,REVIEW,REVIEW
AUX-PROV-0E299E8617D0,provider-logo,provider-logo::WEDDING TV.png,PASS,PRESERVED_NATIVE_CANVAS,PASS,AUTO-FIXED,REVIEW,REVIEW
AUX-PROV-3C56D4C84A02,provider-logo,provider-logo::WGB.png,PASS,PRESERVED_NATIVE_CANVAS,PASS,AUTO-FIXED,REVIEW,REVIEW
AUX-PROV-2D81848F22F0,provider-logo,provider-logo::WIDE NETWORK SOLUTION.png,PASS,PRESERVED_NATIVE_CANVAS,PASS,REVIEW,REVIEW,REVIEW
AUX-PROV-5A7571786AD9,provider-logo,provider-logo::WIDE NETWORK SOLUTIONS.png,PASS,PRESERVED_NATIVE_CANVAS,PASS,REVIEW,REVIEW,REVIEW
AUX-PROV-22507C2326A3,provider-logo,provider-logo::WIDE NETWORK SOLUTUION.png,PASS,PRESERVED_NATIVE_CANVAS,PASS,REVIEW,REVIEW,REVIEW
AUX-PROV-05DF53BCF687,provider-logo,provider-logo::WIE NETWORK SOLUTIONS.png,PASS,PRESERVED_NATIVE_CANVAS,PASS,REVIEW,REVIEW,REVIEW
AUX-PROV-47A87376E694,provider-logo,provider-logo::WITEL.png,PASS,PRESERVED_NATIVE_CANVAS,PASS,REVIEW,REVIEW,REVIEW
AUX-PROV-BC07C5EBF58A,provider-logo,provider-logo::WNS.png,PASS,PRESERVED_NATIVE_CANVAS,PASS,REVIEW,REVIEW,REVIEW
AUX-PROV-5B8B7398285F,provider-logo,provider-logo::WRS.png,PASS,PRESERVED_NATIVE_CANVAS,PASS,REVIEW,REVIEW,REVIEW
AUX-PROV-9927B76205E6,provider-logo,provider-logo::WTV.png,PASS,PRESERVED_NATIVE_CANVAS,PASS,AUTO-FIXED,REVIEW,REVIEW
AUX-PROV-2B853ED02249,provider-logo,provider-logo::WWW.TELEMEDIA.CO.ZA.png,PASS,PRESERVED_NATIVE_CANVAS,PASS,REVIEW,REVIEW,REVIEW
AUX-PROV-D5954A3F83D1,provider-logo,provider-logo::XTRA TV TEST.png,PASS,PRESERVED_NATIVE_CANVAS,PASS,REVIEW,REVIEW,REVIEW
AUX-PROV-ED51704E0318,provider-logo,provider-logo::XTRA TV.png,PASS,PRESERVED_NATIVE_CANVAS,PASS,REVIEW,REVIEW,REVIEW
AUX-PROV-265B9204360F,provider-logo,provider-logo::XTRAT V.png,PASS,PRESERVED_NATIVE_CANVAS,PASS,REVIEW,REVIEW,REVIEW
AUX-PROV-01EB1317A90D,provider-logo,provider-logo::XTRATV.png,PASS,PRESERVED_NATIVE_CANVAS,PASS,REVIEW,REVIEW,REVIEW
AUX-PROV-8B35DF980675,provider-logo,provider-logo::YAHLIVE 1.png,PASS,PRESERVED_NATIVE_CANVAS,PASS,AUTO-FIXED,REVIEW,REVIEW
AUX-PROV-432358DA4CA2,provider-logo,provider-logo::YAHLIVE.png,PASS,PRESERVED_NATIVE_CANVAS,PASS,AUTO-FIXED,REVIEW,REVIEW
AUX-PROV-EFF004CD69D8,provider-logo,provider-logo::YAHLIVE1.png,PASS,PRESERVED_NATIVE_CANVAS,PASS,AUTO-FIXED,REVIEW,REVIEW
AUX-PROV-E2C85B1B6927,provider-logo,provider-logo::YANDEX.png,PASS,PRESERVED_NATIVE_CANVAS,PASS,REVIEW,AUTO-FIXED,REVIEW
AUX-PROV-E1A40EACF9AC,provider-logo,provider-logo::YEMEN TV.png,PASS,PRESERVED_NATIVE_CANVAS,PASS,AUTO-FIXED,REVIEW,REVIEW
AUX-PROV-EA125A18F86F,provider-logo,provider-logo::YOUTUBE.png,PASS,PRESERVED_NATIVE_CANVAS,PASS,AUTO-FIXED,REVIEW,REVIEW
AUX-PROV-F5E48D5E1002,provider-logo,provider-logo::YOWI.TV.png,PASS,PRESERVED_NATIVE_CANVAS,PASS,REVIEW,REVIEW,REVIEW
AUX-PROV-AF4473223DD9,provider-logo,provider-logo::ZABAVA TV.png,PASS,PRESERVED_NATIVE_CANVAS,PASS,REVIEW,REVIEW,REVIEW
AUX-PROV-711CBA95017B,provider-logo,provider-logo::ZAP VIVA HD.png,PASS,PRESERVED_NATIVE_CANVAS,PASS,REVIEW,REVIEW,REVIEW
AUX-PROV-D8C39A98B3AE,provider-logo,provider-logo::ZDFVISION.png,PASS,PRESERVED_NATIVE_CANVAS,PASS,AUTO-FIXED,REVIEW,REVIEW
AUX-PROV-1A0125E3887E,provider-logo,provider-logo::ZEE NETWORK.png,PASS,PRESERVED_NATIVE_CANVAS,PASS,REVIEW,REVIEW,REVIEW
AUX-PROV-82C2DC01C9A4,provider-logo,provider-logo::ZEE.png,PASS,PRESERVED_NATIVE_CANVAS,PASS,REVIEW,REVIEW,REVIEW
AUX-PROV-BBC35AF8AC23,provider-logo,provider-logo::ZEONBUD.png,PASS,PRESERVED_NATIVE_CANVAS,PASS,REVIEW,REVIEW,REVIEW
AUX-PROV-1763F9C3AF1D,provider-logo,provider-logo::ZORIANY.png,PASS,PRESERVED_NATIVE_CANVAS,PASS,AUTO-FIXED,REVIEW,REVIEW
AUX-SAT-DD2CCA0A7585,satellite-logo,satellite-logo::08W-75.png,MISSING_SOURCE,NOT_APPLICABLE,MISSING_SOURCE,MISSING_SOURCE,MISSING_SOURCE,SOURCE-UNRESOLVED
AUX-SAT-B9304DFDF507,satellite-logo,satellite-logo::08W.png,MISSING_SOURCE,NOT_APPLICABLE,MISSING_SOURCE,MISSING_SOURCE,MISSING_SOURCE,SOURCE-UNRESOLVED
AUX-SAT-D64E2EE10CCE,satellite-logo,satellite-logo::1001E-75.png,MISSING_SOURCE,NOT_APPLICABLE,MISSING_SOURCE,MISSING_SOURCE,MISSING_SOURCE,SOURCE-UNRESOLVED
AUX-SAT-D8358391938D,satellite-logo,satellite-logo::1001E.png,MISSING_SOURCE,NOT_APPLICABLE,MISSING_SOURCE,MISSING_SOURCE,MISSING_SOURCE,SOURCE-UNRESOLVED
AUX-SAT-0A69686CA6B1,satellite-logo,satellite-logo::1005E-75.png,MISSING_SOURCE,NOT_APPLICABLE,MISSING_SOURCE,MISSING_SOURCE,MISSING_SOURCE,SOURCE-UNRESOLVED
AUX-SAT-086B716A8156,satellite-logo,satellite-logo::1005E.png,MISSING_SOURCE,NOT_APPLICABLE,MISSING_SOURCE,MISSING_SOURCE,MISSING_SOURCE,SOURCE-UNRESOLVED
AUX-SAT-55B3E105FDF0,satellite-logo,satellite-logo::100E-75.png,MISSING_SOURCE,NOT_APPLICABLE,MISSING_SOURCE,MISSING_SOURCE,MISSING_SOURCE,SOURCE-UNRESOLVED
AUX-SAT-BE299F40988A,satellite-logo,satellite-logo::100E.png,PASS,PRESERVED_NATIVE_CANVAS,PASS,REVIEW,REVIEW,REVIEW
AUX-SAT-9519F93627DC,satellite-logo,satellite-logo::1035E-75.png,MISSING_SOURCE,NOT_APPLICABLE,MISSING_SOURCE,MISSING_SOURCE,MISSING_SOURCE,SOURCE-UNRESOLVED
AUX-SAT-7BD6D7B943E2,satellite-logo,satellite-logo::1035E.png,MISSING_SOURCE,NOT_APPLICABLE,MISSING_SOURCE,MISSING_SOURCE,MISSING_SOURCE,SOURCE-UNRESOLVED
AUX-SAT-1E9AC73DA5D1,satellite-logo,satellite-logo::1055E-75.png,MISSING_SOURCE,NOT_APPLICABLE,MISSING_SOURCE,MISSING_SOURCE,MISSING_SOURCE,SOURCE-UNRESOLVED
AUX-SAT-A5F66ADC8B2D,satellite-logo,satellite-logo::1055E.png,MISSING_SOURCE,NOT_APPLICABLE,MISSING_SOURCE,MISSING_SOURCE,MISSING_SOURCE,SOURCE-UNRESOLVED
AUX-SAT-EB1AF70396EE,satellite-logo,satellite-logo::10W-75.png,MISSING_SOURCE,NOT_APPLICABLE,MISSING_SOURCE,MISSING_SOURCE,MISSING_SOURCE,SOURCE-UNRESOLVED
AUX-SAT-80F51253E348,satellite-logo,satellite-logo::10W.png,PASS,PRESERVED_NATIVE_CANVAS,PASS,AUTO-FIXED,REVIEW,REVIEW
AUX-SAT-1774FAD87879,satellite-logo,satellite-logo::1100E-75.png,MISSING_SOURCE,NOT_APPLICABLE,MISSING_SOURCE,MISSING_SOURCE,MISSING_SOURCE,SOURCE-UNRESOLVED
AUX-SAT-4FAEE0E02693,satellite-logo,satellite-logo::1100E.png,MISSING_SOURCE,NOT_APPLICABLE,MISSING_SOURCE,MISSING_SOURCE,MISSING_SOURCE,SOURCE-UNRESOLVED
AUX-SAT-0A83EF3BC36E,satellite-logo,satellite-logo::1100W-75.png,MISSING_SOURCE,NOT_APPLICABLE,MISSING_SOURCE,MISSING_SOURCE,MISSING_SOURCE,SOURCE-UNRESOLVED
AUX-SAT-55C7099B6CD8,satellite-logo,satellite-logo::1100W.png,MISSING_SOURCE,NOT_APPLICABLE,MISSING_SOURCE,MISSING_SOURCE,MISSING_SOURCE,SOURCE-UNRESOLVED
AUX-SAT-2C1C8373E020,satellite-logo,satellite-logo::1101E-75.png,MISSING_SOURCE,NOT_APPLICABLE,MISSING_SOURCE,MISSING_SOURCE,MISSING_SOURCE,SOURCE-UNRESOLVED
AUX-SAT-1E4BC7DDBD1C,satellite-logo,satellite-logo::1101E.png,MISSING_SOURCE,NOT_APPLICABLE,MISSING_SOURCE,MISSING_SOURCE,MISSING_SOURCE,SOURCE-UNRESOLVED
AUX-SAT-73C1A65EBBD7,satellite-logo,satellite-logo::1105E-75.png,MISSING_SOURCE,NOT_APPLICABLE,MISSING_SOURCE,MISSING_SOURCE,MISSING_SOURCE,SOURCE-UNRESOLVED
AUX-SAT-944A2EF24557,satellite-logo,satellite-logo::1105E.png,MISSING_SOURCE,NOT_APPLICABLE,MISSING_SOURCE,MISSING_SOURCE,MISSING_SOURCE,SOURCE-UNRESOLVED
AUX-SAT-691FBE535F50,satellite-logo,satellite-logo::110W-75.png,MISSING_SOURCE,NOT_APPLICABLE,MISSING_SOURCE,MISSING_SOURCE,MISSING_SOURCE,SOURCE-UNRESOLVED
AUX-SAT-29614F3AEA98,satellite-logo,satellite-logo::110W.png,PASS,PRESERVED_NATIVE_CANVAS,PASS,REVIEW,REVIEW,REVIEW
AUX-SAT-EF70C4B859FF,satellite-logo,satellite-logo::1130E-75.png,MISSING_SOURCE,NOT_APPLICABLE,MISSING_SOURCE,MISSING_SOURCE,MISSING_SOURCE,SOURCE-UNRESOLVED
AUX-SAT-2192D975A123,satellite-logo,satellite-logo::1130E.png,MISSING_SOURCE,NOT_APPLICABLE,MISSING_SOURCE,MISSING_SOURCE,MISSING_SOURCE,SOURCE-UNRESOLVED
AUX-SAT-71FED2A71CF5,satellite-logo,satellite-logo::1155E-75.png,MISSING_SOURCE,NOT_APPLICABLE,MISSING_SOURCE,MISSING_SOURCE,MISSING_SOURCE,SOURCE-UNRESOLVED
AUX-SAT-5C668B3CB389,satellite-logo,satellite-logo::1155E.png,MISSING_SOURCE,NOT_APPLICABLE,MISSING_SOURCE,MISSING_SOURCE,MISSING_SOURCE,SOURCE-UNRESOLVED
AUX-SAT-E1DFE3D0BB93,satellite-logo,satellite-logo::1161E-75.png,MISSING_SOURCE,NOT_APPLICABLE,MISSING_SOURCE,MISSING_SOURCE,MISSING_SOURCE,SOURCE-UNRESOLVED
AUX-SAT-27DE1F97EA6F,satellite-logo,satellite-logo::1161E.png,MISSING_SOURCE,NOT_APPLICABLE,MISSING_SOURCE,MISSING_SOURCE,MISSING_SOURCE,SOURCE-UNRESOLVED
AUX-SAT-7DDC1975B1E6,satellite-logo,satellite-logo::1190W-75.png,MISSING_SOURCE,NOT_APPLICABLE,MISSING_SOURCE,MISSING_SOURCE,MISSING_SOURCE,SOURCE-UNRESOLVED
AUX-SAT-B23153F68B51,satellite-logo,satellite-logo::1190W.png,MISSING_SOURCE,NOT_APPLICABLE,MISSING_SOURCE,MISSING_SOURCE,MISSING_SOURCE,SOURCE-UNRESOLVED
AUX-SAT-6A3B9EDC2A58,satellite-logo,satellite-logo::1210W-75.png,MISSING_SOURCE,NOT_APPLICABLE,MISSING_SOURCE,MISSING_SOURCE,MISSING_SOURCE,SOURCE-UNRESOLVED
AUX-SAT-54AE22F13D33,satellite-logo,satellite-logo::1210W.png,MISSING_SOURCE,NOT_APPLICABLE,MISSING_SOURCE,MISSING_SOURCE,MISSING_SOURCE,SOURCE-UNRESOLVED
AUX-SAT-10D0495E0E81,satellite-logo,satellite-logo::1211E-75.png,MISSING_SOURCE,NOT_APPLICABLE,MISSING_SOURCE,MISSING_SOURCE,MISSING_SOURCE,SOURCE-UNRESOLVED
AUX-SAT-2A08C9F5CC49,satellite-logo,satellite-logo::1211E.png,MISSING_SOURCE,NOT_APPLICABLE,MISSING_SOURCE,MISSING_SOURCE,MISSING_SOURCE,SOURCE-UNRESOLVED
AUX-SAT-C2B0A9FBD039,satellite-logo,satellite-logo::1211W-75.png,MISSING_SOURCE,NOT_APPLICABLE,MISSING_SOURCE,MISSING_SOURCE,MISSING_SOURCE,SOURCE-UNRESOLVED
AUX-SAT-76490112D88C,satellite-logo,satellite-logo::1211W.png,MISSING_SOURCE,NOT_APPLICABLE,MISSING_SOURCE,MISSING_SOURCE,MISSING_SOURCE,SOURCE-UNRESOLVED
AUX-SAT-3F2CA25A9478,satellite-logo,satellite-logo::1220E-75.png,MISSING_SOURCE,NOT_APPLICABLE,MISSING_SOURCE,MISSING_SOURCE,MISSING_SOURCE,SOURCE-UNRESOLVED
AUX-SAT-6C4503B560C8,satellite-logo,satellite-logo::1220E.png,MISSING_SOURCE,NOT_APPLICABLE,MISSING_SOURCE,MISSING_SOURCE,MISSING_SOURCE,SOURCE-UNRESOLVED
AUX-SAT-441BFCDE3DE0,satellite-logo,satellite-logo::1250E-75.png,MISSING_SOURCE,NOT_APPLICABLE,MISSING_SOURCE,MISSING_SOURCE,MISSING_SOURCE,SOURCE-UNRESOLVED
AUX-SAT-6621413446EF,satellite-logo,satellite-logo::1250E.png,MISSING_SOURCE,NOT_APPLICABLE,MISSING_SOURCE,MISSING_SOURCE,MISSING_SOURCE,SOURCE-UNRESOLVED
AUX-SAT-E9255B7049E6,satellite-logo,satellite-logo::125W-75.png,MISSING_SOURCE,NOT_APPLICABLE,MISSING_SOURCE,MISSING_SOURCE,MISSING_SOURCE,SOURCE-UNRESOLVED
AUX-SAT-ECD299F74D43,satellite-logo,satellite-logo::125W.png,PASS,PRESERVED_NATIVE_CANVAS,PASS,REVIEW,REVIEW,REVIEW
AUX-SAT-DC414FE22838,satellite-logo,satellite-logo::1290W-75.png,MISSING_SOURCE,NOT_APPLICABLE,MISSING_SOURCE,MISSING_SOURCE,MISSING_SOURCE,SOURCE-UNRESOLVED
AUX-SAT-BACAA724FA9B,satellite-logo,satellite-logo::1290W.png,MISSING_SOURCE,NOT_APPLICABLE,MISSING_SOURCE,MISSING_SOURCE,MISSING_SOURCE,SOURCE-UNRESOLVED
AUX-SAT-690505CF9E13,satellite-logo,satellite-logo::1291E-75.png,MISSING_SOURCE,NOT_APPLICABLE,MISSING_SOURCE,MISSING_SOURCE,MISSING_SOURCE,SOURCE-UNRESOLVED
AUX-SAT-D764C4C7CC43,satellite-logo,satellite-logo::1291E.png,MISSING_SOURCE,NOT_APPLICABLE,MISSING_SOURCE,MISSING_SOURCE,MISSING_SOURCE,SOURCE-UNRESOLVED
AUX-SAT-B23C8FAC338D,satellite-logo,satellite-logo::1291W-75.png,MISSING_SOURCE,NOT_APPLICABLE,MISSING_SOURCE,MISSING_SOURCE,MISSING_SOURCE,SOURCE-UNRESOLVED
AUX-SAT-98DD420BE0F7,satellite-logo,satellite-logo::1291W.png,MISSING_SOURCE,NOT_APPLICABLE,MISSING_SOURCE,MISSING_SOURCE,MISSING_SOURCE,SOURCE-UNRESOLVED
AUX-SAT-E16F6DFB6E42,satellite-logo,satellite-logo::130E-75.png,MISSING_SOURCE,NOT_APPLICABLE,MISSING_SOURCE,MISSING_SOURCE,MISSING_SOURCE,SOURCE-UNRESOLVED
AUX-SAT-2DF4686FA4D9,satellite-logo,satellite-logo::130E.png,PASS,PRESERVED_NATIVE_CANVAS,PASS,REVIEW,REVIEW,REVIEW
AUX-SAT-9EA6D35CD5EA,satellite-logo,satellite-logo::1380E-75.png,MISSING_SOURCE,NOT_APPLICABLE,MISSING_SOURCE,MISSING_SOURCE,MISSING_SOURCE,SOURCE-UNRESOLVED
AUX-SAT-9B5A08998468,satellite-logo,satellite-logo::1380E.png,MISSING_SOURCE,NOT_APPLICABLE,MISSING_SOURCE,MISSING_SOURCE,MISSING_SOURCE,SOURCE-UNRESOLVED
AUX-SAT-4AA7C956CFE4,satellite-logo,satellite-logo::1400E-75.png,MISSING_SOURCE,NOT_APPLICABLE,MISSING_SOURCE,MISSING_SOURCE,MISSING_SOURCE,SOURCE-UNRESOLVED
AUX-SAT-B11B57947C44,satellite-logo,satellite-logo::1400E.png,MISSING_SOURCE,NOT_APPLICABLE,MISSING_SOURCE,MISSING_SOURCE,MISSING_SOURCE,SOURCE-UNRESOLVED
AUX-SAT-8027A045350C,satellite-logo,satellite-logo::140W-75.png,MISSING_SOURCE,NOT_APPLICABLE,MISSING_SOURCE,MISSING_SOURCE,MISSING_SOURCE,SOURCE-UNRESOLVED
AUX-SAT-F5AAC36021D5,satellite-logo,satellite-logo::140W.png,PASS,PRESERVED_NATIVE_CANVAS,PASS,REVIEW,REVIEW,REVIEW
AUX-SAT-32E4637C5CEE,satellite-logo,satellite-logo::1440E-75.png,MISSING_SOURCE,NOT_APPLICABLE,MISSING_SOURCE,MISSING_SOURCE,MISSING_SOURCE,SOURCE-UNRESOLVED
AUX-SAT-22E66F5F3446,satellite-logo,satellite-logo::1440E.png,MISSING_SOURCE,NOT_APPLICABLE,MISSING_SOURCE,MISSING_SOURCE,MISSING_SOURCE,SOURCE-UNRESOLVED
AUX-SAT-2B627A0A0ECC,satellite-logo,satellite-logo::1480W-75.png,MISSING_SOURCE,NOT_APPLICABLE,MISSING_SOURCE,MISSING_SOURCE,MISSING_SOURCE,SOURCE-UNRESOLVED
AUX-SAT-963CEE7E37D5,satellite-logo,satellite-logo::1480W.png,MISSING_SOURCE,NOT_APPLICABLE,MISSING_SOURCE,MISSING_SOURCE,MISSING_SOURCE,SOURCE-UNRESOLVED
AUX-SAT-A5DF2D24D3AD,satellite-logo,satellite-logo::150W-75.png,MISSING_SOURCE,NOT_APPLICABLE,MISSING_SOURCE,MISSING_SOURCE,MISSING_SOURCE,SOURCE-UNRESOLVED
AUX-SAT-AB05445E0C80,satellite-logo,satellite-logo::150W.png,PASS,PRESERVED_NATIVE_CANVAS,PASS,AUTO-FIXED,AUTO-FIXED,AUTO-FIXED
AUX-SAT-190CA825B7E6,satellite-logo,satellite-logo::1560E-75.png,MISSING_SOURCE,NOT_APPLICABLE,MISSING_SOURCE,MISSING_SOURCE,MISSING_SOURCE,SOURCE-UNRESOLVED
AUX-SAT-8E86E4189F9A,satellite-logo,satellite-logo::1560E.png,MISSING_SOURCE,NOT_APPLICABLE,MISSING_SOURCE,MISSING_SOURCE,MISSING_SOURCE,SOURCE-UNRESOLVED
AUX-SAT-CCCBE0F79814,satellite-logo,satellite-logo::1590E-75.png,MISSING_SOURCE,NOT_APPLICABLE,MISSING_SOURCE,MISSING_SOURCE,MISSING_SOURCE,SOURCE-UNRESOLVED
AUX-SAT-BA96090A33E1,satellite-logo,satellite-logo::1590E.png,MISSING_SOURCE,NOT_APPLICABLE,MISSING_SOURCE,MISSING_SOURCE,MISSING_SOURCE,SOURCE-UNRESOLVED
AUX-SAT-6C98B99D0E50,satellite-logo,satellite-logo::160E-75.png,MISSING_SOURCE,NOT_APPLICABLE,MISSING_SOURCE,MISSING_SOURCE,MISSING_SOURCE,SOURCE-UNRESOLVED
AUX-SAT-A594F7BEE9BB,satellite-logo,satellite-logo::160E.png,PASS,PRESERVED_NATIVE_CANVAS,PASS,REVIEW,REVIEW,REVIEW
AUX-SAT-7D87993D161F,satellite-logo,satellite-logo::180W-75.png,MISSING_SOURCE,NOT_APPLICABLE,MISSING_SOURCE,MISSING_SOURCE,MISSING_SOURCE,SOURCE-UNRESOLVED
AUX-SAT-6D985EC85F5D,satellite-logo,satellite-logo::180W.png,PASS,PRESERVED_NATIVE_CANVAS,PASS,REVIEW,REVIEW,REVIEW
AUX-SAT-EF88E236CA63,satellite-logo,satellite-logo::192E-75.png,MISSING_SOURCE,NOT_APPLICABLE,MISSING_SOURCE,MISSING_SOURCE,MISSING_SOURCE,SOURCE-UNRESOLVED
AUX-SAT-97918D603168,satellite-logo,satellite-logo::192E.png,PASS,PRESERVED_NATIVE_CANVAS,PASS,REVIEW,REVIEW,REVIEW
AUX-SAT-8DC2C002D945,satellite-logo,satellite-logo::19E-75.png,MISSING_SOURCE,NOT_APPLICABLE,MISSING_SOURCE,MISSING_SOURCE,MISSING_SOURCE,SOURCE-UNRESOLVED
AUX-SAT-3EF54CBEB8B1,satellite-logo,satellite-logo::19E.png,PASS,PRESERVED_NATIVE_CANVAS,PASS,REVIEW,REVIEW,REVIEW
AUX-SAT-5098E9E82779,satellite-logo,satellite-logo::200E-75.png,MISSING_SOURCE,NOT_APPLICABLE,MISSING_SOURCE,MISSING_SOURCE,MISSING_SOURCE,SOURCE-UNRESOLVED
AUX-SAT-4EC9525AC688,satellite-logo,satellite-logo::200E.png,MISSING_SOURCE,NOT_APPLICABLE,MISSING_SOURCE,MISSING_SOURCE,MISSING_SOURCE,SOURCE-UNRESOLVED
AUX-SAT-C0CF96E5463C,satellite-logo,satellite-logo::200W-75.png,MISSING_SOURCE,NOT_APPLICABLE,MISSING_SOURCE,MISSING_SOURCE,MISSING_SOURCE,SOURCE-UNRESOLVED
AUX-SAT-83F7CC38CBDB,satellite-logo,satellite-logo::200W.png,PASS,PRESERVED_NATIVE_CANVAS,PASS,REVIEW,REVIEW,REVIEW
AUX-SAT-2856E4F06686,satellite-logo,satellite-logo::215E-75.png,MISSING_SOURCE,NOT_APPLICABLE,MISSING_SOURCE,MISSING_SOURCE,MISSING_SOURCE,SOURCE-UNRESOLVED
AUX-SAT-AC77EFBC294C,satellite-logo,satellite-logo::215E.png,MISSING_SOURCE,NOT_APPLICABLE,MISSING_SOURCE,MISSING_SOURCE,MISSING_SOURCE,SOURCE-UNRESOLVED
AUX-SAT-9C614748E1D1,satellite-logo,satellite-logo::216E-75.png,MISSING_SOURCE,NOT_APPLICABLE,MISSING_SOURCE,MISSING_SOURCE,MISSING_SOURCE,SOURCE-UNRESOLVED
AUX-SAT-3A9B07AA0219,satellite-logo,satellite-logo::216E.png,PASS,PRESERVED_NATIVE_CANVAS,PASS,REVIEW,REVIEW,REVIEW
AUX-SAT-C4D2D05518C2,satellite-logo,satellite-logo::220W-75.png,MISSING_SOURCE,NOT_APPLICABLE,MISSING_SOURCE,MISSING_SOURCE,MISSING_SOURCE,SOURCE-UNRESOLVED
AUX-SAT-1EE2D2423684,satellite-logo,satellite-logo::220W.png,PASS,PRESERVED_NATIVE_CANVAS,PASS,REVIEW,REVIEW,REVIEW
AUX-SAT-DADF7C28D1D9,satellite-logo,satellite-logo::235E-75.png,MISSING_SOURCE,NOT_APPLICABLE,MISSING_SOURCE,MISSING_SOURCE,MISSING_SOURCE,SOURCE-UNRESOLVED
AUX-SAT-E50FDDC53367,satellite-logo,satellite-logo::235E.png,PASS,PRESERVED_NATIVE_CANVAS,PASS,REVIEW,REVIEW,REVIEW
AUX-SAT-B0265965666F,satellite-logo,satellite-logo::245W-75.png,MISSING_SOURCE,NOT_APPLICABLE,MISSING_SOURCE,MISSING_SOURCE,MISSING_SOURCE,SOURCE-UNRESOLVED
AUX-SAT-134496F2C24B,satellite-logo,satellite-logo::245W.png,PASS,PRESERVED_NATIVE_CANVAS,PASS,REVIEW,REVIEW,REVIEW
AUX-SAT-C791D15D1635,satellite-logo,satellite-logo::248W-75.png,MISSING_SOURCE,NOT_APPLICABLE,MISSING_SOURCE,MISSING_SOURCE,MISSING_SOURCE,SOURCE-UNRESOLVED
AUX-SAT-B594548A5E37,satellite-logo,satellite-logo::248W.png,PASS,PRESERVED_NATIVE_CANVAS,PASS,REVIEW,REVIEW,REVIEW
AUX-SAT-AE04360FD3F7,satellite-logo,satellite-logo::260E-75.png,MISSING_SOURCE,NOT_APPLICABLE,MISSING_SOURCE,MISSING_SOURCE,MISSING_SOURCE,SOURCE-UNRESOLVED
AUX-SAT-46A52B6A8ED2,satellite-logo,satellite-logo::260E.png,PASS,PRESERVED_NATIVE_CANVAS,PASS,REVIEW,REVIEW,REVIEW
AUX-SAT-E49DE97779C8,satellite-logo,satellite-logo::275W-75.png,MISSING_SOURCE,NOT_APPLICABLE,MISSING_SOURCE,MISSING_SOURCE,MISSING_SOURCE,SOURCE-UNRESOLVED
AUX-SAT-7314CF55E5F4,satellite-logo,satellite-logo::275W.png,PASS,PRESERVED_NATIVE_CANVAS,PASS,REVIEW,REVIEW,REVIEW
AUX-SAT-84220D6D13ED,satellite-logo,satellite-logo::282E-75.png,MISSING_SOURCE,NOT_APPLICABLE,MISSING_SOURCE,MISSING_SOURCE,MISSING_SOURCE,SOURCE-UNRESOLVED
AUX-SAT-FDD429A155EE,satellite-logo,satellite-logo::282E.png,PASS,PRESERVED_NATIVE_CANVAS,PASS,REVIEW,REVIEW,REVIEW
AUX-SAT-A35996BCB293,satellite-logo,satellite-logo::285E-75.png,MISSING_SOURCE,NOT_APPLICABLE,MISSING_SOURCE,MISSING_SOURCE,MISSING_SOURCE,SOURCE-UNRESOLVED
AUX-SAT-8B35992E8E53,satellite-logo,satellite-logo::285E.png,MISSING_SOURCE,NOT_APPLICABLE,MISSING_SOURCE,MISSING_SOURCE,MISSING_SOURCE,SOURCE-UNRESOLVED
AUX-SAT-E7DC0BC95580,satellite-logo,satellite-logo::29E-75.png,MISSING_SOURCE,NOT_APPLICABLE,MISSING_SOURCE,MISSING_SOURCE,MISSING_SOURCE,SOURCE-UNRESOLVED
AUX-SAT-F3CF03056F05,satellite-logo,satellite-logo::29E.png,PASS,PRESERVED_NATIVE_CANVAS,PASS,AUTO-FIXED,REVIEW,REVIEW
AUX-SAT-EB1E718A2ADC,satellite-logo,satellite-logo::300W-75.png,MISSING_SOURCE,NOT_APPLICABLE,MISSING_SOURCE,MISSING_SOURCE,MISSING_SOURCE,SOURCE-UNRESOLVED
AUX-SAT-351D0A3E6BA4,satellite-logo,satellite-logo::300W.png,PASS,PRESERVED_NATIVE_CANVAS,PASS,AUTO-FIXED,REVIEW,REVIEW
AUX-SAT-977892BBB20E,satellite-logo,satellite-logo::305E-75.png,MISSING_SOURCE,NOT_APPLICABLE,MISSING_SOURCE,MISSING_SOURCE,MISSING_SOURCE,SOURCE-UNRESOLVED
AUX-SAT-2874DB8F36E7,satellite-logo,satellite-logo::305E.png,PASS,PRESERVED_NATIVE_CANVAS,PASS,REVIEW,REVIEW,REVIEW
AUX-SAT-932495C82AF9,satellite-logo,satellite-logo::308E-75.png,MISSING_SOURCE,NOT_APPLICABLE,MISSING_SOURCE,MISSING_SOURCE,MISSING_SOURCE,SOURCE-UNRESOLVED
AUX-SAT-CF9335824795,satellite-logo,satellite-logo::308E.png,MISSING_SOURCE,NOT_APPLICABLE,MISSING_SOURCE,MISSING_SOURCE,MISSING_SOURCE,SOURCE-UNRESOLVED
AUX-SAT-B2B63AE8C178,satellite-logo,satellite-logo::30E-75.png,MISSING_SOURCE,NOT_APPLICABLE,MISSING_SOURCE,MISSING_SOURCE,MISSING_SOURCE,SOURCE-UNRESOLVED
AUX-SAT-A5BA956FA3FE,satellite-logo,satellite-logo::30E.png,PASS,PRESERVED_NATIVE_CANVAS,PASS,REVIEW,REVIEW,REVIEW
AUX-SAT-1E5022F5C66C,satellite-logo,satellite-logo::30W-75.png,MISSING_SOURCE,NOT_APPLICABLE,MISSING_SOURCE,MISSING_SOURCE,MISSING_SOURCE,SOURCE-UNRESOLVED
AUX-SAT-CACC3CE773F1,satellite-logo,satellite-logo::30W.png,PASS,PRESERVED_NATIVE_CANVAS,PASS,REVIEW,AUTO-FIXED,REVIEW
AUX-SAT-1ADFAEDFE60F,satellite-logo,satellite-logo::315E-75.png,MISSING_SOURCE,NOT_APPLICABLE,MISSING_SOURCE,MISSING_SOURCE,MISSING_SOURCE,SOURCE-UNRESOLVED
AUX-SAT-B65693F51330,satellite-logo,satellite-logo::315E.png,PASS,PRESERVED_NATIVE_CANVAS,PASS,REVIEW,REVIEW,REVIEW
AUX-SAT-CE153F3F5082,satellite-logo,satellite-logo::315W-75.png,MISSING_SOURCE,NOT_APPLICABLE,MISSING_SOURCE,MISSING_SOURCE,MISSING_SOURCE,SOURCE-UNRESOLVED
AUX-SAT-4F46D5AC9CAB,satellite-logo,satellite-logo::315W.png,PASS,PRESERVED_NATIVE_CANVAS,PASS,REVIEW,REVIEW,REVIEW
AUX-SAT-96DE5F9C6ADD,satellite-logo,satellite-logo::31E-75.png,MISSING_SOURCE,NOT_APPLICABLE,MISSING_SOURCE,MISSING_SOURCE,MISSING_SOURCE,SOURCE-UNRESOLVED
AUX-SAT-CB1161E44DED,satellite-logo,satellite-logo::31E.png,PASS,PRESERVED_NATIVE_CANVAS,PASS,REVIEW,REVIEW,REVIEW
AUX-SAT-97C323321074,satellite-logo,satellite-logo::328E-75.png,MISSING_SOURCE,NOT_APPLICABLE,MISSING_SOURCE,MISSING_SOURCE,MISSING_SOURCE,SOURCE-UNRESOLVED
AUX-SAT-6A02BD093AB5,satellite-logo,satellite-logo::328E.png,MISSING_SOURCE,NOT_APPLICABLE,MISSING_SOURCE,MISSING_SOURCE,MISSING_SOURCE,SOURCE-UNRESOLVED
AUX-SAT-F682D1FD8E41,satellite-logo,satellite-logo::330E-75.png,MISSING_SOURCE,NOT_APPLICABLE,MISSING_SOURCE,MISSING_SOURCE,MISSING_SOURCE,SOURCE-UNRESOLVED
AUX-SAT-DD0A55A4075B,satellite-logo,satellite-logo::330E.png,PASS,PRESERVED_NATIVE_CANVAS,PASS,REVIEW,REVIEW,REVIEW
AUX-SAT-9B52E733B532,satellite-logo,satellite-logo::335W-75.png,MISSING_SOURCE,NOT_APPLICABLE,MISSING_SOURCE,MISSING_SOURCE,MISSING_SOURCE,SOURCE-UNRESOLVED
AUX-SAT-FAA494139E3A,satellite-logo,satellite-logo::335W.png,PASS,PRESERVED_NATIVE_CANVAS,PASS,REVIEW,REVIEW,REVIEW
AUX-SAT-C85774B0A507,satellite-logo,satellite-logo::345W-75.png,MISSING_SOURCE,NOT_APPLICABLE,MISSING_SOURCE,MISSING_SOURCE,MISSING_SOURCE,SOURCE-UNRESOLVED
AUX-SAT-DD16B5870B85,satellite-logo,satellite-logo::345W.png,PASS,PRESERVED_NATIVE_CANVAS,PASS,REVIEW,REVIEW,REVIEW
AUX-SAT-D0E0866D3687,satellite-logo,satellite-logo::360E-75.png,MISSING_SOURCE,NOT_APPLICABLE,MISSING_SOURCE,MISSING_SOURCE,MISSING_SOURCE,SOURCE-UNRESOLVED
AUX-SAT-1614EC3CE693,satellite-logo,satellite-logo::360E.png,PASS,PRESERVED_NATIVE_CANVAS,PASS,REVIEW,REVIEW,REVIEW
AUX-SAT-6E6232125A19,satellite-logo,satellite-logo::375W-75.png,MISSING_SOURCE,NOT_APPLICABLE,MISSING_SOURCE,MISSING_SOURCE,MISSING_SOURCE,SOURCE-UNRESOLVED
AUX-SAT-550F2334A86C,satellite-logo,satellite-logo::375W.png,MISSING_SOURCE,NOT_APPLICABLE,MISSING_SOURCE,MISSING_SOURCE,MISSING_SOURCE,SOURCE-UNRESOLVED
AUX-SAT-E32A46FCDEEC,satellite-logo,satellite-logo::380E-75.png,MISSING_SOURCE,NOT_APPLICABLE,MISSING_SOURCE,MISSING_SOURCE,MISSING_SOURCE,SOURCE-UNRESOLVED
AUX-SAT-E01A65CFE83A,satellite-logo,satellite-logo::380E.png,MISSING_SOURCE,NOT_APPLICABLE,MISSING_SOURCE,MISSING_SOURCE,MISSING_SOURCE,SOURCE-UNRESOLVED
AUX-SAT-86C082DB4868,satellite-logo,satellite-logo::390E-75.png,MISSING_SOURCE,NOT_APPLICABLE,MISSING_SOURCE,MISSING_SOURCE,MISSING_SOURCE,SOURCE-UNRESOLVED
AUX-SAT-B38E679DAAF7,satellite-logo,satellite-logo::390E.png,PASS,PRESERVED_NATIVE_CANVAS,PASS,REVIEW,REVIEW,REVIEW
AUX-SAT-F40C875B4088,satellite-logo,satellite-logo::400E-75.png,MISSING_SOURCE,NOT_APPLICABLE,MISSING_SOURCE,MISSING_SOURCE,MISSING_SOURCE,SOURCE-UNRESOLVED
AUX-SAT-F587D2938872,satellite-logo,satellite-logo::400E.png,MISSING_SOURCE,NOT_APPLICABLE,MISSING_SOURCE,MISSING_SOURCE,MISSING_SOURCE,SOURCE-UNRESOLVED
AUX-SAT-35A06A7B5486,satellite-logo,satellite-logo::400W-75.png,MISSING_SOURCE,NOT_APPLICABLE,MISSING_SOURCE,MISSING_SOURCE,MISSING_SOURCE,SOURCE-UNRESOLVED
AUX-SAT-F5DD592BD1F5,satellite-logo,satellite-logo::400W.png,MISSING_SOURCE,NOT_APPLICABLE,MISSING_SOURCE,MISSING_SOURCE,MISSING_SOURCE,SOURCE-UNRESOLVED
AUX-SAT-E8BA9C81C78C,satellite-logo,satellite-logo::40E-75.png,MISSING_SOURCE,NOT_APPLICABLE,MISSING_SOURCE,MISSING_SOURCE,MISSING_SOURCE,SOURCE-UNRESOLVED
AUX-SAT-158B99C0EE3D,satellite-logo,satellite-logo::40E.png,MISSING_SOURCE,NOT_APPLICABLE,MISSING_SOURCE,MISSING_SOURCE,MISSING_SOURCE,SOURCE-UNRESOLVED
AUX-SAT-2E7B2B69EAC9,satellite-logo,satellite-logo::40W-75.png,MISSING_SOURCE,NOT_APPLICABLE,MISSING_SOURCE,MISSING_SOURCE,MISSING_SOURCE,SOURCE-UNRESOLVED
AUX-SAT-1AEF0C778A0C,satellite-logo,satellite-logo::40W.png,PASS,PRESERVED_NATIVE_CANVAS,PASS,REVIEW,REVIEW,REVIEW
AUX-SAT-1AD1EBB1191D,satellite-logo,satellite-logo::420E-75.png,MISSING_SOURCE,NOT_APPLICABLE,MISSING_SOURCE,MISSING_SOURCE,MISSING_SOURCE,SOURCE-UNRESOLVED
AUX-SAT-452F322C85F3,satellite-logo,satellite-logo::420E.png,PASS,PRESERVED_NATIVE_CANVAS,PASS,REVIEW,REVIEW,REVIEW
AUX-SAT-F45B98C63B4A,satellite-logo,satellite-logo::430W-75.png,MISSING_SOURCE,NOT_APPLICABLE,MISSING_SOURCE,MISSING_SOURCE,MISSING_SOURCE,SOURCE-UNRESOLVED
AUX-SAT-738EDB927C9C,satellite-logo,satellite-logo::430W.png,MISSING_SOURCE,NOT_APPLICABLE,MISSING_SOURCE,MISSING_SOURCE,MISSING_SOURCE,SOURCE-UNRESOLVED
AUX-SAT-71F626B43033,satellite-logo,satellite-logo::450E-75.png,MISSING_SOURCE,NOT_APPLICABLE,MISSING_SOURCE,MISSING_SOURCE,MISSING_SOURCE,SOURCE-UNRESOLVED
AUX-SAT-8F64B132EE82,satellite-logo,satellite-logo::450E.png,PASS,PRESERVED_NATIVE_CANVAS,PASS,REVIEW,REVIEW,REVIEW
AUX-SAT-A486A46D42F9,satellite-logo,satellite-logo::450W-75.png,MISSING_SOURCE,NOT_APPLICABLE,MISSING_SOURCE,MISSING_SOURCE,MISSING_SOURCE,SOURCE-UNRESOLVED
AUX-SAT-B33EE090D042,satellite-logo,satellite-logo::450W.png,PASS,PRESERVED_NATIVE_CANVAS,PASS,REVIEW,REVIEW,REVIEW
AUX-SAT-E1B3297B55D7,satellite-logo,satellite-logo::460E-75.png,MISSING_SOURCE,NOT_APPLICABLE,MISSING_SOURCE,MISSING_SOURCE,MISSING_SOURCE,SOURCE-UNRESOLVED
AUX-SAT-222BE5D2320B,satellite-logo,satellite-logo::460E.png,PASS,PRESERVED_NATIVE_CANVAS,PASS,REVIEW,AUTO-FIXED,REVIEW
AUX-SAT-C26137EB7C49,satellite-logo,satellite-logo::480E-75.png,MISSING_SOURCE,NOT_APPLICABLE,MISSING_SOURCE,MISSING_SOURCE,MISSING_SOURCE,SOURCE-UNRESOLVED
AUX-SAT-6BD1FE646923,satellite-logo,satellite-logo::480E.png,MISSING_SOURCE,NOT_APPLICABLE,MISSING_SOURCE,MISSING_SOURCE,MISSING_SOURCE,SOURCE-UNRESOLVED
AUX-SAT-6514B3818CF3,satellite-logo,satellite-logo::48E-75.png,MISSING_SOURCE,NOT_APPLICABLE,MISSING_SOURCE,MISSING_SOURCE,MISSING_SOURCE,SOURCE-UNRESOLVED
AUX-SAT-40DBDB00A804,satellite-logo,satellite-logo::48E.png,PASS,PRESERVED_NATIVE_CANVAS,PASS,REVIEW,REVIEW,REVIEW
AUX-SAT-AA1282B84898,satellite-logo,satellite-logo::490E-75.png,MISSING_SOURCE,NOT_APPLICABLE,MISSING_SOURCE,MISSING_SOURCE,MISSING_SOURCE,SOURCE-UNRESOLVED
AUX-SAT-ABBC44EFF963,satellite-logo,satellite-logo::490E.png,MISSING_SOURCE,NOT_APPLICABLE,MISSING_SOURCE,MISSING_SOURCE,MISSING_SOURCE,SOURCE-UNRESOLVED
AUX-SAT-F2EC18D07641,satellite-logo,satellite-logo::49E-75.png,MISSING_SOURCE,NOT_APPLICABLE,MISSING_SOURCE,MISSING_SOURCE,MISSING_SOURCE,SOURCE-UNRESOLVED
AUX-SAT-CDDAC916A906,satellite-logo,satellite-logo::49E.png,PASS,PRESERVED_NATIVE_CANVAS,PASS,REVIEW,REVIEW,REVIEW
AUX-SAT-A21B3E8E6188,satellite-logo,satellite-logo::500E-75.png,MISSING_SOURCE,NOT_APPLICABLE,MISSING_SOURCE,MISSING_SOURCE,MISSING_SOURCE,SOURCE-UNRESOLVED
AUX-SAT-E07A104E20CF,satellite-logo,satellite-logo::500E.png,MISSING_SOURCE,NOT_APPLICABLE,MISSING_SOURCE,MISSING_SOURCE,MISSING_SOURCE,SOURCE-UNRESOLVED
AUX-SAT-3579C183A8E9,satellite-logo,satellite-logo::50W-75.png,MISSING_SOURCE,NOT_APPLICABLE,MISSING_SOURCE,MISSING_SOURCE,MISSING_SOURCE,SOURCE-UNRESOLVED
AUX-SAT-833444073DD8,satellite-logo,satellite-logo::50W.png,PASS,PRESERVED_NATIVE_CANVAS,PASS,REVIEW,REVIEW,REVIEW
AUX-SAT-FC84C792B516,satellite-logo,satellite-logo::515E-75.png,MISSING_SOURCE,NOT_APPLICABLE,MISSING_SOURCE,MISSING_SOURCE,MISSING_SOURCE,SOURCE-UNRESOLVED
AUX-SAT-CA1ABA13CD97,satellite-logo,satellite-logo::515E.png,PASS,PRESERVED_NATIVE_CANVAS,PASS,REVIEW,REVIEW,REVIEW
AUX-SAT-687AF1C17188,satellite-logo,satellite-logo::520E-75.png,MISSING_SOURCE,NOT_APPLICABLE,MISSING_SOURCE,MISSING_SOURCE,MISSING_SOURCE,SOURCE-UNRESOLVED
AUX-SAT-531ED716590E,satellite-logo,satellite-logo::520E.png,PASS,PRESERVED_NATIVE_CANVAS,PASS,REVIEW,REVIEW,REVIEW
AUX-SAT-DCC2DE3F991F,satellite-logo,satellite-logo::525E-75.png,MISSING_SOURCE,NOT_APPLICABLE,MISSING_SOURCE,MISSING_SOURCE,MISSING_SOURCE,SOURCE-UNRESOLVED
AUX-SAT-08DC6B638ABE,satellite-logo,satellite-logo::525E.png,PASS,PRESERVED_NATIVE_CANVAS,PASS,REVIEW,REVIEW,REVIEW
AUX-SAT-1BDEA542242D,satellite-logo,satellite-logo::530E-75.png,MISSING_SOURCE,NOT_APPLICABLE,MISSING_SOURCE,MISSING_SOURCE,MISSING_SOURCE,SOURCE-UNRESOLVED
AUX-SAT-0EC014A7B07E,satellite-logo,satellite-logo::530E.png,PASS,PRESERVED_NATIVE_CANVAS,PASS,REVIEW,REVIEW,REVIEW
AUX-SAT-ED07A9903B63,satellite-logo,satellite-logo::530W-75.png,MISSING_SOURCE,NOT_APPLICABLE,MISSING_SOURCE,MISSING_SOURCE,MISSING_SOURCE,SOURCE-UNRESOLVED
AUX-SAT-6F69D978A544,satellite-logo,satellite-logo::530W.png,MISSING_SOURCE,NOT_APPLICABLE,MISSING_SOURCE,MISSING_SOURCE,MISSING_SOURCE,SOURCE-UNRESOLVED
AUX-SAT-BB7B63561646,satellite-logo,satellite-logo::549E-75.png,MISSING_SOURCE,NOT_APPLICABLE,MISSING_SOURCE,MISSING_SOURCE,MISSING_SOURCE,SOURCE-UNRESOLVED
AUX-SAT-BAF140FCD363,satellite-logo,satellite-logo::549E.png,PASS,PRESERVED_NATIVE_CANVAS,PASS,REVIEW,REVIEW,REVIEW
AUX-SAT-D0D72E8C4593,satellite-logo,satellite-logo::550E-75.png,MISSING_SOURCE,NOT_APPLICABLE,MISSING_SOURCE,MISSING_SOURCE,MISSING_SOURCE,SOURCE-UNRESOLVED
AUX-SAT-57ADA555DCA0,satellite-logo,satellite-logo::550E.png,MISSING_SOURCE,NOT_APPLICABLE,MISSING_SOURCE,MISSING_SOURCE,MISSING_SOURCE,SOURCE-UNRESOLVED
AUX-SAT-22B72AA82D40,satellite-logo,satellite-logo::555W-75.png,MISSING_SOURCE,NOT_APPLICABLE,MISSING_SOURCE,MISSING_SOURCE,MISSING_SOURCE,SOURCE-UNRESOLVED
AUX-SAT-EBA32BB5FC95,satellite-logo,satellite-logo::555W.png,MISSING_SOURCE,NOT_APPLICABLE,MISSING_SOURCE,MISSING_SOURCE,MISSING_SOURCE,SOURCE-UNRESOLVED
AUX-SAT-B24749045DED,satellite-logo,satellite-logo::560E-75.png,MISSING_SOURCE,NOT_APPLICABLE,MISSING_SOURCE,MISSING_SOURCE,MISSING_SOURCE,SOURCE-UNRESOLVED
AUX-SAT-A34730914F19,satellite-logo,satellite-logo::560E.png,PASS,PRESERVED_NATIVE_CANVAS,PASS,REVIEW,REVIEW,REVIEW
AUX-SAT-3AF4BE2AD466,satellite-logo,satellite-logo::570E-75.png,MISSING_SOURCE,NOT_APPLICABLE,MISSING_SOURCE,MISSING_SOURCE,MISSING_SOURCE,SOURCE-UNRESOLVED
AUX-SAT-EEC94A793158,satellite-logo,satellite-logo::570E.png,PASS,PRESERVED_NATIVE_CANVAS,PASS,REVIEW,REVIEW,REVIEW
AUX-SAT-5B0665E9D4D1,satellite-logo,satellite-logo::580W-75.png,MISSING_SOURCE,NOT_APPLICABLE,MISSING_SOURCE,MISSING_SOURCE,MISSING_SOURCE,SOURCE-UNRESOLVED
AUX-SAT-3A536AFA7709,satellite-logo,satellite-logo::580W.png,MISSING_SOURCE,NOT_APPLICABLE,MISSING_SOURCE,MISSING_SOURCE,MISSING_SOURCE,SOURCE-UNRESOLVED
AUX-SAT-D68886193646,satellite-logo,satellite-logo::600E-75.png,MISSING_SOURCE,NOT_APPLICABLE,MISSING_SOURCE,MISSING_SOURCE,MISSING_SOURCE,SOURCE-UNRESOLVED
AUX-SAT-BD385A848B36,satellite-logo,satellite-logo::600E.png,PASS,PRESERVED_NATIVE_CANVAS,PASS,REVIEW,REVIEW,REVIEW
AUX-SAT-03FBA527A8B7,satellite-logo,satellite-logo::610E-75.png,MISSING_SOURCE,NOT_APPLICABLE,MISSING_SOURCE,MISSING_SOURCE,MISSING_SOURCE,SOURCE-UNRESOLVED
AUX-SAT-F0F1D134C4B8,satellite-logo,satellite-logo::610E.png,MISSING_SOURCE,NOT_APPLICABLE,MISSING_SOURCE,MISSING_SOURCE,MISSING_SOURCE,SOURCE-UNRESOLVED
AUX-SAT-1D8ECD693365,satellite-logo,satellite-logo::615W-75.png,MISSING_SOURCE,NOT_APPLICABLE,MISSING_SOURCE,MISSING_SOURCE,MISSING_SOURCE,SOURCE-UNRESOLVED
AUX-SAT-5A4B351BA843,satellite-logo,satellite-logo::615W.png,MISSING_SOURCE,NOT_APPLICABLE,MISSING_SOURCE,MISSING_SOURCE,MISSING_SOURCE,SOURCE-UNRESOLVED
AUX-SAT-EA84DFD0F7E7,satellite-logo,satellite-logo::620E-75.png,MISSING_SOURCE,NOT_APPLICABLE,MISSING_SOURCE,MISSING_SOURCE,MISSING_SOURCE,SOURCE-UNRESOLVED
AUX-SAT-7AE22AA312B9,satellite-logo,satellite-logo::620E.png,PASS,PRESERVED_NATIVE_CANVAS,PASS,REVIEW,REVIEW,REVIEW
AUX-SAT-E283A8DD4A4E,satellite-logo,satellite-logo::630W-75.png,MISSING_SOURCE,NOT_APPLICABLE,MISSING_SOURCE,MISSING_SOURCE,MISSING_SOURCE,SOURCE-UNRESOLVED
AUX-SAT-D0FBA364FC56,satellite-logo,satellite-logo::630W.png,MISSING_SOURCE,NOT_APPLICABLE,MISSING_SOURCE,MISSING_SOURCE,MISSING_SOURCE,SOURCE-UNRESOLVED
AUX-SAT-C320E3EFCA84,satellite-logo,satellite-logo::660E-75.png,MISSING_SOURCE,NOT_APPLICABLE,MISSING_SOURCE,MISSING_SOURCE,MISSING_SOURCE,SOURCE-UNRESOLVED
AUX-SAT-F9745AB683D0,satellite-logo,satellite-logo::660E.png,PASS,PRESERVED_NATIVE_CANVAS,PASS,REVIEW,REVIEW,REVIEW
AUX-SAT-0B4DC7D3EE39,satellite-logo,satellite-logo::685E-75.png,MISSING_SOURCE,NOT_APPLICABLE,MISSING_SOURCE,MISSING_SOURCE,MISSING_SOURCE,SOURCE-UNRESOLVED
AUX-SAT-ECF51F52F958,satellite-logo,satellite-logo::685E.png,PASS,PRESERVED_NATIVE_CANVAS,PASS,REVIEW,REVIEW,REVIEW
AUX-SAT-87E3C9CFB14B,satellite-logo,satellite-logo::700W-75.png,MISSING_SOURCE,NOT_APPLICABLE,MISSING_SOURCE,MISSING_SOURCE,MISSING_SOURCE,SOURCE-UNRESOLVED
AUX-SAT-4BAE8A3EFB23,satellite-logo,satellite-logo::700W.png,MISSING_SOURCE,NOT_APPLICABLE,MISSING_SOURCE,MISSING_SOURCE,MISSING_SOURCE,SOURCE-UNRESOLVED
AUX-SAT-CA56C46890CA,satellite-logo,satellite-logo::705E-75.png,MISSING_SOURCE,NOT_APPLICABLE,MISSING_SOURCE,MISSING_SOURCE,MISSING_SOURCE,SOURCE-UNRESOLVED
AUX-SAT-513908F90D91,satellite-logo,satellite-logo::705E.png,PASS,PRESERVED_NATIVE_CANVAS,PASS,REVIEW,REVIEW,REVIEW
AUX-SAT-F36B556AF080,satellite-logo,satellite-logo::70E-75.png,MISSING_SOURCE,NOT_APPLICABLE,MISSING_SOURCE,MISSING_SOURCE,MISSING_SOURCE,SOURCE-UNRESOLVED
AUX-SAT-21B9ADFCFD2D,satellite-logo,satellite-logo::70E.png,PASS,PRESERVED_NATIVE_CANVAS,PASS,REVIEW,REVIEW,REVIEW
AUX-SAT-98C4BA281E01,satellite-logo,satellite-logo::70W-75.png,MISSING_SOURCE,NOT_APPLICABLE,MISSING_SOURCE,MISSING_SOURCE,MISSING_SOURCE,SOURCE-UNRESOLVED
AUX-SAT-9474D0E9B49E,satellite-logo,satellite-logo::70W.png,PASS,PRESERVED_NATIVE_CANVAS,PASS,REVIEW,REVIEW,REVIEW
AUX-SAT-747B61108411,satellite-logo,satellite-logo::720E-75.png,MISSING_SOURCE,NOT_APPLICABLE,MISSING_SOURCE,MISSING_SOURCE,MISSING_SOURCE,SOURCE-UNRESOLVED
AUX-SAT-0FA53441E7DC,satellite-logo,satellite-logo::720E.png,MISSING_SOURCE,NOT_APPLICABLE,MISSING_SOURCE,MISSING_SOURCE,MISSING_SOURCE,SOURCE-UNRESOLVED
AUX-SAT-3D776491028F,satellite-logo,satellite-logo::720W-75.png,MISSING_SOURCE,NOT_APPLICABLE,MISSING_SOURCE,MISSING_SOURCE,MISSING_SOURCE,SOURCE-UNRESOLVED
AUX-SAT-ACB9ACF1CA2A,satellite-logo,satellite-logo::720W.png,MISSING_SOURCE,NOT_APPLICABLE,MISSING_SOURCE,MISSING_SOURCE,MISSING_SOURCE,SOURCE-UNRESOLVED
AUX-SAT-24EB30D598C8,satellite-logo,satellite-logo::749E-75.png,MISSING_SOURCE,NOT_APPLICABLE,MISSING_SOURCE,MISSING_SOURCE,MISSING_SOURCE,SOURCE-UNRESOLVED
AUX-SAT-AE620719F284,satellite-logo,satellite-logo::749E.png,PASS,PRESERVED_NATIVE_CANVAS,PASS,REVIEW,AUTO-FIXED,REVIEW
AUX-SAT-43BA2850A313,satellite-logo,satellite-logo::750E-75.png,MISSING_SOURCE,NOT_APPLICABLE,MISSING_SOURCE,MISSING_SOURCE,MISSING_SOURCE,SOURCE-UNRESOLVED
AUX-SAT-2EE1FF209886,satellite-logo,satellite-logo::750E.png,PASS,PRESERVED_NATIVE_CANVAS,PASS,REVIEW,REVIEW,REVIEW
AUX-SAT-3C7CEFE979E5,satellite-logo,satellite-logo::770W-75.png,MISSING_SOURCE,NOT_APPLICABLE,MISSING_SOURCE,MISSING_SOURCE,MISSING_SOURCE,SOURCE-UNRESOLVED
AUX-SAT-BB9179E58FAF,satellite-logo,satellite-logo::770W.png,MISSING_SOURCE,NOT_APPLICABLE,MISSING_SOURCE,MISSING_SOURCE,MISSING_SOURCE,SOURCE-UNRESOLVED
AUX-SAT-19214BF636E0,satellite-logo,satellite-logo::785E-75.png,MISSING_SOURCE,NOT_APPLICABLE,MISSING_SOURCE,MISSING_SOURCE,MISSING_SOURCE,SOURCE-UNRESOLVED
AUX-SAT-843C28D44045,satellite-logo,satellite-logo::785E.png,MISSING_SOURCE,NOT_APPLICABLE,MISSING_SOURCE,MISSING_SOURCE,MISSING_SOURCE,SOURCE-UNRESOLVED
AUX-SAT-8317AFCFD1F7,satellite-logo,satellite-logo::800E-75.png,MISSING_SOURCE,NOT_APPLICABLE,MISSING_SOURCE,MISSING_SOURCE,MISSING_SOURCE,SOURCE-UNRESOLVED
AUX-SAT-E821E134988A,satellite-logo,satellite-logo::800E.png,MISSING_SOURCE,NOT_APPLICABLE,MISSING_SOURCE,MISSING_SOURCE,MISSING_SOURCE,SOURCE-UNRESOLVED
AUX-SAT-60B3CAC338E1,satellite-logo,satellite-logo::80W-75.png,MISSING_SOURCE,NOT_APPLICABLE,MISSING_SOURCE,MISSING_SOURCE,MISSING_SOURCE,SOURCE-UNRESOLVED
AUX-SAT-B8EA609EFCCD,satellite-logo,satellite-logo::80W.png,PASS,PRESERVED_NATIVE_CANVAS,PASS,REVIEW,REVIEW,REVIEW
AUX-SAT-B95140E910E7,satellite-logo,satellite-logo::815E-75.png,MISSING_SOURCE,NOT_APPLICABLE,MISSING_SOURCE,MISSING_SOURCE,MISSING_SOURCE,SOURCE-UNRESOLVED
AUX-SAT-FB2407377281,satellite-logo,satellite-logo::815E.png,MISSING_SOURCE,NOT_APPLICABLE,MISSING_SOURCE,MISSING_SOURCE,MISSING_SOURCE,SOURCE-UNRESOLVED
AUX-SAT-D8599BE1BC9D,satellite-logo,satellite-logo::850E-75.png,MISSING_SOURCE,NOT_APPLICABLE,MISSING_SOURCE,MISSING_SOURCE,MISSING_SOURCE,SOURCE-UNRESOLVED
AUX-SAT-A73970E7E688,satellite-logo,satellite-logo::850E.png,PASS,PRESERVED_NATIVE_CANVAS,PASS,REVIEW,REVIEW,REVIEW
AUX-SAT-4802C3CC04D4,satellite-logo,satellite-logo::851E-75.png,MISSING_SOURCE,NOT_APPLICABLE,MISSING_SOURCE,MISSING_SOURCE,MISSING_SOURCE,SOURCE-UNRESOLVED
AUX-SAT-5C1613CED9B6,satellite-logo,satellite-logo::851E.png,PASS,PRESERVED_NATIVE_CANVAS,PASS,REVIEW,REVIEW,REVIEW
AUX-SAT-6A7976099398,satellite-logo,satellite-logo::852E-75.png,MISSING_SOURCE,NOT_APPLICABLE,MISSING_SOURCE,MISSING_SOURCE,MISSING_SOURCE,SOURCE-UNRESOLVED
AUX-SAT-92C2EC3C65F8,satellite-logo,satellite-logo::852E.png,MISSING_SOURCE,NOT_APPLICABLE,MISSING_SOURCE,MISSING_SOURCE,MISSING_SOURCE,SOURCE-UNRESOLVED
AUX-SAT-6805AB260DD6,satellite-logo,satellite-logo::853E-75.png,MISSING_SOURCE,NOT_APPLICABLE,MISSING_SOURCE,MISSING_SOURCE,MISSING_SOURCE,SOURCE-UNRESOLVED
AUX-SAT-6A2D0218DD26,satellite-logo,satellite-logo::853E.png,MISSING_SOURCE,NOT_APPLICABLE,MISSING_SOURCE,MISSING_SOURCE,MISSING_SOURCE,SOURCE-UNRESOLVED
AUX-SAT-2CCB4C7E8758,satellite-logo,satellite-logo::875E-75.png,MISSING_SOURCE,NOT_APPLICABLE,MISSING_SOURCE,MISSING_SOURCE,MISSING_SOURCE,SOURCE-UNRESOLVED
AUX-SAT-B0B48CC053EA,satellite-logo,satellite-logo::875E.png,MISSING_SOURCE,NOT_APPLICABLE,MISSING_SOURCE,MISSING_SOURCE,MISSING_SOURCE,SOURCE-UNRESOLVED
AUX-SAT-956BA2F8FB2A,satellite-logo,satellite-logo::8W-75.png,MISSING_SOURCE,NOT_APPLICABLE,MISSING_SOURCE,MISSING_SOURCE,MISSING_SOURCE,SOURCE-UNRESOLVED
AUX-SAT-B326F925A53A,satellite-logo,satellite-logo::8W.png,PASS,PRESERVED_NATIVE_CANVAS,PASS,AUTO-FIXED,REVIEW,REVIEW
AUX-SAT-00198797E1C7,satellite-logo,satellite-logo::900E-75.png,MISSING_SOURCE,NOT_APPLICABLE,MISSING_SOURCE,MISSING_SOURCE,MISSING_SOURCE,SOURCE-UNRESOLVED
AUX-SAT-273354272DEF,satellite-logo,satellite-logo::900E.png,MISSING_SOURCE,NOT_APPLICABLE,MISSING_SOURCE,MISSING_SOURCE,MISSING_SOURCE,SOURCE-UNRESOLVED
AUX-SAT-26434EEF9DDB,satellite-logo,satellite-logo::90E-75.png,MISSING_SOURCE,NOT_APPLICABLE,MISSING_SOURCE,MISSING_SOURCE,MISSING_SOURCE,SOURCE-UNRESOLVED
AUX-SAT-8CC9B61479D0,satellite-logo,satellite-logo::90E.png,PASS,PRESERVED_NATIVE_CANVAS,PASS,REVIEW,REVIEW,REVIEW
AUX-SAT-86AB769B1D78,satellite-logo,satellite-logo::915E-75.png,MISSING_SOURCE,NOT_APPLICABLE,MISSING_SOURCE,MISSING_SOURCE,MISSING_SOURCE,SOURCE-UNRESOLVED
AUX-SAT-C4FC1044B104,satellite-logo,satellite-logo::915E.png,MISSING_SOURCE,NOT_APPLICABLE,MISSING_SOURCE,MISSING_SOURCE,MISSING_SOURCE,SOURCE-UNRESOLVED
AUX-SAT-1D4EB65FD991,satellite-logo,satellite-logo::922E-75.png,MISSING_SOURCE,NOT_APPLICABLE,MISSING_SOURCE,MISSING_SOURCE,MISSING_SOURCE,SOURCE-UNRESOLVED
AUX-SAT-B2DAAC62C1C0,satellite-logo,satellite-logo::922E.png,MISSING_SOURCE,NOT_APPLICABLE,MISSING_SOURCE,MISSING_SOURCE,MISSING_SOURCE,SOURCE-UNRESOLVED
AUX-SAT-97B82743CEA0,satellite-logo,satellite-logo::965E-75.png,MISSING_SOURCE,NOT_APPLICABLE,MISSING_SOURCE,MISSING_SOURCE,MISSING_SOURCE,SOURCE-UNRESOLVED
AUX-SAT-7F77DA583A88,satellite-logo,satellite-logo::965E.png,MISSING_SOURCE,NOT_APPLICABLE,MISSING_SOURCE,MISSING_SOURCE,MISSING_SOURCE,SOURCE-UNRESOLVED
AUX-SAT-0F4E32F12388,satellite-logo,satellite-logo::980E-75.png,MISSING_SOURCE,NOT_APPLICABLE,MISSING_SOURCE,MISSING_SOURCE,MISSING_SOURCE,SOURCE-UNRESOLVED
AUX-SAT-435A56F9B521,satellite-logo,satellite-logo::980E.png,MISSING_SOURCE,NOT_APPLICABLE,MISSING_SOURCE,MISSING_SOURCE,MISSING_SOURCE,SOURCE-UNRESOLVED
AUX-SAT-54691E457E2A,satellite-logo,satellite-logo::ANTIKSAT-75.png,MISSING_SOURCE,NOT_APPLICABLE,MISSING_SOURCE,MISSING_SOURCE,MISSING_SOURCE,SOURCE-UNRESOLVED
AUX-SAT-830DC0663371,satellite-logo,satellite-logo::DIGI-75.png,MISSING_SOURCE,NOT_APPLICABLE,MISSING_SOURCE,MISSING_SOURCE,MISSING_SOURCE,SOURCE-UNRESOLVED
AUX-SAT-1ABB1BA7F5F8,satellite-logo,satellite-logo::DVB-T.png,PASS,PRESERVED_NATIVE_CANVAS,PASS,AUTO-FIXED,REVIEW,REVIEW
AUX-SAT-F4F227F840BA,satellite-logo,satellite-logo::EEE-75.png,MISSING_SOURCE,NOT_APPLICABLE,MISSING_SOURCE,MISSING_SOURCE,MISSING_SOURCE,SOURCE-UNRESOLVED
AUX-SAT-E91B953960BA,satellite-logo,satellite-logo::FREESAT-75.png,MISSING_SOURCE,NOT_APPLICABLE,MISSING_SOURCE,MISSING_SOURCE,MISSING_SOURCE,SOURCE-UNRESOLVED
AUX-SAT-0C3D872D4F91,satellite-logo,satellite-logo::IPTV.png,PASS,PRESERVED_NATIVE_CANVAS,PASS,REVIEW,REVIEW,REVIEW
AUX-SAT-4894F725C38B,satellite-logo,satellite-logo::ORANGE-75.png,MISSING_SOURCE,NOT_APPLICABLE,MISSING_SOURCE,MISSING_SOURCE,MISSING_SOURCE,SOURCE-UNRESOLVED
AUX-SAT-F6A4E9ACDB3C,satellite-logo,satellite-logo::PANTELIO-75.png,MISSING_SOURCE,NOT_APPLICABLE,MISSING_SOURCE,MISSING_SOURCE,MISSING_SOURCE,SOURCE-UNRESOLVED
AUX-SAT-37EF698424B6,satellite-logo,satellite-logo::picon_cable-75.png,MISSING_SOURCE,NOT_APPLICABLE,MISSING_SOURCE,MISSING_SOURCE,MISSING_SOURCE,SOURCE-UNRESOLVED
AUX-SAT-D5D55A9FD460,satellite-logo,satellite-logo::picon_cable.png,PASS,PRESERVED_NATIVE_CANVAS,PASS,REVIEW,REVIEW,REVIEW
AUX-SAT-C4E61B46EB52,satellite-logo,satellite-logo::picon_default-75.png,MISSING_SOURCE,NOT_APPLICABLE,MISSING_SOURCE,MISSING_SOURCE,MISSING_SOURCE,SOURCE-UNRESOLVED
AUX-SAT-1EFEEE711B69,satellite-logo,satellite-logo::picon_default.png,PASS,PRESERVED_NATIVE_CANVAS,PASS,REVIEW,REVIEW,REVIEW
AUX-SAT-FEE76155CA17,satellite-logo,satellite-logo::picon_iptv-75.png,MISSING_SOURCE,NOT_APPLICABLE,MISSING_SOURCE,MISSING_SOURCE,MISSING_SOURCE,SOURCE-UNRESOLVED
AUX-SAT-3B8AEA5372AD,satellite-logo,satellite-logo::picon_iptv.png,PASS,PRESERVED_NATIVE_CANVAS,PASS,AUTO-FIXED,REVIEW,REVIEW
AUX-SAT-1E1F8B105F60,satellite-logo,satellite-logo::picon_sat.png,PASS,PRESERVED_NATIVE_CANVAS,PASS,REVIEW,REVIEW,REVIEW
AUX-SAT-57E4B6D1733A,satellite-logo,satellite-logo::picon_trs-75.png,MISSING_SOURCE,NOT_APPLICABLE,MISSING_SOURCE,MISSING_SOURCE,MISSING_SOURCE,SOURCE-UNRESOLVED
AUX-SAT-16F552E2E458,satellite-logo,satellite-logo::picon_trs.png,PASS,PRESERVED_NATIVE_CANVAS,PASS,AUTO-FIXED,REVIEW,REVIEW
AUX-SAT-06424136452B,satellite-logo,satellite-logo::SKYLINK-75.png,MISSING_SOURCE,NOT_APPLICABLE,MISSING_SOURCE,MISSING_SOURCE,MISSING_SOURCE,SOURCE-UNRESOLVED
AUX-SAT-FCC27D14B67A,satellite-logo,satellite-logo::TELLY-75.png,MISSING_SOURCE,NOT_APPLICABLE,MISSING_SOURCE,MISSING_SOURCE,MISSING_SOURCE,SOURCE-UNRESOLVED
