x,y,rgba,alpha,alpha_band,v9_component_id,in_m0,in_known_300_perimeter,v9_material_sample,channel_spread,v9_sample_color_class,prior_low_alpha_ownership_class,prior_low_alpha_reason
86,55,"(0, 0, 0, 3)",3,1-3,4,False,False,False,0,not-sampled,,
87,55,"(85, 85, 85, 6)",6,4-7,4,False,False,False,0,not-sampled,,
88,55,"(127, 127, 127, 6)",6,4-7,4,False,False,False,0,not-sampled,,
89,55,"(153, 153, 153, 5)",5,4-7,4,False,False,False,0,not-sampled,,
90,55,"(153, 153, 153, 5)",5,4-7,4,False,False,False,0,not-sampled,,
91,55,"(153, 153, 153, 5)",5,4-7,4,False,False,False,0,not-sampled,,
92,55,"(153, 153, 153, 5)",5,4-7,4,False,False,False,0,not-sampled,,
93,55,"(153, 153, 153, 5)",5,4-7,4,False,False,False,0,not-sampled,,
94,55,"(102, 102, 102, 5)",5,4-7,4,False,False,False,0,not-sampled,,
95,55,"(0, 0, 0, 4)",4,4-7,4,False,False,False,0,not-sampled,,
104,55,"(0, 0, 0, 1)",1,1-3,4,False,False,False,0,not-sampled,,
105,55,"(0, 0, 0, 4)",4,4-7,4,False,False,False,0,not-sampled,,
106,55,"(85, 85, 85, 6)",6,4-7,4,False,False,False,0,not-sampled,,
107,55,"(127, 127, 127, 6)",6,4-7,4,False,False,False,0,not-sampled,,
108,55,"(153, 153, 153, 5)",5,4-7,4,False,False,False,0,not-sampled,,
109,55,"(0, 0, 0, 1)",1,1-3,4,False,False,False,0,not-sampled,,
113,55,"(85, 85, 85, 3)",3,1-3,4,False,False,False,0,not-sampled,,
114,55,"(153, 153, 153, 5)",5,4-7,4,False,False,False,0,not-sampled,,
115,55,"(127, 127, 127, 6)",6,4-7,4,False,False,False,0,not-sampled,,
116,55,"(51, 51, 51, 5)",5,4-7,4,False,False,False,0,not-sampled,,
117,55,"(0, 0, 0, 1)",1,1-3,4,False,False,False,0,not-sampled,,
85,56,"(85, 85, 85, 6)",6,4-7,4,False,True,False,0,not-sampled,AMBIGUOUS,local RGB continuity to preconfirmed wordmark fails frozen max-channel distance 18
86,56,"(255, 255, 255, 3)",3,1-3,4,False,True,False,0,not-sampled,AMBIGUOUS,local RGB continuity to preconfirmed wordmark fails frozen max-channel distance 18
95,56,"(255, 255, 255, 3)",3,1-3,4,False,True,False,0,not-sampled,AMBIGUOUS,local RGB continuity to preconfirmed wordmark fails frozen max-channel distance 18
96,56,"(72, 72, 72, 7)",7,4-7,4,False,True,False,0,not-sampled,AMBIGUOUS,local RGB continuity to preconfirmed wordmark fails frozen max-channel distance 18
97,56,"(0, 0, 0, 1)",1,1-3,4,False,False,False,0,not-sampled,,
104,56,"(153, 153, 153, 5)",5,4-7,4,False,True,False,0,not-sampled,AMBIGUOUS,local RGB continuity to preconfirmed wordmark fails frozen max-channel distance 18
105,56,"(255, 255, 255, 1)",1,1-3,4,False,True,False,0,not-sampled,AMBIGUOUS,local RGB continuity to preconfirmed wordmark fails frozen max-channel distance 18
117,56,"(255, 255, 255, 3)",3,1-3,4,False,True,False,0,not-sampled,AMBIGUOUS,local RGB continuity to preconfirmed wordmark fails frozen max-channel distance 18
118,56,"(51, 51, 51, 5)",5,4-7,4,False,True,False,0,not-sampled,AMBIGUOUS,local RGB continuity to preconfirmed wordmark fails frozen max-channel distance 18
64,57,"(63, 63, 63, 4)",4,4-7,12,True,False,False,0,not-sampled,,
65,57,"(141, 141, 141, 99)",99,>=32,12,True,False,True,0,achromatic,,
66,57,"(159, 159, 159, 101)",101,>=32,12,True,False,True,0,achromatic,,
67,57,"(10, 10, 10, 24)",24,24-31,12,True,False,False,0,not-sampled,,
69,57,"(127, 127, 127, 2)",2,1-3,12,False,False,False,0,not-sampled,,
76,57,"(255, 255, 255, 1)",1,1-3,12,False,True,False,0,not-sampled,AMBIGUOUS,local RGB continuity to preconfirmed wordmark fails frozen max-channel distance 18
77,57,"(0, 0, 0, 2)",2,1-3,12,True,False,False,0,not-sampled,,
78,57,"(146, 146, 146, 80)",80,>=32,12,True,False,True,0,achromatic,,
79,57,"(170, 170, 170, 117)",117,>=32,12,True,False,True,0,achromatic,,
80,57,"(77, 69, 69, 33)",33,>=32,12,True,False,True,8,achromatic,,
82,57,"(0, 0, 0, 1)",1,1-3,4,False,False,False,0,not-sampled,,
84,57,"(170, 170, 170, 3)",3,1-3,4,True,False,False,0,not-sampled,,
86,57,"(0, 0, 0, 3)",3,1-3,4,True,False,False,0,not-sampled,,
87,57,"(51, 51, 51, 64)",64,>=32,4,True,False,True,0,achromatic,,
88,57,"(130, 130, 130, 90)",90,>=32,4,True,False,True,0,achromatic,,
89,57,"(141, 141, 141, 94)",94,>=32,4,True,False,True,0,achromatic,,
90,57,"(138, 138, 138, 94)",94,>=32,4,True,False,True,0,achromatic,,
91,57,"(138, 138, 138, 94)",94,>=32,4,True,False,True,0,achromatic,,
92,57,"(141, 141, 141, 94)",94,>=32,4,True,False,True,0,achromatic,,
93,57,"(131, 131, 131, 91)",91,>=32,4,True,False,True,0,achromatic,,
94,57,"(57, 57, 57, 66)",66,>=32,4,True,False,True,0,achromatic,,
95,57,"(0, 0, 0, 6)",6,4-7,4,True,False,False,0,not-sampled,,
97,57,"(255, 255, 255, 3)",3,1-3,4,False,True,False,0,not-sampled,AMBIGUOUS,local RGB continuity to preconfirmed wordmark fails frozen max-channel distance 18
103,57,"(255, 255, 255, 3)",3,1-3,4,False,True,False,0,not-sampled,AMBIGUOUS,local RGB continuity to preconfirmed wordmark fails frozen max-channel distance 18
105,57,"(0, 0, 0, 18)",18,16-23,4,True,False,False,0,not-sampled,,
106,57,"(73, 77, 77, 66)",66,>=32,4,True,False,True,4,achromatic,,
107,57,"(146, 146, 146, 99)",99,>=32,4,True,False,True,0,achromatic,,
108,57,"(141, 141, 141, 90)",90,>=32,4,True,False,True,0,achromatic,,
109,57,"(25, 25, 25, 20)",20,16-23,4,True,False,False,0,not-sampled,,
111,57,"(63, 63, 63, 4)",4,4-7,4,False,True,False,0,not-sampled,AMBIGUOUS,local RGB continuity to preconfirmed wordmark fails frozen max-channel distance 18
113,57,"(85, 85, 85, 48)",48,>=32,4,True,False,True,0,achromatic,,
114,57,"(132, 132, 132, 94)",94,>=32,4,True,False,True,0,achromatic,,
115,57,"(130, 130, 130, 90)",90,>=32,4,True,False,True,0,achromatic,,
116,57,"(30, 30, 30, 50)",50,>=32,4,True,False,True,0,achromatic,,
119,57,"(85, 85, 85, 3)",3,1-3,4,True,False,False,0,not-sampled,,
120,57,"(0, 0, 0, 2)",2,1-3,4,False,True,False,0,not-sampled,AMBIGUOUS,local RGB continuity to preconfirmed wordmark fails frozen max-channel distance 18
122,57,"(91, 91, 91, 25)",25,24-31,4,True,False,False,0,not-sampled,,
123,57,"(163, 163, 163, 114)",114,>=32,4,True,False,True,0,achromatic,,
124,57,"(155, 155, 155, 87)",87,>=32,4,True,False,True,0,achromatic,,
125,57,"(0, 0, 0, 8)",8,8-15,4,False,True,False,0,not-sampled,AMBIGUOUS,local RGB continuity to preconfirmed wordmark fails frozen max-channel distance 18
126,57,"(255, 255, 255, 1)",1,1-3,4,False,False,False,0,not-sampled,,
127,57,"(0, 0, 0, 2)",2,1-3,4,False,False,False,0,not-sampled,,
133,57,"(0, 0, 0, 3)",3,1-3,4,False,False,False,0,not-sampled,,
135,57,"(41, 41, 41, 31)",31,24-31,4,True,False,False,0,not-sampled,,
136,57,"(163, 163, 163, 106)",106,>=32,4,True,False,True,0,achromatic,,
137,57,"(137, 137, 137, 93)",93,>=32,4,True,False,True,0,achromatic,,
140,57,"(61, 61, 61, 25)",25,24-31,13,True,False,False,0,not-sampled,,
141,57,"(140, 140, 140, 100)",100,>=32,13,True,False,True,0,achromatic,,
142,57,"(165, 165, 165, 105)",105,>=32,13,True,False,True,0,achromatic,,
143,57,"(138, 138, 138, 92)",92,>=32,13,True,False,True,0,achromatic,,
144,57,"(143, 143, 143, 94)",94,>=32,13,True,False,True,0,achromatic,,
145,57,"(141, 141, 141, 94)",94,>=32,13,True,False,True,0,achromatic,,
146,57,"(141, 141, 141, 94)",94,>=32,13,True,False,True,0,achromatic,,
147,57,"(141, 141, 141, 94)",94,>=32,13,True,False,True,0,achromatic,,
148,57,"(141, 141, 141, 94)",94,>=32,13,True,False,True,0,achromatic,,
149,57,"(141, 141, 141, 94)",94,>=32,13,True,False,True,0,achromatic,,
150,57,"(141, 141, 141, 94)",94,>=32,13,True,False,True,0,achromatic,,
151,57,"(141, 141, 141, 94)",94,>=32,13,True,False,True,0,achromatic,,
152,57,"(141, 141, 141, 94)",94,>=32,13,True,False,True,0,achromatic,,
153,57,"(139, 139, 139, 93)",93,>=32,13,True,False,True,0,achromatic,,
154,57,"(166, 166, 166, 107)",107,>=32,13,True,False,True,0,achromatic,,
155,57,"(148, 148, 148, 98)",98,>=32,13,True,False,True,0,achromatic,,
156,57,"(21, 21, 21, 12)",12,8-15,13,True,False,False,0,not-sampled,,
157,57,"(0, 0, 0, 1)",1,1-3,13,True,False,False,0,not-sampled,,
158,57,"(103, 103, 103, 69)",69,>=32,13,True,False,True,0,achromatic,,
159,57,"(161, 161, 161, 106)",106,>=32,13,True,False,True,0,achromatic,,
160,57,"(138, 138, 138, 92)",92,>=32,13,True,False,True,0,achromatic,,
161,57,"(141, 141, 141, 94)",94,>=32,13,True,False,True,0,achromatic,,
162,57,"(141, 141, 141, 94)",94,>=32,13,True,False,True,0,achromatic,,
163,57,"(142, 142, 142, 93)",93,>=32,13,True,False,True,0,achromatic,,
164,57,"(141, 141, 141, 94)",94,>=32,13,True,False,True,0,achromatic,,
165,57,"(146, 146, 146, 96)",96,>=32,13,True,False,True,0,achromatic,,
166,57,"(149, 149, 149, 97)",97,>=32,13,True,False,True,0,achromatic,,
167,57,"(142, 142, 142, 95)",95,>=32,13,True,False,True,0,achromatic,,
168,57,"(142, 142, 142, 93)",93,>=32,13,True,False,True,0,achromatic,,
169,57,"(141, 141, 141, 94)",94,>=32,13,True,False,True,0,achromatic,,
170,57,"(141, 141, 141, 94)",94,>=32,13,True,False,True,0,achromatic,,
171,57,"(141, 141, 141, 94)",94,>=32,13,True,False,True,0,achromatic,,
172,57,"(141, 141, 141, 94)",94,>=32,13,True,False,True,0,achromatic,,
173,57,"(140, 140, 140, 96)",96,>=32,13,True,False,True,0,achromatic,,
174,57,"(40, 30, 30, 25)",25,24-31,13,True,False,False,10,not-sampled,,
176,57,"(113, 113, 113, 72)",72,>=32,13,True,False,True,0,achromatic,,
177,57,"(162, 162, 162, 108)",108,>=32,13,True,False,True,0,achromatic,,
178,57,"(91, 91, 91, 50)",50,>=32,13,True,False,True,0,achromatic,,
180,57,"(0, 0, 0, 2)",2,1-3,13,False,False,False,0,not-sampled,,
187,57,"(85, 85, 85, 3)",3,1-3,13,False,False,False,0,not-sampled,,
189,57,"(129, 129, 129, 71)",71,>=32,13,True,False,True,0,achromatic,,
190,57,"(167, 167, 167, 116)",116,>=32,13,True,False,True,0,achromatic,,
191,57,"(90, 90, 90, 48)",48,>=32,13,True,False,True,0,achromatic,,
193,57,"(19, 19, 19, 13)",13,8-15,13,True,False,False,0,not-sampled,,
194,57,"(134, 134, 134, 93)",93,>=32,13,True,False,True,0,achromatic,,
195,57,"(166, 166, 166, 107)",107,>=32,13,True,False,True,0,achromatic,,
196,57,"(139, 139, 139, 93)",93,>=32,13,True,False,True,0,achromatic,,
197,57,"(141, 141, 141, 94)",94,>=32,13,True,False,True,0,achromatic,,
198,57,"(141, 141, 141, 94)",94,>=32,13,True,False,True,0,achromatic,,
199,57,"(141, 141, 141, 94)",94,>=32,13,True,False,True,0,achromatic,,
200,57,"(141, 141, 141, 94)",94,>=32,13,True,False,True,0,achromatic,,
201,57,"(141, 141, 141, 94)",94,>=32,13,True,False,True,0,achromatic,,
202,57,"(141, 141, 141, 94)",94,>=32,13,True,False,True,0,achromatic,,
203,57,"(141, 141, 141, 94)",94,>=32,13,True,False,True,0,achromatic,,
204,57,"(141, 141, 141, 94)",94,>=32,13,True,False,True,0,achromatic,,
205,57,"(142, 142, 142, 93)",93,>=32,13,True,False,True,0,achromatic,,
206,57,"(141, 141, 141, 94)",94,>=32,13,True,False,True,0,achromatic,,
207,57,"(149, 149, 149, 94)",94,>=32,13,True,False,True,0,achromatic,,
208,57,"(153, 153, 153, 103)",103,>=32,13,True,False,True,0,achromatic,,
209,57,"(77, 77, 77, 23)",23,16-23,13,True,False,False,0,not-sampled,,
64,58,"(72, 72, 72, 28)",28,24-31,12,False,True,False,0,not-sampled,SAFE WORDMARK OWNERSHIP,one-hop attachment to already-confirmed safe wordmark AA; frozen RGB/luma/alpha evidence passes; no chaining
65,58,"(214, 214, 214, 229)",229,>=32,12,True,False,True,0,achromatic,,
66,58,"(226, 226, 226, 236)",236,>=32,12,True,False,True,0,achromatic,,
67,58,"(97, 97, 97, 84)",84,>=32,12,True,False,True,0,achromatic,,
69,58,"(85, 85, 85, 6)",6,4-7,12,False,False,False,0,not-sampled,,
75,58,"(0, 0, 0, 3)",3,1-3,12,False,False,False,0,not-sampled,,
76,58,"(255, 255, 255, 2)",2,1-3,12,False,True,False,0,not-sampled,AMBIGUOUS,local RGB continuity to preconfirmed wordmark fails frozen max-channel distance 18
77,58,"(0, 0, 0, 12)",12,8-15,12,False,True,False,0,not-sampled,SAFE WORDMARK OWNERSHIP,one-hop attachment to already-confirmed safe wordmark AA; frozen RGB/luma/alpha evidence passes; no chaining
78,58,"(220, 220, 220, 200)",200,>=32,12,True,False,True,0,achromatic,,
79,58,"(234, 234, 234, 252)",252,>=32,12,True,False,True,0,achromatic,,
80,58,"(111, 111, 111, 80)",80,>=32,12,True,False,True,0,achromatic,,
82,58,"(0, 0, 0, 2)",2,1-3,4,False,True,False,0,not-sampled,AMBIGUOUS,alpha does not attenuate away from direct confirmed support
83,58,"(255, 255, 255, 1)",1,1-3,4,False,True,False,0,not-sampled,AMBIGUOUS,local RGB continuity to preconfirmed wordmark fails frozen max-channel distance 18
85,58,"(88, 88, 88, 75)",75,>=32,4,True,False,True,0,achromatic,,
86,58,"(220, 220, 220, 177)",177,>=32,4,True,False,True,0,achromatic,,
87,58,"(230, 230, 230, 225)",225,>=32,4,True,False,True,0,achromatic,,
88,58,"(239, 239, 239, 244)",244,>=32,4,True,False,True,0,achromatic,,
89,58,"(242, 242, 242, 248)",248,>=32,4,True,False,True,0,achromatic,,
90,58,"(242, 242, 242, 248)",248,>=32,4,True,False,True,0,achromatic,,
91,58,"(242, 242, 242, 248)",248,>=32,4,True,False,True,0,achromatic,,
92,58,"(242, 242, 242, 248)",248,>=32,4,True,False,True,0,achromatic,,
93,58,"(240, 240, 240, 246)",246,>=32,4,True,False,True,0,achromatic,,
94,58,"(231, 231, 231, 227)",227,>=32,4,True,False,True,0,achromatic,,
95,58,"(219, 219, 219, 181)",181,>=32,4,True,False,True,0,achromatic,,
96,58,"(97, 97, 97, 81)",81,>=32,4,True,False,True,0,achromatic,,
98,58,"(127, 127, 127, 2)",2,1-3,4,True,False,False,0,not-sampled,,
99,58,"(0, 0, 0, 1)",1,1-3,4,False,True,False,0,not-sampled,AMBIGUOUS,local RGB continuity to preconfirmed wordmark fails frozen max-channel distance 18
102,58,"(127, 127, 127, 2)",2,1-3,4,True,False,False,0,not-sampled,,
104,58,"(141, 141, 141, 103)",103,>=32,4,True,False,True,0,achromatic,,
105,58,"(233, 233, 233, 200)",200,>=32,4,True,False,True,0,achromatic,,
106,58,"(233, 233, 233, 224)",224,>=32,4,True,False,True,0,achromatic,,
107,58,"(241, 241, 241, 250)",250,>=32,4,True,False,True,0,achromatic,,
108,58,"(212, 212, 212, 224)",224,>=32,4,True,False,True,0,achromatic,,
109,58,"(103, 103, 103, 64)",64,>=32,4,True,False,True,0,achromatic,,
110,58,"(127, 127, 127, 2)",2,1-3,4,True,False,False,0,not-sampled,,
111,58,"(170, 170, 170, 12)",12,8-15,4,False,True,False,0,not-sampled,AMBIGUOUS,local RGB continuity to preconfirmed wordmark fails frozen max-channel distance 18
112,58,"(0, 0, 0, 1)",1,1-3,4,True,False,False,0,not-sampled,,
113,58,"(199, 199, 199, 152)",152,>=32,4,True,False,True,0,achromatic,,
114,58,"(241, 241, 241, 248)",248,>=32,4,True,False,True,0,achromatic,,
115,58,"(241, 241, 241, 243)",243,>=32,4,True,False,True,0,achromatic,,
116,58,"(230, 230, 230, 215)",215,>=32,4,True,False,True,0,achromatic,,
117,58,"(202, 202, 202, 160)",160,>=32,4,True,False,True,0,achromatic,,
118,58,"(44, 44, 44, 52)",52,>=32,4,True,False,True,0,achromatic,,
120,58,"(85, 85, 85, 3)",3,1-3,4,True,False,False,0,not-sampled,,
122,58,"(133, 129, 129, 69)",69,>=32,4,True,False,True,4,achromatic,,
123,58,"(234, 234, 234, 250)",250,>=32,4,True,False,True,0,achromatic,,
124,58,"(219, 219, 219, 201)",201,>=32,4,True,False,True,0,achromatic,,
125,58,"(0, 0, 0, 24)",24,24-31,4,False,True,False,0,not-sampled,AMBIGUOUS,local RGB continuity to preconfirmed wordmark fails frozen max-channel distance 18
127,58,"(63, 63, 63, 4)",4,4-7,4,False,False,False,0,not-sampled,,
133,58,"(51, 51, 51, 5)",5,4-7,4,False,False,False,0,not-sampled,,
135,58,"(97, 97, 97, 86)",86,>=32,4,True,False,True,0,achromatic,,
136,58,"(231, 231, 231, 242)",242,>=32,4,True,False,True,0,achromatic,,
137,58,"(211, 211, 211, 216)",216,>=32,4,True,False,True,0,achromatic,,
138,58,"(31, 31, 31, 16)",16,16-23,4,False,True,False,0,not-sampled,AMBIGUOUS,local RGB continuity to preconfirmed wordmark fails frozen max-channel distance 18
140,58,"(132, 132, 132, 50)",50,>=32,13,True,False,True,0,achromatic,,
141,58,"(221, 221, 221, 242)",242,>=32,13,True,False,True,0,achromatic,,
142,58,"(238, 238, 238, 245)",245,>=32,13,True,False,True,0,achromatic,,
143,58,"(241, 241, 241, 246)",246,>=32,13,True,False,True,0,achromatic,,
144,58,"(243, 243, 243, 248)",248,>=32,13,True,False,True,0,achromatic,,
145,58,"(242, 242, 242, 248)",248,>=32,13,True,False,True,0,achromatic,,
146,58,"(242, 242, 242, 248)",248,>=32,13,True,False,True,0,achromatic,,
147,58,"(242, 242, 242, 248)",248,>=32,13,True,False,True,0,achromatic,,
148,58,"(242, 242, 242, 248)",248,>=32,13,True,False,True,0,achromatic,,
149,58,"(242, 242, 242, 248)",248,>=32,13,True,False,True,0,achromatic,,
150,58,"(242, 242, 242, 248)",248,>=32,13,True,False,True,0,achromatic,,
151,58,"(242, 242, 242, 248)",248,>=32,13,True,False,True,0,achromatic,,
152,58,"(242, 242, 242, 248)",248,>=32,13,True,False,True,0,achromatic,,
153,58,"(241, 241, 241, 248)",248,>=32,13,True,False,True,0,achromatic,,
154,58,"(237, 237, 237, 247)",247,>=32,13,True,False,True,0,achromatic,,
155,58,"(236, 236, 236, 244)",244,>=32,13,True,False,True,0,achromatic,,
156,58,"(41, 41, 41, 37)",37,>=32,13,True,False,True,0,achromatic,,
157,58,"(109, 109, 109, 7)",7,4-7,13,True,False,False,0,not-sampled,,
158,58,"(196, 196, 196, 201)",201,>=32,13,True,False,True,0,achromatic,,
159,58,"(243, 243, 243, 254)",254,>=32,13,True,False,True,0,achromatic,,
160,58,"(241, 241, 241, 247)",247,>=32,13,True,False,True,0,achromatic,,
161,58,"(242, 242, 242, 248)",248,>=32,13,True,False,True,0,achromatic,,
162,58,"(242, 242, 242, 248)",248,>=32,13,True,False,True,0,achromatic,,
163,58,"(243, 243, 243, 248)",248,>=32,13,True,False,True,0,achromatic,,
164,58,"(241, 241, 241, 247)",247,>=32,13,True,False,True,0,achromatic,,
165,58,"(236, 236, 236, 243)",243,>=32,13,True,False,True,0,achromatic,,
166,58,"(234, 234, 234, 241)",241,>=32,13,True,False,True,0,achromatic,,
167,58,"(239, 239, 239, 246)",246,>=32,13,True,False,True,0,achromatic,,
168,58,"(243, 243, 243, 248)",248,>=32,13,True,False,True,0,achromatic,,
169,58,"(242, 242, 242, 248)",248,>=32,13,True,False,True,0,achromatic,,
170,58,"(242, 242, 242, 248)",248,>=32,13,True,False,True,0,achromatic,,
171,58,"(242, 242, 242, 248)",248,>=32,13,True,False,True,0,achromatic,,
172,58,"(242, 242, 242, 247)",247,>=32,13,True,False,True,0,achromatic,,
173,58,"(242, 242, 242, 249)",249,>=32,13,True,False,True,0,achromatic,,
174,58,"(92, 88, 88, 69)",69,>=32,13,True,False,True,4,achromatic,,
175,58,"(0, 0, 0, 3)",3,1-3,13,True,False,False,0,not-sampled,,
176,58,"(181, 181, 181, 181)",181,>=32,13,True,False,True,0,achromatic,,
177,58,"(232, 232, 232, 247)",247,>=32,13,True,False,True,0,achromatic,,
178,58,"(161, 161, 161, 131)",131,>=32,13,True,False,True,0,achromatic,,
180,58,"(191, 191, 191, 4)",4,4-7,13,False,False,False,0,not-sampled,,
186,58,"(0, 0, 0, 1)",1,1-3,13,False,False,False,0,not-sampled,,
187,58,"(255, 255, 255, 4)",4,4-7,13,False,False,False,0,not-sampled,,
189,58,"(200, 200, 200, 172)",172,>=32,13,True,False,True,0,achromatic,,
190,58,"(234, 234, 234, 251)",251,>=32,13,True,False,True,0,achromatic,,
191,58,"(139, 139, 139, 121)",121,>=32,13,True,False,True,0,achromatic,,
193,58,"(62, 55, 55, 41)",41,>=32,13,True,False,True,7,achromatic,,
194,58,"(219, 219, 219, 227)",227,>=32,13,True,False,True,0,achromatic,,
195,58,"(236, 236, 236, 247)",247,>=32,13,True,False,True,0,achromatic,,
196,58,"(240, 240, 240, 247)",247,>=32,13,True,False,True,0,achromatic,,
197,58,"(242, 242, 242, 248)",248,>=32,13,True,False,True,0,achromatic,,
198,58,"(242, 242, 242, 248)",248,>=32,13,True,False,True,0,achromatic,,
199,58,"(242, 242, 242, 248)",248,>=32,13,True,False,True,0,achromatic,,
200,58,"(242, 242, 242, 248)",248,>=32,13,True,False,True,0,achromatic,,
201,58,"(242, 242, 242, 248)",248,>=32,13,True,False,True,0,achromatic,,
202,58,"(242, 242, 242, 248)",248,>=32,13,True,False,True,0,achromatic,,
203,58,"(242, 242, 242, 248)",248,>=32,13,True,False,True,0,achromatic,,
204,58,"(242, 242, 242, 248)",248,>=32,13,True,False,True,0,achromatic,,
205,58,"(242, 242, 242, 248)",248,>=32,13,True,False,True,0,achromatic,,
206,58,"(241, 241, 241, 247)",247,>=32,13,True,False,True,0,achromatic,,
207,58,"(234, 234, 234, 238)",238,>=32,13,True,False,True,0,achromatic,,
208,58,"(234, 234, 234, 245)",245,>=32,13,True,False,True,0,achromatic,,
209,58,"(129, 125, 125, 65)",65,>=32,13,True,False,True,4,achromatic,,
64,59,"(113, 113, 113, 18)",18,16-23,12,False,True,False,0,not-sampled,AMBIGUOUS,local RGB continuity to preconfirmed wordmark fails frozen max-channel distance 18
65,59,"(232, 232, 232, 234)",234,>=32,12,True,False,True,0,achromatic,,
66,59,"(249, 249, 249, 245)",245,>=32,12,True,False,True,0,achromatic,,
67,59,"(98, 98, 98, 83)",83,>=32,12,True,False,True,0,achromatic,,
69,59,"(51, 51, 51, 5)",5,4-7,12,False,True,False,0,not-sampled,AMBIGUOUS,local RGB continuity to preconfirmed wordmark fails frozen max-channel distance 18
75,59,"(0, 0, 0, 3)",3,1-3,12,False,False,False,0,not-sampled,,
76,59,"(255, 255, 255, 2)",2,1-3,12,False,False,False,0,not-sampled,,
77,59,"(0, 0, 0, 16)",16,16-23,12,False,True,False,0,not-sampled,AMBIGUOUS,local RGB continuity to preconfirmed wordmark fails frozen max-channel distance 18
78,59,"(231, 231, 231, 204)",204,>=32,12,True,False,True,0,achromatic,,
79,59,"(255, 255, 255, 255)",255,>=32,12,True,False,True,0,achromatic,,
80,59,"(124, 124, 124, 86)",86,>=32,12,True,False,True,0,achromatic,,
82,59,"(0, 0, 0, 1)",1,1-3,4,True,False,False,0,not-sampled,,
84,59,"(95, 95, 95, 83)",83,>=32,4,True,False,True,0,achromatic,,
85,59,"(233, 233, 233, 232)",232,>=32,4,True,False,True,0,achromatic,,
86,59,"(255, 255, 255, 255)",255,>=32,4,True,False,True,0,achromatic,,
87,59,"(242, 242, 242, 253)",253,>=32,4,True,False,True,0,achromatic,,
88,59,"(202, 202, 202, 205)",205,>=32,4,True,False,True,0,achromatic,,
89,59,"(195, 195, 195, 193)",193,>=32,4,True,False,True,0,achromatic,,
90,59,"(196, 196, 196, 195)",195,>=32,4,True,False,True,0,achromatic,,
91,59,"(197, 197, 197, 194)",194,>=32,4,True,False,True,0,achromatic,,
92,59,"(196, 196, 196, 195)",195,>=32,4,True,False,True,0,achromatic,,
93,59,"(195, 195, 195, 194)",194,>=32,4,True,False,True,0,achromatic,,
94,59,"(237, 237, 237, 246)",246,>=32,4,True,False,True,0,achromatic,,
95,59,"(255, 255, 255, 255)",255,>=32,4,True,False,True,0,achromatic,,
96,59,"(234, 234, 234, 234)",234,>=32,4,True,False,True,0,achromatic,,
97,59,"(132, 132, 132, 98)",98,>=32,4,True,False,True,0,achromatic,,
100,59,"(0, 0, 0, 1)",1,1-3,4,False,False,False,0,not-sampled,,
103,59,"(152, 152, 152, 127)",127,>=32,4,True,False,True,0,achromatic,,
104,59,"(237, 237, 237, 242)",242,>=32,4,True,False,True,0,achromatic,,
105,59,"(255, 255, 255, 255)",255,>=32,4,True,False,True,0,achromatic,,
106,59,"(229, 229, 229, 238)",238,>=32,4,True,False,True,0,achromatic,,
107,59,"(200, 200, 200, 198)",198,>=32,4,True,False,True,0,achromatic,,
108,59,"(170, 170, 170, 173)",173,>=32,4,True,False,True,0,achromatic,,
109,59,"(102, 102, 102, 52)",52,>=32,4,True,False,True,0,achromatic,,
111,59,"(255, 255, 255, 1)",1,1-3,4,False,True,False,0,not-sampled,AMBIGUOUS,local RGB continuity to preconfirmed wordmark fails frozen max-channel distance 18
113,59,"(167, 167, 167, 119)",119,>=32,4,True,False,True,0,achromatic,,
114,59,"(191, 191, 191, 197)",197,>=32,4,True,False,True,0,achromatic,,
115,59,"(207, 207, 207, 208)",208,>=32,4,True,False,True,0,achromatic,,
116,59,"(255, 255, 255, 255)",255,>=32,4,True,False,True,0,achromatic,,
117,59,"(255, 255, 255, 255)",255,>=32,4,True,False,True,0,achromatic,,
118,59,"(227, 227, 227, 217)",217,>=32,4,True,False,True,0,achromatic,,
119,59,"(71, 71, 71, 57)",57,>=32,4,True,False,True,0,achromatic,,
120,59,"(255, 255, 255, 1)",1,1-3,4,True,False,False,0,not-sampled,,
122,59,"(134, 130, 130, 74)",74,>=32,4,True,False,True,4,achromatic,,
123,59,"(255, 255, 255, 255)",255,>=32,4,True,False,True,0,achromatic,,
124,59,"(233, 233, 233, 205)",205,>=32,4,True,False,True,0,achromatic,,
125,59,"(0, 0, 0, 28)",28,24-31,4,False,True,False,0,not-sampled,SAFE WORDMARK OWNERSHIP,one-hop attachment to already-confirmed safe wordmark AA; frozen RGB/luma/alpha evidence passes; no chaining
127,59,"(63, 63, 63, 4)",4,4-7,4,False,False,False,0,not-sampled,,
133,59,"(63, 63, 63, 4)",4,4-7,4,False,False,False,0,not-sampled,,
135,59,"(91, 91, 91, 78)",78,>=32,4,True,False,True,0,achromatic,,
136,59,"(253, 253, 253, 252)",252,>=32,4,True,False,True,0,achromatic,,
137,59,"(227, 227, 227, 219)",219,>=32,4,True,False,True,0,achromatic,,
138,59,"(11, 11, 11, 22)",22,16-23,4,False,True,False,0,not-sampled,AMBIGUOUS,local RGB continuity to preconfirmed wordmark fails frozen max-channel distance 18
140,59,"(138, 138, 138, 48)",48,>=32,13,True,False,True,0,achromatic,,
141,59,"(242, 242, 242, 251)",251,>=32,13,True,False,True,0,achromatic,,
142,59,"(253, 253, 253, 246)",246,>=32,13,True,False,True,0,achromatic,,
143,59,"(204, 204, 204, 198)",198,>=32,13,True,False,True,0,achromatic,,
144,59,"(196, 196, 196, 193)",193,>=32,13,True,False,True,0,achromatic,,
145,59,"(196, 196, 196, 195)",195,>=32,13,True,False,True,0,achromatic,,
146,59,"(195, 195, 195, 194)",194,>=32,13,True,False,True,0,achromatic,,
147,59,"(195, 195, 195, 194)",194,>=32,13,True,False,True,0,achromatic,,
148,59,"(195, 195, 195, 194)",194,>=32,13,True,False,True,0,achromatic,,
149,59,"(195, 195, 195, 194)",194,>=32,13,True,False,True,0,achromatic,,
150,59,"(195, 195, 195, 194)",194,>=32,13,True,False,True,0,achromatic,,
151,59,"(195, 195, 195, 194)",194,>=32,13,True,False,True,0,achromatic,,
152,59,"(194, 194, 194, 195)",195,>=32,13,True,False,True,0,achromatic,,
153,59,"(204, 204, 204, 195)",195,>=32,13,True,False,True,0,achromatic,,
154,59,"(255, 255, 255, 253)",253,>=32,13,True,False,True,0,achromatic,,
155,59,"(247, 247, 247, 247)",247,>=32,13,True,False,True,0,achromatic,,
156,59,"(54, 48, 48, 42)",42,>=32,13,True,False,True,6,achromatic,,
157,59,"(63, 63, 63, 4)",4,4-7,13,True,False,False,0,not-sampled,,
158,59,"(153, 153, 153, 140)",140,>=32,13,True,False,True,0,achromatic,,
159,59,"(196, 196, 196, 195)",195,>=32,13,True,False,True,0,achromatic,,
160,59,"(195, 195, 195, 193)",193,>=32,13,True,False,True,0,achromatic,,
161,59,"(195, 195, 195, 194)",194,>=32,13,True,False,True,0,achromatic,,
162,59,"(196, 196, 196, 195)",195,>=32,13,True,False,True,0,achromatic,,
163,59,"(193, 193, 193, 192)",192,>=32,13,True,False,True,0,achromatic,,
164,59,"(203, 203, 203, 202)",202,>=32,13,True,False,True,0,achromatic,,
165,59,"(246, 246, 246, 244)",244,>=32,13,True,False,True,0,achromatic,,
166,59,"(255, 255, 255, 255)",255,>=32,13,True,False,True,0,achromatic,,
167,59,"(223, 223, 223, 216)",216,>=32,13,True,False,True,0,achromatic,,
168,59,"(193, 193, 193, 192)",192,>=32,13,True,False,True,0,achromatic,,
169,59,"(195, 195, 195, 194)",194,>=32,13,True,False,True,0,achromatic,,
170,59,"(195, 195, 195, 194)",194,>=32,13,True,False,True,0,achromatic,,
171,59,"(195, 195, 195, 194)",194,>=32,13,True,False,True,0,achromatic,,
172,59,"(195, 195, 195, 194)",194,>=32,13,True,False,True,0,achromatic,,
173,59,"(194, 194, 194, 197)",197,>=32,13,True,False,True,0,achromatic,,
174,59,"(69, 69, 69, 55)",55,>=32,13,True,False,True,0,achromatic,,
175,59,"(0, 0, 0, 3)",3,1-3,13,True,False,False,0,not-sampled,,
176,59,"(192, 192, 192, 183)",183,>=32,13,True,False,True,0,achromatic,,
177,59,"(255, 255, 255, 255)",255,>=32,13,True,False,True,0,achromatic,,
178,59,"(165, 165, 165, 131)",131,>=32,13,True,False,True,0,achromatic,,
180,59,"(191, 191, 191, 4)",4,4-7,13,False,False,False,0,not-sampled,,
186,59,"(0, 0, 0, 1)",1,1-3,13,False,False,False,0,not-sampled,,
187,59,"(255, 255, 255, 3)",3,1-3,13,False,False,False,0,not-sampled,,
189,59,"(211, 211, 211, 175)",175,>=32,13,True,False,True,0,achromatic,,
190,59,"(255, 255, 255, 255)",255,>=32,13,True,False,True,0,achromatic,,
191,59,"(155, 155, 155, 131)",131,>=32,13,True,False,True,0,achromatic,,
193,59,"(61, 61, 61, 29)",29,24-31,13,True,False,False,0,not-sampled,,
194,59,"(237, 237, 237, 233)",233,>=32,13,True,False,True,0,achromatic,,
195,59,"(255, 255, 255, 255)",255,>=32,13,True,False,True,0,achromatic,,
196,59,"(210, 210, 210, 206)",206,>=32,13,True,False,True,0,achromatic,,
197,59,"(195, 195, 195, 193)",193,>=32,13,True,False,True,0,achromatic,,
198,59,"(196, 196, 196, 195)",195,>=32,13,True,False,True,0,achromatic,,
199,59,"(195, 195, 195, 194)",194,>=32,13,True,False,True,0,achromatic,,
200,59,"(195, 195, 195, 194)",194,>=32,13,True,False,True,0,achromatic,,
201,59,"(195, 195, 195, 194)",194,>=32,13,True,False,True,0,achromatic,,
202,59,"(195, 195, 195, 194)",194,>=32,13,True,False,True,0,achromatic,,
203,59,"(195, 195, 195, 194)",194,>=32,13,True,False,True,0,achromatic,,
204,59,"(196, 196, 196, 195)",195,>=32,13,True,False,True,0,achromatic,,
205,59,"(195, 195, 195, 193)",193,>=32,13,True,False,True,0,achromatic,,
206,59,"(202, 202, 202, 203)",203,>=32,13,True,False,True,0,achromatic,,
207,59,"(251, 251, 251, 247)",247,>=32,13,True,False,True,0,achromatic,,
208,59,"(255, 255, 255, 255)",255,>=32,13,True,False,True,0,achromatic,,
209,59,"(134, 131, 131, 70)",70,>=32,13,True,False,True,3,achromatic,,
64,60,"(102, 102, 102, 10)",10,8-15,12,False,True,False,0,not-sampled,AMBIGUOUS,local RGB continuity to preconfirmed wordmark fails frozen max-channel distance 18
65,60,"(213, 213, 213, 211)",211,>=32,12,True,False,True,0,achromatic,,
66,60,"(245, 245, 245, 243)",243,>=32,12,True,False,True,0,achromatic,,
67,60,"(100, 100, 100, 86)",86,>=32,12,True,False,True,0,achromatic,,
68,60,"(0, 0, 0, 1)",1,1-3,12,True,False,False,0,not-sampled,,
69,60,"(102, 102, 102, 5)",5,4-7,12,False,True,False,0,not-sampled,SAFE WORDMARK OWNERSHIP,one-hop attachment to already-confirmed safe wordmark AA; frozen RGB/luma/alpha evidence passes; no chaining
75,60,"(0, 0, 0, 3)",3,1-3,12,False,False,False,0,not-sampled,,
76,60,"(255, 255, 255, 2)",2,1-3,12,False,False,False,0,not-sampled,,
77,60,"(0, 0, 0, 16)",16,16-23,12,False,True,False,0,not-sampled,AMBIGUOUS,local RGB continuity to preconfirmed wordmark fails frozen max-channel distance 18
78,60,"(222, 222, 222, 195)",195,>=32,12,True,False,True,0,achromatic,,
79,60,"(255, 255, 255, 254)",254,>=32,12,True,False,True,0,achromatic,,
80,60,"(123, 123, 123, 85)",85,>=32,12,True,False,True,0,achromatic,,
83,60,"(87, 80, 80, 38)",38,>=32,4,True,False,True,7,achromatic,,
84,60,"(238, 238, 238, 236)",236,>=32,4,True,False,True,0,achromatic,,
85,60,"(255, 255, 255, 255)",255,>=32,4,True,False,True,0,achromatic,,
86,60,"(189, 189, 189, 175)",175,>=32,4,True,False,True,0,achromatic,,
87,60,"(138, 138, 138, 57)",57,>=32,4,True,False,True,0,achromatic,,
88,60,"(132, 132, 132, 25)",25,24-31,4,True,False,False,0,not-sampled,,
89,60,"(57, 57, 57, 22)",22,16-23,4,False,True,False,0,not-sampled,AMBIGUOUS,local RGB continuity to preconfirmed wordmark fails frozen max-channel distance 18
90,60,"(69, 69, 69, 22)",22,16-23,4,False,True,False,0,not-sampled,AMBIGUOUS,local RGB continuity to preconfirmed wordmark fails frozen max-channel distance 18
91,60,"(69, 69, 69, 22)",22,16-23,4,False,True,False,0,not-sampled,AMBIGUOUS,local RGB continuity to preconfirmed wordmark fails frozen max-channel distance 18
92,60,"(61, 61, 61, 25)",25,24-31,4,False,True,False,0,not-sampled,AMBIGUOUS,local RGB continuity to preconfirmed wordmark fails frozen max-channel distance 18
93,60,"(88, 88, 88, 23)",23,16-23,4,True,False,False,0,not-sampled,,
94,60,"(137, 137, 137, 52)",52,>=32,4,True,False,True,0,achromatic,,
95,60,"(187, 185, 185, 169)",169,>=32,4,True,False,True,2,achromatic,,
96,60,"(255, 255, 255, 255)",255,>=32,4,True,False,True,0,achromatic,,
97,60,"(241, 241, 241, 240)",240,>=32,4,True,False,True,0,achromatic,,
98,60,"(117, 117, 117, 67)",67,>=32,4,True,False,True,0,achromatic,,
100,60,"(0, 0, 0, 1)",1,1-3,4,False,True,False,0,not-sampled,AMBIGUOUS,multiple directly adjacent confirmed glyph owners
102,60,"(116, 116, 116, 81)",81,>=32,4,True,False,True,0,achromatic,,
103,60,"(242, 242, 242, 248)",248,>=32,4,True,False,True,0,achromatic,,
104,60,"(251, 251, 251, 255)",255,>=32,4,True,False,True,0,achromatic,,
105,60,"(164, 162, 162, 146)",146,>=32,4,True,False,True,2,achromatic,,
106,60,"(159, 159, 159, 40)",40,>=32,4,True,False,True,0,achromatic,,
107,60,"(102, 102, 102, 25)",25,24-31,4,True,False,False,0,not-sampled,,
108,60,"(63, 63, 63, 20)",20,16-23,4,True,False,False,0,not-sampled,,
109,60,"(15, 15, 15, 17)",17,16-23,4,True,False,False,0,not-sampled,,
110,60,"(38, 33, 33, 46)",46,>=32,4,True,False,True,5,achromatic,,
111,60,"(61, 61, 61, 71)",71,>=32,4,True,False,True,0,achromatic,,
112,60,"(69, 69, 69, 22)",22,16-23,4,True,False,False,0,not-sampled,,
113,60,"(42, 42, 42, 12)",12,8-15,4,False,True,False,0,not-sampled,AMBIGUOUS,local RGB continuity to preconfirmed wordmark fails frozen max-channel distance 18
114,60,"(63, 63, 63, 24)",24,24-31,4,False,True,False,0,not-sampled,AMBIGUOUS,local RGB continuity to preconfirmed wordmark fails frozen max-channel distance 18
115,60,"(127, 127, 127, 26)",26,24-31,4,True,False,False,0,not-sampled,,
116,60,"(147, 147, 147, 69)",69,>=32,4,True,False,True,0,achromatic,,
117,60,"(213, 213, 213, 205)",205,>=32,4,True,False,True,0,achromatic,,
118,60,"(255, 255, 255, 255)",255,>=32,4,True,False,True,0,achromatic,,
119,60,"(209, 209, 209, 195)",195,>=32,4,True,False,True,0,achromatic,,
120,60,"(0, 0, 0, 6)",6,4-7,4,True,False,False,0,not-sampled,,
122,60,"(125, 122, 122, 73)",73,>=32,4,True,False,True,3,achromatic,,
123,60,"(255, 255, 255, 254)",254,>=32,4,True,False,True,0,achromatic,,
124,60,"(235, 235, 235, 205)",205,>=32,4,True,False,True,0,achromatic,,
125,60,"(10, 10, 10, 25)",25,24-31,4,True,False,False,0,not-sampled,,
127,60,"(63, 63, 63, 4)",4,4-7,4,False,False,False,0,not-sampled,,
133,60,"(63, 63, 63, 4)",4,4-7,4,False,False,False,0,not-sampled,,
135,60,"(76, 76, 76, 70)",70,>=32,4,True,False,True,0,achromatic,,
136,60,"(248, 248, 248, 247)",247,>=32,4,True,False,True,0,achromatic,,
137,60,"(219, 219, 219, 213)",213,>=32,4,True,False,True,0,achromatic,,
138,60,"(12, 12, 12, 20)",20,16-23,4,False,True,False,0,not-sampled,AMBIGUOUS,local RGB continuity to preconfirmed wordmark fails frozen max-channel distance 18
140,60,"(121, 121, 121, 46)",46,>=32,13,True,False,True,0,achromatic,,
141,60,"(235, 235, 235, 249)",249,>=32,13,True,False,True,0,achromatic,,
142,60,"(238, 238, 238, 223)",223,>=32,13,True,False,True,0,achromatic,,
143,60,"(45, 45, 45, 62)",62,>=32,13,True,False,True,0,achromatic,,
144,60,"(85, 85, 85, 21)",21,16-23,13,True,False,False,0,not-sampled,,
145,60,"(63, 63, 63, 24)",24,24-31,13,False,True,False,0,not-sampled,AMBIGUOUS,local RGB continuity to preconfirmed wordmark fails frozen max-channel distance 18
146,60,"(60, 60, 60, 21)",21,16-23,13,False,True,False,0,not-sampled,AMBIGUOUS,local RGB continuity to preconfirmed wordmark fails frozen max-channel distance 18
147,60,"(60, 60, 60, 21)",21,16-23,13,False,True,False,0,not-sampled,AMBIGUOUS,local RGB continuity to preconfirmed wordmark fails frozen max-channel distance 18
148,60,"(60, 60, 60, 21)",21,16-23,13,False,True,False,0,not-sampled,AMBIGUOUS,local RGB continuity to preconfirmed wordmark fails frozen max-channel distance 18
149,60,"(60, 60, 60, 21)",21,16-23,13,False,True,False,0,not-sampled,AMBIGUOUS,local RGB continuity to preconfirmed wordmark fails frozen max-channel distance 18
150,60,"(60, 60, 60, 21)",21,16-23,13,False,True,False,0,not-sampled,AMBIGUOUS,local RGB continuity to preconfirmed wordmark fails frozen max-channel distance 18
151,60,"(57, 57, 57, 22)",22,16-23,13,False,True,False,0,not-sampled,AMBIGUOUS,local RGB continuity to preconfirmed wordmark fails frozen max-channel distance 18
152,60,"(81, 81, 81, 22)",22,16-23,13,True,False,False,0,not-sampled,,
153,60,"(39, 39, 39, 58)",58,>=32,13,True,False,True,0,achromatic,,
154,60,"(248, 248, 248, 240)",240,>=32,13,True,False,True,0,achromatic,,
155,60,"(238, 238, 238, 239)",239,>=32,13,True,False,True,0,achromatic,,
156,60,"(52, 46, 46, 44)",44,>=32,13,True,False,True,6,achromatic,,
158,60,"(0, 0, 0, 14)",14,8-15,13,False,True,False,0,not-sampled,AMBIGUOUS,local RGB continuity to preconfirmed wordmark fails frozen max-channel distance 18
159,60,"(66, 66, 66, 23)",23,16-23,13,False,True,False,0,not-sampled,AMBIGUOUS,local RGB continuity to preconfirmed wordmark fails frozen max-channel distance 18
160,60,"(57, 57, 57, 22)",22,16-23,13,False,True,False,0,not-sampled,AMBIGUOUS,local RGB continuity to preconfirmed wordmark fails frozen max-channel distance 18
161,60,"(57, 57, 57, 22)",22,16-23,13,False,True,False,0,not-sampled,AMBIGUOUS,local RGB continuity to preconfirmed wordmark fails frozen max-channel distance 18
162,60,"(63, 63, 63, 24)",24,24-31,13,False,True,False,0,not-sampled,SAFE WORDMARK OWNERSHIP,one-hop attachment to already-confirmed safe wordmark AA; frozen RGB/luma/alpha evidence passes; no chaining
163,60,"(72, 72, 72, 21)",21,16-23,13,True,False,False,0,not-sampled,,
164,60,"(54, 54, 54, 42)",42,>=32,13,True,False,True,0,achromatic,,
165,60,"(213, 213, 213, 186)",186,>=32,13,True,False,True,0,achromatic,,
166,60,"(253, 253, 253, 254)",254,>=32,13,True,False,True,0,achromatic,,
167,60,"(173, 173, 173, 107)",107,>=32,13,True,False,True,0,achromatic,,
168,60,"(60, 60, 60, 21)",21,16-23,13,False,True,False,0,not-sampled,AMBIGUOUS,local RGB continuity to preconfirmed wordmark fails frozen max-channel distance 18
169,60,"(88, 88, 88, 23)",23,16-23,13,False,True,False,0,not-sampled,AMBIGUOUS,local RGB continuity to preconfirmed wordmark fails frozen max-channel distance 18
170,60,"(57, 57, 57, 22)",22,16-23,13,False,True,False,0,not-sampled,AMBIGUOUS,local RGB continuity to preconfirmed wordmark fails frozen max-channel distance 18
171,60,"(57, 57, 57, 22)",22,16-23,13,False,True,False,0,not-sampled,AMBIGUOUS,local RGB continuity to preconfirmed wordmark fails frozen max-channel distance 18
172,60,"(57, 57, 57, 22)",22,16-23,13,False,True,False,0,not-sampled,SAFE WORDMARK OWNERSHIP,one-hop attachment to already-confirmed safe wordmark AA; frozen RGB/luma/alpha evidence passes; no chaining
173,60,"(69, 69, 69, 22)",22,16-23,13,True,False,False,0,not-sampled,,
174,60,"(0, 0, 0, 6)",6,4-7,13,True,False,False,0,not-sampled,,
175,60,"(0, 0, 0, 4)",4,4-7,13,True,False,False,0,not-sampled,,
176,60,"(186, 186, 186, 174)",174,>=32,13,True,False,True,0,achromatic,,
177,60,"(247, 247, 247, 254)",254,>=32,13,True,False,True,0,achromatic,,
178,60,"(155, 155, 155, 123)",123,>=32,13,True,False,True,0,achromatic,,
180,60,"(191, 191, 191, 4)",4,4-7,13,False,False,False,0,not-sampled,,
186,60,"(0, 0, 0, 1)",1,1-3,13,False,False,False,0,not-sampled,,
187,60,"(255, 255, 255, 3)",3,1-3,13,False,False,False,0,not-sampled,,
189,60,"(202, 202, 202, 169)",169,>=32,13,True,False,True,0,achromatic,,
190,60,"(253, 253, 253, 254)",254,>=32,13,True,False,True,0,achromatic,,
191,60,"(153, 153, 153, 128)",128,>=32,13,True,False,True,0,achromatic,,
193,60,"(44, 44, 44, 23)",23,16-23,13,False,True,False,0,not-sampled,SAFE WORDMARK OWNERSHIP,one-hop attachment to already-confirmed safe wordmark AA; frozen RGB/luma/alpha evidence passes; no chaining
194,60,"(230, 230, 230, 230)",230,>=32,13,True,False,True,0,achromatic,,
195,60,"(248, 248, 248, 239)",239,>=32,13,True,False,True,0,achromatic,,
196,60,"(43, 43, 43, 58)",58,>=32,13,True,False,True,0,achromatic,,
197,60,"(81, 81, 81, 22)",22,16-23,13,True,False,False,0,not-sampled,,
198,60,"(55, 55, 55, 23)",23,16-23,13,False,True,False,0,not-sampled,AMBIGUOUS,local RGB continuity to preconfirmed wordmark fails frozen max-channel distance 18
199,60,"(60, 60, 60, 21)",21,16-23,13,False,True,False,0,not-sampled,AMBIGUOUS,local RGB continuity to preconfirmed wordmark fails frozen max-channel distance 18
200,60,"(60, 60, 60, 21)",21,16-23,13,False,True,False,0,not-sampled,AMBIGUOUS,local RGB continuity to preconfirmed wordmark fails frozen max-channel distance 18
201,60,"(60, 60, 60, 21)",21,16-23,13,False,True,False,0,not-sampled,AMBIGUOUS,local RGB continuity to preconfirmed wordmark fails frozen max-channel distance 18
202,60,"(60, 60, 60, 21)",21,16-23,13,False,True,False,0,not-sampled,AMBIGUOUS,local RGB continuity to preconfirmed wordmark fails frozen max-channel distance 18
203,60,"(60, 60, 60, 21)",21,16-23,13,False,True,False,0,not-sampled,AMBIGUOUS,local RGB continuity to preconfirmed wordmark fails frozen max-channel distance 18
204,60,"(69, 69, 69, 22)",22,16-23,13,False,True,False,0,not-sampled,AMBIGUOUS,local RGB continuity to preconfirmed wordmark fails frozen max-channel distance 18
205,60,"(102, 102, 102, 25)",25,24-31,13,True,False,False,0,not-sampled,,
206,60,"(71, 71, 71, 32)",32,>=32,13,True,False,True,0,achromatic,,
207,60,"(241, 241, 241, 210)",210,>=32,13,True,False,True,0,achromatic,,
208,60,"(253, 253, 253, 254)",254,>=32,13,True,False,True,0,achromatic,,
209,60,"(125, 121, 121, 67)",67,>=32,13,True,False,True,4,achromatic,,
64,61,"(63, 63, 63, 8)",8,8-15,12,True,False,False,0,not-sampled,,
65,61,"(203, 203, 203, 198)",198,>=32,12,True,False,True,0,achromatic,,
66,61,"(246, 246, 246, 252)",252,>=32,12,True,False,True,0,achromatic,,
67,61,"(141, 141, 141, 112)",112,>=32,12,True,False,True,0,achromatic,,
69,61,"(85, 85, 85, 9)",9,8-15,12,True,False,False,0,not-sampled,,
70,61,"(0, 0, 0, 2)",2,1-3,12,False,True,False,0,not-sampled,AMBIGUOUS,local RGB continuity to preconfirmed wordmark fails frozen max-channel distance 18
75,61,"(0, 0, 0, 3)",3,1-3,12,False,False,False,0,not-sampled,,
76,61,"(255, 255, 255, 2)",2,1-3,12,False,False,False,0,not-sampled,,
77,61,"(0, 0, 0, 16)",16,16-23,12,False,True,False,0,not-sampled,AMBIGUOUS,local RGB continuity to preconfirmed wordmark fails frozen max-channel distance 18
78,61,"(223, 223, 223, 197)",197,>=32,12,True,False,True,0,achromatic,,
79,61,"(255, 255, 255, 255)",255,>=32,12,True,False,True,0,achromatic,,
80,61,"(123, 123, 123, 85)",85,>=32,12,True,False,True,0,achromatic,,
83,61,"(160, 158, 158, 145)",145,>=32,4,True,False,True,2,achromatic,,
84,61,"(255, 255, 255, 255)",255,>=32,4,True,False,True,0,achromatic,,
85,61,"(215, 215, 215, 192)",192,>=32,4,True,False,True,0,achromatic,,
86,61,"(67, 67, 67, 19)",19,16-23,4,True,False,False,0,not-sampled,,
95,61,"(68, 68, 68, 15)",15,8-15,4,True,False,False,0,not-sampled,,
96,61,"(210, 210, 210, 184)",184,>=32,4,True,False,True,0,achromatic,,
97,61,"(255, 255, 255, 255)",255,>=32,4,True,False,True,0,achromatic,,
98,61,"(164, 164, 164, 157)",157,>=32,4,True,False,True,0,achromatic,,
99,61,"(0, 0, 0, 4)",4,4-7,4,True,False,False,0,not-sampled,,
101,61,"(109, 109, 109, 7)",7,4-7,4,True,False,False,0,not-sampled,,
102,61,"(199, 199, 199, 193)",193,>=32,4,True,False,True,0,achromatic,,
103,61,"(255, 255, 255, 255)",255,>=32,4,True,False,True,0,achromatic,,
104,61,"(188, 188, 188, 158)",158,>=32,4,True,False,True,0,achromatic,,
105,61,"(0, 0, 0, 10)",10,8-15,4,True,False,False,0,not-sampled,,
109,61,"(0, 0, 0, 21)",21,16-23,4,True,False,False,0,not-sampled,,
110,61,"(204, 204, 204, 171)",171,>=32,4,True,False,True,0,achromatic,,
111,61,"(241, 241, 241, 237)",237,>=32,4,True,False,True,0,achromatic,,
112,61,"(165, 165, 165, 80)",80,>=32,4,True,False,True,0,achromatic,,
117,61,"(68, 68, 68, 52)",52,>=32,4,True,False,True,0,achromatic,,
118,61,"(241, 241, 241, 235)",235,>=32,4,True,False,True,0,achromatic,,
119,61,"(253, 253, 253, 255)",255,>=32,4,True,False,True,0,achromatic,,
120,61,"(123, 123, 123, 97)",97,>=32,4,True,False,True,0,achromatic,,
122,61,"(122, 122, 122, 56)",56,>=32,4,True,False,True,0,achromatic,,
123,61,"(238, 238, 238, 248)",248,>=32,4,True,False,True,0,achromatic,,
124,61,"(234, 234, 234, 222)",222,>=32,4,True,False,True,0,achromatic,,
125,61,"(26, 26, 26, 48)",48,>=32,4,True,False,True,0,achromatic,,
126,61,"(255, 255, 255, 2)",2,1-3,4,False,True,False,0,not-sampled,AMBIGUOUS,local RGB continuity to preconfirmed wordmark fails frozen max-channel distance 18
127,61,"(63, 63, 63, 8)",8,8-15,4,False,True,False,0,not-sampled,AMBIGUOUS,local RGB continuity to preconfirmed wordmark fails frozen max-channel distance 18
128,61,"(0, 0, 0, 1)",1,1-3,4,False,True,False,0,not-sampled,AMBIGUOUS,local RGB continuity to preconfirmed wordmark fails frozen max-channel distance 18
133,61,"(63, 63, 63, 4)",4,4-7,4,False,True,False,0,not-sampled,AMBIGUOUS,local RGB continuity to preconfirmed wordmark fails frozen max-channel distance 18
135,61,"(77, 77, 77, 72)",72,>=32,4,True,False,True,0,achromatic,,
136,61,"(249, 249, 249, 248)",248,>=32,4,True,False,True,0,achromatic,,
137,61,"(220, 220, 220, 214)",214,>=32,4,True,False,True,0,achromatic,,
138,61,"(12, 12, 12, 20)",20,16-23,4,False,True,False,0,not-sampled,AMBIGUOUS,local RGB continuity to preconfirmed wordmark fails frozen max-channel distance 18
140,61,"(127, 127, 127, 46)",46,>=32,13,True,False,True,0,achromatic,,
141,61,"(237, 237, 237, 251)",251,>=32,13,True,False,True,0,achromatic,,
142,61,"(238, 238, 238, 221)",221,>=32,13,True,False,True,0,achromatic,,
143,61,"(0, 0, 0, 41)",41,>=32,13,True,False,True,0,achromatic,,
153,61,"(91, 91, 91, 81)",81,>=32,13,True,False,True,0,achromatic,,
154,61,"(246, 246, 246, 248)",248,>=32,13,True,False,True,0,achromatic,,
155,61,"(227, 227, 227, 225)",225,>=32,13,True,False,True,0,achromatic,,
156,61,"(35, 35, 35, 29)",29,24-31,13,True,False,False,0,not-sampled,,
164,61,"(0, 0, 0, 13)",13,8-15,13,True,False,False,0,not-sampled,,
165,61,"(210, 210, 210, 176)",176,>=32,13,True,False,True,0,achromatic,,
166,61,"(255, 255, 255, 255)",255,>=32,13,True,False,True,0,achromatic,,
167,61,"(177, 177, 177, 89)",89,>=32,13,True,False,True,0,achromatic,,
175,61,"(0, 0, 0, 4)",4,4-7,13,False,True,False,0,not-sampled,SAFE WORDMARK OWNERSHIP,one-hop attachment to already-confirmed safe wordmark AA; frozen RGB/luma/alpha evidence passes; no chaining
176,61,"(186, 186, 186, 176)",176,>=32,13,True,False,True,0,achromatic,,
177,61,"(249, 249, 249, 255)",255,>=32,13,True,False,True,0,achromatic,,
178,61,"(157, 157, 157, 125)",125,>=32,13,True,False,True,0,achromatic,,
180,61,"(191, 191, 191, 4)",4,4-7,13,False,False,False,0,not-sampled,,
186,61,"(0, 0, 0, 1)",1,1-3,13,False,False,False,0,not-sampled,,
187,61,"(255, 255, 255, 3)",3,1-3,13,False,False,False,0,not-sampled,,
189,61,"(204, 204, 204, 170)",170,>=32,13,True,False,True,0,achromatic,,
190,61,"(255, 255, 255, 255)",255,>=32,13,True,False,True,0,achromatic,,
191,61,"(152, 152, 152, 129)",129,>=32,13,True,False,True,0,achromatic,,
193,61,"(36, 36, 36, 7)",7,4-7,13,False,True,False,0,not-sampled,AMBIGUOUS,local RGB continuity to preconfirmed wordmark fails frozen max-channel distance 18
194,61,"(214, 214, 214, 209)",209,>=32,13,True,False,True,0,achromatic,,
195,61,"(246, 246, 246, 250)",250,>=32,13,True,False,True,0,achromatic,,
196,61,"(115, 115, 115, 97)",97,>=32,13,True,False,True,0,achromatic,,
206,61,"(0, 0, 0, 19)",19,16-23,13,True,False,False,0,not-sampled,,
207,61,"(239, 239, 239, 212)",212,>=32,13,True,False,True,0,achromatic,,
208,61,"(255, 255, 255, 255)",255,>=32,13,True,False,True,0,achromatic,,
209,61,"(125, 121, 121, 67)",67,>=32,13,True,False,True,4,achromatic,,
63,62,"(0, 0, 0, 1)",1,1-3,12,False,True,False,0,not-sampled,SAFE WORDMARK OWNERSHIP,one-hop attachment to already-confirmed safe wordmark AA; frozen RGB/luma/alpha evidence passes; no chaining
64,62,"(0, 0, 0, 2)",2,1-3,12,True,False,False,0,not-sampled,,
65,62,"(141, 141, 141, 130)",130,>=32,12,True,False,True,0,achromatic,,
66,62,"(255, 255, 255, 255)",255,>=32,12,True,False,True,0,achromatic,,
67,62,"(225, 225, 225, 207)",207,>=32,12,True,False,True,0,achromatic,,
68,62,"(0, 0, 0, 40)",40,>=32,12,True,False,True,0,achromatic,,
70,62,"(170, 170, 170, 3)",3,1-3,12,True,False,False,0,not-sampled,,
75,62,"(255, 255, 255, 1)",1,1-3,12,False,False,False,0,not-sampled,,
76,62,"(255, 255, 255, 2)",2,1-3,12,False,False,False,0,not-sampled,,
77,62,"(14, 14, 14, 18)",18,16-23,12,False,True,False,0,not-sampled,AMBIGUOUS,local RGB continuity to preconfirmed wordmark fails frozen max-channel distance 18
78,62,"(223, 223, 223, 197)",197,>=32,12,True,False,True,0,achromatic,,
79,62,"(255, 255, 255, 255)",255,>=32,12,True,False,True,0,achromatic,,
80,62,"(123, 123, 123, 85)",85,>=32,12,True,False,True,0,achromatic,,
82,62,"(34, 34, 34, 22)",22,16-23,4,False,True,False,0,not-sampled,AMBIGUOUS,local RGB continuity to preconfirmed wordmark fails frozen max-channel distance 18
83,62,"(204, 204, 204, 202)",202,>=32,4,True,False,True,0,achromatic,,
84,62,"(248, 248, 248, 248)",248,>=32,4,True,False,True,0,achromatic,,
85,62,"(128, 128, 128, 103)",103,>=32,4,True,False,True,0,achromatic,,
87,62,"(204, 204, 204, 5)",5,4-7,4,False,True,False,0,not-sampled,AMBIGUOUS,local RGB continuity to preconfirmed wordmark fails frozen max-channel distance 18
88,62,"(127, 127, 127, 2)",2,1-3,4,False,False,False,0,not-sampled,,
89,62,"(127, 127, 127, 2)",2,1-3,4,False,False,False,0,not-sampled,,
90,62,"(255, 255, 255, 1)",1,1-3,4,False,False,False,0,not-sampled,,
91,62,"(255, 255, 255, 1)",1,1-3,4,False,False,False,0,not-sampled,,
92,62,"(255, 255, 255, 1)",1,1-3,4,False,False,False,0,not-sampled,,
93,62,"(255, 255, 255, 1)",1,1-3,4,False,False,False,0,not-sampled,,
94,62,"(170, 170, 170, 6)",6,4-7,4,False,True,False,0,not-sampled,AMBIGUOUS,local RGB continuity to preconfirmed wordmark fails frozen max-channel distance 18
96,62,"(118, 118, 118, 95)",95,>=32,4,True,False,True,0,achromatic,,
97,62,"(244, 244, 244, 244)",244,>=32,4,True,False,True,0,achromatic,,
98,62,"(221, 221, 221, 224)",224,>=32,4,True,False,True,0,achromatic,,
99,62,"(85, 85, 85, 30)",30,24-31,4,True,False,False,0,not-sampled,,
101,62,"(79, 73, 73, 45)",45,>=32,4,True,False,True,6,achromatic,,
102,62,"(240, 240, 240, 247)",247,>=32,4,True,False,True,0,achromatic,,
103,62,"(245, 245, 245, 236)",236,>=32,4,True,False,True,0,achromatic,,
104,62,"(26, 26, 26, 48)",48,>=32,4,True,False,True,0,achromatic,,
106,62,"(153, 153, 153, 5)",5,4-7,4,False,True,False,0,not-sampled,AMBIGUOUS,local RGB continuity to preconfirmed wordmark fails frozen max-channel distance 18
107,62,"(127, 127, 127, 4)",4,4-7,4,False,False,False,0,not-sampled,,
108,62,"(255, 255, 255, 1)",1,1-3,4,False,True,False,0,not-sampled,AMBIGUOUS,local RGB continuity to preconfirmed wordmark fails frozen max-channel distance 18
109,62,"(0, 0, 0, 24)",24,24-31,4,False,True,False,0,not-sampled,SAFE WORDMARK OWNERSHIP,one-hop attachment to already-confirmed safe wordmark AA; frozen RGB/luma/alpha evidence passes; no chaining
110,62,"(218, 218, 218, 190)",190,>=32,4,True,False,True,0,achromatic,,
111,62,"(255, 255, 255, 255)",255,>=32,4,True,False,True,0,achromatic,,
112,62,"(174, 174, 174, 89)",89,>=32,4,True,False,True,0,achromatic,,
113,62,"(0, 0, 0, 1)",1,1-3,4,True,False,False,0,not-sampled,,
114,62,"(204, 204, 204, 5)",5,4-7,4,False,True,False,0,not-sampled,AMBIGUOUS,local RGB continuity to preconfirmed wordmark fails frozen max-channel distance 18
115,62,"(127, 127, 127, 2)",2,1-3,4,False,True,False,0,not-sampled,AMBIGUOUS,local RGB continuity to preconfirmed wordmark fails frozen max-channel distance 18
116,62,"(191, 191, 191, 4)",4,4-7,4,True,False,False,0,not-sampled,,
118,62,"(166, 166, 166, 153)",153,>=32,4,True,False,True,0,achromatic,,
119,62,"(255, 255, 255, 255)",255,>=32,4,True,False,True,0,achromatic,,
120,62,"(179, 179, 179, 162)",162,>=32,4,True,False,True,0,achromatic,,
122,62,"(112, 112, 112, 25)",25,24-31,4,True,False,False,0,not-sampled,,
123,62,"(203, 203, 203, 203)",203,>=32,4,True,False,True,0,achromatic,,
124,62,"(252, 252, 252, 251)",251,>=32,4,True,False,True,0,achromatic,,
125,62,"(187, 187, 187, 147)",147,>=32,4,True,False,True,0,achromatic,,
127,62,"(255, 255, 255, 1)",1,1-3,4,False,True,False,0,not-sampled,AMBIGUOUS,local RGB continuity to preconfirmed wordmark fails frozen max-channel distance 18
128,62,"(127, 127, 127, 2)",2,1-3,4,True,False,False,0,not-sampled,,
133,62,"(255, 255, 255, 2)",2,1-3,4,False,True,False,0,not-sampled,AMBIGUOUS,local RGB continuity to preconfirmed wordmark fails frozen max-channel distance 18
134,62,"(127, 127, 127, 2)",2,1-3,4,True,False,False,0,not-sampled,,
135,62,"(77, 77, 77, 72)",72,>=32,4,True,False,True,0,achromatic,,
136,62,"(249, 249, 249, 248)",248,>=32,4,True,False,True,0,achromatic,,
137,62,"(220, 220, 220, 214)",214,>=32,4,True,False,True,0,achromatic,,
138,62,"(12, 12, 12, 20)",20,16-23,4,False,True,False,0,not-sampled,AMBIGUOUS,local RGB continuity to preconfirmed wordmark fails frozen max-channel distance 18
140,62,"(127, 127, 127, 46)",46,>=32,13,True,False,True,0,achromatic,,
141,62,"(237, 237, 237, 251)",251,>=32,13,True,False,True,0,achromatic,,
142,62,"(238, 238, 238, 222)",222,>=32,13,True,False,True,0,achromatic,,
143,62,"(26, 26, 26, 49)",49,>=32,13,True,False,True,0,achromatic,,
144,62,"(255, 255, 255, 2)",2,1-3,13,False,True,False,0,not-sampled,AMBIGUOUS,local RGB continuity to preconfirmed wordmark fails frozen max-channel distance 18
145,62,"(153, 153, 153, 5)",5,4-7,13,False,False,False,0,not-sampled,,
146,62,"(255, 255, 255, 2)",2,1-3,13,False,False,False,0,not-sampled,,
147,62,"(255, 255, 255, 2)",2,1-3,13,False,False,False,0,not-sampled,,
148,62,"(255, 255, 255, 2)",2,1-3,13,False,False,False,0,not-sampled,,
149,62,"(255, 255, 255, 2)",2,1-3,13,False,True,False,0,not-sampled,AMBIGUOUS,local RGB continuity to preconfirmed wordmark fails frozen max-channel distance 18
150,62,"(170, 170, 170, 3)",3,1-3,13,True,False,False,0,not-sampled,,
151,62,"(255, 255, 255, 3)",3,1-3,13,True,False,False,0,not-sampled,,
152,62,"(0, 0, 0, 12)",12,8-15,13,True,False,False,0,not-sampled,,
153,62,"(206, 206, 206, 184)",184,>=32,13,True,False,True,0,achromatic,,
154,62,"(255, 255, 255, 254)",254,>=32,13,True,False,True,0,achromatic,,
155,62,"(173, 173, 173, 168)",168,>=32,13,True,False,True,0,achromatic,,
156,62,"(0, 0, 0, 3)",3,1-3,13,True,False,False,0,not-sampled,,
157,62,"(0, 0, 0, 2)",2,1-3,13,False,True,False,0,not-sampled,SAFE WORDMARK OWNERSHIP,one-hop attachment to already-confirmed safe wordmark AA; frozen RGB/luma/alpha evidence passes; no chaining
158,62,"(0, 0, 0, 1)",1,1-3,13,False,False,False,0,not-sampled,,
159,62,"(255, 255, 255, 1)",1,1-3,13,False,False,False,0,not-sampled,,
160,62,"(255, 255, 255, 1)",1,1-3,13,False,False,False,0,not-sampled,,
161,62,"(255, 255, 255, 1)",1,1-3,13,False,False,False,0,not-sampled,,
162,62,"(127, 127, 127, 4)",4,4-7,13,False,False,False,0,not-sampled,,
163,62,"(255, 255, 255, 1)",1,1-3,13,False,True,False,0,not-sampled,AMBIGUOUS,local RGB continuity to preconfirmed wordmark fails frozen max-channel distance 18
164,62,"(12, 12, 12, 21)",21,16-23,13,False,True,False,0,not-sampled,SAFE WORDMARK OWNERSHIP,one-hop attachment to already-confirmed safe wordmark AA; frozen RGB/luma/alpha evidence passes; no chaining
165,62,"(210, 210, 210, 179)",179,>=32,13,True,False,True,0,achromatic,,
166,62,"(255, 255, 255, 255)",255,>=32,13,True,False,True,0,achromatic,,
167,62,"(179, 179, 179, 95)",95,>=32,13,True,False,True,0,achromatic,,
168,62,"(255, 255, 255, 1)",1,1-3,13,True,False,False,0,not-sampled,,
169,62,"(204, 204, 204, 5)",5,4-7,13,False,True,False,0,not-sampled,AMBIGUOUS,local RGB continuity to preconfirmed wordmark fails frozen max-channel distance 18
170,62,"(127, 127, 127, 2)",2,1-3,13,False,False,False,0,not-sampled,,
171,62,"(255, 255, 255, 1)",1,1-3,13,False,False,False,0,not-sampled,,
172,62,"(255, 255, 255, 1)",1,1-3,13,False,False,False,0,not-sampled,,
173,62,"(127, 127, 127, 2)",2,1-3,13,False,False,False,0,not-sampled,,
175,62,"(0, 0, 0, 4)",4,4-7,13,False,True,False,0,not-sampled,AMBIGUOUS,local RGB continuity to preconfirmed wordmark fails frozen max-channel distance 18
176,62,"(186, 186, 186, 176)",176,>=32,13,True,False,True,0,achromatic,,
177,62,"(249, 249, 249, 255)",255,>=32,13,True,False,True,0,achromatic,,
178,62,"(157, 157, 157, 125)",125,>=32,13,True,False,True,0,achromatic,,
180,62,"(191, 191, 191, 4)",4,4-7,13,False,False,False,0,not-sampled,,
186,62,"(0, 0, 0, 1)",1,1-3,13,False,False,False,0,not-sampled,,
187,62,"(255, 255, 255, 3)",3,1-3,13,False,False,False,0,not-sampled,,
189,62,"(204, 204, 204, 170)",170,>=32,13,True,False,True,0,achromatic,,
190,62,"(255, 255, 255, 255)",255,>=32,13,True,False,True,0,achromatic,,
191,62,"(152, 152, 152, 129)",129,>=32,13,True,False,True,0,achromatic,,
194,62,"(158, 158, 158, 146)",146,>=32,13,True,False,True,0,achromatic,,
195,62,"(255, 255, 255, 255)",255,>=32,13,True,False,True,0,achromatic,,
196,62,"(218, 218, 218, 200)",200,>=32,13,True,False,True,0,achromatic,,
197,62,"(0, 0, 0, 30)",30,24-31,13,True,False,False,0,not-sampled,,
199,62,"(191, 191, 191, 4)",4,4-7,13,True,False,False,0,not-sampled,,
200,62,"(255, 255, 255, 2)",2,1-3,13,False,True,False,0,not-sampled,AMBIGUOUS,local RGB continuity to preconfirmed wordmark fails frozen max-channel distance 18
201,62,"(255, 255, 255, 2)",2,1-3,13,False,False,False,0,not-sampled,,
202,62,"(255, 255, 255, 2)",2,1-3,13,False,False,False,0,not-sampled,,
203,62,"(255, 255, 255, 2)",2,1-3,13,False,False,False,0,not-sampled,,
204,62,"(191, 191, 191, 4)",4,4-7,13,False,True,False,0,not-sampled,AMBIGUOUS,local RGB continuity to preconfirmed wordmark fails frozen max-channel distance 18
205,62,"(255, 255, 255, 2)",2,1-3,13,False,True,False,0,not-sampled,AMBIGUOUS,local RGB continuity to preconfirmed wordmark fails frozen max-channel distance 18
206,62,"(15, 15, 15, 33)",33,>=32,13,True,False,True,0,achromatic,,
207,62,"(238, 238, 238, 216)",216,>=32,13,True,False,True,0,achromatic,,
208,62,"(255, 255, 255, 255)",255,>=32,13,True,False,True,0,achromatic,,
209,62,"(125, 121, 121, 67)",67,>=32,13,True,False,True,4,achromatic,,
65,63,"(80, 80, 80, 41)",41,>=32,12,True,False,True,0,achromatic,,
66,63,"(217, 217, 217, 218)",218,>=32,12,True,False,True,0,achromatic,,
67,63,"(255, 255, 255, 255)",255,>=32,12,True,False,True,0,achromatic,,
68,63,"(210, 210, 210, 193)",193,>=32,12,True,False,True,0,achromatic,,
69,63,"(56, 56, 56, 68)",68,>=32,12,True,False,True,0,achromatic,,
70,63,"(0, 0, 0, 23)",23,16-23,12,True,False,False,0,not-sampled,,
71,63,"(0, 0, 0, 14)",14,8-15,12,False,True,False,0,not-sampled,SAFE WORDMARK OWNERSHIP,one-hop attachment to already-confirmed safe wordmark AA; frozen RGB/luma/alpha evidence passes; no chaining
72,63,"(0, 0, 0, 15)",15,8-15,12,False,True,False,0,not-sampled,AMBIGUOUS,local RGB continuity to preconfirmed wordmark fails frozen max-channel distance 18
73,63,"(0, 0, 0, 14)",14,8-15,12,False,True,False,0,not-sampled,AMBIGUOUS,local RGB continuity to preconfirmed wordmark fails frozen max-channel distance 18
74,63,"(0, 0, 0, 13)",13,8-15,12,False,True,False,0,not-sampled,AMBIGUOUS,local RGB continuity to preconfirmed wordmark fails frozen max-channel distance 18
75,63,"(0, 0, 0, 17)",17,16-23,12,False,True,False,0,not-sampled,AMBIGUOUS,local RGB continuity to preconfirmed wordmark fails frozen max-channel distance 18
76,63,"(0, 0, 0, 2)",2,1-3,12,False,True,False,0,not-sampled,AMBIGUOUS,local RGB continuity to preconfirmed wordmark fails frozen max-channel distance 18
77,63,"(0, 0, 0, 9)",9,8-15,12,False,True,False,0,not-sampled,AMBIGUOUS,local RGB continuity to preconfirmed wordmark fails frozen max-channel distance 18
78,63,"(222, 222, 222, 196)",196,>=32,12,True,False,True,0,achromatic,,
79,63,"(255, 255, 255, 255)",255,>=32,12,True,False,True,0,achromatic,,
80,63,"(123, 123, 123, 85)",85,>=32,12,True,False,True,0,achromatic,,
82,63,"(66, 66, 66, 27)",27,24-31,4,False,True,False,0,not-sampled,AMBIGUOUS,local RGB continuity to preconfirmed wordmark fails frozen max-channel distance 18
83,63,"(232, 232, 232, 231)",231,>=32,4,True,False,True,0,achromatic,,
84,63,"(245, 245, 245, 243)",243,>=32,4,True,False,True,0,achromatic,,
85,63,"(59, 59, 59, 73)",73,>=32,4,True,False,True,0,achromatic,,
86,63,"(255, 255, 255, 1)",1,1-3,4,False,True,False,0,not-sampled,AMBIGUOUS,local RGB continuity to preconfirmed wordmark fails frozen max-channel distance 18
87,63,"(51, 51, 51, 5)",5,4-7,4,False,False,False,0,not-sampled,,
94,63,"(51, 51, 51, 5)",5,4-7,4,False,False,False,0,not-sampled,,
95,63,"(255, 255, 255, 1)",1,1-3,4,False,True,False,0,not-sampled,AMBIGUOUS,local RGB continuity to preconfirmed wordmark fails frozen max-channel distance 18
96,63,"(42, 42, 42, 66)",66,>=32,4,True,False,True,0,achromatic,,
97,63,"(242, 242, 242, 237)",237,>=32,4,True,False,True,0,achromatic,,
98,63,"(234, 234, 234, 241)",241,>=32,4,True,False,True,0,achromatic,,
99,63,"(87, 87, 87, 35)",35,>=32,4,True,False,True,0,achromatic,,
101,63,"(103, 103, 103, 74)",74,>=32,4,True,False,True,0,achromatic,,
102,63,"(255, 255, 255, 255)",255,>=32,4,True,False,True,0,achromatic,,
103,63,"(242, 242, 242, 219)",219,>=32,4,True,False,True,0,achromatic,,
104,63,"(0, 0, 0, 18)",18,16-23,4,True,False,False,0,not-sampled,,
105,63,"(255, 255, 255, 2)",2,1-3,4,False,True,False,0,not-sampled,AMBIGUOUS,local RGB continuity to preconfirmed wordmark fails frozen max-channel distance 18
106,63,"(0, 0, 0, 3)",3,1-3,4,False,False,False,0,not-sampled,,
107,63,"(85, 85, 85, 3)",3,1-3,4,False,False,False,0,not-sampled,,
109,63,"(0, 0, 0, 23)",23,16-23,4,False,True,False,0,not-sampled,AMBIGUOUS,local RGB continuity to preconfirmed wordmark fails frozen max-channel distance 18
110,63,"(216, 216, 216, 184)",184,>=32,4,True,False,True,0,achromatic,,
111,63,"(255, 255, 255, 254)",254,>=32,4,True,False,True,0,achromatic,,
112,63,"(172, 172, 172, 87)",87,>=32,4,True,False,True,0,achromatic,,
114,63,"(255, 255, 255, 2)",2,1-3,4,False,True,False,0,not-sampled,AMBIGUOUS,local RGB continuity to preconfirmed wordmark fails frozen max-channel distance 18
116,63,"(0, 0, 0, 4)",4,4-7,4,False,True,False,0,not-sampled,AMBIGUOUS,local RGB continuity to preconfirmed wordmark fails frozen max-channel distance 18
118,63,"(132, 132, 132, 119)",119,>=32,4,True,False,True,0,achromatic,,
119,63,"(254, 254, 254, 255)",255,>=32,4,True,False,True,0,achromatic,,
120,63,"(199, 199, 199, 179)",179,>=32,4,True,False,True,0,achromatic,,
122,63,"(0, 0, 0, 1)",1,1-3,4,False,True,False,0,not-sampled,SAFE WORDMARK OWNERSHIP,one-hop attachment to already-confirmed safe wordmark AA; frozen RGB/luma/alpha evidence passes; no chaining
123,63,"(162, 159, 159, 96)",96,>=32,4,True,False,True,3,achromatic,,
124,63,"(255, 255, 255, 255)",255,>=32,4,True,False,True,0,achromatic,,
125,63,"(244, 244, 244, 242)",242,>=32,4,True,False,True,0,achromatic,,
126,63,"(179, 179, 179, 151)",151,>=32,4,True,False,True,0,achromatic,,
127,63,"(6, 6, 6, 38)",38,>=32,4,True,False,True,0,achromatic,,
128,63,"(0, 0, 0, 10)",10,8-15,4,True,False,False,0,not-sampled,,
129,63,"(0, 0, 0, 16)",16,16-23,4,False,True,False,0,not-sampled,SAFE WORDMARK OWNERSHIP,one-hop attachment to already-confirmed safe wordmark AA; frozen RGB/luma/alpha evidence passes; no chaining
130,63,"(0, 0, 0, 14)",14,8-15,4,False,True,False,0,not-sampled,AMBIGUOUS,local RGB continuity to preconfirmed wordmark fails frozen max-channel distance 18
131,63,"(0, 0, 0, 14)",14,8-15,4,False,True,False,0,not-sampled,AMBIGUOUS,local RGB continuity to preconfirmed wordmark fails frozen max-channel distance 18
132,63,"(0, 0, 0, 14)",14,8-15,4,False,True,False,0,not-sampled,AMBIGUOUS,local RGB continuity to preconfirmed wordmark fails frozen max-channel distance 18
133,63,"(0, 0, 0, 18)",18,16-23,4,False,True,False,0,not-sampled,AMBIGUOUS,local RGB continuity to preconfirmed wordmark fails frozen max-channel distance 18
135,63,"(94, 94, 94, 84)",84,>=32,4,True,False,True,0,achromatic,,
136,63,"(249, 249, 249, 250)",250,>=32,4,True,False,True,0,achromatic,,
137,63,"(219, 219, 219, 214)",214,>=32,4,True,False,True,0,achromatic,,
138,63,"(12, 12, 12, 20)",20,16-23,4,False,True,False,0,not-sampled,AMBIGUOUS,local RGB continuity to preconfirmed wordmark fails frozen max-channel distance 18
140,63,"(127, 127, 127, 46)",46,>=32,13,True,False,True,0,achromatic,,
141,63,"(237, 237, 237, 251)",251,>=32,13,True,False,True,0,achromatic,,
142,63,"(238, 238, 238, 221)",221,>=32,13,True,False,True,0,achromatic,,
143,63,"(0, 0, 0, 41)",41,>=32,13,True,False,True,0,achromatic,,
145,63,"(0, 0, 0, 19)",19,16-23,13,False,True,False,0,not-sampled,AMBIGUOUS,local RGB continuity to preconfirmed wordmark fails frozen max-channel distance 18
146,63,"(0, 0, 0, 13)",13,8-15,13,False,True,False,0,not-sampled,AMBIGUOUS,local RGB continuity to preconfirmed wordmark fails frozen max-channel distance 18
147,63,"(0, 0, 0, 14)",14,8-15,13,False,True,False,0,not-sampled,AMBIGUOUS,local RGB continuity to preconfirmed wordmark fails frozen max-channel distance 18
148,63,"(0, 0, 0, 14)",14,8-15,13,False,True,False,0,not-sampled,AMBIGUOUS,local RGB continuity to preconfirmed wordmark fails frozen max-channel distance 18
149,63,"(0, 0, 0, 16)",16,16-23,13,False,True,False,0,not-sampled,SAFE WORDMARK OWNERSHIP,one-hop attachment to already-confirmed safe wordmark AA; frozen RGB/luma/alpha evidence passes; no chaining
150,63,"(0, 0, 0, 10)",10,8-15,13,True,False,False,0,not-sampled,,
151,63,"(43, 43, 43, 53)",53,>=32,13,True,False,True,0,achromatic,,
152,63,"(193, 193, 193, 174)",174,>=32,13,True,False,True,0,achromatic,,
153,63,"(251, 251, 251, 253)",253,>=32,13,True,False,True,0,achromatic,,
154,63,"(244, 244, 244, 248)",248,>=32,13,True,False,True,0,achromatic,,
155,63,"(89, 85, 85, 60)",60,>=32,13,True,False,True,4,achromatic,,
157,63,"(0, 0, 0, 3)",3,1-3,13,False,True,False,0,not-sampled,AMBIGUOUS,alpha does not attenuate away from direct confirmed support
162,63,"(85, 85, 85, 3)",3,1-3,13,False,False,False,0,not-sampled,,
164,63,"(0, 0, 0, 20)",20,16-23,13,False,True,False,0,not-sampled,AMBIGUOUS,local RGB continuity to preconfirmed wordmark fails frozen max-channel distance 18
165,63,"(213, 213, 213, 180)",180,>=32,13,True,False,True,0,achromatic,,
166,63,"(255, 255, 255, 255)",255,>=32,13,True,False,True,0,achromatic,,
167,63,"(169, 169, 169, 89)",89,>=32,13,True,False,True,0,achromatic,,
169,63,"(255, 255, 255, 2)",2,1-3,13,False,True,False,0,not-sampled,AMBIGUOUS,alpha does not attenuate away from direct confirmed support
175,63,"(0, 0, 0, 4)",4,4-7,13,False,True,False,0,not-sampled,AMBIGUOUS,local RGB continuity to preconfirmed wordmark fails frozen max-channel distance 18
176,63,"(186, 186, 186, 176)",176,>=32,13,True,False,True,0,achromatic,,
177,63,"(249, 249, 249, 255)",255,>=32,13,True,False,True,0,achromatic,,
178,63,"(157, 157, 157, 125)",125,>=32,13,True,False,True,0,achromatic,,
180,63,"(191, 191, 191, 4)",4,4-7,13,False,False,False,0,not-sampled,,
186,63,"(0, 0, 0, 1)",1,1-3,13,False,False,False,0,not-sampled,,
187,63,"(255, 255, 255, 3)",3,1-3,13,False,False,False,0,not-sampled,,
189,63,"(204, 204, 204, 170)",170,>=32,13,True,False,True,0,achromatic,,
190,63,"(255, 255, 255, 255)",255,>=32,13,True,False,True,0,achromatic,,
191,63,"(152, 152, 152, 129)",129,>=32,13,True,False,True,0,achromatic,,
192,63,"(0, 0, 0, 2)",2,1-3,13,True,False,False,0,not-sampled,,
194,63,"(85, 85, 85, 39)",39,>=32,13,True,False,True,0,achromatic,,
195,63,"(227, 227, 227, 230)",230,>=32,13,True,False,True,0,achromatic,,
196,63,"(255, 255, 255, 255)",255,>=32,13,True,False,True,0,achromatic,,
197,63,"(202, 202, 202, 183)",183,>=32,13,True,False,True,0,achromatic,,
198,63,"(30, 30, 30, 51)",51,>=32,13,True,False,True,0,achromatic,,
199,63,"(0, 0, 0, 11)",11,8-15,13,True,False,False,0,not-sampled,,
200,63,"(0, 0, 0, 16)",16,16-23,13,False,True,False,0,not-sampled,SAFE WORDMARK OWNERSHIP,one-hop attachment to already-confirmed safe wordmark AA; frozen RGB/luma/alpha evidence passes; no chaining
201,63,"(0, 0, 0, 14)",14,8-15,13,False,True,False,0,not-sampled,AMBIGUOUS,local RGB continuity to preconfirmed wordmark fails frozen max-channel distance 18
202,63,"(0, 0, 0, 14)",14,8-15,13,False,True,False,0,not-sampled,AMBIGUOUS,local RGB continuity to preconfirmed wordmark fails frozen max-channel distance 18
203,63,"(0, 0, 0, 13)",13,8-15,13,False,True,False,0,not-sampled,AMBIGUOUS,local RGB continuity to preconfirmed wordmark fails frozen max-channel distance 18
204,63,"(0, 0, 0, 18)",18,16-23,13,False,True,False,0,not-sampled,SAFE WORDMARK OWNERSHIP,one-hop attachment to already-confirmed safe wordmark AA; frozen RGB/luma/alpha evidence passes; no chaining
205,63,"(0, 0, 0, 1)",1,1-3,13,True,False,False,0,not-sampled,,
206,63,"(0, 0, 0, 23)",23,16-23,13,True,False,False,0,not-sampled,,
207,63,"(238, 238, 238, 214)",214,>=32,13,True,False,True,0,achromatic,,
208,63,"(255, 255, 255, 255)",255,>=32,13,True,False,True,0,achromatic,,
209,63,"(125, 121, 121, 67)",67,>=32,13,True,False,True,4,achromatic,,
64,64,"(127, 127, 127, 2)",2,1-3,12,True,False,False,0,not-sampled,,
66,64,"(113, 113, 113, 72)",72,>=32,12,True,False,True,0,achromatic,,
67,64,"(228, 228, 228, 235)",235,>=32,12,True,False,True,0,achromatic,,
68,64,"(255, 255, 255, 255)",255,>=32,12,True,False,True,0,achromatic,,
69,64,"(247, 247, 247, 244)",244,>=32,12,True,False,True,0,achromatic,,
70,64,"(226, 226, 226, 215)",215,>=32,12,True,False,True,0,achromatic,,
71,64,"(214, 214, 214, 201)",201,>=32,12,True,False,True,0,achromatic,,
72,64,"(216, 216, 216, 204)",204,>=32,12,True,False,True,0,achromatic,,
73,64,"(216, 216, 216, 203)",203,>=32,12,True,False,True,0,achromatic,,
74,64,"(216, 216, 216, 203)",203,>=32,12,True,False,True,0,achromatic,,
75,64,"(216, 216, 216, 203)",203,>=32,12,True,False,True,0,achromatic,,
76,64,"(218, 218, 218, 203)",203,>=32,12,True,False,True,0,achromatic,,
77,64,"(213, 213, 213, 199)",199,>=32,12,True,False,True,0,achromatic,,
78,64,"(241, 241, 241, 234)",234,>=32,12,True,False,True,0,achromatic,,
79,64,"(255, 255, 255, 255)",255,>=32,12,True,False,True,0,achromatic,,
80,64,"(121, 121, 121, 86)",86,>=32,12,True,False,True,0,achromatic,,
82,64,"(58, 58, 58, 26)",26,24-31,4,False,True,False,0,not-sampled,AMBIGUOUS,local RGB continuity to preconfirmed wordmark fails frozen max-channel distance 18
83,64,"(224, 224, 224, 224)",224,>=32,4,True,False,True,0,achromatic,,
84,64,"(246, 246, 246, 243)",243,>=32,4,True,False,True,0,achromatic,,
85,64,"(62, 62, 62, 74)",74,>=32,4,True,False,True,0,achromatic,,
87,64,"(51, 51, 51, 5)",5,4-7,4,False,False,False,0,not-sampled,,
94,64,"(51, 51, 51, 5)",5,4-7,4,False,False,False,0,not-sampled,,
96,64,"(45, 45, 45, 67)",67,>=32,4,True,False,True,0,achromatic,,
97,64,"(242, 242, 242, 237)",237,>=32,4,True,False,True,0,achromatic,,
98,64,"(234, 234, 234, 240)",240,>=32,4,True,False,True,0,achromatic,,
99,64,"(90, 90, 90, 34)",34,>=32,4,True,False,True,0,achromatic,,
101,64,"(104, 104, 104, 76)",76,>=32,4,True,False,True,0,achromatic,,
102,64,"(255, 255, 255, 255)",255,>=32,4,True,False,True,0,achromatic,,
103,64,"(241, 241, 241, 219)",219,>=32,4,True,False,True,0,achromatic,,
104,64,"(0, 0, 0, 19)",19,16-23,4,False,True,False,0,not-sampled,SAFE WORDMARK OWNERSHIP,one-hop attachment to already-confirmed safe wordmark AA; frozen RGB/luma/alpha evidence passes; no chaining
105,64,"(255, 255, 255, 2)",2,1-3,4,False,True,False,0,not-sampled,AMBIGUOUS,local RGB continuity to preconfirmed wordmark fails frozen max-channel distance 18
106,64,"(0, 0, 0, 3)",3,1-3,4,False,False,False,0,not-sampled,,
107,64,"(85, 85, 85, 3)",3,1-3,4,False,False,False,0,not-sampled,,
109,64,"(0, 0, 0, 23)",23,16-23,4,False,True,False,0,not-sampled,AMBIGUOUS,local RGB continuity to preconfirmed wordmark fails frozen max-channel distance 18
110,64,"(216, 216, 216, 185)",185,>=32,4,True,False,True,0,achromatic,,
111,64,"(255, 255, 255, 255)",255,>=32,4,True,False,True,0,achromatic,,
112,64,"(172, 172, 172, 87)",87,>=32,4,True,False,True,0,achromatic,,
114,64,"(255, 255, 255, 2)",2,1-3,4,False,False,False,0,not-sampled,,
116,64,"(0, 0, 0, 4)",4,4-7,4,False,False,False,0,not-sampled,,
118,64,"(136, 136, 136, 120)",120,>=32,4,True,False,True,0,achromatic,,
119,64,"(254, 254, 254, 255)",255,>=32,4,True,False,True,0,achromatic,,
120,64,"(199, 199, 199, 179)",179,>=32,4,True,False,True,0,achromatic,,
123,64,"(0, 0, 0, 9)",9,8-15,4,True,False,False,0,not-sampled,,
124,64,"(176, 176, 176, 146)",146,>=32,4,True,False,True,0,achromatic,,
125,64,"(255, 255, 255, 255)",255,>=32,4,True,False,True,0,achromatic,,
126,64,"(254, 254, 254, 255)",255,>=32,4,True,False,True,0,achromatic,,
127,64,"(241, 241, 241, 234)",234,>=32,4,True,False,True,0,achromatic,,
128,64,"(216, 216, 216, 204)",204,>=32,4,True,False,True,0,achromatic,,
129,64,"(216, 216, 216, 203)",203,>=32,4,True,False,True,0,achromatic,,
130,64,"(216, 216, 216, 203)",203,>=32,4,True,False,True,0,achromatic,,
131,64,"(216, 216, 216, 203)",203,>=32,4,True,False,True,0,achromatic,,
132,64,"(216, 216, 216, 203)",203,>=32,4,True,False,True,0,achromatic,,
133,64,"(216, 216, 216, 203)",203,>=32,4,True,False,True,0,achromatic,,
134,64,"(215, 215, 215, 202)",202,>=32,4,True,False,True,0,achromatic,,
135,64,"(221, 221, 221, 213)",213,>=32,4,True,False,True,0,achromatic,,
136,64,"(254, 254, 254, 255)",255,>=32,4,True,False,True,0,achromatic,,
137,64,"(218, 218, 218, 211)",211,>=32,4,True,False,True,0,achromatic,,
138,64,"(24, 24, 24, 21)",21,16-23,4,False,True,False,0,not-sampled,AMBIGUOUS,local RGB continuity to preconfirmed wordmark fails frozen max-channel distance 18
140,64,"(142, 142, 142, 50)",50,>=32,13,True,False,True,0,achromatic,,
141,64,"(243, 243, 243, 254)",254,>=32,13,True,False,True,0,achromatic,,
142,64,"(250, 250, 250, 244)",244,>=32,13,True,False,True,0,achromatic,,
143,64,"(217, 217, 217, 206)",206,>=32,13,True,False,True,0,achromatic,,
144,64,"(217, 217, 217, 202)",202,>=32,13,True,False,True,0,achromatic,,
145,64,"(216, 216, 216, 204)",204,>=32,13,True,False,True,0,achromatic,,
146,64,"(216, 216, 216, 203)",203,>=32,13,True,False,True,0,achromatic,,
147,64,"(216, 216, 216, 203)",203,>=32,13,True,False,True,0,achromatic,,
148,64,"(217, 217, 217, 203)",203,>=32,13,True,False,True,0,achromatic,,
149,64,"(216, 216, 216, 203)",203,>=32,13,True,False,True,0,achromatic,,
150,64,"(218, 218, 218, 207)",207,>=32,13,True,False,True,0,achromatic,,
151,64,"(245, 245, 245, 241)",241,>=32,13,True,False,True,0,achromatic,,
152,64,"(255, 255, 255, 255)",255,>=32,13,True,False,True,0,achromatic,,
153,64,"(244, 244, 244, 247)",247,>=32,13,True,False,True,0,achromatic,,
154,64,"(137, 137, 137, 113)",113,>=32,13,True,False,True,0,achromatic,,
155,64,"(0, 0, 0, 1)",1,1-3,13,True,False,False,0,not-sampled,,
156,64,"(0, 0, 0, 1)",1,1-3,13,True,False,False,0,not-sampled,,
162,64,"(85, 85, 85, 3)",3,1-3,13,False,False,False,0,not-sampled,,
164,64,"(0, 0, 0, 20)",20,16-23,13,False,True,False,0,not-sampled,AMBIGUOUS,local RGB continuity to preconfirmed wordmark fails frozen max-channel distance 18
165,64,"(213, 213, 213, 180)",180,>=32,13,True,False,True,0,achromatic,,
166,64,"(255, 255, 255, 255)",255,>=32,13,True,False,True,0,achromatic,,
167,64,"(166, 166, 166, 89)",89,>=32,13,True,False,True,0,achromatic,,
169,64,"(255, 255, 255, 2)",2,1-3,13,False,False,False,0,not-sampled,,
175,64,"(0, 0, 0, 4)",4,4-7,13,False,True,False,0,not-sampled,AMBIGUOUS,local RGB continuity to preconfirmed wordmark fails frozen max-channel distance 18
176,64,"(186, 186, 186, 176)",176,>=32,13,True,False,True,0,achromatic,,
177,64,"(249, 249, 249, 255)",255,>=32,13,True,False,True,0,achromatic,,
178,64,"(157, 157, 157, 125)",125,>=32,13,True,False,True,0,achromatic,,
180,64,"(191, 191, 191, 4)",4,4-7,13,False,False,False,0,not-sampled,,
186,64,"(0, 0, 0, 1)",1,1-3,13,False,False,False,0,not-sampled,,
187,64,"(255, 255, 255, 3)",3,1-3,13,False,False,False,0,not-sampled,,
189,64,"(204, 204, 204, 170)",170,>=32,13,True,False,True,0,achromatic,,
190,64,"(255, 255, 255, 255)",255,>=32,13,True,False,True,0,achromatic,,
191,64,"(152, 152, 152, 129)",129,>=32,13,True,False,True,0,achromatic,,
192,64,"(0, 0, 0, 2)",2,1-3,13,True,False,False,0,not-sampled,,
195,64,"(120, 120, 120, 89)",89,>=32,13,True,False,True,0,achromatic,,
196,64,"(235, 235, 235, 236)",236,>=32,13,True,False,True,0,achromatic,,
197,64,"(255, 255, 255, 255)",255,>=32,13,True,False,True,0,achromatic,,
198,64,"(245, 245, 245, 239)",239,>=32,13,True,False,True,0,achromatic,,
199,64,"(219, 219, 219, 206)",206,>=32,13,True,False,True,0,achromatic,,
200,64,"(216, 216, 216, 203)",203,>=32,13,True,False,True,0,achromatic,,
201,64,"(217, 217, 217, 203)",203,>=32,13,True,False,True,0,achromatic,,
202,64,"(216, 216, 216, 203)",203,>=32,13,True,False,True,0,achromatic,,
203,64,"(216, 216, 216, 203)",203,>=32,13,True,False,True,0,achromatic,,
204,64,"(216, 216, 216, 203)",203,>=32,13,True,False,True,0,achromatic,,
205,64,"(218, 218, 218, 203)",203,>=32,13,True,False,True,0,achromatic,,
206,64,"(210, 210, 210, 199)",199,>=32,13,True,False,True,0,achromatic,,
207,64,"(247, 247, 247, 241)",241,>=32,13,True,False,True,0,achromatic,,
208,64,"(255, 255, 255, 255)",255,>=32,13,True,False,True,0,achromatic,,
209,64,"(131, 127, 127, 68)",68,>=32,13,True,False,True,4,achromatic,,
65,65,"(127, 127, 127, 2)",2,1-3,12,True,False,False,0,not-sampled,,
67,65,"(73, 73, 73, 45)",45,>=32,12,True,False,True,0,achromatic,,
68,65,"(183, 183, 183, 178)",178,>=32,12,True,False,True,0,achromatic,,
69,65,"(248, 248, 248, 245)",245,>=32,12,True,False,True,0,achromatic,,
70,65,"(254, 254, 254, 255)",255,>=32,12,True,False,True,0,achromatic,,
71,65,"(252, 252, 252, 255)",255,>=32,12,True,False,True,0,achromatic,,
72,65,"(253, 253, 253, 255)",255,>=32,12,True,False,True,0,achromatic,,
73,65,"(253, 253, 253, 255)",255,>=32,12,True,False,True,0,achromatic,,
74,65,"(253, 253, 253, 255)",255,>=32,12,True,False,True,0,achromatic,,
75,65,"(253, 253, 253, 255)",255,>=32,12,True,False,True,0,achromatic,,
76,65,"(253, 253, 253, 255)",255,>=32,12,True,False,True,0,achromatic,,
77,65,"(253, 253, 253, 255)",255,>=32,12,True,False,True,0,achromatic,,
78,65,"(255, 255, 255, 252)",252,>=32,12,True,False,True,0,achromatic,,
79,65,"(255, 255, 255, 255)",255,>=32,12,True,False,True,0,achromatic,,
80,65,"(123, 123, 123, 85)",85,>=32,12,True,False,True,0,achromatic,,
82,65,"(68, 68, 68, 26)",26,24-31,4,False,True,False,0,not-sampled,AMBIGUOUS,local RGB continuity to preconfirmed wordmark fails frozen max-channel distance 18
83,65,"(231, 231, 231, 232)",232,>=32,4,True,False,True,0,achromatic,,
84,65,"(245, 245, 245, 243)",243,>=32,4,True,False,True,0,achromatic,,
85,65,"(62, 62, 62, 74)",74,>=32,4,True,False,True,0,achromatic,,
87,65,"(51, 51, 51, 5)",5,4-7,4,False,False,False,0,not-sampled,,
94,65,"(51, 51, 51, 5)",5,4-7,4,False,False,False,0,not-sampled,,
96,65,"(45, 45, 45, 67)",67,>=32,4,True,False,True,0,achromatic,,
97,65,"(242, 242, 242, 237)",237,>=32,4,True,False,True,0,achromatic,,
98,65,"(234, 234, 234, 240)",240,>=32,4,True,False,True,0,achromatic,,
99,65,"(90, 90, 90, 34)",34,>=32,4,True,False,True,0,achromatic,,
101,65,"(105, 105, 105, 75)",75,>=32,4,True,False,True,0,achromatic,,
102,65,"(255, 255, 255, 255)",255,>=32,4,True,False,True,0,achromatic,,
103,65,"(241, 241, 241, 219)",219,>=32,4,True,False,True,0,achromatic,,
104,65,"(0, 0, 0, 19)",19,16-23,4,False,True,False,0,not-sampled,AMBIGUOUS,local RGB continuity to preconfirmed wordmark fails frozen max-channel distance 18
105,65,"(255, 255, 255, 2)",2,1-3,4,False,False,False,0,not-sampled,,
106,65,"(0, 0, 0, 3)",3,1-3,4,False,False,False,0,not-sampled,,
107,65,"(85, 85, 85, 3)",3,1-3,4,False,False,False,0,not-sampled,,
109,65,"(0, 0, 0, 23)",23,16-23,4,False,True,False,0,not-sampled,AMBIGUOUS,local RGB continuity to preconfirmed wordmark fails frozen max-channel distance 18
110,65,"(216, 216, 216, 185)",185,>=32,4,True,False,True,0,achromatic,,
111,65,"(255, 255, 255, 255)",255,>=32,4,True,False,True,0,achromatic,,
112,65,"(172, 172, 172, 87)",87,>=32,4,True,False,True,0,achromatic,,
114,65,"(255, 255, 255, 2)",2,1-3,4,False,False,False,0,not-sampled,,
116,65,"(0, 0, 0, 4)",4,4-7,4,False,False,False,0,not-sampled,,
118,65,"(136, 136, 136, 120)",120,>=32,4,True,False,True,0,achromatic,,
119,65,"(254, 254, 254, 255)",255,>=32,4,True,False,True,0,achromatic,,
120,65,"(199, 199, 199, 179)",179,>=32,4,True,False,True,0,achromatic,,
122,65,"(170, 170, 170, 3)",3,1-3,4,False,True,False,0,not-sampled,AMBIGUOUS,local RGB continuity to preconfirmed wordmark fails frozen max-channel distance 18
124,65,"(0, 0, 0, 10)",10,8-15,4,True,False,False,0,not-sampled,,
125,65,"(122, 122, 122, 104)",104,>=32,4,True,False,True,0,achromatic,,
126,65,"(218, 218, 218, 210)",210,>=32,4,True,False,True,0,achromatic,,
127,65,"(254, 254, 254, 255)",255,>=32,4,True,False,True,0,achromatic,,
128,65,"(251, 252, 252, 255)",255,>=32,4,True,False,True,1,achromatic,,
129,65,"(253, 253, 253, 255)",255,>=32,4,True,False,True,0,achromatic,,
130,65,"(253, 253, 253, 255)",255,>=32,4,True,False,True,0,achromatic,,
131,65,"(253, 253, 253, 255)",255,>=32,4,True,False,True,0,achromatic,,
132,65,"(253, 253, 253, 255)",255,>=32,4,True,False,True,0,achromatic,,
133,65,"(253, 253, 253, 255)",255,>=32,4,True,False,True,0,achromatic,,
134,65,"(253, 253, 253, 255)",255,>=32,4,True,False,True,0,achromatic,,
135,65,"(254, 254, 254, 255)",255,>=32,4,True,False,True,0,achromatic,,
136,65,"(255, 255, 255, 255)",255,>=32,4,True,False,True,0,achromatic,,
137,65,"(217, 217, 217, 211)",211,>=32,4,True,False,True,0,achromatic,,
138,65,"(24, 24, 24, 21)",21,16-23,4,False,True,False,0,not-sampled,AMBIGUOUS,local RGB continuity to preconfirmed wordmark fails frozen max-channel distance 18
140,65,"(147, 147, 147, 50)",50,>=32,13,True,False,True,0,achromatic,,
141,65,"(242, 242, 242, 252)",252,>=32,13,True,False,True,0,achromatic,,
142,65,"(255, 255, 255, 253)",253,>=32,13,True,False,True,0,achromatic,,
143,65,"(253, 253, 253, 255)",255,>=32,13,True,False,True,0,achromatic,,
144,65,"(253, 253, 253, 255)",255,>=32,13,True,False,True,0,achromatic,,
145,65,"(253, 253, 253, 255)",255,>=32,13,True,False,True,0,achromatic,,
146,65,"(253, 253, 253, 255)",255,>=32,13,True,False,True,0,achromatic,,
147,65,"(253, 253, 253, 255)",255,>=32,13,True,False,True,0,achromatic,,
148,65,"(253, 253, 253, 255)",255,>=32,13,True,False,True,0,achromatic,,
149,65,"(253, 253, 253, 255)",255,>=32,13,True,False,True,0,achromatic,,
150,65,"(253, 253, 253, 255)",255,>=32,13,True,False,True,0,achromatic,,
151,65,"(252, 252, 252, 252)",252,>=32,13,True,False,True,0,achromatic,,
152,65,"(205, 205, 205, 195)",195,>=32,13,True,False,True,0,achromatic,,
153,65,"(101, 101, 101, 83)",83,>=32,13,True,False,True,0,achromatic,,
154,65,"(0, 0, 0, 2)",2,1-3,13,True,False,False,0,not-sampled,,
162,65,"(85, 85, 85, 3)",3,1-3,13,False,False,False,0,not-sampled,,
164,65,"(0, 0, 0, 20)",20,16-23,13,False,True,False,0,not-sampled,AMBIGUOUS,local RGB continuity to preconfirmed wordmark fails frozen max-channel distance 18
165,65,"(213, 213, 213, 180)",180,>=32,13,True,False,True,0,achromatic,,
166,65,"(255, 255, 255, 255)",255,>=32,13,True,False,True,0,achromatic,,
167,65,"(166, 166, 166, 89)",89,>=32,13,True,False,True,0,achromatic,,
169,65,"(255, 255, 255, 2)",2,1-3,13,False,False,False,0,not-sampled,,
175,65,"(0, 0, 0, 4)",4,4-7,13,False,True,False,0,not-sampled,SAFE WORDMARK OWNERSHIP,one-hop attachment to already-confirmed safe wordmark AA; frozen RGB/luma/alpha evidence passes; no chaining
176,65,"(186, 186, 186, 176)",176,>=32,13,True,False,True,0,achromatic,,
177,65,"(249, 249, 249, 255)",255,>=32,13,True,False,True,0,achromatic,,
178,65,"(157, 157, 157, 125)",125,>=32,13,True,False,True,0,achromatic,,
180,65,"(191, 191, 191, 4)",4,4-7,13,False,False,False,0,not-sampled,,
186,65,"(0, 0, 0, 1)",1,1-3,13,False,False,False,0,not-sampled,,
187,65,"(255, 255, 255, 3)",3,1-3,13,False,False,False,0,not-sampled,,
189,65,"(204, 204, 204, 170)",170,>=32,13,True,False,True,0,achromatic,,
190,65,"(255, 255, 255, 255)",255,>=32,13,True,False,True,0,achromatic,,
191,65,"(152, 152, 152, 129)",129,>=32,13,True,False,True,0,achromatic,,
192,65,"(0, 0, 0, 2)",2,1-3,13,True,False,False,0,not-sampled,,
193,65,"(0, 0, 0, 1)",1,1-3,13,False,True,False,0,not-sampled,SAFE WORDMARK OWNERSHIP,one-hop attachment to already-confirmed safe wordmark AA; frozen RGB/luma/alpha evidence passes; no chaining
195,65,"(102, 102, 102, 20)",20,16-23,13,True,False,False,0,not-sampled,,
196,65,"(212, 212, 212, 214)",214,>=32,13,True,False,True,0,achromatic,,
197,65,"(255, 255, 255, 255)",255,>=32,13,True,False,True,0,achromatic,,
198,65,"(255, 255, 255, 255)",255,>=32,13,True,False,True,0,achromatic,,
199,65,"(254, 254, 254, 255)",255,>=32,13,True,False,True,0,achromatic,,
200,65,"(253, 253, 253, 255)",255,>=32,13,True,False,True,0,achromatic,,
201,65,"(253, 253, 253, 255)",255,>=32,13,True,False,True,0,achromatic,,
202,65,"(253, 253, 253, 255)",255,>=32,13,True,False,True,0,achromatic,,
203,65,"(253, 253, 253, 255)",255,>=32,13,True,False,True,0,achromatic,,
204,65,"(253, 253, 253, 255)",255,>=32,13,True,False,True,0,achromatic,,
205,65,"(253, 253, 253, 255)",255,>=32,13,True,False,True,0,achromatic,,
206,65,"(253, 253, 253, 255)",255,>=32,13,True,False,True,0,achromatic,,
207,65,"(255, 255, 255, 252)",252,>=32,13,True,False,True,0,achromatic,,
208,65,"(255, 255, 255, 255)",255,>=32,13,True,False,True,0,achromatic,,
209,65,"(129, 129, 129, 69)",69,>=32,13,True,False,True,0,achromatic,,
66,66,"(0, 0, 0, 3)",3,1-3,12,True,False,False,0,not-sampled,,
68,66,"(0, 0, 0, 5)",5,4-7,12,True,False,False,0,not-sampled,,
69,66,"(60, 55, 55, 55)",55,>=32,12,True,False,True,5,achromatic,,
70,66,"(102, 102, 102, 92)",92,>=32,12,True,False,True,0,achromatic,,
71,66,"(93, 93, 93, 95)",95,>=32,12,True,False,True,0,achromatic,,
72,66,"(96, 96, 96, 95)",95,>=32,12,True,False,True,0,achromatic,,
73,66,"(96, 96, 96, 95)",95,>=32,12,True,False,True,0,achromatic,,
74,66,"(96, 96, 96, 95)",95,>=32,12,True,False,True,0,achromatic,,
75,66,"(98, 98, 98, 96)",96,>=32,12,True,False,True,0,achromatic,,
76,66,"(100, 100, 100, 96)",96,>=32,12,True,False,True,0,achromatic,,
77,66,"(103, 103, 103, 103)",103,>=32,12,True,False,True,0,achromatic,,
78,66,"(235, 235, 235, 221)",221,>=32,12,True,False,True,0,achromatic,,
79,66,"(255, 255, 255, 255)",255,>=32,12,True,False,True,0,achromatic,,
80,66,"(124, 124, 124, 86)",86,>=32,12,True,False,True,0,achromatic,,
82,66,"(68, 68, 68, 26)",26,24-31,4,False,True,False,0,not-sampled,AMBIGUOUS,local RGB continuity to preconfirmed wordmark fails frozen max-channel distance 18
83,66,"(233, 233, 233, 232)",232,>=32,4,True,False,True,0,achromatic,,
84,66,"(245, 245, 245, 243)",243,>=32,4,True,False,True,0,achromatic,,
85,66,"(62, 62, 62, 74)",74,>=32,4,True,False,True,0,achromatic,,
87,66,"(51, 51, 51, 5)",5,4-7,4,False,False,False,0,not-sampled,,
94,66,"(51, 51, 51, 5)",5,4-7,4,False,False,False,0,not-sampled,,
96,66,"(45, 45, 45, 67)",67,>=32,4,True,False,True,0,achromatic,,
97,66,"(242, 242, 242, 237)",237,>=32,4,True,False,True,0,achromatic,,
98,66,"(234, 234, 234, 240)",240,>=32,4,True,False,True,0,achromatic,,
99,66,"(90, 90, 90, 34)",34,>=32,4,True,False,True,0,achromatic,,
101,66,"(105, 105, 105, 75)",75,>=32,4,True,False,True,0,achromatic,,
102,66,"(255, 255, 255, 255)",255,>=32,4,True,False,True,0,achromatic,,
103,66,"(241, 241, 241, 219)",219,>=32,4,True,False,True,0,achromatic,,
104,66,"(0, 0, 0, 19)",19,16-23,4,False,True,False,0,not-sampled,AMBIGUOUS,local RGB continuity to preconfirmed wordmark fails frozen max-channel distance 18
105,66,"(255, 255, 255, 2)",2,1-3,4,False,False,False,0,not-sampled,,
106,66,"(0, 0, 0, 3)",3,1-3,4,False,False,False,0,not-sampled,,
107,66,"(85, 85, 85, 3)",3,1-3,4,False,False,False,0,not-sampled,,
109,66,"(0, 0, 0, 23)",23,16-23,4,False,True,False,0,not-sampled,AMBIGUOUS,local RGB continuity to preconfirmed wordmark fails frozen max-channel distance 18
110,66,"(216, 216, 216, 185)",185,>=32,4,True,False,True,0,achromatic,,
111,66,"(255, 255, 255, 255)",255,>=32,4,True,False,True,0,achromatic,,
112,66,"(172, 172, 172, 87)",87,>=32,4,True,False,True,0,achromatic,,
114,66,"(255, 255, 255, 2)",2,1-3,4,False,False,False,0,not-sampled,,
116,66,"(0, 0, 0, 4)",4,4-7,4,False,False,False,0,not-sampled,,
118,66,"(135, 135, 135, 119)",119,>=32,4,True,False,True,0,achromatic,,
119,66,"(254, 254, 254, 255)",255,>=32,4,True,False,True,0,achromatic,,
120,66,"(199, 199, 199, 179)",179,>=32,4,True,False,True,0,achromatic,,
122,66,"(255, 255, 255, 2)",2,1-3,4,False,False,False,0,not-sampled,,
126,66,"(0, 0, 0, 11)",11,8-15,4,True,False,False,0,not-sampled,,
127,66,"(71, 66, 66, 61)",61,>=32,4,True,False,True,5,achromatic,,
128,66,"(100, 103, 103, 94)",94,>=32,4,True,False,True,3,achromatic,,
129,66,"(96, 96, 96, 95)",95,>=32,4,True,False,True,0,achromatic,,
130,66,"(96, 96, 96, 95)",95,>=32,4,True,False,True,0,achromatic,,
131,66,"(96, 96, 96, 95)",95,>=32,4,True,False,True,0,achromatic,,
132,66,"(96, 96, 96, 95)",95,>=32,4,True,False,True,0,achromatic,,
133,66,"(98, 98, 98, 96)",96,>=32,4,True,False,True,0,achromatic,,
134,66,"(95, 95, 95, 93)",93,>=32,4,True,False,True,0,achromatic,,
135,66,"(136, 136, 136, 133)",133,>=32,4,True,False,True,0,achromatic,,
136,66,"(250, 250, 250, 251)",251,>=32,4,True,False,True,0,achromatic,,
137,66,"(219, 219, 219, 214)",214,>=32,4,True,False,True,0,achromatic,,
138,66,"(12, 12, 12, 20)",20,16-23,4,False,True,False,0,not-sampled,AMBIGUOUS,local RGB continuity to preconfirmed wordmark fails frozen max-channel distance 18
140,66,"(140, 140, 140, 49)",49,>=32,13,True,False,True,0,achromatic,,
141,66,"(248, 248, 248, 255)",255,>=32,13,True,False,True,0,achromatic,,
142,66,"(241, 241, 241, 231)",231,>=32,13,True,False,True,0,achromatic,,
143,66,"(117, 117, 117, 119)",119,>=32,13,True,False,True,0,achromatic,,
144,66,"(95, 95, 95, 93)",93,>=32,13,True,False,True,0,achromatic,,
145,66,"(100, 100, 100, 96)",96,>=32,13,True,False,True,0,achromatic,,
146,66,"(96, 96, 96, 95)",95,>=32,13,True,False,True,0,achromatic,,
147,66,"(96, 96, 96, 95)",95,>=32,13,True,False,True,0,achromatic,,
148,66,"(96, 96, 96, 95)",95,>=32,13,True,False,True,0,achromatic,,
149,66,"(93, 93, 93, 95)",95,>=32,13,True,False,True,0,achromatic,,
150,66,"(103, 103, 103, 91)",91,>=32,13,True,False,True,0,achromatic,,
151,66,"(55, 55, 55, 51)",51,>=32,13,True,False,True,0,achromatic,,
152,66,"(0, 0, 0, 5)",5,4-7,13,True,False,False,0,not-sampled,,
154,66,"(0, 0, 0, 2)",2,1-3,13,True,False,False,0,not-sampled,,
162,66,"(85, 85, 85, 3)",3,1-3,13,False,False,False,0,not-sampled,,
164,66,"(0, 0, 0, 20)",20,16-23,13,False,True,False,0,not-sampled,AMBIGUOUS,local RGB continuity to preconfirmed wordmark fails frozen max-channel distance 18
165,66,"(213, 213, 213, 180)",180,>=32,13,True,False,True,0,achromatic,,
166,66,"(255, 255, 255, 255)",255,>=32,13,True,False,True,0,achromatic,,
167,66,"(166, 166, 166, 89)",89,>=32,13,True,False,True,0,achromatic,,
169,66,"(255, 255, 255, 2)",2,1-3,13,False,False,False,0,not-sampled,,
175,66,"(0, 0, 0, 4)",4,4-7,13,True,False,False,0,not-sampled,,
176,66,"(186, 186, 186, 176)",176,>=32,13,True,False,True,0,achromatic,,
177,66,"(249, 249, 249, 255)",255,>=32,13,True,False,True,0,achromatic,,
178,66,"(156, 156, 156, 124)",124,>=32,13,True,False,True,0,achromatic,,
180,66,"(191, 191, 191, 4)",4,4-7,13,False,False,False,0,not-sampled,,
186,66,"(0, 0, 0, 1)",1,1-3,13,False,False,False,0,not-sampled,,
187,66,"(255, 255, 255, 3)",3,1-3,13,False,False,False,0,not-sampled,,
189,66,"(204, 204, 204, 170)",170,>=32,13,True,False,True,0,achromatic,,
190,66,"(255, 255, 255, 255)",255,>=32,13,True,False,True,0,achromatic,,
191,66,"(152, 152, 152, 129)",129,>=32,13,True,False,True,0,achromatic,,
192,66,"(0, 0, 0, 2)",2,1-3,13,True,False,False,0,not-sampled,,
194,66,"(0, 0, 0, 9)",9,8-15,13,True,False,False,0,not-sampled,,
195,66,"(177, 177, 177, 171)",171,>=32,13,True,False,True,0,achromatic,,
196,66,"(255, 255, 255, 255)",255,>=32,13,True,False,True,0,achromatic,,
197,66,"(243, 243, 243, 242)",242,>=32,13,True,False,True,0,achromatic,,
198,66,"(180, 180, 180, 157)",157,>=32,13,True,False,True,0,achromatic,,
199,66,"(102, 102, 102, 95)",95,>=32,13,True,False,True,0,achromatic,,
200,66,"(98, 98, 98, 96)",96,>=32,13,True,False,True,0,achromatic,,
201,66,"(96, 96, 96, 95)",95,>=32,13,True,False,True,0,achromatic,,
202,66,"(96, 96, 96, 95)",95,>=32,13,True,False,True,0,achromatic,,
203,66,"(96, 96, 96, 95)",95,>=32,13,True,False,True,0,achromatic,,
204,66,"(98, 98, 98, 96)",96,>=32,13,True,False,True,0,achromatic,,
205,66,"(100, 100, 100, 96)",96,>=32,13,True,False,True,0,achromatic,,
206,66,"(96, 96, 96, 100)",100,>=32,13,True,False,True,0,achromatic,,
207,66,"(240, 240, 240, 224)",224,>=32,13,True,False,True,0,achromatic,,
208,66,"(255, 255, 255, 255)",255,>=32,13,True,False,True,0,achromatic,,
209,66,"(127, 123, 123, 68)",68,>=32,13,True,False,True,4,achromatic,,
66,67,"(0, 0, 0, 1)",1,1-3,12,False,True,False,0,not-sampled,SAFE WORDMARK OWNERSHIP,one-hop attachment to already-confirmed safe wordmark AA; frozen RGB/luma/alpha evidence passes; no chaining
67,67,"(0, 0, 0, 3)",3,1-3,12,False,True,False,0,not-sampled,SAFE WORDMARK OWNERSHIP,one-hop attachment to already-confirmed safe wordmark AA; frozen RGB/luma/alpha evidence passes; no chaining
77,67,"(0, 0, 0, 14)",14,8-15,12,True,False,False,0,not-sampled,,
78,67,"(237, 237, 237, 209)",209,>=32,12,True,False,True,0,achromatic,,
79,67,"(255, 255, 255, 255)",255,>=32,12,True,False,True,0,achromatic,,
80,67,"(122, 122, 122, 81)",81,>=32,12,True,False,True,0,achromatic,,
82,67,"(68, 68, 68, 26)",26,24-31,4,False,True,False,0,not-sampled,AMBIGUOUS,local RGB continuity to preconfirmed wordmark fails frozen max-channel distance 18
83,67,"(233, 233, 233, 232)",232,>=32,4,True,False,True,0,achromatic,,
84,67,"(245, 245, 245, 243)",243,>=32,4,True,False,True,0,achromatic,,
85,67,"(62, 62, 62, 74)",74,>=32,4,True,False,True,0,achromatic,,
87,67,"(42, 42, 42, 6)",6,4-7,4,False,False,False,0,not-sampled,,
88,67,"(0, 0, 0, 1)",1,1-3,4,False,False,False,0,not-sampled,,
89,67,"(0, 0, 0, 1)",1,1-3,4,False,False,False,0,not-sampled,,
90,67,"(0, 0, 0, 1)",1,1-3,4,False,False,False,0,not-sampled,,
91,67,"(0, 0, 0, 1)",1,1-3,4,False,False,False,0,not-sampled,,
92,67,"(0, 0, 0, 1)",1,1-3,4,False,False,False,0,not-sampled,,
93,67,"(0, 0, 0, 1)",1,1-3,4,False,False,False,0,not-sampled,,
94,67,"(42, 42, 42, 6)",6,4-7,4,False,False,False,0,not-sampled,,
96,67,"(45, 45, 45, 68)",68,>=32,4,True,False,True,0,achromatic,,
97,67,"(242, 242, 242, 237)",237,>=32,4,True,False,True,0,achromatic,,
98,67,"(234, 234, 234, 240)",240,>=32,4,True,False,True,0,achromatic,,
99,67,"(90, 90, 90, 34)",34,>=32,4,True,False,True,0,achromatic,,
101,67,"(105, 105, 105, 75)",75,>=32,4,True,False,True,0,achromatic,,
102,67,"(255, 255, 255, 255)",255,>=32,4,True,False,True,0,achromatic,,
103,67,"(241, 241, 241, 219)",219,>=32,4,True,False,True,0,achromatic,,
104,67,"(0, 0, 0, 19)",19,16-23,4,False,True,False,0,not-sampled,AMBIGUOUS,local RGB continuity to preconfirmed wordmark fails frozen max-channel distance 18
105,67,"(255, 255, 255, 2)",2,1-3,4,False,False,False,0,not-sampled,,
106,67,"(0, 0, 0, 3)",3,1-3,4,False,False,False,0,not-sampled,,
107,67,"(85, 85, 85, 3)",3,1-3,4,False,False,False,0,not-sampled,,
109,67,"(0, 0, 0, 23)",23,16-23,4,False,True,False,0,not-sampled,AMBIGUOUS,local RGB continuity to preconfirmed wordmark fails frozen max-channel distance 18
110,67,"(216, 216, 216, 185)",185,>=32,4,True,False,True,0,achromatic,,
111,67,"(255, 255, 255, 255)",255,>=32,4,True,False,True,0,achromatic,,
112,67,"(172, 172, 172, 87)",87,>=32,4,True,False,True,0,achromatic,,
114,67,"(255, 255, 255, 2)",2,1-3,4,False,False,False,0,not-sampled,,
116,67,"(0, 0, 0, 4)",4,4-7,4,False,False,False,0,not-sampled,,
118,67,"(126, 126, 126, 103)",103,>=32,4,True,False,True,0,achromatic,,
119,67,"(253, 253, 253, 255)",255,>=32,4,True,False,True,0,achromatic,,
120,67,"(199, 199, 199, 179)",179,>=32,4,True,False,True,0,achromatic,,
122,67,"(255, 255, 255, 2)",2,1-3,4,False,False,False,0,not-sampled,,
124,67,"(0, 0, 0, 1)",1,1-3,4,False,False,False,0,not-sampled,,
125,67,"(0, 0, 0, 2)",2,1-3,4,False,True,False,0,not-sampled,SAFE WORDMARK OWNERSHIP,one-hop attachment to already-confirmed safe wordmark AA; frozen RGB/luma/alpha evidence passes; no chaining
135,67,"(80, 80, 80, 73)",73,>=32,4,True,False,True,0,achromatic,,
136,67,"(249, 249, 249, 248)",248,>=32,4,True,False,True,0,achromatic,,
137,67,"(220, 220, 220, 213)",213,>=32,4,True,False,True,0,achromatic,,
138,67,"(13, 13, 13, 19)",19,16-23,4,False,True,False,0,not-sampled,SAFE WORDMARK OWNERSHIP,one-hop attachment to already-confirmed safe wordmark AA; frozen RGB/luma/alpha evidence passes; no chaining
140,67,"(121, 121, 121, 46)",46,>=32,13,True,False,True,0,achromatic,,
141,67,"(239, 239, 239, 252)",252,>=32,13,True,False,True,0,achromatic,,
142,67,"(240, 240, 240, 215)",215,>=32,13,True,False,True,0,achromatic,,
143,67,"(0, 0, 0, 27)",27,24-31,13,True,False,False,0,not-sampled,,
153,67,"(0, 0, 0, 3)",3,1-3,13,False,True,False,0,not-sampled,SAFE WORDMARK OWNERSHIP,one-hop attachment to already-confirmed safe wordmark AA; frozen RGB/luma/alpha evidence passes; no chaining
162,67,"(85, 85, 85, 3)",3,1-3,13,False,False,False,0,not-sampled,,
164,67,"(0, 0, 0, 20)",20,16-23,13,False,True,False,0,not-sampled,AMBIGUOUS,local RGB continuity to preconfirmed wordmark fails frozen max-channel distance 18
165,67,"(213, 213, 213, 180)",180,>=32,13,True,False,True,0,achromatic,,
166,67,"(255, 255, 255, 255)",255,>=32,13,True,False,True,0,achromatic,,
167,67,"(166, 166, 166, 89)",89,>=32,13,True,False,True,0,achromatic,,
169,67,"(255, 255, 255, 2)",2,1-3,13,False,False,False,0,not-sampled,,
174,67,"(0, 0, 0, 1)",1,1-3,13,False,True,False,0,not-sampled,SAFE WORDMARK OWNERSHIP,one-hop attachment to already-confirmed safe wordmark AA; frozen RGB/luma/alpha evidence passes; no chaining
175,67,"(0, 0, 0, 3)",3,1-3,13,True,False,False,0,not-sampled,,
176,67,"(169, 169, 169, 164)",164,>=32,13,True,False,True,0,achromatic,,
177,67,"(253, 253, 253, 255)",255,>=32,13,True,False,True,0,achromatic,,
178,67,"(177, 177, 177, 142)",142,>=32,13,True,False,True,0,achromatic,,
180,67,"(204, 204, 204, 5)",5,4-7,13,False,False,False,0,not-sampled,,
181,67,"(0, 0, 0, 1)",1,1-3,13,False,False,False,0,not-sampled,,
182,67,"(0, 0, 0, 1)",1,1-3,13,False,False,False,0,not-sampled,,
183,67,"(0, 0, 0, 1)",1,1-3,13,False,False,False,0,not-sampled,,
184,67,"(0, 0, 0, 1)",1,1-3,13,False,False,False,0,not-sampled,,
185,67,"(0, 0, 0, 1)",1,1-3,13,False,False,False,0,not-sampled,,
186,67,"(0, 0, 0, 2)",2,1-3,13,False,False,False,0,not-sampled,,
187,67,"(255, 255, 255, 3)",3,1-3,13,False,False,False,0,not-sampled,,
189,67,"(204, 204, 204, 170)",170,>=32,13,True,False,True,0,achromatic,,
190,67,"(255, 255, 255, 255)",255,>=32,13,True,False,True,0,achromatic,,
191,67,"(152, 152, 152, 129)",129,>=32,13,True,False,True,0,achromatic,,
192,67,"(0, 0, 0, 1)",1,1-3,13,True,False,False,0,not-sampled,,
194,67,"(129, 129, 129, 110)",110,>=32,13,True,False,True,0,achromatic,,
195,67,"(255, 255, 255, 255)",255,>=32,13,True,False,True,0,achromatic,,
196,67,"(240, 240, 240, 241)",241,>=32,13,True,False,True,0,achromatic,,
197,67,"(124, 124, 124, 100)",100,>=32,13,True,False,True,0,achromatic,,
199,67,"(255, 255, 255, 1)",1,1-3,13,False,True,False,0,not-sampled,AMBIGUOUS,local RGB continuity to preconfirmed wordmark fails frozen max-channel distance 18
206,67,"(0, 0, 0, 9)",9,8-15,13,True,False,False,0,not-sampled,,
207,67,"(242, 242, 242, 207)",207,>=32,13,True,False,True,0,achromatic,,
208,67,"(255, 255, 255, 255)",255,>=32,13,True,False,True,0,achromatic,,
209,67,"(125, 121, 121, 67)",67,>=32,13,True,False,True,4,achromatic,,
69,68,"(255, 255, 255, 1)",1,1-3,12,False,True,False,0,not-sampled,AMBIGUOUS,local RGB continuity to preconfirmed wordmark fails frozen max-channel distance 18
70,68,"(127, 127, 127, 2)",2,1-3,12,False,False,False,0,not-sampled,,
71,68,"(127, 127, 127, 2)",2,1-3,12,False,False,False,0,not-sampled,,
72,68,"(127, 127, 127, 2)",2,1-3,12,False,False,False,0,not-sampled,,
73,68,"(127, 127, 127, 2)",2,1-3,12,False,True,False,0,not-sampled,AMBIGUOUS,local RGB continuity to preconfirmed wordmark fails frozen max-channel distance 18
74,68,"(127, 127, 127, 2)",2,1-3,12,False,True,False,0,not-sampled,AMBIGUOUS,local RGB continuity to preconfirmed wordmark fails frozen max-channel distance 18
75,68,"(191, 191, 191, 4)",4,4-7,12,True,False,False,0,not-sampled,,
77,68,"(121, 121, 121, 99)",99,>=32,12,True,False,True,0,achromatic,,
78,68,"(244, 244, 244, 242)",242,>=32,12,True,False,True,0,achromatic,,
79,68,"(230, 230, 230, 236)",236,>=32,12,True,False,True,0,achromatic,,
80,68,"(100, 100, 100, 33)",33,>=32,12,True,False,True,0,achromatic,,
82,68,"(66, 66, 66, 27)",27,24-31,4,False,True,False,0,not-sampled,AMBIGUOUS,local RGB continuity to preconfirmed wordmark fails frozen max-channel distance 18
83,68,"(233, 233, 233, 233)",233,>=32,4,True,False,True,0,achromatic,,
84,68,"(245, 245, 245, 243)",243,>=32,4,True,False,True,0,achromatic,,
85,68,"(62, 62, 62, 74)",74,>=32,4,True,False,True,0,achromatic,,
87,68,"(127, 127, 127, 4)",4,4-7,4,False,True,False,0,not-sampled,AMBIGUOUS,local RGB continuity to preconfirmed wordmark fails frozen max-channel distance 18
88,68,"(255, 255, 255, 1)",1,1-3,4,False,True,False,0,not-sampled,AMBIGUOUS,local RGB continuity to preconfirmed wordmark fails frozen max-channel distance 18
89,68,"(255, 255, 255, 1)",1,1-3,4,False,False,False,0,not-sampled,,
90,68,"(255, 255, 255, 1)",1,1-3,4,False,False,False,0,not-sampled,,
91,68,"(255, 255, 255, 1)",1,1-3,4,False,False,False,0,not-sampled,,
92,68,"(255, 255, 255, 1)",1,1-3,4,False,False,False,0,not-sampled,,
93,68,"(255, 255, 255, 1)",1,1-3,4,False,True,False,0,not-sampled,AMBIGUOUS,local RGB continuity to preconfirmed wordmark fails frozen max-channel distance 18
94,68,"(127, 127, 127, 4)",4,4-7,4,False,True,False,0,not-sampled,AMBIGUOUS,local RGB continuity to preconfirmed wordmark fails frozen max-channel distance 18
96,68,"(47, 47, 47, 65)",65,>=32,4,True,False,True,0,achromatic,,
97,68,"(242, 242, 242, 237)",237,>=32,4,True,False,True,0,achromatic,,
98,68,"(234, 234, 234, 240)",240,>=32,4,True,False,True,0,achromatic,,
99,68,"(90, 90, 90, 34)",34,>=32,4,True,False,True,0,achromatic,,
101,68,"(105, 105, 105, 75)",75,>=32,4,True,False,True,0,achromatic,,
102,68,"(255, 255, 255, 255)",255,>=32,4,True,False,True,0,achromatic,,
103,68,"(241, 241, 241, 219)",219,>=32,4,True,False,True,0,achromatic,,
104,68,"(0, 0, 0, 19)",19,16-23,4,False,True,False,0,not-sampled,AMBIGUOUS,local RGB continuity to preconfirmed wordmark fails frozen max-channel distance 18
105,68,"(255, 255, 255, 2)",2,1-3,4,False,False,False,0,not-sampled,,
106,68,"(0, 0, 0, 3)",3,1-3,4,False,False,False,0,not-sampled,,
107,68,"(85, 85, 85, 3)",3,1-3,4,False,False,False,0,not-sampled,,
109,68,"(0, 0, 0, 23)",23,16-23,4,False,True,False,0,not-sampled,AMBIGUOUS,local RGB continuity to preconfirmed wordmark fails frozen max-channel distance 18
110,68,"(216, 216, 216, 185)",185,>=32,4,True,False,True,0,achromatic,,
111,68,"(255, 255, 255, 255)",255,>=32,4,True,False,True,0,achromatic,,
112,68,"(172, 172, 172, 87)",87,>=32,4,True,False,True,0,achromatic,,
114,68,"(255, 255, 255, 2)",2,1-3,4,False,False,False,0,not-sampled,,
116,68,"(0, 0, 0, 4)",4,4-7,4,False,False,False,0,not-sampled,,
118,68,"(125, 125, 125, 104)",104,>=32,4,True,False,True,0,achromatic,,
119,68,"(253, 253, 253, 255)",255,>=32,4,True,False,True,0,achromatic,,
120,68,"(199, 199, 199, 179)",179,>=32,4,True,False,True,0,achromatic,,
122,68,"(255, 255, 255, 2)",2,1-3,4,False,False,False,0,not-sampled,,
126,68,"(0, 0, 0, 1)",1,1-3,4,False,True,False,0,not-sampled,AMBIGUOUS,alpha does not attenuate away from direct confirmed support
127,68,"(255, 255, 255, 1)",1,1-3,4,False,True,False,0,not-sampled,AMBIGUOUS,local RGB continuity to preconfirmed wordmark fails frozen max-channel distance 18
128,68,"(127, 127, 127, 2)",2,1-3,4,False,False,False,0,not-sampled,,
129,68,"(127, 127, 127, 2)",2,1-3,4,False,False,False,0,not-sampled,,
130,68,"(127, 127, 127, 2)",2,1-3,4,False,False,False,0,not-sampled,,
131,68,"(127, 127, 127, 2)",2,1-3,4,False,True,False,0,not-sampled,AMBIGUOUS,local RGB continuity to preconfirmed wordmark fails frozen max-channel distance 18
132,68,"(127, 127, 127, 2)",2,1-3,4,False,True,False,0,not-sampled,AMBIGUOUS,local RGB continuity to preconfirmed wordmark fails frozen max-channel distance 18
133,68,"(0, 0, 0, 1)",1,1-3,4,True,False,False,0,not-sampled,,
134,68,"(0, 0, 0, 4)",4,4-7,4,True,False,False,0,not-sampled,,
135,68,"(190, 190, 190, 167)",167,>=32,4,True,False,True,0,achromatic,,
136,68,"(255, 255, 255, 255)",255,>=32,4,True,False,True,0,achromatic,,
137,68,"(180, 180, 180, 172)",172,>=32,4,True,False,True,0,achromatic,,
138,68,"(0, 0, 0, 1)",1,1-3,4,True,False,False,0,not-sampled,,
140,68,"(138, 138, 138, 48)",48,>=32,13,True,False,True,0,achromatic,,
141,68,"(252, 252, 252, 255)",255,>=32,13,True,False,True,0,achromatic,,
142,68,"(237, 237, 237, 222)",222,>=32,13,True,False,True,0,achromatic,,
143,68,"(20, 20, 20, 49)",49,>=32,13,True,False,True,0,achromatic,,
144,68,"(255, 255, 255, 1)",1,1-3,13,False,True,False,0,not-sampled,AMBIGUOUS,local RGB continuity to preconfirmed wordmark fails frozen max-channel distance 18
145,68,"(36, 36, 36, 7)",7,4-7,13,False,False,False,0,not-sampled,,
146,68,"(0, 0, 0, 4)",4,4-7,13,False,False,False,0,not-sampled,,
147,68,"(0, 0, 0, 4)",4,4-7,13,False,False,False,0,not-sampled,,
148,68,"(0, 0, 0, 4)",4,4-7,13,False,False,False,0,not-sampled,,
149,68,"(0, 0, 0, 4)",4,4-7,13,False,False,False,0,not-sampled,,
150,68,"(0, 0, 0, 4)",4,4-7,13,False,False,False,0,not-sampled,,
151,68,"(0, 0, 0, 3)",3,1-3,13,False,False,False,0,not-sampled,,
152,68,"(0, 0, 0, 1)",1,1-3,13,False,False,False,0,not-sampled,,
162,68,"(85, 85, 85, 3)",3,1-3,13,False,False,False,0,not-sampled,,
164,68,"(0, 0, 0, 20)",20,16-23,13,False,True,False,0,not-sampled,AMBIGUOUS,local RGB continuity to preconfirmed wordmark fails frozen max-channel distance 18
165,68,"(213, 213, 213, 180)",180,>=32,13,True,False,True,0,achromatic,,
166,68,"(255, 255, 255, 255)",255,>=32,13,True,False,True,0,achromatic,,
167,68,"(167, 167, 167, 90)",90,>=32,13,True,False,True,0,achromatic,,
169,68,"(255, 255, 255, 2)",2,1-3,13,False,False,False,0,not-sampled,,
174,68,"(0, 0, 0, 1)",1,1-3,13,False,True,False,0,not-sampled,SAFE WORDMARK OWNERSHIP,one-hop attachment to already-confirmed safe wordmark AA; frozen RGB/luma/alpha evidence passes; no chaining
175,68,"(0, 0, 0, 1)",1,1-3,13,True,False,False,0,not-sampled,,
176,68,"(140, 140, 140, 118)",118,>=32,13,True,False,True,0,achromatic,,
177,68,"(255, 255, 255, 255)",255,>=32,13,True,False,True,0,achromatic,,
178,68,"(227, 227, 227, 206)",206,>=32,13,True,False,True,0,achromatic,,
179,68,"(11, 11, 11, 23)",23,16-23,13,False,True,False,0,not-sampled,AMBIGUOUS,local RGB continuity to preconfirmed wordmark fails frozen max-channel distance 18
181,68,"(127, 127, 127, 2)",2,1-3,13,False,True,False,0,not-sampled,AMBIGUOUS,local RGB continuity to preconfirmed wordmark fails frozen max-channel distance 18
182,68,"(255, 255, 255, 1)",1,1-3,13,False,True,False,0,not-sampled,AMBIGUOUS,local RGB continuity to preconfirmed wordmark fails frozen max-channel distance 18
183,68,"(255, 255, 255, 1)",1,1-3,13,False,False,False,0,not-sampled,,
184,68,"(255, 255, 255, 1)",1,1-3,13,False,False,False,0,not-sampled,,
185,68,"(255, 255, 255, 1)",1,1-3,13,False,False,False,0,not-sampled,,
186,68,"(127, 127, 127, 2)",2,1-3,13,False,True,False,0,not-sampled,AMBIGUOUS,local RGB continuity to preconfirmed wordmark fails frozen max-channel distance 18
187,68,"(255, 255, 255, 3)",3,1-3,13,False,True,False,0,not-sampled,AMBIGUOUS,local RGB continuity to preconfirmed wordmark fails frozen max-channel distance 18
189,68,"(203, 203, 203, 169)",169,>=32,13,True,False,True,0,achromatic,,
190,68,"(255, 255, 255, 255)",255,>=32,13,True,False,True,0,achromatic,,
191,68,"(152, 152, 152, 129)",129,>=32,13,True,False,True,0,achromatic,,
193,68,"(0, 0, 0, 4)",4,4-7,13,True,False,False,0,not-sampled,,
194,68,"(200, 200, 200, 191)",191,>=32,13,True,False,True,0,achromatic,,
195,68,"(253, 253, 253, 253)",253,>=32,13,True,False,True,0,achromatic,,
196,68,"(182, 182, 182, 147)",147,>=32,13,True,False,True,0,achromatic,,
198,68,"(145, 145, 145, 7)",7,4-7,13,True,False,False,0,not-sampled,,
199,68,"(0, 0, 0, 3)",3,1-3,13,False,True,False,0,not-sampled,AMBIGUOUS,local RGB continuity to preconfirmed wordmark fails frozen max-channel distance 18
200,68,"(0, 0, 0, 4)",4,4-7,13,False,False,False,0,not-sampled,,
201,68,"(0, 0, 0, 4)",4,4-7,13,False,False,False,0,not-sampled,,
202,68,"(0, 0, 0, 4)",4,4-7,13,False,False,False,0,not-sampled,,
203,68,"(0, 0, 0, 4)",4,4-7,13,False,False,False,0,not-sampled,,
204,68,"(42, 42, 42, 6)",6,4-7,13,False,False,False,0,not-sampled,,
205,68,"(255, 255, 255, 1)",1,1-3,13,False,True,False,0,not-sampled,AMBIGUOUS,local RGB continuity to preconfirmed wordmark fails frozen max-channel distance 18
206,68,"(0, 0, 0, 32)",32,>=32,13,True,False,True,0,achromatic,,
207,68,"(237, 237, 237, 216)",216,>=32,13,True,False,True,0,achromatic,,
208,68,"(255, 255, 255, 255)",255,>=32,13,True,False,True,0,achromatic,,
209,68,"(125, 121, 121, 67)",67,>=32,13,True,False,True,4,achromatic,,
68,69,"(0, 0, 0, 1)",1,1-3,12,True,False,False,0,not-sampled,,
74,69,"(0, 0, 0, 1)",1,1-3,12,True,False,False,0,not-sampled,,
75,69,"(0, 0, 0, 5)",5,4-7,12,True,False,False,0,not-sampled,,
76,69,"(92, 92, 92, 58)",58,>=32,12,True,False,True,0,achromatic,,
77,69,"(228, 228, 228, 210)",210,>=32,12,True,False,True,0,achromatic,,
78,69,"(255, 255, 255, 255)",255,>=32,12,True,False,True,0,achromatic,,
79,69,"(163, 163, 163, 154)",154,>=32,12,True,False,True,0,achromatic,,
80,69,"(0, 0, 0, 6)",6,4-7,12,True,False,False,0,not-sampled,,
82,69,"(66, 66, 66, 27)",27,24-31,4,False,True,False,0,not-sampled,AMBIGUOUS,local RGB continuity to preconfirmed wordmark fails frozen max-channel distance 18
83,69,"(230, 230, 230, 230)",230,>=32,4,True,False,True,0,achromatic,,
84,69,"(245, 245, 245, 242)",242,>=32,4,True,False,True,0,achromatic,,
85,69,"(35, 35, 35, 71)",71,>=32,4,True,False,True,0,achromatic,,
87,69,"(0, 0, 0, 1)",1,1-3,4,True,False,False,0,not-sampled,,
94,69,"(0, 0, 0, 1)",1,1-3,4,True,False,False,0,not-sampled,,
96,69,"(9, 9, 9, 55)",55,>=32,4,True,False,True,0,achromatic,,
97,69,"(244, 244, 244, 233)",233,>=32,4,True,False,True,0,achromatic,,
98,69,"(234, 234, 234, 240)",240,>=32,4,True,False,True,0,achromatic,,
99,69,"(90, 90, 90, 34)",34,>=32,4,True,False,True,0,achromatic,,
101,69,"(105, 105, 105, 75)",75,>=32,4,True,False,True,0,achromatic,,
102,69,"(255, 255, 255, 255)",255,>=32,4,True,False,True,0,achromatic,,
103,69,"(241, 241, 241, 219)",219,>=32,4,True,False,True,0,achromatic,,
104,69,"(0, 0, 0, 19)",19,16-23,4,False,True,False,0,not-sampled,AMBIGUOUS,local RGB continuity to preconfirmed wordmark fails frozen max-channel distance 18
105,69,"(255, 255, 255, 2)",2,1-3,4,False,False,False,0,not-sampled,,
106,69,"(0, 0, 0, 3)",3,1-3,4,False,False,False,0,not-sampled,,
107,69,"(85, 85, 85, 3)",3,1-3,4,False,False,False,0,not-sampled,,
109,69,"(0, 0, 0, 23)",23,16-23,4,False,True,False,0,not-sampled,AMBIGUOUS,local RGB continuity to preconfirmed wordmark fails frozen max-channel distance 18
110,69,"(216, 216, 216, 185)",185,>=32,4,True,False,True,0,achromatic,,
111,69,"(255, 255, 255, 255)",255,>=32,4,True,False,True,0,achromatic,,
112,69,"(172, 172, 172, 87)",87,>=32,4,True,False,True,0,achromatic,,
114,69,"(255, 255, 255, 2)",2,1-3,4,False,False,False,0,not-sampled,,
116,69,"(0, 0, 0, 4)",4,4-7,4,False,False,False,0,not-sampled,,
118,69,"(123, 123, 123, 103)",103,>=32,4,True,False,True,0,achromatic,,
119,69,"(253, 253, 253, 255)",255,>=32,4,True,False,True,0,achromatic,,
120,69,"(199, 199, 199, 179)",179,>=32,4,True,False,True,0,achromatic,,
122,69,"(255, 255, 255, 2)",2,1-3,4,False,False,False,0,not-sampled,,
125,69,"(0, 0, 0, 1)",1,1-3,4,True,False,False,0,not-sampled,,
126,69,"(0, 0, 0, 1)",1,1-3,4,True,False,False,0,not-sampled,,
132,69,"(0, 0, 0, 5)",5,4-7,4,True,False,False,0,not-sampled,,
133,69,"(51, 51, 51, 15)",15,8-15,4,True,False,False,0,not-sampled,,
134,69,"(136, 136, 136, 110)",110,>=32,4,True,False,True,0,achromatic,,
135,69,"(250, 250, 250, 251)",251,>=32,4,True,False,True,0,achromatic,,
136,69,"(246, 246, 246, 252)",252,>=32,4,True,False,True,0,achromatic,,
137,69,"(97, 97, 97, 86)",86,>=32,4,True,False,True,0,achromatic,,
140,69,"(127, 127, 127, 46)",46,>=32,13,True,False,True,0,achromatic,,
141,69,"(235, 235, 235, 251)",251,>=32,13,True,False,True,0,achromatic,,
142,69,"(238, 238, 238, 222)",222,>=32,13,True,False,True,0,achromatic,,
143,69,"(16, 16, 16, 47)",47,>=32,13,True,False,True,0,achromatic,,
145,69,"(51, 51, 51, 5)",5,4-7,13,False,False,False,0,not-sampled,,
162,69,"(85, 85, 85, 3)",3,1-3,13,False,False,False,0,not-sampled,,
164,69,"(0, 0, 0, 20)",20,16-23,13,False,True,False,0,not-sampled,AMBIGUOUS,local RGB continuity to preconfirmed wordmark fails frozen max-channel distance 18
165,69,"(212, 212, 212, 178)",178,>=32,13,True,False,True,0,achromatic,,
166,69,"(255, 255, 255, 255)",255,>=32,13,True,False,True,0,achromatic,,
167,69,"(179, 179, 179, 94)",94,>=32,13,True,False,True,0,achromatic,,
169,69,"(255, 255, 255, 2)",2,1-3,13,False,False,False,0,not-sampled,,
174,69,"(0, 0, 0, 3)",3,1-3,13,False,True,False,0,not-sampled,AMBIGUOUS,alpha does not attenuate away from direct confirmed support
176,69,"(88, 83, 83, 46)",46,>=32,13,True,False,True,5,achromatic,,
177,69,"(234, 234, 234, 237)",237,>=32,13,True,False,True,0,achromatic,,
178,69,"(249, 249, 249, 255)",255,>=32,13,True,False,True,0,achromatic,,
179,69,"(175, 175, 175, 142)",142,>=32,13,True,False,True,0,achromatic,,
180,69,"(107, 107, 107, 19)",19,16-23,13,True,False,False,0,not-sampled,,
181,69,"(0, 0, 0, 4)",4,4-7,13,True,False,False,0,not-sampled,,
187,69,"(0, 0, 0, 4)",4,4-7,13,True,False,False,0,not-sampled,,
188,69,"(0, 0, 0, 1)",1,1-3,13,True,False,False,0,not-sampled,,
189,69,"(205, 205, 205, 165)",165,>=32,13,True,False,True,0,achromatic,,
190,69,"(255, 255, 255, 255)",255,>=32,13,True,False,True,0,achromatic,,
191,69,"(152, 152, 152, 129)",129,>=32,13,True,False,True,0,achromatic,,
193,69,"(42, 42, 42, 24)",24,24-31,13,False,True,False,0,not-sampled,AMBIGUOUS,local RGB continuity to preconfirmed wordmark fails frozen max-channel distance 18
194,69,"(223, 223, 223, 222)",222,>=32,13,True,False,True,0,achromatic,,
195,69,"(246, 246, 246, 245)",245,>=32,13,True,False,True,0,achromatic,,
196,69,"(82, 82, 82, 77)",77,>=32,13,True,False,True,0,achromatic,,
197,69,"(127, 127, 127, 2)",2,1-3,13,True,False,False,0,not-sampled,,
198,69,"(51, 51, 51, 5)",5,4-7,13,False,True,False,0,not-sampled,AMBIGUOUS,local RGB continuity to preconfirmed wordmark fails frozen max-channel distance 18
204,69,"(63, 63, 63, 4)",4,4-7,13,False,False,False,0,not-sampled,,
206,69,"(0, 0, 0, 30)",30,24-31,13,True,False,False,0,not-sampled,,
207,69,"(238, 238, 238, 215)",215,>=32,13,True,False,True,0,achromatic,,
208,69,"(255, 255, 255, 255)",255,>=32,13,True,False,True,0,achromatic,,
209,69,"(125, 121, 121, 67)",67,>=32,13,True,False,True,4,achromatic,,
67,70,"(0, 0, 0, 1)",1,1-3,12,True,False,False,0,not-sampled,,
68,70,"(96, 96, 96, 53)",53,>=32,12,True,False,True,0,achromatic,,
69,70,"(158, 158, 158, 111)",111,>=32,12,True,False,True,0,achromatic,,
70,70,"(158, 158, 158, 108)",108,>=32,12,True,False,True,0,achromatic,,
71,70,"(159, 159, 159, 109)",109,>=32,12,True,False,True,0,achromatic,,
72,70,"(159, 159, 159, 109)",109,>=32,12,True,False,True,0,achromatic,,
73,70,"(158, 158, 158, 111)",111,>=32,12,True,False,True,0,achromatic,,
74,70,"(161, 161, 161, 106)",106,>=32,12,True,False,True,0,achromatic,,
75,70,"(157, 157, 157, 134)",134,>=32,12,True,False,True,0,achromatic,,
76,70,"(232, 232, 232, 231)",231,>=32,12,True,False,True,0,achromatic,,
77,70,"(255, 255, 255, 255)",255,>=32,12,True,False,True,0,achromatic,,
78,70,"(219, 219, 219, 217)",217,>=32,12,True,False,True,0,achromatic,,
79,70,"(99, 94, 94, 46)",46,>=32,12,True,False,True,5,achromatic,,
82,70,"(56, 56, 56, 27)",27,24-31,4,False,True,False,0,not-sampled,AMBIGUOUS,local RGB continuity to preconfirmed wordmark fails frozen max-channel distance 18
83,70,"(225, 225, 225, 222)",222,>=32,4,True,False,True,0,achromatic,,
84,70,"(250, 250, 250, 245)",245,>=32,4,True,False,True,0,achromatic,,
85,70,"(166, 166, 166, 138)",138,>=32,4,True,False,True,0,achromatic,,
86,70,"(162, 162, 162, 107)",107,>=32,4,True,False,True,0,achromatic,,
87,70,"(159, 159, 159, 110)",110,>=32,4,True,False,True,0,achromatic,,
88,70,"(159, 159, 159, 109)",109,>=32,4,True,False,True,0,achromatic,,
89,70,"(159, 159, 159, 109)",109,>=32,4,True,False,True,0,achromatic,,
90,70,"(159, 159, 159, 109)",109,>=32,4,True,False,True,0,achromatic,,
91,70,"(159, 159, 159, 109)",109,>=32,4,True,False,True,0,achromatic,,
92,70,"(159, 159, 159, 109)",109,>=32,4,True,False,True,0,achromatic,,
93,70,"(159, 159, 159, 109)",109,>=32,4,True,False,True,0,achromatic,,
94,70,"(158, 158, 158, 111)",111,>=32,4,True,False,True,0,achromatic,,
95,70,"(163, 163, 163, 106)",106,>=32,4,True,False,True,0,achromatic,,
96,70,"(161, 161, 161, 136)",136,>=32,4,True,False,True,0,achromatic,,
97,70,"(248, 248, 248, 241)",241,>=32,4,True,False,True,0,achromatic,,
98,70,"(233, 233, 233, 236)",236,>=32,4,True,False,True,0,achromatic,,
99,70,"(90, 90, 90, 34)",34,>=32,4,True,False,True,0,achromatic,,
101,70,"(106, 106, 106, 74)",74,>=32,4,True,False,True,0,achromatic,,
102,70,"(255, 255, 255, 253)",253,>=32,4,True,False,True,0,achromatic,,
103,70,"(240, 240, 240, 218)",218,>=32,4,True,False,True,0,achromatic,,
104,70,"(0, 0, 0, 19)",19,16-23,4,False,True,False,0,not-sampled,AMBIGUOUS,local RGB continuity to preconfirmed wordmark fails frozen max-channel distance 18
105,70,"(255, 255, 255, 2)",2,1-3,4,False,False,False,0,not-sampled,,
106,70,"(0, 0, 0, 3)",3,1-3,4,False,False,False,0,not-sampled,,
107,70,"(85, 85, 85, 3)",3,1-3,4,False,False,False,0,not-sampled,,
109,70,"(0, 0, 0, 23)",23,16-23,4,False,True,False,0,not-sampled,AMBIGUOUS,local RGB continuity to preconfirmed wordmark fails frozen max-channel distance 18
110,70,"(217, 217, 217, 183)",183,>=32,4,True,False,True,0,achromatic,,
111,70,"(255, 255, 255, 252)",252,>=32,4,True,False,True,0,achromatic,,
112,70,"(174, 174, 174, 86)",86,>=32,4,True,False,True,0,achromatic,,
114,70,"(255, 255, 255, 2)",2,1-3,4,False,False,False,0,not-sampled,,
116,70,"(0, 0, 0, 4)",4,4-7,4,False,False,False,0,not-sampled,,
118,70,"(128, 128, 128, 107)",107,>=32,4,True,False,True,0,achromatic,,
119,70,"(252, 252, 252, 253)",253,>=32,4,True,False,True,0,achromatic,,
120,70,"(200, 200, 200, 178)",178,>=32,4,True,False,True,0,achromatic,,
122,70,"(255, 255, 255, 2)",2,1-3,4,False,False,False,0,not-sampled,,
123,70,"(0, 0, 0, 1)",1,1-3,4,False,False,False,0,not-sampled,,
125,70,"(34, 34, 34, 15)",15,8-15,4,True,False,False,0,not-sampled,,
126,70,"(117, 114, 114, 85)",85,>=32,4,True,False,True,3,achromatic,,
127,70,"(155, 155, 155, 110)",110,>=32,4,True,False,True,0,achromatic,,
128,70,"(156, 156, 156, 106)",106,>=32,4,True,False,True,0,achromatic,,
129,70,"(159, 159, 159, 109)",109,>=32,4,True,False,True,0,achromatic,,
130,70,"(157, 157, 157, 110)",110,>=32,4,True,False,True,0,achromatic,,
131,70,"(159, 159, 159, 109)",109,>=32,4,True,False,True,0,achromatic,,
132,70,"(161, 161, 161, 120)",120,>=32,4,True,False,True,0,achromatic,,
133,70,"(185, 185, 185, 176)",176,>=32,4,True,False,True,0,achromatic,,
134,70,"(253, 253, 253, 255)",255,>=32,4,True,False,True,0,achromatic,,
135,70,"(249, 249, 249, 255)",255,>=32,4,True,False,True,0,achromatic,,
136,70,"(175, 175, 175, 151)",151,>=32,4,True,False,True,0,achromatic,,
138,70,"(0, 0, 0, 1)",1,1-3,4,True,False,False,0,not-sampled,,
140,70,"(127, 127, 127, 46)",46,>=32,13,True,False,True,0,achromatic,,
141,70,"(238, 238, 238, 249)",249,>=32,13,True,False,True,0,achromatic,,
142,70,"(238, 238, 238, 221)",221,>=32,13,True,False,True,0,achromatic,,
143,70,"(15, 15, 15, 48)",48,>=32,13,True,False,True,0,achromatic,,
145,70,"(51, 51, 51, 5)",5,4-7,13,False,False,False,0,not-sampled,,
162,70,"(85, 85, 85, 3)",3,1-3,13,False,False,False,0,not-sampled,,
164,70,"(0, 0, 0, 21)",21,16-23,13,False,True,False,0,not-sampled,AMBIGUOUS,local RGB continuity to preconfirmed wordmark fails frozen max-channel distance 18
165,70,"(209, 209, 209, 179)",179,>=32,13,True,False,True,0,achromatic,,
166,70,"(255, 255, 255, 253)",253,>=32,13,True,False,True,0,achromatic,,
167,70,"(181, 181, 181, 94)",94,>=32,13,True,False,True,0,achromatic,,
169,70,"(255, 255, 255, 2)",2,1-3,13,False,False,False,0,not-sampled,,
177,70,"(131, 131, 131, 101)",101,>=32,13,True,False,True,0,achromatic,,
178,70,"(241, 241, 241, 245)",245,>=32,13,True,False,True,0,achromatic,,
179,70,"(255, 255, 255, 255)",255,>=32,13,True,False,True,0,achromatic,,
180,70,"(200, 200, 200, 192)",192,>=32,13,True,False,True,0,achromatic,,
181,70,"(156, 156, 156, 114)",114,>=32,13,True,False,True,0,achromatic,,
182,70,"(163, 163, 163, 109)",109,>=32,13,True,False,True,0,achromatic,,
183,70,"(157, 157, 157, 110)",110,>=32,13,True,False,True,0,achromatic,,
184,70,"(159, 159, 159, 109)",109,>=32,13,True,False,True,0,achromatic,,
185,70,"(159, 159, 159, 109)",109,>=32,13,True,False,True,0,achromatic,,
186,70,"(157, 157, 157, 110)",110,>=32,13,True,False,True,0,achromatic,,
187,70,"(166, 166, 166, 109)",109,>=32,13,True,False,True,0,achromatic,,
188,70,"(149, 149, 149, 114)",114,>=32,13,True,False,True,0,achromatic,,
189,70,"(221, 221, 221, 206)",206,>=32,13,True,False,True,0,achromatic,,
190,70,"(255, 253, 253, 253)",253,>=32,13,True,False,True,2,achromatic,,
191,70,"(150, 150, 150, 127)",127,>=32,13,True,False,True,0,achromatic,,
193,70,"(44, 44, 44, 23)",23,16-23,13,False,True,False,0,not-sampled,AMBIGUOUS,local RGB continuity to preconfirmed wordmark fails frozen max-channel distance 18
194,70,"(234, 234, 234, 233)",233,>=32,13,True,False,True,0,achromatic,,
195,70,"(247, 247, 247, 241)",241,>=32,13,True,False,True,0,achromatic,,
196,70,"(66, 66, 66, 65)",65,>=32,13,True,False,True,0,achromatic,,
198,70,"(51, 51, 51, 5)",5,4-7,13,False,True,False,0,not-sampled,AMBIGUOUS,local RGB continuity to preconfirmed wordmark fails frozen max-channel distance 18
204,70,"(63, 63, 63, 4)",4,4-7,13,False,False,False,0,not-sampled,,
206,70,"(0, 0, 0, 31)",31,24-31,13,False,True,False,0,not-sampled,SAFE WORDMARK OWNERSHIP,one-hop attachment to already-confirmed safe wordmark AA; frozen RGB/luma/alpha evidence passes; no chaining
207,70,"(238, 238, 238, 215)",215,>=32,13,True,False,True,0,achromatic,,
208,70,"(255, 255, 255, 253)",253,>=32,13,True,False,True,0,achromatic,,
209,70,"(127, 123, 123, 66)",66,>=32,13,True,False,True,4,achromatic,,
65,71,"(0, 0, 0, 1)",1,1-3,12,False,False,False,0,not-sampled,,
66,71,"(255, 255, 255, 1)",1,1-3,12,False,True,False,0,not-sampled,AMBIGUOUS,local RGB continuity to preconfirmed wordmark fails frozen max-channel distance 18
67,71,"(0, 0, 0, 1)",1,1-3,12,True,False,False,0,not-sampled,,
68,71,"(166, 166, 166, 129)",129,>=32,12,True,False,True,0,achromatic,,
69,71,"(255, 255, 255, 255)",255,>=32,12,True,False,True,0,achromatic,,
70,71,"(255, 255, 255, 255)",255,>=32,12,True,False,True,0,achromatic,,
71,71,"(255, 255, 255, 255)",255,>=32,12,True,False,True,0,achromatic,,
72,71,"(255, 255, 255, 255)",255,>=32,12,True,False,True,0,achromatic,,
73,71,"(255, 255, 255, 255)",255,>=32,12,True,False,True,0,achromatic,,
74,71,"(255, 255, 255, 255)",255,>=32,12,True,False,True,0,achromatic,,
75,71,"(255, 255, 255, 255)",255,>=32,12,True,False,True,0,achromatic,,
76,71,"(241, 241, 241, 248)",248,>=32,12,True,False,True,0,achromatic,,
77,71,"(218, 218, 218, 201)",201,>=32,12,True,False,True,0,achromatic,,
78,71,"(91, 91, 91, 61)",61,>=32,12,True,False,True,0,achromatic,,
80,71,"(0, 0, 0, 1)",1,1-3,12,True,False,False,0,not-sampled,,
82,71,"(59, 59, 59, 30)",30,24-31,4,False,True,False,0,not-sampled,AMBIGUOUS,local RGB continuity to preconfirmed wordmark fails frozen max-channel distance 18
83,71,"(226, 226, 226, 232)",232,>=32,4,True,False,True,0,achromatic,,
84,71,"(255, 255, 255, 255)",255,>=32,4,True,False,True,0,achromatic,,
85,71,"(255, 255, 255, 255)",255,>=32,4,True,False,True,0,achromatic,,
86,71,"(255, 255, 255, 255)",255,>=32,4,True,False,True,0,achromatic,,
87,71,"(255, 255, 255, 255)",255,>=32,4,True,False,True,0,achromatic,,
88,71,"(255, 255, 255, 255)",255,>=32,4,True,False,True,0,achromatic,,
89,71,"(255, 255, 255, 255)",255,>=32,4,True,False,True,0,achromatic,,
90,71,"(255, 255, 255, 255)",255,>=32,4,True,False,True,0,achromatic,,
91,71,"(255, 255, 255, 255)",255,>=32,4,True,False,True,0,achromatic,,
92,71,"(255, 255, 255, 255)",255,>=32,4,True,False,True,0,achromatic,,
93,71,"(255, 255, 255, 255)",255,>=32,4,True,False,True,0,achromatic,,
94,71,"(255, 255, 255, 255)",255,>=32,4,True,False,True,0,achromatic,,
95,71,"(255, 255, 255, 255)",255,>=32,4,True,False,True,0,achromatic,,
96,71,"(255, 255, 255, 255)",255,>=32,4,True,False,True,0,achromatic,,
97,71,"(255, 255, 255, 255)",255,>=32,4,True,False,True,0,achromatic,,
98,71,"(230, 230, 230, 242)",242,>=32,4,True,False,True,0,achromatic,,
99,71,"(96, 96, 96, 37)",37,>=32,4,True,False,True,0,achromatic,,
101,71,"(107, 107, 107, 81)",81,>=32,4,True,False,True,0,achromatic,,
102,71,"(255, 255, 255, 255)",255,>=32,4,True,False,True,0,achromatic,,
103,71,"(239, 239, 239, 229)",229,>=32,4,True,False,True,0,achromatic,,
104,71,"(0, 0, 0, 21)",21,16-23,4,False,True,False,0,not-sampled,AMBIGUOUS,local RGB continuity to preconfirmed wordmark fails frozen max-channel distance 18
105,71,"(255, 255, 255, 2)",2,1-3,4,False,False,False,0,not-sampled,,
106,71,"(0, 0, 0, 3)",3,1-3,4,False,False,False,0,not-sampled,,
107,71,"(85, 85, 85, 3)",3,1-3,4,False,False,False,0,not-sampled,,
109,71,"(0, 0, 0, 24)",24,24-31,4,False,True,False,0,not-sampled,AMBIGUOUS,local RGB continuity to preconfirmed wordmark fails frozen max-channel distance 18
110,71,"(217, 217, 217, 195)",195,>=32,4,True,False,True,0,achromatic,,
111,71,"(255, 255, 255, 255)",255,>=32,4,True,False,True,0,achromatic,,
112,71,"(173, 173, 173, 91)",91,>=32,4,True,False,True,0,achromatic,,
114,71,"(255, 255, 255, 2)",2,1-3,4,False,False,False,0,not-sampled,,
116,71,"(0, 0, 0, 4)",4,4-7,4,False,False,False,0,not-sampled,,
118,71,"(135, 135, 135, 124)",124,>=32,4,True,False,True,0,achromatic,,
119,71,"(255, 255, 255, 255)",255,>=32,4,True,False,True,0,achromatic,,
120,71,"(196, 196, 196, 187)",187,>=32,4,True,False,True,0,achromatic,,
121,71,"(0, 0, 0, 4)",4,4-7,4,False,True,False,0,not-sampled,AMBIGUOUS,local RGB continuity to preconfirmed wordmark fails frozen max-channel distance 18
122,71,"(255, 255, 255, 2)",2,1-3,4,False,False,False,0,not-sampled,,
123,71,"(85, 85, 85, 3)",3,1-3,4,False,False,False,0,not-sampled,,
125,71,"(41, 41, 41, 31)",31,24-31,4,True,False,False,0,not-sampled,,
126,71,"(203, 204, 204, 211)",211,>=32,4,True,False,True,1,achromatic,,
127,71,"(255, 255, 255, 255)",255,>=32,4,True,False,True,0,achromatic,,
128,71,"(255, 255, 255, 255)",255,>=32,4,True,False,True,0,achromatic,,
129,71,"(255, 255, 255, 255)",255,>=32,4,True,False,True,0,achromatic,,
130,71,"(255, 255, 255, 255)",255,>=32,4,True,False,True,0,achromatic,,
131,71,"(255, 255, 255, 255)",255,>=32,4,True,False,True,0,achromatic,,
132,71,"(255, 255, 255, 255)",255,>=32,4,True,False,True,0,achromatic,,
133,71,"(255, 255, 255, 255)",255,>=32,4,True,False,True,0,achromatic,,
134,71,"(235, 235, 235, 232)",232,>=32,4,True,False,True,0,achromatic,,
135,71,"(197, 197, 197, 156)",156,>=32,4,True,False,True,0,achromatic,,
136,71,"(0, 0, 0, 11)",11,8-15,4,False,True,False,0,not-sampled,AMBIGUOUS,local RGB continuity to preconfirmed wordmark fails frozen max-channel distance 18
137,71,"(85, 85, 85, 3)",3,1-3,4,True,False,False,0,not-sampled,,
138,71,"(85, 85, 85, 3)",3,1-3,4,False,True,False,0,not-sampled,AMBIGUOUS,alpha does not attenuate away from direct confirmed support
140,71,"(127, 127, 127, 48)",48,>=32,13,True,False,True,0,achromatic,,
141,71,"(246, 246, 246, 255)",255,>=32,13,True,False,True,0,achromatic,,
142,71,"(240, 240, 240, 231)",231,>=32,13,True,False,True,0,achromatic,,
143,71,"(11, 11, 11, 44)",44,>=32,13,True,False,True,0,achromatic,,
145,71,"(51, 51, 51, 5)",5,4-7,13,False,False,False,0,not-sampled,,
162,71,"(85, 85, 85, 3)",3,1-3,13,False,False,False,0,not-sampled,,
164,71,"(0, 0, 0, 26)",26,24-31,13,False,True,False,0,not-sampled,AMBIGUOUS,local RGB continuity to preconfirmed wordmark fails frozen max-channel distance 18
165,71,"(209, 209, 209, 195)",195,>=32,13,True,False,True,0,achromatic,,
166,71,"(255, 255, 255, 255)",255,>=32,13,True,False,True,0,achromatic,,
167,71,"(171, 171, 171, 95)",95,>=32,13,True,False,True,0,achromatic,,
169,71,"(255, 255, 255, 2)",2,1-3,13,False,False,False,0,not-sampled,,
176,71,"(255, 255, 255, 1)",1,1-3,13,False,True,False,0,not-sampled,AMBIGUOUS,local RGB continuity to preconfirmed wordmark fails frozen max-channel distance 18
178,71,"(146, 146, 146, 113)",113,>=32,13,True,False,True,0,achromatic,,
179,71,"(235, 235, 235, 221)",221,>=32,13,True,False,True,0,achromatic,,
180,71,"(249, 249, 249, 255)",255,>=32,13,True,False,True,0,achromatic,,
181,71,"(255, 255, 255, 255)",255,>=32,13,True,False,True,0,achromatic,,
182,71,"(255, 255, 255, 255)",255,>=32,13,True,False,True,0,achromatic,,
183,71,"(255, 255, 255, 255)",255,>=32,13,True,False,True,0,achromatic,,
184,71,"(255, 255, 255, 255)",255,>=32,13,True,False,True,0,achromatic,,
185,71,"(255, 255, 255, 255)",255,>=32,13,True,False,True,0,achromatic,,
186,71,"(255, 255, 255, 255)",255,>=32,13,True,False,True,0,achromatic,,
187,71,"(255, 255, 255, 255)",255,>=32,13,True,False,True,0,achromatic,,
188,71,"(255, 255, 255, 255)",255,>=32,13,True,False,True,0,achromatic,,
189,71,"(255, 255, 255, 255)",255,>=32,13,True,False,True,0,achromatic,,
190,71,"(255, 255, 255, 255)",255,>=32,13,True,False,True,0,achromatic,,
191,71,"(151, 151, 151, 135)",135,>=32,13,True,False,True,0,achromatic,,
193,71,"(51, 51, 51, 25)",25,24-31,13,False,True,False,0,not-sampled,AMBIGUOUS,local RGB continuity to preconfirmed wordmark fails frozen max-channel distance 18
194,71,"(239, 239, 239, 250)",250,>=32,13,True,False,True,0,achromatic,,
195,71,"(248, 248, 248, 255)",255,>=32,13,True,False,True,0,achromatic,,
196,71,"(69, 69, 69, 70)",70,>=32,13,True,False,True,0,achromatic,,
198,71,"(51, 51, 51, 5)",5,4-7,13,False,False,False,0,not-sampled,,
204,71,"(63, 63, 63, 4)",4,4-7,13,False,False,False,0,not-sampled,,
205,71,"(255, 255, 255, 1)",1,1-3,13,False,False,False,0,not-sampled,,
206,71,"(0, 0, 0, 26)",26,24-31,13,False,True,False,0,not-sampled,AMBIGUOUS,local RGB continuity to preconfirmed wordmark fails frozen max-channel distance 18
207,71,"(237, 236, 236, 221)",221,>=32,13,True,False,True,1,achromatic,,
208,71,"(255, 255, 255, 255)",255,>=32,13,True,False,True,0,achromatic,,
209,71,"(123, 120, 120, 70)",70,>=32,13,True,False,True,3,achromatic,,
65,72,"(0, 0, 0, 1)",1,1-3,12,False,False,False,0,not-sampled,,
66,72,"(255, 255, 255, 1)",1,1-3,12,False,True,False,0,not-sampled,AMBIGUOUS,local RGB continuity to preconfirmed wordmark fails frozen max-channel distance 18
67,72,"(0, 0, 0, 1)",1,1-3,12,True,False,False,0,not-sampled,,
68,72,"(147, 147, 147, 83)",83,>=32,12,True,False,True,0,achromatic,,
69,72,"(219, 219, 219, 188)",188,>=32,12,True,False,True,0,achromatic,,
70,72,"(213, 213, 213, 170)",170,>=32,12,True,False,True,0,achromatic,,
71,72,"(215, 213, 213, 174)",174,>=32,12,True,False,True,2,achromatic,,
72,72,"(215, 213, 213, 174)",174,>=32,12,True,False,True,2,achromatic,,
73,72,"(215, 213, 213, 173)",173,>=32,12,True,False,True,2,achromatic,,
74,72,"(215, 215, 215, 175)",175,>=32,12,True,False,True,0,achromatic,,
75,72,"(206, 206, 206, 162)",162,>=32,12,True,False,True,0,achromatic,,
76,72,"(152, 152, 152, 117)",117,>=32,12,True,False,True,0,achromatic,,
77,72,"(0, 0, 0, 30)",30,24-31,12,True,False,False,0,not-sampled,,
79,72,"(63, 63, 63, 4)",4,4-7,12,True,False,False,0,not-sampled,,
80,72,"(0, 0, 0, 1)",1,1-3,12,False,True,False,0,not-sampled,SAFE WORDMARK OWNERSHIP,one-hop attachment to already-confirmed safe wordmark AA; frozen RGB/luma/alpha evidence passes; no chaining
82,72,"(36, 36, 36, 21)",21,16-23,4,False,True,False,0,not-sampled,AMBIGUOUS,local RGB continuity to preconfirmed wordmark fails frozen max-channel distance 18
83,72,"(183, 182, 182, 154)",154,>=32,4,True,False,True,1,achromatic,,
84,72,"(218, 218, 218, 180)",180,>=32,4,True,False,True,0,achromatic,,
85,72,"(214, 212, 212, 175)",175,>=32,4,True,False,True,2,achromatic,,
86,72,"(215, 213, 213, 174)",174,>=32,4,True,False,True,2,achromatic,,
87,72,"(215, 213, 213, 174)",174,>=32,4,True,False,True,2,achromatic,,
88,72,"(215, 213, 213, 174)",174,>=32,4,True,False,True,2,achromatic,,
89,72,"(215, 213, 213, 174)",174,>=32,4,True,False,True,2,achromatic,,
90,72,"(215, 213, 213, 174)",174,>=32,4,True,False,True,2,achromatic,,
91,72,"(215, 213, 213, 174)",174,>=32,4,True,False,True,2,achromatic,,
92,72,"(215, 213, 213, 174)",174,>=32,4,True,False,True,2,achromatic,,
93,72,"(215, 213, 213, 174)",174,>=32,4,True,False,True,2,achromatic,,
94,72,"(215, 213, 213, 174)",174,>=32,4,True,False,True,2,achromatic,,
95,72,"(215, 213, 213, 174)",174,>=32,4,True,False,True,2,achromatic,,
96,72,"(212, 212, 212, 175)",175,>=32,4,True,False,True,0,achromatic,,
97,72,"(217, 217, 217, 178)",178,>=32,4,True,False,True,0,achromatic,,
98,72,"(201, 201, 201, 172)",172,>=32,4,True,False,True,0,achromatic,,
99,72,"(91, 91, 91, 25)",25,24-31,4,True,False,False,0,not-sampled,,
101,72,"(92, 92, 92, 55)",55,>=32,4,True,False,True,0,achromatic,,
102,72,"(220, 220, 220, 191)",191,>=32,4,True,False,True,0,achromatic,,
103,72,"(210, 210, 210, 161)",161,>=32,4,True,False,True,0,achromatic,,
104,72,"(0, 0, 0, 14)",14,8-15,4,False,True,False,0,not-sampled,AMBIGUOUS,local RGB continuity to preconfirmed wordmark fails frozen max-channel distance 18
105,72,"(255, 255, 255, 1)",1,1-3,4,False,False,False,0,not-sampled,,
106,72,"(0, 0, 0, 2)",2,1-3,4,False,False,False,0,not-sampled,,
107,72,"(85, 85, 85, 3)",3,1-3,4,False,False,False,0,not-sampled,,
109,72,"(0, 0, 0, 20)",20,16-23,4,False,True,False,0,not-sampled,AMBIGUOUS,local RGB continuity to preconfirmed wordmark fails frozen max-channel distance 18
110,72,"(195, 193, 193, 141)",141,>=32,4,True,False,True,2,achromatic,,
111,72,"(222, 222, 222, 199)",199,>=32,4,True,False,True,0,achromatic,,
112,72,"(150, 150, 150, 66)",66,>=32,4,True,False,True,0,achromatic,,
114,72,"(255, 255, 255, 1)",1,1-3,4,False,False,False,0,not-sampled,,
116,72,"(0, 0, 0, 3)",3,1-3,4,False,False,False,0,not-sampled,,
118,72,"(111, 111, 111, 80)",80,>=32,4,True,False,True,0,achromatic,,
119,72,"(228, 228, 228, 190)",190,>=32,4,True,False,True,0,achromatic,,
120,72,"(170, 170, 170, 124)",124,>=32,4,True,False,True,0,achromatic,,
121,72,"(0, 0, 0, 11)",11,8-15,4,False,True,False,0,not-sampled,AMBIGUOUS,local RGB continuity to preconfirmed wordmark fails frozen max-channel distance 18
123,72,"(127, 127, 127, 2)",2,1-3,4,False,False,False,0,not-sampled,,
125,72,"(46, 46, 46, 22)",22,16-23,4,False,True,False,0,not-sampled,SAFE WORDMARK OWNERSHIP,one-hop attachment to already-confirmed safe wordmark AA; frozen RGB/luma/alpha evidence passes; no chaining
126,72,"(178, 178, 178, 140)",140,>=32,4,True,False,True,0,achromatic,,
127,72,"(230, 230, 230, 189)",189,>=32,4,True,False,True,0,achromatic,,
128,72,"(211, 211, 211, 171)",171,>=32,4,True,False,True,0,achromatic,,
129,72,"(215, 215, 215, 174)",174,>=32,4,True,False,True,0,achromatic,,
130,72,"(213, 212, 212, 174)",174,>=32,4,True,False,True,1,achromatic,,
131,72,"(215, 215, 215, 174)",174,>=32,4,True,False,True,0,achromatic,,
132,72,"(206, 205, 205, 169)",169,>=32,4,True,False,True,1,achromatic,,
133,72,"(191, 191, 191, 140)",140,>=32,4,True,False,True,0,achromatic,,
134,72,"(98, 98, 98, 78)",78,>=32,4,True,False,True,0,achromatic,,
136,72,"(255, 255, 255, 2)",2,1-3,4,False,True,False,0,not-sampled,AMBIGUOUS,local RGB continuity to preconfirmed wordmark fails frozen max-channel distance 18
137,72,"(0, 0, 0, 3)",3,1-3,4,False,True,False,0,not-sampled,AMBIGUOUS,local RGB continuity to preconfirmed wordmark fails frozen max-channel distance 18
140,72,"(105, 105, 105, 34)",34,>=32,13,True,False,True,0,achromatic,,
141,72,"(211, 211, 211, 187)",187,>=32,13,True,False,True,0,achromatic,,
142,72,"(216, 216, 216, 161)",161,>=32,13,True,False,True,0,achromatic,,
143,72,"(0, 0, 0, 24)",24,24-31,13,True,False,False,0,not-sampled,,
145,72,"(85, 85, 85, 3)",3,1-3,13,False,False,False,0,not-sampled,,
162,72,"(127, 127, 127, 2)",2,1-3,13,False,False,False,0,not-sampled,,
164,72,"(0, 0, 0, 17)",17,16-23,13,False,True,False,0,not-sampled,AMBIGUOUS,local RGB continuity to preconfirmed wordmark fails frozen max-channel distance 18
165,72,"(194, 194, 194, 138)",138,>=32,13,True,False,True,0,achromatic,,
166,72,"(212, 212, 212, 194)",194,>=32,13,True,False,True,0,achromatic,,
167,72,"(129, 125, 125, 63)",63,>=32,13,True,False,True,4,achromatic,,
169,72,"(255, 255, 255, 1)",1,1-3,13,False,False,False,0,not-sampled,,
177,72,"(255, 255, 255, 2)",2,1-3,13,False,True,False,0,not-sampled,AMBIGUOUS,local RGB continuity to preconfirmed wordmark fails frozen max-channel distance 18
179,72,"(40, 40, 40, 50)",50,>=32,13,True,False,True,0,achromatic,,
180,72,"(184, 184, 184, 134)",134,>=32,13,True,False,True,0,achromatic,,
181,72,"(211, 211, 211, 165)",165,>=32,13,True,False,True,0,achromatic,,
182,72,"(214, 212, 212, 175)",175,>=32,13,True,False,True,2,achromatic,,
183,72,"(213, 212, 212, 174)",174,>=32,13,True,False,True,1,achromatic,,
184,72,"(215, 213, 213, 174)",174,>=32,13,True,False,True,2,achromatic,,
185,72,"(215, 213, 213, 174)",174,>=32,13,True,False,True,2,achromatic,,
186,72,"(215, 213, 213, 174)",174,>=32,13,True,False,True,2,achromatic,,
187,72,"(215, 213, 213, 174)",174,>=32,13,True,False,True,2,achromatic,,
188,72,"(215, 215, 215, 174)",174,>=32,13,True,False,True,0,achromatic,,
189,72,"(214, 212, 212, 175)",175,>=32,13,True,False,True,2,achromatic,,
190,72,"(232, 232, 232, 194)",194,>=32,13,True,False,True,0,achromatic,,
191,72,"(137, 137, 137, 100)",100,>=32,13,True,False,True,0,achromatic,,
193,72,"(45, 45, 45, 17)",17,16-23,13,False,True,False,0,not-sampled,AMBIGUOUS,local RGB continuity to preconfirmed wordmark fails frozen max-channel distance 18
194,72,"(201, 201, 201, 170)",170,>=32,13,True,False,True,0,achromatic,,
195,72,"(224, 222, 222, 182)",182,>=32,13,True,False,True,2,achromatic,,
196,72,"(61, 61, 61, 54)",54,>=32,13,True,False,True,0,achromatic,,
198,72,"(63, 63, 63, 4)",4,4-7,13,False,False,False,0,not-sampled,,
204,72,"(0, 0, 0, 2)",2,1-3,13,False,False,False,0,not-sampled,,
205,72,"(255, 255, 255, 2)",2,1-3,13,False,False,False,0,not-sampled,,
206,72,"(0, 0, 0, 6)",6,4-7,13,False,True,False,0,not-sampled,AMBIGUOUS,local RGB continuity to preconfirmed wordmark fails frozen max-channel distance 18
207,72,"(207, 206, 206, 146)",146,>=32,13,True,False,True,1,achromatic,,
208,72,"(213, 213, 213, 191)",191,>=32,13,True,False,True,0,achromatic,,
209,72,"(106, 100, 100, 48)",48,>=32,13,True,False,True,6,achromatic,,
69,73,"(0, 0, 0, 9)",9,8-15,12,True,False,False,0,not-sampled,,
70,73,"(0, 0, 0, 7)",7,4-7,12,False,True,False,0,not-sampled,SAFE WORDMARK OWNERSHIP,one-hop attachment to already-confirmed safe wordmark AA; frozen RGB/luma/alpha evidence passes; no chaining
71,73,"(0, 0, 0, 8)",8,8-15,12,False,True,False,0,not-sampled,AMBIGUOUS,local RGB continuity to preconfirmed wordmark fails frozen max-channel distance 18
72,73,"(0, 0, 0, 8)",8,8-15,12,False,True,False,0,not-sampled,AMBIGUOUS,local RGB continuity to preconfirmed wordmark fails frozen max-channel distance 18
73,73,"(0, 0, 0, 7)",7,4-7,12,False,True,False,0,not-sampled,AMBIGUOUS,local RGB continuity to preconfirmed wordmark fails frozen max-channel distance 18
74,73,"(0, 0, 0, 9)",9,8-15,12,False,True,False,0,not-sampled,SAFE WORDMARK OWNERSHIP,one-hop attachment to already-confirmed safe wordmark AA; frozen RGB/luma/alpha evidence passes; no chaining
75,73,"(0, 0, 0, 1)",1,1-3,12,True,False,False,0,not-sampled,,
78,73,"(51, 51, 51, 5)",5,4-7,12,False,True,False,0,not-sampled,SAFE WORDMARK OWNERSHIP,one-hop attachment to already-confirmed safe wordmark AA; frozen RGB/luma/alpha evidence passes; no chaining
79,73,"(0, 0, 0, 1)",1,1-3,12,False,True,False,0,not-sampled,AMBIGUOUS,local RGB continuity to preconfirmed wordmark fails frozen max-channel distance 18
83,73,"(0, 0, 0, 12)",12,8-15,4,False,True,False,0,not-sampled,AMBIGUOUS,local RGB continuity to preconfirmed wordmark fails frozen max-channel distance 18
84,73,"(0, 0, 0, 8)",8,8-15,4,False,True,False,0,not-sampled,AMBIGUOUS,local RGB continuity to preconfirmed wordmark fails frozen max-channel distance 18
85,73,"(0, 0, 0, 8)",8,8-15,4,False,True,False,0,not-sampled,AMBIGUOUS,local RGB continuity to preconfirmed wordmark fails frozen max-channel distance 18
86,73,"(0, 0, 0, 8)",8,8-15,4,False,True,False,0,not-sampled,AMBIGUOUS,local RGB continuity to preconfirmed wordmark fails frozen max-channel distance 18
87,73,"(0, 0, 0, 8)",8,8-15,4,False,True,False,0,not-sampled,AMBIGUOUS,local RGB continuity to preconfirmed wordmark fails frozen max-channel distance 18
88,73,"(0, 0, 0, 8)",8,8-15,4,False,True,False,0,not-sampled,AMBIGUOUS,local RGB continuity to preconfirmed wordmark fails frozen max-channel distance 18
89,73,"(0, 0, 0, 8)",8,8-15,4,False,True,False,0,not-sampled,AMBIGUOUS,local RGB continuity to preconfirmed wordmark fails frozen max-channel distance 18
90,73,"(0, 0, 0, 8)",8,8-15,4,False,True,False,0,not-sampled,AMBIGUOUS,local RGB continuity to preconfirmed wordmark fails frozen max-channel distance 18
91,73,"(0, 0, 0, 8)",8,8-15,4,False,True,False,0,not-sampled,AMBIGUOUS,local RGB continuity to preconfirmed wordmark fails frozen max-channel distance 18
92,73,"(0, 0, 0, 8)",8,8-15,4,False,True,False,0,not-sampled,AMBIGUOUS,local RGB continuity to preconfirmed wordmark fails frozen max-channel distance 18
93,73,"(0, 0, 0, 8)",8,8-15,4,False,True,False,0,not-sampled,AMBIGUOUS,local RGB continuity to preconfirmed wordmark fails frozen max-channel distance 18
94,73,"(0, 0, 0, 8)",8,8-15,4,False,True,False,0,not-sampled,AMBIGUOUS,local RGB continuity to preconfirmed wordmark fails frozen max-channel distance 18
95,73,"(0, 0, 0, 8)",8,8-15,4,False,True,False,0,not-sampled,AMBIGUOUS,local RGB continuity to preconfirmed wordmark fails frozen max-channel distance 18
96,73,"(0, 0, 0, 8)",8,8-15,4,False,True,False,0,not-sampled,AMBIGUOUS,local RGB continuity to preconfirmed wordmark fails frozen max-channel distance 18
97,73,"(0, 0, 0, 8)",8,8-15,4,False,True,False,0,not-sampled,AMBIGUOUS,local RGB continuity to preconfirmed wordmark fails frozen max-channel distance 18
98,73,"(0, 0, 0, 10)",10,8-15,4,False,True,False,0,not-sampled,AMBIGUOUS,local RGB continuity to preconfirmed wordmark fails frozen max-channel distance 18
102,73,"(0, 0, 0, 8)",8,8-15,4,True,False,False,0,not-sampled,,
103,73,"(0, 0, 0, 6)",6,4-7,4,False,True,False,0,not-sampled,SAFE WORDMARK OWNERSHIP,one-hop attachment to already-confirmed safe wordmark AA; frozen RGB/luma/alpha evidence passes; no chaining
105,73,"(0, 0, 0, 1)",1,1-3,4,False,False,False,0,not-sampled,,
109,73,"(0, 63, 63, 4)",4,4-7,4,False,True,False,63,not-sampled,PROTECTED / OTHER,"channel spread exceeds frozen V9 achromatic limit at subthreshold alpha; chromatic ownership is not proven, so REVIEW"
110,73,"(0, 0, 0, 7)",7,4-7,4,False,True,False,0,not-sampled,AMBIGUOUS,local RGB continuity to preconfirmed wordmark fails frozen max-channel distance 18
111,73,"(0, 0, 0, 9)",9,8-15,4,False,True,False,0,not-sampled,AMBIGUOUS,local RGB continuity to preconfirmed wordmark fails frozen max-channel distance 18
112,73,"(0, 0, 0, 4)",4,4-7,4,False,True,False,0,not-sampled,AMBIGUOUS,local RGB continuity to preconfirmed wordmark fails frozen max-channel distance 18
118,73,"(0, 0, 0, 5)",5,4-7,4,True,False,False,0,not-sampled,,
119,73,"(0, 0, 0, 6)",6,4-7,4,True,False,False,0,not-sampled,,
125,73,"(0, 0, 0, 1)",1,1-3,4,False,True,False,0,not-sampled,AMBIGUOUS,local RGB continuity to preconfirmed wordmark fails frozen max-channel distance 18
126,73,"(0, 0, 0, 5)",5,4-7,4,False,True,False,0,not-sampled,AMBIGUOUS,local RGB continuity to preconfirmed wordmark fails frozen max-channel distance 18
127,73,"(0, 0, 0, 7)",7,4-7,4,False,True,False,0,not-sampled,AMBIGUOUS,local RGB continuity to preconfirmed wordmark fails frozen max-channel distance 18
128,73,"(0, 0, 0, 7)",7,4-7,4,False,True,False,0,not-sampled,AMBIGUOUS,local RGB continuity to preconfirmed wordmark fails frozen max-channel distance 18
129,73,"(0, 0, 0, 8)",8,8-15,4,False,True,False,0,not-sampled,AMBIGUOUS,local RGB continuity to preconfirmed wordmark fails frozen max-channel distance 18
130,73,"(0, 0, 0, 8)",8,8-15,4,False,True,False,0,not-sampled,AMBIGUOUS,local RGB continuity to preconfirmed wordmark fails frozen max-channel distance 18
131,73,"(0, 0, 0, 7)",7,4-7,4,False,True,False,0,not-sampled,AMBIGUOUS,local RGB continuity to preconfirmed wordmark fails frozen max-channel distance 18
132,73,"(0, 0, 0, 12)",12,8-15,4,False,True,False,0,not-sampled,AMBIGUOUS,local RGB continuity to preconfirmed wordmark fails frozen max-channel distance 18
135,73,"(255, 255, 255, 4)",4,4-7,4,False,True,False,0,not-sampled,AMBIGUOUS,local RGB continuity to preconfirmed wordmark fails frozen max-channel distance 18
136,73,"(0, 0, 0, 3)",3,1-3,4,False,False,False,0,not-sampled,,
140,73,"(0, 0, 0, 1)",1,1-3,13,True,False,False,0,not-sampled,,
141,73,"(0, 0, 0, 10)",10,8-15,13,True,False,False,0,not-sampled,,
142,73,"(0, 0, 0, 7)",7,4-7,13,False,True,False,0,not-sampled,SAFE WORDMARK OWNERSHIP,one-hop attachment to already-confirmed safe wordmark AA; frozen RGB/luma/alpha evidence passes; no chaining
143,73,"(31, 31, 31, 8)",8,8-15,13,False,True,False,0,not-sampled,AMBIGUOUS,local RGB continuity to preconfirmed wordmark fails frozen max-channel distance 18
164,73,"(0, 0, 0, 3)",3,1-3,13,False,True,False,0,not-sampled,AMBIGUOUS,local RGB continuity to preconfirmed wordmark fails frozen max-channel distance 18
165,73,"(0, 0, 0, 6)",6,4-7,13,False,True,False,0,not-sampled,SAFE WORDMARK OWNERSHIP,one-hop attachment to already-confirmed safe wordmark AA; frozen RGB/luma/alpha evidence passes; no chaining
166,73,"(0, 0, 0, 10)",10,8-15,13,True,False,False,0,not-sampled,,
167,73,"(0, 0, 0, 5)",5,4-7,13,True,False,False,0,not-sampled,,
178,73,"(191, 191, 191, 4)",4,4-7,13,True,False,False,0,not-sampled,,
182,73,"(0, 0, 0, 9)",9,8-15,13,False,True,False,0,not-sampled,AMBIGUOUS,local RGB continuity to preconfirmed wordmark fails frozen max-channel distance 18
183,73,"(0, 0, 0, 7)",7,4-7,13,False,True,False,0,not-sampled,AMBIGUOUS,local RGB continuity to preconfirmed wordmark fails frozen max-channel distance 18
184,73,"(0, 0, 0, 8)",8,8-15,13,False,True,False,0,not-sampled,AMBIGUOUS,local RGB continuity to preconfirmed wordmark fails frozen max-channel distance 18
185,73,"(0, 0, 0, 8)",8,8-15,13,False,True,False,0,not-sampled,AMBIGUOUS,local RGB continuity to preconfirmed wordmark fails frozen max-channel distance 18
186,73,"(0, 0, 0, 8)",8,8-15,13,False,True,False,0,not-sampled,AMBIGUOUS,local RGB continuity to preconfirmed wordmark fails frozen max-channel distance 18
187,73,"(0, 0, 0, 8)",8,8-15,13,False,True,False,0,not-sampled,AMBIGUOUS,local RGB continuity to preconfirmed wordmark fails frozen max-channel distance 18
188,73,"(0, 0, 0, 8)",8,8-15,13,False,True,False,0,not-sampled,AMBIGUOUS,local RGB continuity to preconfirmed wordmark fails frozen max-channel distance 18
189,73,"(0, 0, 0, 8)",8,8-15,13,False,True,False,0,not-sampled,SAFE WORDMARK OWNERSHIP,one-hop attachment to already-confirmed safe wordmark AA; frozen RGB/luma/alpha evidence passes; no chaining
190,73,"(0, 0, 0, 6)",6,4-7,13,True,False,False,0,not-sampled,,
191,73,"(0, 0, 0, 6)",6,4-7,13,True,False,False,0,not-sampled,,
194,73,"(0, 0, 0, 10)",10,8-15,13,False,True,False,0,not-sampled,SAFE WORDMARK OWNERSHIP,one-hop attachment to already-confirmed safe wordmark AA; frozen RGB/luma/alpha evidence passes; no chaining
195,73,"(0, 0, 0, 6)",6,4-7,13,True,False,False,0,not-sampled,,
196,73,"(0, 0, 0, 7)",7,4-7,13,True,False,False,0,not-sampled,,
207,73,"(0, 0, 0, 6)",6,4-7,13,False,True,False,0,not-sampled,SAFE WORDMARK OWNERSHIP,one-hop attachment to already-confirmed safe wordmark AA; frozen RGB/luma/alpha evidence passes; no chaining
208,73,"(0, 0, 0, 10)",10,8-15,13,True,False,False,0,not-sampled,,
68,74,"(255, 255, 255, 2)",2,1-3,12,False,True,False,0,not-sampled,AMBIGUOUS,local RGB continuity to preconfirmed wordmark fails frozen max-channel distance 18
69,74,"(255, 255, 255, 2)",2,1-3,12,False,True,False,0,not-sampled,AMBIGUOUS,local RGB continuity to preconfirmed wordmark fails frozen max-channel distance 18
70,74,"(255, 255, 255, 3)",3,1-3,12,False,True,False,0,not-sampled,AMBIGUOUS,local RGB continuity to preconfirmed wordmark fails frozen max-channel distance 18
71,74,"(255, 255, 255, 3)",3,1-3,12,False,False,False,0,not-sampled,,
72,74,"(255, 255, 255, 3)",3,1-3,12,False,False,False,0,not-sampled,,
73,74,"(255, 255, 255, 3)",3,1-3,12,False,False,False,0,not-sampled,,
74,74,"(255, 255, 255, 2)",2,1-3,12,False,True,False,0,not-sampled,AMBIGUOUS,local RGB continuity to preconfirmed wordmark fails frozen max-channel distance 18
75,74,"(255, 255, 255, 3)",3,1-3,12,False,True,False,0,not-sampled,AMBIGUOUS,local RGB continuity to preconfirmed wordmark fails frozen max-channel distance 18
76,74,"(170, 170, 170, 6)",6,4-7,12,False,True,False,0,not-sampled,AMBIGUOUS,local RGB continuity to preconfirmed wordmark fails frozen max-channel distance 18
77,74,"(85, 85, 85, 3)",3,1-3,12,False,False,False,0,not-sampled,,
83,74,"(255, 255, 255, 1)",1,1-3,4,False,False,False,0,not-sampled,,
84,74,"(255, 255, 255, 3)",3,1-3,4,False,False,False,0,not-sampled,,
85,74,"(255, 255, 255, 3)",3,1-3,4,False,False,False,0,not-sampled,,
86,74,"(255, 255, 255, 3)",3,1-3,4,False,False,False,0,not-sampled,,
87,74,"(255, 255, 255, 3)",3,1-3,4,False,False,False,0,not-sampled,,
88,74,"(255, 255, 255, 3)",3,1-3,4,False,False,False,0,not-sampled,,
89,74,"(255, 255, 255, 3)",3,1-3,4,False,False,False,0,not-sampled,,
90,74,"(255, 255, 255, 3)",3,1-3,4,False,False,False,0,not-sampled,,
91,74,"(255, 255, 255, 3)",3,1-3,4,False,False,False,0,not-sampled,,
92,74,"(255, 255, 255, 3)",3,1-3,4,False,False,False,0,not-sampled,,
93,74,"(255, 255, 255, 3)",3,1-3,4,False,False,False,0,not-sampled,,
94,74,"(255, 255, 255, 3)",3,1-3,4,False,False,False,0,not-sampled,,
95,74,"(255, 255, 255, 3)",3,1-3,4,False,False,False,0,not-sampled,,
96,74,"(255, 255, 255, 3)",3,1-3,4,False,False,False,0,not-sampled,,
97,74,"(255, 255, 255, 2)",2,1-3,4,False,False,False,0,not-sampled,,
98,74,"(255, 255, 255, 2)",2,1-3,4,False,False,False,0,not-sampled,,
99,74,"(0, 0, 0, 1)",1,1-3,4,False,False,False,0,not-sampled,,
101,74,"(127, 127, 127, 2)",2,1-3,4,False,True,False,0,not-sampled,AMBIGUOUS,local RGB continuity to preconfirmed wordmark fails frozen max-channel distance 18
102,74,"(255, 255, 255, 2)",2,1-3,4,False,True,False,0,not-sampled,AMBIGUOUS,local RGB continuity to preconfirmed wordmark fails frozen max-channel distance 18
103,74,"(255, 255, 255, 2)",2,1-3,4,False,True,False,0,not-sampled,AMBIGUOUS,local RGB continuity to preconfirmed wordmark fails frozen max-channel distance 18
104,74,"(0, 0, 0, 1)",1,1-3,4,False,False,False,0,not-sampled,,
110,74,"(255, 255, 255, 2)",2,1-3,4,False,False,False,0,not-sampled,,
111,74,"(255, 255, 255, 3)",3,1-3,4,False,False,False,0,not-sampled,,
112,74,"(255, 255, 255, 1)",1,1-3,4,False,False,False,0,not-sampled,,
119,74,"(255, 255, 255, 3)",3,1-3,4,False,True,False,0,not-sampled,AMBIGUOUS,local RGB continuity to preconfirmed wordmark fails frozen max-channel distance 18
120,74,"(191, 191, 191, 4)",4,4-7,4,False,True,False,0,not-sampled,AMBIGUOUS,local RGB continuity to preconfirmed wordmark fails frozen max-channel distance 18
126,74,"(255, 255, 255, 2)",2,1-3,4,False,False,False,0,not-sampled,,
127,74,"(255, 255, 255, 3)",3,1-3,4,False,False,False,0,not-sampled,,
128,74,"(255, 255, 255, 3)",3,1-3,4,False,False,False,0,not-sampled,,
129,74,"(255, 255, 255, 3)",3,1-3,4,False,False,False,0,not-sampled,,
130,74,"(255, 255, 255, 3)",3,1-3,4,False,False,False,0,not-sampled,,
131,74,"(255, 255, 255, 3)",3,1-3,4,False,False,False,0,not-sampled,,
132,74,"(255, 255, 255, 2)",2,1-3,4,False,False,False,0,not-sampled,,
133,74,"(255, 255, 255, 5)",5,4-7,4,False,False,False,0,not-sampled,,
134,74,"(85, 85, 85, 6)",6,4-7,4,False,False,False,0,not-sampled,,
141,74,"(255, 255, 255, 2)",2,1-3,13,False,True,False,0,not-sampled,AMBIGUOUS,local RGB continuity to preconfirmed wordmark fails frozen max-channel distance 18
142,74,"(255, 255, 255, 2)",2,1-3,13,False,True,False,0,not-sampled,AMBIGUOUS,local RGB continuity to preconfirmed wordmark fails frozen max-channel distance 18
165,74,"(255, 255, 255, 1)",1,1-3,13,False,True,False,0,not-sampled,AMBIGUOUS,local RGB continuity to preconfirmed wordmark fails frozen max-channel distance 18
166,74,"(255, 255, 255, 3)",3,1-3,13,False,True,False,0,not-sampled,AMBIGUOUS,local RGB continuity to preconfirmed wordmark fails frozen max-channel distance 18
178,74,"(0, 0, 0, 1)",1,1-3,13,False,True,False,0,not-sampled,AMBIGUOUS,local RGB continuity to preconfirmed wordmark fails frozen max-channel distance 18
179,74,"(51, 51, 51, 5)",5,4-7,13,False,True,False,0,not-sampled,AMBIGUOUS,local RGB continuity to preconfirmed wordmark fails frozen max-channel distance 18
180,74,"(255, 255, 255, 5)",5,4-7,13,False,False,False,0,not-sampled,,
181,74,"(255, 255, 255, 3)",3,1-3,13,False,False,False,0,not-sampled,,
182,74,"(255, 255, 255, 2)",2,1-3,13,False,False,False,0,not-sampled,,
183,74,"(255, 255, 255, 3)",3,1-3,13,False,False,False,0,not-sampled,,
184,74,"(255, 255, 255, 3)",3,1-3,13,False,False,False,0,not-sampled,,
185,74,"(255, 255, 255, 3)",3,1-3,13,False,False,False,0,not-sampled,,
186,74,"(255, 255, 255, 3)",3,1-3,13,False,False,False,0,not-sampled,,
187,74,"(255, 255, 255, 3)",3,1-3,13,False,False,False,0,not-sampled,,
188,74,"(255, 255, 255, 3)",3,1-3,13,False,False,False,0,not-sampled,,
189,74,"(255, 255, 255, 2)",2,1-3,13,False,True,False,0,not-sampled,AMBIGUOUS,local RGB continuity to preconfirmed wordmark fails frozen max-channel distance 18
190,74,"(255, 255, 255, 3)",3,1-3,13,False,True,False,0,not-sampled,AMBIGUOUS,local RGB continuity to preconfirmed wordmark fails frozen max-channel distance 18
194,74,"(255, 255, 255, 2)",2,1-3,13,False,True,False,0,not-sampled,AMBIGUOUS,local RGB continuity to preconfirmed wordmark fails frozen max-channel distance 18
195,74,"(255, 255, 255, 3)",3,1-3,13,False,True,False,0,not-sampled,AMBIGUOUS,local RGB continuity to preconfirmed wordmark fails frozen max-channel distance 18
206,74,"(0, 0, 0, 2)",2,1-3,13,False,False,False,0,not-sampled,,
207,74,"(255, 255, 255, 3)",3,1-3,13,False,True,False,0,not-sampled,AMBIGUOUS,local RGB continuity to preconfirmed wordmark fails frozen max-channel distance 18
208,74,"(255, 255, 255, 2)",2,1-3,13,False,True,False,0,not-sampled,AMBIGUOUS,local RGB continuity to preconfirmed wordmark fails frozen max-channel distance 18
209,74,"(255, 255, 255, 1)",1,1-3,13,False,True,False,0,not-sampled,AMBIGUOUS,local RGB continuity to preconfirmed wordmark fails frozen max-channel distance 18
68,75,"(0, 0, 0, 1)",1,1-3,12,False,False,False,0,not-sampled,,
69,75,"(0, 0, 0, 3)",3,1-3,12,False,False,False,0,not-sampled,,
70,75,"(0, 0, 0, 3)",3,1-3,12,False,False,False,0,not-sampled,,
71,75,"(0, 0, 0, 3)",3,1-3,12,False,False,False,0,not-sampled,,
72,75,"(0, 0, 0, 3)",3,1-3,12,False,False,False,0,not-sampled,,
73,75,"(0, 0, 0, 3)",3,1-3,12,False,False,False,0,not-sampled,,
74,75,"(0, 0, 0, 3)",3,1-3,12,False,False,False,0,not-sampled,,
75,75,"(0, 0, 0, 2)",2,1-3,12,False,False,False,0,not-sampled,,
83,75,"(0, 0, 0, 3)",3,1-3,4,False,False,False,0,not-sampled,,
84,75,"(0, 0, 0, 3)",3,1-3,4,False,False,False,0,not-sampled,,
85,75,"(0, 0, 0, 3)",3,1-3,4,False,False,False,0,not-sampled,,
86,75,"(0, 0, 0, 3)",3,1-3,4,False,False,False,0,not-sampled,,
87,75,"(0, 0, 0, 3)",3,1-3,4,False,False,False,0,not-sampled,,
88,75,"(0, 0, 0, 3)",3,1-3,4,False,False,False,0,not-sampled,,
89,75,"(0, 0, 0, 3)",3,1-3,4,False,False,False,0,not-sampled,,
90,75,"(0, 0, 0, 3)",3,1-3,4,False,False,False,0,not-sampled,,
91,75,"(0, 0, 0, 3)",3,1-3,4,False,False,False,0,not-sampled,,
92,75,"(0, 0, 0, 3)",3,1-3,4,False,False,False,0,not-sampled,,
93,75,"(0, 0, 0, 3)",3,1-3,4,False,False,False,0,not-sampled,,
94,75,"(0, 0, 0, 3)",3,1-3,4,False,False,False,0,not-sampled,,
95,75,"(0, 0, 0, 3)",3,1-3,4,False,False,False,0,not-sampled,,
96,75,"(0, 0, 0, 3)",3,1-3,4,False,False,False,0,not-sampled,,
97,75,"(0, 0, 0, 3)",3,1-3,4,False,False,False,0,not-sampled,,
98,75,"(0, 0, 0, 3)",3,1-3,4,False,False,False,0,not-sampled,,
102,75,"(0, 0, 0, 3)",3,1-3,4,False,False,False,0,not-sampled,,
103,75,"(0, 0, 0, 3)",3,1-3,4,False,False,False,0,not-sampled,,
110,75,"(0, 0, 0, 2)",2,1-3,4,False,False,False,0,not-sampled,,
111,75,"(0, 0, 0, 4)",4,4-7,4,False,False,False,0,not-sampled,,
112,75,"(0, 0, 0, 1)",1,1-3,4,False,False,False,0,not-sampled,,
118,75,"(0, 0, 0, 1)",1,1-3,4,False,False,False,0,not-sampled,,
119,75,"(0, 0, 0, 3)",3,1-3,4,False,False,False,0,not-sampled,,
126,75,"(0, 0, 0, 2)",2,1-3,4,False,False,False,0,not-sampled,,
127,75,"(0, 0, 0, 3)",3,1-3,4,False,False,False,0,not-sampled,,
128,75,"(0, 0, 0, 3)",3,1-3,4,False,False,False,0,not-sampled,,
129,75,"(0, 0, 0, 3)",3,1-3,4,False,False,False,0,not-sampled,,
130,75,"(0, 0, 0, 3)",3,1-3,4,False,False,False,0,not-sampled,,
131,75,"(0, 0, 0, 3)",3,1-3,4,False,False,False,0,not-sampled,,
132,75,"(0, 0, 0, 3)",3,1-3,4,False,False,False,0,not-sampled,,
133,75,"(0, 0, 0, 1)",1,1-3,4,False,False,False,0,not-sampled,,
141,75,"(0, 0, 0, 3)",3,1-3,13,False,False,False,0,not-sampled,,
142,75,"(0, 0, 0, 2)",2,1-3,13,False,False,False,0,not-sampled,,
165,75,"(0, 0, 0, 2)",2,1-3,13,False,False,False,0,not-sampled,,
166,75,"(0, 0, 0, 4)",4,4-7,13,False,False,False,0,not-sampled,,
167,75,"(0, 0, 0, 1)",1,1-3,13,False,False,False,0,not-sampled,,
181,75,"(0, 0, 0, 2)",2,1-3,13,False,False,False,0,not-sampled,,
182,75,"(0, 0, 0, 3)",3,1-3,13,False,False,False,0,not-sampled,,
183,75,"(0, 0, 0, 3)",3,1-3,13,False,False,False,0,not-sampled,,
184,75,"(0, 0, 0, 3)",3,1-3,13,False,False,False,0,not-sampled,,
185,75,"(0, 0, 0, 3)",3,1-3,13,False,False,False,0,not-sampled,,
186,75,"(0, 0, 0, 3)",3,1-3,13,False,False,False,0,not-sampled,,
187,75,"(0, 0, 0, 3)",3,1-3,13,False,False,False,0,not-sampled,,
188,75,"(0, 0, 0, 3)",3,1-3,13,False,False,False,0,not-sampled,,
189,75,"(0, 0, 0, 3)",3,1-3,13,False,False,False,0,not-sampled,,
190,75,"(0, 0, 0, 3)",3,1-3,13,False,False,False,0,not-sampled,,
191,75,"(0, 0, 0, 1)",1,1-3,13,False,False,False,0,not-sampled,,
194,75,"(0, 0, 0, 3)",3,1-3,13,False,False,False,0,not-sampled,,
195,75,"(0, 0, 0, 3)",3,1-3,13,False,False,False,0,not-sampled,,
196,75,"(0, 0, 0, 1)",1,1-3,13,False,False,False,0,not-sampled,,
207,75,"(0, 0, 0, 2)",2,1-3,13,False,False,False,0,not-sampled,,
208,75,"(0, 0, 0, 3)",3,1-3,13,False,False,False,0,not-sampled,,
