family_id,case_type,policy_decision,policy_candidate,member_count,representative_identity
AUX-RF-0001,ENGINE-REVIEW,HUMAN-REVIEW: UNSAFE CHROMATIC,false,1,provider-logo::PUBBLISOLE.png
AUX-RF-0002,ENGINE-REVIEW,HUMAN-REVIEW: CHROMATIC + AMBIGUOUS MASK,false,1,provider-logo::JURNALTV.png
AUX-RF-0003,ENGINE-REVIEW,HUMAN-REVIEW: UNSAFE CHROMATIC,false,1,provider-logo::ZEONBUD.png
AUX-RF-0004,ENGINE-REVIEW,HUMAN-REVIEW: CHROMATIC + AMBIGUOUS MASK,false,1,provider-logo::A PLUS LIVE.png
AUX-RF-0005,ENGINE-REVIEW,HUMAN-REVIEW: AMBIGUOUS MASK,false,1,provider-logo::WRS.png
AUX-RF-0006,ENGINE-REVIEW,HUMAN-REVIEW: AMBIGUOUS MASK,false,1,provider-logo::HOT.png
AUX-RF-0007,ENGINE-REVIEW,HUMAN-REVIEW: AMBIGUOUS MASK,false,1,provider-logo::RDIO LUSITNIA.png
AUX-RF-0008,ENGINE-REVIEW,HUMAN-REVIEW: AMBIGUOUS MASK,false,1,provider-logo::RDIO REGIONAL.png
AUX-RF-0009,ENGINE-REVIEW,HUMAN-REVIEW: UNSAFE CHROMATIC,false,2,provider-logo::TV MAURITANIE.png
AUX-RF-0010,ENGINE-REVIEW,HUMAN-REVIEW: AMBIGUOUS MASK,false,1,provider-logo::SKY NEWS ARABIA HD.png
AUX-RF-0011,ENGINE-REVIEW,HUMAN-REVIEW: AMBIGUOUS MASK,false,1,provider-logo::RADIO MARTE TV.png
AUX-RF-0012,ENGINE-REVIEW,HUMAN-REVIEW: UNSAFE CHROMATIC,false,2,provider-logo::CANAL+.png
AUX-RF-0013,ENGINE-REVIEW,HUMAN-REVIEW: UNSAFE CHROMATIC,false,1,provider-logo::KARNAVAL.png
AUX-RF-0014,ENGINE-REVIEW,HUMAN-REVIEW: UNSAFE CHROMATIC,false,1,provider-logo::STREAM.png
AUX-RF-0015,ENGINE-REVIEW,HUMAN-REVIEW: CHROMATIC + AMBIGUOUS MASK,false,1,provider-logo::TELEROMAUNO.png
AUX-RF-0016,ENGINE-REVIEW,HUMAN-REVIEW: UNSAFE CHROMATIC,false,1,provider-logo::GLOBECAST ITALY.png
AUX-RF-0017,ENGINE-REVIEW,HUMAN-REVIEW: AMBIGUOUS MASK,false,1,provider-logo::SW KAON DTH.png
AUX-RF-0018,ENGINE-REVIEW,HUMAN-REVIEW: UNSAFE CHROMATIC,false,1,provider-logo::MEDIADIAPASON.png
AUX-RF-0019,ENGINE-REVIEW,HUMAN-REVIEW: AMBIGUOUS MASK,false,1,provider-logo::LBC.png
AUX-RF-0020,ENGINE-REVIEW,HUMAN-REVIEW: UNSAFE CHROMATIC,false,1,provider-logo::RDP FRICA.png
AUX-RF-0021,ENGINE-REVIEW,HUMAN-REVIEW: UNSAFE CHROMATIC,false,1,satellite-logo::140W.png
AUX-RF-0022,ENGINE-REVIEW,HUMAN-REVIEW: UNSAFE CHROMATIC,false,2,provider-logo::TDA DZ.png
AUX-RF-0023,ENGINE-REVIEW,HUMAN-REVIEW: UNSAFE CHROMATIC,false,1,provider-logo::TSA.png
AUX-RF-0024,ENGINE-REVIEW,HUMAN-REVIEW: UNSAFE CHROMATIC,false,1,provider-logo::DEUTSCHE WELLE.png
AUX-RF-0025,ENGINE-REVIEW,HUMAN-REVIEW: UNSAFE CHROMATIC,false,1,provider-logo::SID FOX COMEDY.png
AUX-RF-0026,ENGINE-REVIEW,HUMAN-REVIEW: CHROMATIC + AMBIGUOUS MASK,false,1,provider-logo::ESPANSIONE TV.png
AUX-RF-0027,ENGINE-REVIEW,HUMAN-REVIEW: UNSAFE CHROMATIC,false,1,provider-logo::GLAS.png
AUX-RF-0028,ENGINE-REVIEW,HUMAN-REVIEW: UNSAFE CHROMATIC,false,1,satellite-logo::110W.png
AUX-RF-0029,ENGINE-REVIEW,HUMAN-REVIEW: AMBIGUOUS MASK,false,1,provider-logo::RETE 55.png
AUX-RF-0030,ENGINE-REVIEW,HUMAN-REVIEW: AMBIGUOUS MASK,false,1,provider-logo::CANAL OFICIAL NOS ALIVE.png
AUX-RF-0031,ENGINE-REVIEW,HUMAN-REVIEW: UNSAFE CHROMATIC,false,1,provider-logo::VIMN.png
AUX-RF-0032,ENGINE-REVIEW,HUMAN-REVIEW: AMBIGUOUS MASK,false,1,provider-logo::AL MANAR.png
AUX-RF-0033,ENGINE-REVIEW,HUMAN-REVIEW: AMBIGUOUS MASK,false,1,provider-logo::SKY NEWS ARABIA.png
AUX-RF-0034,ENGINE-REVIEW,HUMAN-REVIEW: UNSAFE CHROMATIC,false,1,satellite-logo::660E.png
AUX-RF-0035,ENGINE-REVIEW,HUMAN-REVIEW: AMBIGUOUS MASK,false,1,provider-logo::SNRT-ALHOCEIMA.png
AUX-RF-0036,ENGINE-REVIEW,HUMAN-REVIEW: CHROMATIC + AMBIGUOUS MASK,false,1,provider-logo::GR1 A.png
AUX-RF-0037,ENGINE-REVIEW,HUMAN-REVIEW: AMBIGUOUS MASK,false,1,provider-logo::SERVUSTV.png
AUX-RF-0038,ENGINE-REVIEW,HUMAN-REVIEW: UNSAFE CHROMATIC,false,1,satellite-logo::450E.png
AUX-RF-0039,ENGINE-REVIEW,HUMAN-REVIEW: UNSAFE CHROMATIC,false,2,provider-logo::QATAR TELEVISION.png
AUX-RF-0040,ENGINE-REVIEW,HUMAN-REVIEW: AMBIGUOUS MASK,false,1,provider-logo::82xCANAL+.png
AUX-RF-0041,ENGINE-REVIEW,HUMAN-REVIEW: CHROMATIC + AMBIGUOUS MASK,false,1,provider-logo::FM-DVB TDF TFL.png
AUX-RF-0042,ENGINE-REVIEW,HUMAN-REVIEW: UNSAFE CHROMATIC,false,1,provider-logo::SKYMEDIA BROADCAST.png
AUX-RF-0043,ENGINE-REVIEW,HUMAN-REVIEW: UNSAFE CHROMATIC,false,1,provider-logo::ALCAD.png
AUX-RF-0044,ENGINE-REVIEW,HUMAN-REVIEW: UNSAFE CHROMATIC,false,1,provider-logo::CANAL BBC ENTERTAINMENT.png
AUX-RF-0045,ENGINE-REVIEW,HUMAN-REVIEW: AMBIGUOUS MASK,false,1,provider-logo::KISS FM.png
AUX-RF-0046,ENGINE-REVIEW,HUMAN-REVIEW: UNSAFE CHROMATIC,false,1,provider-logo::SPTV.png
AUX-RF-0047,ENGINE-REVIEW,HUMAN-REVIEW: CHROMATIC + AMBIGUOUS MASK,false,1,provider-logo::SUDANIA 24NONE.png
AUX-RF-0048,ENGINE-REVIEW,HUMAN-REVIEW: AMBIGUOUS MASK,false,1,satellite-logo::picon_cable.png
AUX-RF-0049,ENGINE-REVIEW,HUMAN-REVIEW: UNSAFE CHROMATIC,false,1,provider-logo::MSAT GLOBAL.png
AUX-RF-0050,ENGINE-REVIEW,HUMAN-REVIEW: CHROMATIC + AMBIGUOUS MASK,false,3,provider-logo::XTRA TV.png
AUX-RF-0051,ENGINE-REVIEW,HUMAN-REVIEW: UNSAFE CHROMATIC,false,1,satellite-logo::IPTV.png
AUX-RF-0052,ENGINE-REVIEW,HUMAN-REVIEW: UNSAFE CHROMATIC,false,1,provider-logo::SID CANAL Q.png
AUX-RF-0053,ENGINE-REVIEW,HUMAN-REVIEW: CHROMATIC + AMBIGUOUS MASK,false,1,provider-logo::TELECLUSONE.png
AUX-RF-0054,ENGINE-REVIEW,HUMAN-REVIEW: UNSAFE CHROMATIC,false,1,provider-logo::BBC WORLD SERVICE.png
AUX-RF-0055,ENGINE-REVIEW,HUMAN-REVIEW: CHROMATIC + AMBIGUOUS MASK,false,1,provider-logo::TV ZIMBO.png
AUX-RF-0056,ENGINE-REVIEW,HUMAN-REVIEW: UNSAFE CHROMATIC,false,1,provider-logo::COSMO.png
AUX-RF-0057,ENGINE-REVIEW,HUMAN-REVIEW: CHROMATIC + AMBIGUOUS MASK,false,1,provider-logo::TVP S.A..png
AUX-RF-0058,ENGINE-REVIEW,HUMAN-REVIEW: CHROMATIC + AMBIGUOUS MASK,false,1,provider-logo::TRACE.png
AUX-RF-0059,ENGINE-REVIEW,HUMAN-REVIEW: UNSAFE CHROMATIC,false,1,provider-logo::ANTENA 1.png
AUX-RF-0060,ENGINE-REVIEW,HUMAN-REVIEW: UNSAFE CHROMATIC,false,1,provider-logo::STREAMTV.png
AUX-RF-0061,ENGINE-REVIEW,HUMAN-REVIEW: UNSAFE CHROMATIC,false,1,provider-logo::SPORT TV 4 HD.png
AUX-RF-0062,ENGINE-REVIEW,HUMAN-REVIEW: UNSAFE CHROMATIC,false,1,provider-logo::RTL.png
AUX-RF-0063,ENGINE-REVIEW,HUMAN-REVIEW: UNSAFE CHROMATIC,false,1,provider-logo::KURDISTAN 24.png
AUX-RF-0064,ENGINE-REVIEW,HUMAN-REVIEW: UNSAFE CHROMATIC,false,2,provider-logo::MEZZO.png
AUX-RF-0065,ENGINE-REVIEW,HUMAN-REVIEW: UNSAFE CHROMATIC,false,1,provider-logo::TVCOM.png
AUX-RF-0066,ENGINE-REVIEW,HUMAN-REVIEW: AMBIGUOUS MASK,false,1,provider-logo::RADIOTELEVISIONE SVIZZERA.png
AUX-RF-0067,ENGINE-REVIEW,HUMAN-REVIEW: UNSAFE CHROMATIC,false,1,provider-logo::FOX COMEDY.png
AUX-RF-0068,ENGINE-REVIEW,HUMAN-REVIEW: AMBIGUOUS MASK,false,1,provider-logo::MTC.png
AUX-RF-0069,ENGINE-REVIEW,HUMAN-REVIEW: UNSAFE CHROMATIC,false,1,provider-logo::THOME.png
AUX-RF-0070,ENGINE-REVIEW,HUMAN-REVIEW: CHROMATIC + AMBIGUOUS MASK,false,1,provider-logo::PINK.png
AUX-RF-0071,ENGINE-REVIEW,HUMAN-REVIEW: UNSAFE CHROMATIC,false,1,provider-logo::SID RTP1.png
AUX-RF-0072,ENGINE-REVIEW,HUMAN-REVIEW: UNSAFE CHROMATIC,false,1,provider-logo::MEDIALOOKS.png
AUX-RF-0073,ENGINE-REVIEW,HUMAN-REVIEW: CHROMATIC + AMBIGUOUS MASK,false,1,provider-logo::MTV PORTUGAL.png
AUX-RF-0074,ENGINE-REVIEW,HUMAN-REVIEW: UNSAFE CHROMATIC,false,1,provider-logo::ACANGROUP.png
AUX-RF-0075,ENGINE-REVIEW,HUMAN-REVIEW: UNSAFE CHROMATIC,false,1,provider-logo::MAGTICOM.png
AUX-RF-0076,ENGINE-REVIEW,HUMAN-REVIEW: UNSAFE CHROMATIC,false,1,provider-logo::AJMN.png
AUX-RF-0077,ENGINE-REVIEW,HUMAN-REVIEW: UNSAFE CHROMATIC,false,1,provider-logo::ZEE NETWORK.png
AUX-RF-0078,ENGINE-REVIEW,HUMAN-REVIEW: CHROMATIC + AMBIGUOUS MASK,false,1,provider-logo::ZABAVA TV.png
AUX-RF-0079,ENGINE-REVIEW,HUMAN-REVIEW: AMBIGUOUS MASK,false,1,provider-logo::DOGAN TV.png
AUX-RF-0080,ENGINE-REVIEW,HUMAN-REVIEW: UNSAFE CHROMATIC,false,1,provider-logo::SAY TV.png
AUX-RF-0081,ENGINE-REVIEW,HUMAN-REVIEW: UNSAFE CHROMATIC,false,2,provider-logo::COPE SAT 2.png
AUX-RF-0082,ENGINE-REVIEW,HUMAN-REVIEW: AMBIGUOUS MASK,false,2,provider-logo::SRG SSR.png
AUX-RF-0083,ENGINE-REVIEW,HUMAN-REVIEW: AMBIGUOUS MASK,false,1,provider-logo::TORRENT-TV.png
AUX-RF-0084,ENGINE-REVIEW,HUMAN-REVIEW: UNSAFE CHROMATIC,false,1,satellite-logo::305E.png
AUX-RF-0085,ENGINE-REVIEW,HUMAN-REVIEW: UNSAFE CHROMATIC,false,1,provider-logo::HABERTURK.png
AUX-RF-0086,ENGINE-REVIEW,HUMAN-REVIEW: UNSAFE CHROMATIC,false,1,provider-logo::IKOMG.png
AUX-RF-0087,ENGINE-REVIEW,HUMAN-REVIEW: AMBIGUOUS MASK,false,1,provider-logo::TV RECORD.png
AUX-RF-0088,ENGINE-REVIEW,HUMAN-REVIEW: UNSAFE CHROMATIC,false,1,provider-logo::CHAFR.png
AUX-RF-0089,ENGINE-REVIEW,HUMAN-REVIEW: UNSAFE CHROMATIC,false,1,provider-logo::EBU.png
AUX-RF-0090,ENGINE-REVIEW,HUMAN-REVIEW: AMBIGUOUS MASK,false,1,provider-logo::PLANETA.png
AUX-RF-0091,ENGINE-REVIEW,HUMAN-REVIEW: AMBIGUOUS MASK,false,1,provider-logo::RADIO DMO.png
AUX-RF-0092,ENGINE-REVIEW,HUMAN-REVIEW: AMBIGUOUS MASK,false,1,provider-logo::OXIGNIO.png
AUX-RF-0093,ENGINE-REVIEW,HUMAN-REVIEW: UNSAFE CHROMATIC,false,1,provider-logo::TWOFOUR54.png
AUX-RF-0094,ENGINE-REVIEW,HUMAN-REVIEW: UNSAFE CHROMATIC,false,1,provider-logo::NOORSAT.png
AUX-RF-0095,ENGINE-REVIEW,HUMAN-REVIEW: UNSAFE CHROMATIC,false,1,provider-logo::AVERS.png
AUX-RF-0096,ENGINE-REVIEW,HUMAN-REVIEW: AMBIGUOUS MASK,false,1,provider-logo::SHOW MAX HD.png
AUX-RF-0097,ENGINE-REVIEW,HUMAN-REVIEW: UNSAFE CHROMATIC,false,2,provider-logo::IKO MEDIA GROUP.png
AUX-RF-0098,ENGINE-REVIEW,HUMAN-REVIEW: UNSAFE CHROMATIC,false,2,provider-logo::GLOBECAST ITALIA.png
AUX-RF-0099,ENGINE-REVIEW,HUMAN-REVIEW: UNSAFE CHROMATIC,false,1,provider-logo::RTVS.png
AUX-RF-0100,ENGINE-REVIEW,HUMAN-REVIEW: UNSAFE CHROMATIC,false,1,satellite-logo::30E.png
AUX-RF-0101,ENGINE-REVIEW,HUMAN-REVIEW: UNSAFE CHROMATIC,false,1,provider-logo::INTERECONOMIA.png
AUX-RF-0102,ENGINE-REVIEW,HUMAN-REVIEW: UNSAFE CHROMATIC,false,1,provider-logo::REUTERS.png
AUX-RF-0103,ENGINE-REVIEW,HUMAN-REVIEW: UNSAFE CHROMATIC,false,1,provider-logo::DIGITAL PLATFORM.png
AUX-RF-0104,ENGINE-REVIEW,HUMAN-REVIEW: AMBIGUOUS MASK,false,1,provider-logo::BBC.png
AUX-RF-0105,ENGINE-REVIEW,HUMAN-REVIEW: CHROMATIC + AMBIGUOUS MASK,false,1,provider-logo::HIRTV  AH  HDT.png
AUX-RF-0106,ENGINE-REVIEW,HUMAN-REVIEW: UNSAFE CHROMATIC,false,1,provider-logo::TELENUOVO-TN.png
AUX-RF-0107,ENGINE-REVIEW,HUMAN-REVIEW: AMBIGUOUS MASK,false,1,provider-logo::SID TVE INTERNACIONAL.png
AUX-RF-0108,ENGINE-REVIEW,HUMAN-REVIEW: CHROMATIC + AMBIGUOUS MASK,false,1,provider-logo::ALKAFEEL.png
AUX-RF-0109,ENGINE-REVIEW,HUMAN-REVIEW: UNSAFE CHROMATIC,false,1,provider-logo::ZEE.png
AUX-RF-0110,ENGINE-REVIEW,HUMAN-REVIEW: CHROMATIC + AMBIGUOUS MASK,false,1,provider-logo::PERVY DELOVOY.png
AUX-RF-0111,ENGINE-REVIEW,HUMAN-REVIEW: AMBIGUOUS MASK,false,1,provider-logo::TELECOLOR.png
AUX-RF-0112,ENGINE-REVIEW,HUMAN-REVIEW: UNSAFE CHROMATIC,false,1,provider-logo::PTP.png
AUX-RF-0113,ENGINE-REVIEW,HUMAN-REVIEW: AMBIGUOUS MASK,false,1,provider-logo::TELE 2000.png
AUX-RF-0114,ENGINE-REVIEW,HUMAN-REVIEW: UNSAFE CHROMATIC,false,1,provider-logo::AMCN-IBERIA.png
AUX-RF-0115,ENGINE-REVIEW,HUMAN-REVIEW: AMBIGUOUS MASK,false,1,provider-logo::TVQUI.png
AUX-RF-0116,ENGINE-REVIEW,HUMAN-REVIEW: AMBIGUOUS MASK,false,1,provider-logo::UBN.png
AUX-RF-0117,ENGINE-REVIEW,HUMAN-REVIEW: UNSAFE CHROMATIC,false,1,provider-logo::T-HOME.png
AUX-RF-0118,ENGINE-REVIEW,HUMAN-REVIEW: UNSAFE CHROMATIC,false,1,provider-logo::PERSIDERA.png
AUX-RF-0119,ENGINE-REVIEW,HUMAN-REVIEW: UNSAFE CHROMATIC,false,1,provider-logo::SPORTTV2.png
AUX-RF-0120,ENGINE-REVIEW,HUMAN-REVIEW: UNSAFE CHROMATIC,false,1,provider-logo::TELESPAZIO.png
AUX-RF-0121,ENGINE-REVIEW,HUMAN-REVIEW: AMBIGUOUS MASK,false,3,provider-logo::PROFEN.png
AUX-RF-0122,ENGINE-REVIEW,HUMAN-REVIEW: AMBIGUOUS MASK,false,1,provider-logo::SV.png
AUX-RF-0123,ENGINE-REVIEW,HUMAN-REVIEW: UNSAFE CHROMATIC,false,1,provider-logo::INTELSAT 20.png
AUX-RF-0124,ENGINE-REVIEW,HUMAN-REVIEW: AMBIGUOUS MASK,false,1,provider-logo::CANALE 21.png
AUX-RF-0125,ENGINE-REVIEW,HUMAN-REVIEW: AMBIGUOUS MASK,false,2,provider-logo::GRIDSHOT HENKBOX.png
AUX-RF-0126,ENGINE-REVIEW,HUMAN-REVIEW: UNSAFE CHROMATIC,false,1,provider-logo::RADIO MOJDEH.png
AUX-RF-0127,ENGINE-REVIEW,HUMAN-REVIEW: UNSAFE CHROMATIC,false,1,provider-logo::SHOWTIME NETWORKS.png
AUX-RF-0128,ENGINE-REVIEW,HUMAN-REVIEW: UNSAFE CHROMATIC,false,1,provider-logo::SID NICK JR..png
AUX-RF-0129,ENGINE-REVIEW,HUMAN-REVIEW: AMBIGUOUS MASK,false,1,provider-logo::NOVY KANAL HD.png
AUX-RF-0130,ENGINE-REVIEW,HUMAN-REVIEW: UNSAFE CHROMATIC,false,1,provider-logo::TRING TV.png
AUX-RF-0131,ENGINE-REVIEW,HUMAN-REVIEW: UNSAFE CHROMATIC,false,1,provider-logo::IDC.png
AUX-RF-0132,ENGINE-REVIEW,HUMAN-REVIEW: AMBIGUOUS MASK,false,1,provider-logo::KRTPC.png
AUX-RF-0133,ENGINE-REVIEW,HUMAN-REVIEW: CHROMATIC + AMBIGUOUS MASK,false,1,provider-logo::MEDIA 7.png
AUX-RF-0134,ENGINE-REVIEW,HUMAN-REVIEW: UNSAFE CHROMATIC,false,1,provider-logo::TEAMSAT.png
AUX-RF-0135,ENGINE-REVIEW,HUMAN-REVIEW: UNSAFE CHROMATIC,false,1,provider-logo::BES.png
AUX-RF-0136,ENGINE-REVIEW,HUMAN-REVIEW: UNSAFE CHROMATIC,false,1,provider-logo::SID BBC WORLD NEWS.png
AUX-RF-0137,ENGINE-REVIEW,HUMAN-REVIEW: AMBIGUOUS MASK,false,1,provider-logo::DISNEY CHANNEL.png
AUX-RF-0138,ENGINE-REVIEW,HUMAN-REVIEW: UNSAFE CHROMATIC,false,1,provider-logo::SID BLOOMBERG.png
AUX-RF-0139,ENGINE-REVIEW,HUMAN-REVIEW: AMBIGUOUS MASK,false,1,provider-logo::STARNET.png
AUX-RF-0140,ENGINE-REVIEW,HUMAN-REVIEW: AMBIGUOUS MASK,false,2,provider-logo::JONYE.png
AUX-RF-0141,ENGINE-REVIEW,HUMAN-REVIEW: UNSAFE CHROMATIC,false,1,provider-logo::RADIO AMALIA.png
AUX-RF-0142,ENGINE-REVIEW,HUMAN-REVIEW: UNSAFE CHROMATIC,false,1,provider-logo::MEDIASET.png
AUX-RF-0143,ENGINE-REVIEW,HUMAN-REVIEW: UNSAFE CHROMATIC,false,1,provider-logo::ALERT SYSTEM TV.png
AUX-RF-0144,ENGINE-REVIEW,HUMAN-REVIEW: UNSAFE CHROMATIC,false,4,provider-logo::BASIS 1.png
AUX-RF-0145,ENGINE-REVIEW,HUMAN-REVIEW: UNSAFE CHROMATIC,false,1,provider-logo::SPORT TV 5 HD.png
AUX-RF-0146,ENGINE-REVIEW,HUMAN-REVIEW: UNSAFE CHROMATIC,false,1,provider-logo::ALSUMARIA TV.png
AUX-RF-0147,ENGINE-REVIEW,HUMAN-REVIEW: UNSAFE CHROMATIC,false,1,satellite-logo::192E.png
AUX-RF-0148,ENGINE-REVIEW,HUMAN-REVIEW: UNSAFE CHROMATIC,false,1,provider-logo::ALEVI MEDYA GRUBU.png
AUX-RF-0149,ENGINE-REVIEW,HUMAN-REVIEW: AMBIGUOUS MASK,false,1,provider-logo::RETE 8.png
AUX-RF-0150,ENGINE-REVIEW,HUMAN-REVIEW: CHROMATIC + AMBIGUOUS MASK,false,1,satellite-logo::549E.png
AUX-RF-0151,ENGINE-REVIEW,HUMAN-REVIEW: AMBIGUOUS MASK,false,1,provider-logo::DISCOVERY HD.png
AUX-RF-0152,ENGINE-REVIEW,HUMAN-REVIEW: UNSAFE CHROMATIC,false,1,provider-logo::ANTIK.png
AUX-RF-0153,ENGINE-REVIEW,HUMAN-REVIEW: UNSAFE CHROMATIC,false,1,provider-logo::RRSAT.png
AUX-RF-0154,ENGINE-REVIEW,HUMAN-REVIEW: UNSAFE CHROMATIC,false,1,provider-logo::TVCINE ACTION HD.png
AUX-RF-0155,ENGINE-REVIEW,HUMAN-REVIEW: CHROMATIC + AMBIGUOUS MASK,false,1,provider-logo::PAC12.png
AUX-RF-0156,ENGINE-REVIEW,HUMAN-REVIEW: UNSAFE CHROMATIC,false,1,provider-logo::PROFLINE B.V..png
AUX-RF-0157,ENGINE-REVIEW,HUMAN-REVIEW: UNSAFE CHROMATIC,false,1,provider-logo::ESRADIO.png
AUX-RF-0158,ENGINE-REVIEW,HUMAN-REVIEW: AMBIGUOUS MASK,false,1,provider-logo::DITV MULTIMEDIA.png
AUX-RF-0159,ENGINE-REVIEW,HUMAN-REVIEW: AMBIGUOUS MASK,false,1,provider-logo::RTARAB.png
AUX-RF-0160,ENGINE-REVIEW,HUMAN-REVIEW: UNSAFE CHROMATIC,false,1,provider-logo::CREACAST.png
AUX-RF-0161,ENGINE-REVIEW,HUMAN-REVIEW: AMBIGUOUS MASK,false,1,provider-logo::C3T.png
AUX-RF-0162,ENGINE-REVIEW,HUMAN-REVIEW: UNSAFE CHROMATIC,false,1,provider-logo::STN LTD.png
AUX-RF-0163,ENGINE-REVIEW,HUMAN-REVIEW: UNSAFE CHROMATIC,false,1,provider-logo::INGEST TELECOM.png
AUX-RF-0164,ENGINE-REVIEW,HUMAN-REVIEW: CHROMATIC + AMBIGUOUS MASK,false,1,satellite-logo::248W.png
AUX-RF-0165,ENGINE-REVIEW,HUMAN-REVIEW: UNSAFE CHROMATIC,false,2,provider-logo::BLOOMBERG TV.png
AUX-RF-0166,ENGINE-REVIEW,HUMAN-REVIEW: CHROMATIC + AMBIGUOUS MASK,false,2,provider-logo::AL MAJD.png
AUX-RF-0167,ENGINE-REVIEW,HUMAN-REVIEW: UNSAFE CHROMATIC,false,1,provider-logo::VERMANTIA.png
AUX-RF-0168,ENGINE-REVIEW,HUMAN-REVIEW: UNSAFE CHROMATIC,false,1,provider-logo::SPORT TV 4.png
AUX-RF-0169,ENGINE-REVIEW,HUMAN-REVIEW: AMBIGUOUS MASK,false,2,provider-logo::CNH.png
AUX-RF-0170,ENGINE-REVIEW,HUMAN-REVIEW: UNSAFE CHROMATIC,false,1,satellite-logo::216E.png
AUX-RF-0171,ENGINE-REVIEW,HUMAN-REVIEW: UNSAFE CHROMATIC,false,2,provider-logo::TOWERCOM.png
AUX-RF-0172,ENGINE-REVIEW,HUMAN-REVIEW: UNSAFE CHROMATIC,false,1,provider-logo::BASMEDIA.png
AUX-RF-0173,ENGINE-REVIEW,HUMAN-REVIEW: UNSAFE CHROMATIC,false,1,provider-logo::CASA E COZINHA HD.png
AUX-RF-0174,ENGINE-REVIEW,HUMAN-REVIEW: UNSAFE CHROMATIC,false,1,provider-logo::TRINGTV.png
AUX-RF-0175,ENGINE-REVIEW,HUMAN-REVIEW: AMBIGUOUS MASK,false,1,provider-logo::IPTV1.png
AUX-RF-0176,ENGINE-REVIEW,HUMAN-REVIEW: UNSAFE CHROMATIC,false,1,provider-logo::BULSAYCOM.png
AUX-RF-0177,ENGINE-REVIEW,HUMAN-REVIEW: UNSAFE CHROMATIC,false,2,provider-logo::INTERCOM HT.png
AUX-RF-0178,ENGINE-REVIEW,HUMAN-REVIEW: UNSAFE CHROMATIC,false,1,provider-logo::SID BBC ENTERTAINMENT.png
AUX-RF-0179,ENGINE-REVIEW,HUMAN-REVIEW: AMBIGUOUS MASK,false,1,provider-logo::ITALIA 3.png
AUX-RF-0180,ENGINE-REVIEW,HUMAN-REVIEW: AMBIGUOUS MASK,false,1,provider-logo::LBCI.png
AUX-RF-0181,ENGINE-REVIEW,HUMAN-REVIEW: AMBIGUOUS MASK,false,1,provider-logo::DUHOK.png
AUX-RF-0182,ENGINE-REVIEW,HUMAN-REVIEW: AMBIGUOUS MASK,false,1,provider-logo::ITALIA NETWORK.png
AUX-RF-0183,ENGINE-REVIEW,HUMAN-REVIEW: UNSAFE CHROMATIC,false,1,provider-logo::BLOOMBERGHT HD.png
AUX-RF-0184,ENGINE-REVIEW,HUMAN-REVIEW: UNSAFE CHROMATIC,false,1,provider-logo::PBS.png
AUX-RF-0185,ENGINE-REVIEW,HUMAN-REVIEW: CHROMATIC + AMBIGUOUS MASK,false,2,provider-logo::WIDE NETWORK SOLUTIONS.png
AUX-RF-0186,ENGINE-REVIEW,HUMAN-REVIEW: UNSAFE CHROMATIC,false,1,provider-logo::ALBSAT.png
AUX-RF-0187,ENGINE-REVIEW,HUMAN-REVIEW: AMBIGUOUS MASK,false,1,provider-logo::AMC HD.png
AUX-RF-0188,ENGINE-REVIEW,HUMAN-REVIEW: CHROMATIC + AMBIGUOUS MASK,false,1,provider-logo::LIRATV HD.png
AUX-RF-0189,ENGINE-REVIEW,HUMAN-REVIEW: CHROMATIC + AMBIGUOUS MASK,false,1,satellite-logo::520E.png
AUX-RF-0190,ENGINE-REVIEW,HUMAN-REVIEW: AMBIGUOUS MASK,false,1,provider-logo::SPI.png
AUX-RF-0191,ENGINE-REVIEW,HUMAN-REVIEW: CHROMATIC + AMBIGUOUS MASK,false,1,provider-logo::SID PFC.png
AUX-RF-0192,ENGINE-REVIEW,HUMAN-REVIEW: UNSAFE CHROMATIC,false,1,satellite-logo::48E.png
AUX-RF-0193,ENGINE-REVIEW,HUMAN-REVIEW: UNSAFE CHROMATIC,false,1,provider-logo::DASTO SEMTEL.png
AUX-RF-0194,ENGINE-REVIEW,HUMAN-REVIEW: CHROMATIC + AMBIGUOUS MASK,false,1,provider-logo::LAC.png
AUX-RF-0195,ENGINE-REVIEW,HUMAN-REVIEW: UNSAFE CHROMATIC,false,1,provider-logo::SID TV5 MONDE.png
AUX-RF-0196,ENGINE-REVIEW,HUMAN-REVIEW: AMBIGUOUS MASK,false,1,provider-logo::TRIOLAN.png
AUX-RF-0197,ENGINE-REVIEW,HUMAN-REVIEW: AMBIGUOUS MASK,false,1,provider-logo::VH1.png
AUX-RF-0198,ENGINE-REVIEW,HUMAN-REVIEW: CHROMATIC + AMBIGUOUS MASK,false,1,provider-logo::INTERNATIONAL DATACASTING.png
AUX-RF-0199,ENGINE-REVIEW,HUMAN-REVIEW: UNSAFE CHROMATIC,false,1,provider-logo::CANAL Q.png
AUX-RF-0200,ENGINE-REVIEW,HUMAN-REVIEW: UNSAFE CHROMATIC,false,1,satellite-logo::31E.png
AUX-RF-0201,ENGINE-REVIEW,HUMAN-REVIEW: UNSAFE CHROMATIC,false,1,provider-logo::STARLINK.png
AUX-RF-0202,ENGINE-REVIEW,HUMAN-REVIEW: UNSAFE CHROMATIC,false,1,provider-logo::SNRT-2.png
AUX-RF-0203,ENGINE-REVIEW,HUMAN-REVIEW: UNSAFE CHROMATIC,false,1,satellite-logo::345W.png
AUX-RF-0204,ENGINE-REVIEW,HUMAN-REVIEW: UNSAFE CHROMATIC,false,1,provider-logo::SPORT TV 3.png
AUX-RF-0205,ENGINE-REVIEW,HUMAN-REVIEW: AMBIGUOUS MASK,false,1,provider-logo::SID PLAYBOY.png
AUX-RF-0206,ENGINE-REVIEW,HUMAN-REVIEW: UNSAFE CHROMATIC,false,1,provider-logo::VECROR A.G.png
AUX-RF-0207,ENGINE-REVIEW,HUMAN-REVIEW: AMBIGUOUS MASK,false,1,provider-logo::A1 BOADCASTING.png
AUX-RF-0208,ENGINE-REVIEW,HUMAN-REVIEW: AMBIGUOUS MASK,false,1,provider-logo::RTV38.png
AUX-RF-0209,ENGINE-REVIEW,HUMAN-REVIEW: UNSAFE CHROMATIC,false,1,provider-logo::AJV TV CAST.png
AUX-RF-0210,ENGINE-REVIEW,HUMAN-REVIEW: UNSAFE CHROMATIC,false,1,provider-logo::GLOBECAST UK.png
AUX-RF-0211,ENGINE-REVIEW,HUMAN-REVIEW: UNSAFE CHROMATIC,false,1,provider-logo::MAXXI TV.png
AUX-RF-0212,ENGINE-REVIEW,HUMAN-REVIEW: UNSAFE CHROMATIC,false,1,provider-logo::SID SPORT TV 2 HD.png
AUX-RF-0213,ENGINE-REVIEW,HUMAN-REVIEW: CHROMATIC + AMBIGUOUS MASK,false,1,provider-logo::TBN.png
AUX-RF-0214,ENGINE-REVIEW,HUMAN-REVIEW: UNSAFE CHROMATIC,false,1,provider-logo::DEMIROREN MEDYA.png
AUX-RF-0215,ENGINE-REVIEW,HUMAN-REVIEW: UNSAFE CHROMATIC,false,1,provider-logo::EBU-UER.png
AUX-RF-0216,ENGINE-REVIEW,HUMAN-REVIEW: UNSAFE CHROMATIC,false,1,satellite-logo::450W.png
AUX-RF-0217,ENGINE-REVIEW,HUMAN-REVIEW: UNSAFE CHROMATIC,false,1,provider-logo::OVERON.png
AUX-RF-0218,ENGINE-REVIEW,HUMAN-REVIEW: UNSAFE CHROMATIC,false,1,provider-logo::MASH MEDIA.png
AUX-RF-0219,ENGINE-REVIEW,HUMAN-REVIEW: UNSAFE CHROMATIC,false,1,provider-logo::TVI HD.png
AUX-RF-0220,ENGINE-REVIEW,HUMAN-REVIEW: UNSAFE CHROMATIC,false,1,provider-logo::TURK MEDYA.png
AUX-RF-0221,ENGINE-REVIEW,HUMAN-REVIEW: CHROMATIC + AMBIGUOUS MASK,false,1,provider-logo::SID FOX LIFE HD.png
AUX-RF-0222,ENGINE-REVIEW,HUMAN-REVIEW: UNSAFE CHROMATIC,false,1,provider-logo::ACAN GROUP.png
AUX-RF-0223,ENGINE-REVIEW,HUMAN-REVIEW: UNSAFE CHROMATIC,false,1,provider-logo::RDP AFRICA.png
AUX-RF-0224,ENGINE-REVIEW,HUMAN-REVIEW: CHROMATIC + AMBIGUOUS MASK,false,1,provider-logo::WIE NETWORK SOLUTIONS.png
AUX-RF-0225,ENGINE-REVIEW,HUMAN-REVIEW: CHROMATIC + AMBIGUOUS MASK,false,1,provider-logo::TELEROMA.png
AUX-RF-0226,ENGINE-REVIEW,HUMAN-REVIEW: UNSAFE CHROMATIC,false,1,provider-logo::SID ZAP VIVA HD.png
AUX-RF-0227,ENGINE-REVIEW,HUMAN-REVIEW: UNSAFE CHROMATIC,false,2,provider-logo::STN PLC.png
AUX-RF-0228,ENGINE-REVIEW,HUMAN-REVIEW: CHROMATIC + AMBIGUOUS MASK,false,1,satellite-logo::515E.png
AUX-RF-0229,ENGINE-REVIEW,HUMAN-REVIEW: UNSAFE CHROMATIC,false,2,provider-logo::PRO TV.png
AUX-RF-0230,ENGINE-REVIEW,HUMAN-REVIEW: AMBIGUOUS MASK,false,2,provider-logo::CANAL PLUS.png
AUX-RF-0231,ENGINE-REVIEW,HUMAN-REVIEW: UNSAFE CHROMATIC,false,1,provider-logo::RSCC.png
AUX-RF-0232,ENGINE-REVIEW,HUMAN-REVIEW: UNSAFE CHROMATIC,false,1,provider-logo::ROCK FM.png
AUX-RF-0233,ENGINE-REVIEW,HUMAN-REVIEW: AMBIGUOUS MASK,false,1,provider-logo::ELHIWAR.png
AUX-RF-0234,ENGINE-REVIEW,HUMAN-REVIEW: UNSAFE CHROMATIC,false,1,provider-logo::1+1 INTERNATIONAL.png
AUX-RF-0235,ENGINE-REVIEW,HUMAN-REVIEW: AMBIGUOUS MASK,false,2,provider-logo::DISCOVERY.png
AUX-RF-0236,ENGINE-REVIEW,HUMAN-REVIEW: CHROMATIC + AMBIGUOUS MASK,false,1,provider-logo::NRJ.png
AUX-RF-0237,ENGINE-REVIEW,HUMAN-REVIEW: UNSAFE CHROMATIC,false,1,provider-logo::ITV.png
AUX-RF-0238,ENGINE-REVIEW,HUMAN-REVIEW: UNSAFE CHROMATIC,false,1,provider-logo::SIC R.png
AUX-RF-0239,ENGINE-REVIEW,HUMAN-REVIEW: UNSAFE CHROMATIC,false,1,provider-logo::RUDAW.png
AUX-RF-0240,ENGINE-REVIEW,HUMAN-REVIEW: UNSAFE CHROMATIC,false,1,provider-logo::CINER MEDYA.png
AUX-RF-0241,ENGINE-REVIEW,HUMAN-REVIEW: UNSAFE CHROMATIC,false,1,provider-logo::NTN.png
AUX-RF-0242,ENGINE-REVIEW,HUMAN-REVIEW: UNSAFE CHROMATIC,false,1,provider-logo::WWW.TELEMEDIA.CO.ZA.png
AUX-RF-0243,ENGINE-REVIEW,HUMAN-REVIEW: UNSAFE CHROMATIC,false,1,provider-logo::BAYYINATTV.png
AUX-RF-0244,ENGINE-REVIEW,HUMAN-REVIEW: CHROMATIC + AMBIGUOUS MASK,false,1,provider-logo::SUDAN TV.png
AUX-RF-0245,ENGINE-REVIEW,HUMAN-REVIEW: CHROMATIC + AMBIGUOUS MASK,false,1,satellite-logo::750E.png
AUX-RF-0246,ENGINE-REVIEW,HUMAN-REVIEW: AMBIGUOUS MASK,false,1,provider-logo::TELECAMPIONE.png
AUX-RF-0247,ENGINE-REVIEW,HUMAN-REVIEW: UNSAFE CHROMATIC,false,1,provider-logo::JMC.png
AUX-RF-0248,ENGINE-REVIEW,HUMAN-REVIEW: UNSAFE CHROMATIC,false,1,provider-logo::DBS.png
AUX-RF-0249,ENGINE-REVIEW,HUMAN-REVIEW: AMBIGUOUS MASK,false,1,provider-logo::TEST.png
AUX-RF-0250,ENGINE-REVIEW,HUMAN-REVIEW: AMBIGUOUS MASK,false,1,provider-logo::TRK ASTRA.png
AUX-RF-0251,ENGINE-REVIEW,HUMAN-REVIEW: UNSAFE CHROMATIC,false,1,satellite-logo::70W.png
AUX-RF-0252,ENGINE-REVIEW,HUMAN-REVIEW: AMBIGUOUS MASK,false,1,provider-logo::OXIGENIO.png
AUX-RF-0253,ENGINE-REVIEW,HUMAN-REVIEW: UNSAFE CHROMATIC,false,1,provider-logo::AMAGI.png
AUX-RF-0254,ENGINE-REVIEW,HUMAN-REVIEW: UNSAFE CHROMATIC,false,1,provider-logo::SLOVAK TELECOM.png
AUX-RF-0255,ENGINE-REVIEW,HUMAN-REVIEW: UNSAFE CHROMATIC,false,1,provider-logo::ID INVESTIGATION DISCOVERY.png
AUX-RF-0256,ENGINE-REVIEW,HUMAN-REVIEW: AMBIGUOUS MASK,false,2,provider-logo::MEDIA LIVE.png
AUX-RF-0257,ENGINE-REVIEW,HUMAN-REVIEW: UNSAFE CHROMATIC,false,1,provider-logo::WITEL.png
AUX-RF-0258,ENGINE-REVIEW,HUMAN-REVIEW: UNSAFE CHROMATIC,false,1,provider-logo::VOLANT MEDIA.png
AUX-RF-0259,ENGINE-REVIEW,HUMAN-REVIEW: AMBIGUOUS MASK,false,1,provider-logo::TLS.png
AUX-RF-0260,ENGINE-REVIEW,HUMAN-REVIEW: AMBIGUOUS MASK,false,1,provider-logo::CANALE 58.png
AUX-RF-0261,ENGINE-REVIEW,HUMAN-REVIEW: UNSAFE CHROMATIC,false,1,provider-logo::RTL DEUTSCHLAND.png
AUX-RF-0262,ENGINE-REVIEW,HUMAN-REVIEW: UNSAFE CHROMATIC,false,1,provider-logo::UKRKOSMOS.png
AUX-RF-0263,ENGINE-REVIEW,HUMAN-REVIEW: AMBIGUOUS MASK,false,1,provider-logo::TDS.png
AUX-RF-0264,ENGINE-REVIEW,HUMAN-REVIEW: UNSAFE CHROMATIC,false,1,provider-logo::STN L.png
AUX-RF-0265,ENGINE-REVIEW,HUMAN-REVIEW: UNSAFE CHROMATIC,false,1,provider-logo::FREESAT.png
AUX-RF-0266,ENGINE-REVIEW,HUMAN-REVIEW: UNSAFE CHROMATIC,false,2,provider-logo::DIGI.png
AUX-RF-0267,ENGINE-REVIEW,HUMAN-REVIEW: AMBIGUOUS MASK,false,1,provider-logo::SID MOTORVISION.png
AUX-RF-0268,ENGINE-REVIEW,HUMAN-REVIEW: UNSAFE CHROMATIC,false,1,provider-logo::SABA GROUP.png
AUX-RF-0269,ENGINE-REVIEW,HUMAN-REVIEW: AMBIGUOUS MASK,false,1,provider-logo::RADIO RUMANTSCH.png
AUX-RF-0270,ENGINE-REVIEW,HUMAN-REVIEW: CHROMATIC + AMBIGUOUS MASK,false,1,provider-logo::SEMBA.png
AUX-RF-0271,ENGINE-REVIEW,HUMAN-REVIEW: CHROMATIC + AMBIGUOUS MASK,false,1,provider-logo::UFANET.png
AUX-RF-0272,ENGINE-REVIEW,HUMAN-REVIEW: AMBIGUOUS MASK,false,2,provider-logo::PURPLE TURTLE.png
AUX-RF-0273,ENGINE-REVIEW,HUMAN-REVIEW: AMBIGUOUS MASK,false,1,provider-logo::RBN MEDIA.png
AUX-RF-0274,ENGINE-REVIEW,HUMAN-REVIEW: UNSAFE CHROMATIC,false,2,provider-logo::TVN SA.png
AUX-RF-0275,ENGINE-REVIEW,HUMAN-REVIEW: AMBIGUOUS MASK,false,2,provider-logo::SCOPUS NETWORK TECHNOLOGIES.png
AUX-RF-0276,ENGINE-REVIEW,HUMAN-REVIEW: CHROMATIC + AMBIGUOUS MASK,false,1,provider-logo::AB SAT.png
AUX-RF-0277,ENGINE-REVIEW,HUMAN-REVIEW: UNSAFE CHROMATIC,false,1,satellite-logo::19E.png
AUX-RF-0278,ENGINE-REVIEW,HUMAN-REVIEW: AMBIGUOUS MASK,false,1,provider-logo::RADIO PARSIFAL.png
AUX-RF-0279,ENGINE-REVIEW,HUMAN-REVIEW: AMBIGUOUS MASK,false,1,provider-logo::PANTELIO.png
AUX-RF-0280,ENGINE-REVIEW,HUMAN-REVIEW: UNSAFE CHROMATIC,false,1,provider-logo::MY TV.png
AUX-RF-0281,ENGINE-REVIEW,HUMAN-REVIEW: UNSAFE CHROMATIC,false,1,provider-logo::BELINTERSAT.png
AUX-RF-0282,ENGINE-REVIEW,HUMAN-REVIEW: UNSAFE CHROMATIC,false,1,satellite-logo::335W.png
AUX-RF-0283,ENGINE-REVIEW,HUMAN-REVIEW: UNSAFE CHROMATIC,false,1,provider-logo::RADIO CAPRI.png
AUX-RF-0284,ENGINE-REVIEW,HUMAN-REVIEW: AMBIGUOUS MASK,false,1,provider-logo::RADIO REGIONAL.png
AUX-RF-0285,ENGINE-REVIEW,HUMAN-REVIEW: CHROMATIC + AMBIGUOUS MASK,false,1,provider-logo::WIDE NETWORK SOLUTUION.png
AUX-RF-0286,ENGINE-REVIEW,HUMAN-REVIEW: UNSAFE CHROMATIC,false,1,provider-logo::HIT FM.png
AUX-RF-0287,ENGINE-REVIEW,HUMAN-REVIEW: UNSAFE CHROMATIC,false,1,satellite-logo::180W.png
AUX-RF-0288,ENGINE-REVIEW,HUMAN-REVIEW: UNSAFE CHROMATIC,false,1,satellite-logo::850E.png
AUX-RF-0289,ENGINE-REVIEW,HUMAN-REVIEW: UNSAFE CHROMATIC,false,1,provider-logo::SID FOX HD.png
AUX-RF-0290,ENGINE-REVIEW,HUMAN-REVIEW: UNSAFE CHROMATIC,false,2,provider-logo::MCA.png
AUX-RF-0291,ENGINE-REVIEW,HUMAN-REVIEW: AMBIGUOUS MASK,false,1,provider-logo::RR MEDIA.png
AUX-RF-0292,ENGINE-REVIEW,HUMAN-REVIEW: UNSAFE CHROMATIC,false,1,provider-logo::AI BG.png
AUX-RF-0293,ENGINE-REVIEW,HUMAN-REVIEW: UNSAFE CHROMATIC,false,1,provider-logo::A HR.png
AUX-RF-0294,ENGINE-REVIEW,HUMAN-REVIEW: UNSAFE CHROMATIC,false,1,provider-logo::TV PARMA.png
AUX-RF-0295,ENGINE-REVIEW,HUMAN-REVIEW: CHROMATIC + AMBIGUOUS MASK,false,1,provider-logo::ORS.png
AUX-RF-0296,ENGINE-REVIEW,HUMAN-REVIEW: AMBIGUOUS MASK,false,1,provider-logo::TLC.png
AUX-RF-0297,ENGINE-REVIEW,HUMAN-REVIEW: UNSAFE CHROMATIC,false,1,provider-logo::UNITED TELEPORTS.png
AUX-RF-0298,ENGINE-REVIEW,HUMAN-REVIEW: AMBIGUOUS MASK,false,1,provider-logo::GOMEL-SAT.png
AUX-RF-0299,ENGINE-REVIEW,HUMAN-REVIEW: UNSAFE CHROMATIC,false,1,provider-logo::SRTV.png
AUX-RF-0300,ENGINE-REVIEW,HUMAN-REVIEW: CHROMATIC + AMBIGUOUS MASK,false,1,provider-logo::CANALE 9.png
AUX-RF-0301,ENGINE-REVIEW,HUMAN-REVIEW: UNSAFE CHROMATIC,false,2,provider-logo::HARMONIC - NT.png
AUX-RF-0302,ENGINE-REVIEW,HUMAN-REVIEW: CHROMATIC + AMBIGUOUS MASK,false,1,provider-logo::RADIO LUSITANIA.png
AUX-RF-0303,ENGINE-REVIEW,HUMAN-REVIEW: CHROMATIC + AMBIGUOUS MASK,false,1,provider-logo::HABERTURK RADYO.png
AUX-RF-0304,ENGINE-REVIEW,HUMAN-REVIEW: UNSAFE CHROMATIC,false,1,provider-logo::SPORT TV 6 HD.png
AUX-RF-0305,ENGINE-REVIEW,HUMAN-REVIEW: AMBIGUOUS MASK,false,1,provider-logo::BHS TELECOM.png
AUX-RF-0306,ENGINE-REVIEW,HUMAN-REVIEW: AMBIGUOUS MASK,false,1,provider-logo::249TV.png
AUX-RF-0307,ENGINE-REVIEW,HUMAN-REVIEW: UNSAFE CHROMATIC,false,1,provider-logo::GRUPPOAIR.png
AUX-RF-0308,ENGINE-REVIEW,HUMAN-REVIEW: UNSAFE CHROMATIC,false,1,provider-logo::SYNTERRAMEDIA.png
AUX-RF-0309,ENGINE-REVIEW,HUMAN-REVIEW: AMBIGUOUS MASK,false,1,provider-logo::DTVI.png
AUX-RF-0310,ENGINE-REVIEW,HUMAN-REVIEW: CHROMATIC + AMBIGUOUS MASK,false,1,provider-logo::SPORT TVPLUS.png
AUX-RF-0311,ENGINE-REVIEW,HUMAN-REVIEW: CHROMATIC + AMBIGUOUS MASK,false,1,provider-logo::OTV.png
AUX-RF-0312,ENGINE-REVIEW,HUMAN-REVIEW: AMBIGUOUS MASK,false,1,provider-logo::HABERAKS TV.png
AUX-RF-0313,ENGINE-REVIEW,HUMAN-REVIEW: UNSAFE CHROMATIC,false,1,provider-logo::1PLUS1 MEDIA.png
AUX-RF-0314,ENGINE-REVIEW,HUMAN-REVIEW: UNSAFE CHROMATIC,false,1,provider-logo::PORTO CANAL.png
AUX-RF-0315,ENGINE-REVIEW,HUMAN-REVIEW: CHROMATIC + AMBIGUOUS MASK,false,1,provider-logo::WIDE NETWORK SOLUTION.png
AUX-RF-0316,ENGINE-REVIEW,HUMAN-REVIEW: UNSAFE CHROMATIC,false,1,satellite-logo::200W.png
AUX-RF-0317,ENGINE-REVIEW,HUMAN-REVIEW: CHROMATIC + AMBIGUOUS MASK,false,1,provider-logo::TELEUNIVERSO.png
AUX-RF-0318,ENGINE-REVIEW,HUMAN-REVIEW: AMBIGUOUS MASK,false,1,provider-logo::ENCOMPASS.png
AUX-RF-0319,ENGINE-REVIEW,HUMAN-REVIEW: UNSAFE CHROMATIC,false,1,satellite-logo::570E.png
AUX-RF-0320,ENGINE-REVIEW,HUMAN-REVIEW: UNSAFE CHROMATIC,false,1,provider-logo::TURKSAT.png
AUX-RF-0321,ENGINE-REVIEW,HUMAN-REVIEW: UNSAFE CHROMATIC,false,1,provider-logo::ESPN.png
AUX-RF-0322,ENGINE-REVIEW,HUMAN-REVIEW: AMBIGUOUS MASK,false,1,provider-logo::VIDEOSTAR.png
AUX-RF-0323,ENGINE-REVIEW,HUMAN-REVIEW: CHROMATIC + AMBIGUOUS MASK,false,1,provider-logo::TSD.png
AUX-RF-0324,ENGINE-REVIEW,HUMAN-REVIEW: CHROMATIC + AMBIGUOUS MASK,false,1,provider-logo::OTTO CHANNEL.png
AUX-RF-0325,ENGINE-REVIEW,HUMAN-REVIEW: UNSAFE CHROMATIC,false,1,provider-logo::SNAI LIVE.png
AUX-RF-0326,ENGINE-REVIEW,HUMAN-REVIEW: AMBIGUOUS MASK,false,1,provider-logo::NBC NEWS.png
AUX-RF-0327,ENGINE-REVIEW,HUMAN-REVIEW: AMBIGUOUS MASK,false,1,provider-logo::SUPERTV.png
AUX-RF-0328,ENGINE-REVIEW,HUMAN-REVIEW: UNSAFE CHROMATIC,false,5,provider-logo::EUTELSAT.png
AUX-RF-0329,ENGINE-REVIEW,HUMAN-REVIEW: UNSAFE CHROMATIC,false,1,provider-logo::RIT.png
AUX-RF-0330,ENGINE-REVIEW,HUMAN-REVIEW: UNSAFE CHROMATIC,false,1,provider-logo::RNE.png
AUX-RF-0331,ENGINE-REVIEW,HUMAN-REVIEW: UNSAFE CHROMATIC,false,1,satellite-logo::70E.png
AUX-RF-0332,ENGINE-REVIEW,HUMAN-REVIEW: UNSAFE CHROMATIC,false,1,satellite-logo::235E.png
AUX-RF-0333,ENGINE-REVIEW,HUMAN-REVIEW: UNSAFE CHROMATIC,false,1,satellite-logo::530E.png
AUX-RF-0334,ENGINE-REVIEW,HUMAN-REVIEW: UNSAFE CHROMATIC,false,1,satellite-logo::282E.png
AUX-RF-0335,ENGINE-REVIEW,HUMAN-REVIEW: AMBIGUOUS MASK,false,1,provider-logo::MBC.png
AUX-RF-0336,ENGINE-REVIEW,HUMAN-REVIEW: AMBIGUOUS MASK,false,1,provider-logo::ONE TV.png
AUX-RF-0337,ENGINE-REVIEW,HUMAN-REVIEW: UNSAFE CHROMATIC,false,1,satellite-logo::560E.png
AUX-RF-0338,ENGINE-REVIEW,HUMAN-REVIEW: CHROMATIC + AMBIGUOUS MASK,false,1,provider-logo::LUALUA.png
AUX-RF-0339,ENGINE-REVIEW,HUMAN-REVIEW: UNSAFE CHROMATIC,false,1,provider-logo::TVT MEDIA NL.png
AUX-RF-0340,ENGINE-REVIEW,HUMAN-REVIEW: AMBIGUOUS MASK,false,1,provider-logo::MIT-XPERTS GMBH.png
AUX-RF-0341,ENGINE-REVIEW,HUMAN-REVIEW: AMBIGUOUS MASK,false,1,provider-logo::SID BIGGS.png
AUX-RF-0342,ENGINE-REVIEW,HUMAN-REVIEW: CHROMATIC + AMBIGUOUS MASK,false,1,provider-logo::VIASAT.png
AUX-RF-0343,ENGINE-REVIEW,HUMAN-REVIEW: CHROMATIC + AMBIGUOUS MASK,false,1,provider-logo::SID SPORTING TV.png
AUX-RF-0344,ENGINE-REVIEW,HUMAN-REVIEW: AMBIGUOUS MASK,false,1,provider-logo::TVE.png
AUX-RF-0345,ENGINE-REVIEW,HUMAN-REVIEW: UNSAFE CHROMATIC,false,1,provider-logo::CASTORNETWORKS.png
AUX-RF-0346,ENGINE-REVIEW,HUMAN-REVIEW: AMBIGUOUS MASK,false,1,provider-logo::RADIO TELEVISION SUISSE.png
AUX-RF-0347,ENGINE-REVIEW,HUMAN-REVIEW: AMBIGUOUS MASK,false,1,provider-logo::GMDS.png
AUX-RF-0348,ENGINE-REVIEW,HUMAN-REVIEW: UNSAFE CHROMATIC,false,1,provider-logo::TURKMEDYA.png
AUX-RF-0349,ENGINE-REVIEW,HUMAN-REVIEW: UNSAFE CHROMATIC,false,1,provider-logo::NURTS DIGITAL.png
AUX-RF-0350,ENGINE-REVIEW,HUMAN-REVIEW: AMBIGUOUS MASK,false,1,provider-logo::ROMANIA TV.png
AUX-RF-0351,ENGINE-REVIEW,HUMAN-REVIEW: AMBIGUOUS MASK,false,1,provider-logo::DM-SAT.png
AUX-RF-0352,ENGINE-REVIEW,HUMAN-REVIEW: AMBIGUOUS MASK,false,1,provider-logo::DIGITALB.png
AUX-RF-0353,ENGINE-REVIEW,HUMAN-REVIEW: UNSAFE CHROMATIC,false,1,provider-logo::CMT.png
AUX-RF-0354,ENGINE-REVIEW,HUMAN-REVIEW: UNSAFE CHROMATIC,false,1,provider-logo::TAG BRODCASTING.png
AUX-RF-0355,ENGINE-REVIEW,HUMAN-REVIEW: CHROMATIC + AMBIGUOUS MASK,false,1,provider-logo::IRAN PRESS.png
AUX-RF-0356,ENGINE-REVIEW,HUMAN-REVIEW: AMBIGUOUS MASK,false,1,provider-logo::ONDA CERO.png
AUX-RF-0357,ENGINE-REVIEW,HUMAN-REVIEW: UNSAFE CHROMATIC,false,1,provider-logo::TROFEY NET.png
AUX-RF-0358,ENGINE-REVIEW,HUMAN-REVIEW: UNSAFE CHROMATIC,false,1,provider-logo::GUNAZ.png
AUX-RF-0359,ENGINE-REVIEW,HUMAN-REVIEW: UNSAFE CHROMATIC,false,1,provider-logo::HABERTURK HD.png
AUX-RF-0360,ENGINE-REVIEW,HUMAN-REVIEW: AMBIGUOUS MASK,false,1,provider-logo::SID SPORT TV NBA.png
AUX-RF-0361,ENGINE-REVIEW,HUMAN-REVIEW: AMBIGUOUS MASK,false,1,provider-logo::SBSR.png
AUX-RF-0362,ENGINE-REVIEW,HUMAN-REVIEW: UNSAFE CHROMATIC,false,1,provider-logo::FFMPEG.png
AUX-RF-0363,ENGINE-REVIEW,HUMAN-REVIEW: CHROMATIC + AMBIGUOUS MASK,false,1,provider-logo::DALSAT GLOBAL.png
AUX-RF-0364,ENGINE-REVIEW,HUMAN-REVIEW: CHROMATIC + AMBIGUOUS MASK,false,1,provider-logo::SID SIC HD.png
AUX-RF-0365,ENGINE-REVIEW,HUMAN-REVIEW: AMBIGUOUS MASK,false,1,provider-logo::IPVIDEOTRANS.png
AUX-RF-0366,ENGINE-REVIEW,HUMAN-REVIEW: AMBIGUOUS MASK,false,1,provider-logo::AJV-OTTCAST.png
AUX-RF-0367,ENGINE-REVIEW,HUMAN-REVIEW: AMBIGUOUS MASK,false,1,provider-logo::BARROWA.png
AUX-RF-0368,ENGINE-REVIEW,HUMAN-REVIEW: UNSAFE CHROMATIC,false,1,provider-logo::CESKY ROZHLAS.png
AUX-RF-0369,ENGINE-REVIEW,HUMAN-REVIEW: AMBIGUOUS MASK,false,1,provider-logo::GLOBAL.png
AUX-RF-0370,ENGINE-REVIEW,HUMAN-REVIEW: UNSAFE CHROMATIC,false,1,satellite-logo::390E.png
AUX-RF-0371,ENGINE-REVIEW,HUMAN-REVIEW: UNSAFE CHROMATIC,false,1,provider-logo::TELEUROPA.png
AUX-RF-0372,ENGINE-REVIEW,HUMAN-REVIEW: UNSAFE CHROMATIC,false,25,provider-logo::24H.png
AUX-RF-0373,ENGINE-REVIEW,HUMAN-REVIEW: UNSAFE CHROMATIC,false,1,satellite-logo::705E.png
AUX-RF-0374,ENGINE-REVIEW,HUMAN-REVIEW: UNSAFE CHROMATIC,false,1,provider-logo::ARABSAT.png
AUX-RF-0375,ENGINE-REVIEW,HUMAN-REVIEW: AMBIGUOUS MASK,false,1,provider-logo::NBC SATOPS.png
AUX-RF-0376,ENGINE-REVIEW,HUMAN-REVIEW: UNSAFE CHROMATIC,false,1,provider-logo::INTER +.png
AUX-RF-0377,ENGINE-REVIEW,HUMAN-REVIEW: AMBIGUOUS MASK,false,1,provider-logo::KANAL 7 AVRUPA.png
AUX-RF-0378,ENGINE-REVIEW,HUMAN-REVIEW: AMBIGUOUS MASK,false,1,provider-logo::MEDIA.png
AUX-RF-0379,ENGINE-REVIEW,HUMAN-REVIEW: UNSAFE CHROMATIC,false,1,provider-logo::BAHRAIN TV.png
AUX-RF-0380,ENGINE-REVIEW,HUMAN-REVIEW: UNSAFE CHROMATIC,false,1,provider-logo::OTE.png
AUX-RF-0381,ENGINE-REVIEW,HUMAN-REVIEW: AMBIGUOUS MASK,false,1,provider-logo::KACKAR.png
AUX-RF-0382,ENGINE-REVIEW,HUMAN-REVIEW: CHROMATIC + AMBIGUOUS MASK,false,1,provider-logo::RADIO MARIA OSTERREICH.png
AUX-RF-0383,ENGINE-REVIEW,HUMAN-REVIEW: AMBIGUOUS MASK,false,2,provider-logo::RADIO NAMA GOFTOGOO.png
AUX-RF-0384,ENGINE-REVIEW,HUMAN-REVIEW: UNSAFE CHROMATIC,false,1,provider-logo::NURTS.png
AUX-RF-0385,ENGINE-REVIEW,HUMAN-REVIEW: UNSAFE CHROMATIC,false,1,provider-logo::TELENUOVO-VR.png
AUX-RF-0386,ENGINE-REVIEW,HUMAN-REVIEW: UNSAFE CHROMATIC,false,1,provider-logo::MEDIA BROADCAST.png
AUX-RF-0387,ENGINE-REVIEW,HUMAN-REVIEW: UNSAFE CHROMATIC,false,1,provider-logo::NATIONAL GEOGRAPHIC WILD.png
AUX-RF-0388,ENGINE-REVIEW,HUMAN-REVIEW: AMBIGUOUS MASK,false,3,provider-logo::A1 BROADCASTING.png
AUX-RF-0389,ENGINE-REVIEW,HUMAN-REVIEW: CHROMATIC + AMBIGUOUS MASK,false,1,provider-logo::RODNOE TV.png
AUX-RF-0390,ENGINE-REVIEW,HUMAN-REVIEW: AMBIGUOUS MASK,false,1,provider-logo::GLOBO.png
AUX-RF-0391,ENGINE-REVIEW,HUMAN-REVIEW: CHROMATIC + AMBIGUOUS MASK,false,1,provider-logo::TOTAL MEDIA CAST.png
AUX-RF-0392,ENGINE-REVIEW,HUMAN-REVIEW: UNSAFE CHROMATIC,false,1,provider-logo::SIC RADICAL.png
AUX-RF-0393,ENGINE-REVIEW,HUMAN-REVIEW: UNSAFE CHROMATIC,false,1,provider-logo::SPORT TV 3 HD.png
AUX-RF-0394,ENGINE-REVIEW,HUMAN-REVIEW: AMBIGUOUS MASK,false,6,provider-logo::ENCODER.png
AUX-RF-0395,ENGINE-REVIEW,HUMAN-REVIEW: AMBIGUOUS MASK,false,1,provider-logo::SID SIC.png
AUX-RF-0396,ENGINE-REVIEW,HUMAN-REVIEW: UNSAFE CHROMATIC,false,1,provider-logo::PERSDIERA.png
AUX-RF-0397,ENGINE-REVIEW,HUMAN-REVIEW: CHROMATIC + AMBIGUOUS MASK,false,1,provider-logo::SID SIC N.png
AUX-RF-0398,ENGINE-REVIEW,HUMAN-REVIEW: UNSAFE CHROMATIC,false,1,provider-logo::SABA WORLD.png
AUX-RF-0399,ENGINE-REVIEW,HUMAN-REVIEW: AMBIGUOUS MASK,false,2,provider-logo::ALMASIRAH.png
AUX-RF-0400,ENGINE-REVIEW,HUMAN-REVIEW: UNSAFE CHROMATIC,false,3,provider-logo::FM HUESCA.png
AUX-RF-0401,ENGINE-REVIEW,HUMAN-REVIEW: CHROMATIC + AMBIGUOUS MASK,false,1,provider-logo::INTERNETOVERADIO.png
AUX-RF-0402,ENGINE-REVIEW,HUMAN-REVIEW: UNSAFE CHROMATIC,false,1,provider-logo::INTELSAT.png
AUX-RF-0403,ENGINE-REVIEW,HUMAN-REVIEW: AMBIGUOUS MASK,false,1,provider-logo::RTSH.png
AUX-RF-0404,ENGINE-REVIEW,HUMAN-REVIEW: CHROMATIC + AMBIGUOUS MASK,false,1,provider-logo::TVR TELEITALIA 7 GOLD.png
AUX-RF-0405,ENGINE-REVIEW,HUMAN-REVIEW: UNSAFE CHROMATIC,false,1,provider-logo::DIGEA.png
AUX-RF-0406,ENGINE-REVIEW,HUMAN-REVIEW: UNSAFE CHROMATIC,false,1,provider-logo::SNRT.png
AUX-RF-0407,ENGINE-REVIEW,HUMAN-REVIEW: AMBIGUOUS MASK,false,1,provider-logo::ASSOCIATED PRESS.png
AUX-RF-0408,ENGINE-REVIEW,HUMAN-REVIEW: CHROMATIC + AMBIGUOUS MASK,false,1,provider-logo::MEGAIMPULS TV.png
AUX-RF-0409,ENGINE-REVIEW,HUMAN-REVIEW: UNSAFE CHROMATIC,false,1,provider-logo::RADIO UKRAINE INTERNATIONAL.png
AUX-RF-0410,ENGINE-REVIEW,HUMAN-REVIEW: AMBIGUOUS MASK,false,1,provider-logo::PERSIANA CAST.png
AUX-RF-0411,ENGINE-REVIEW,HUMAN-REVIEW: UNSAFE CHROMATIC,false,1,provider-logo::GULFSAT.png
AUX-RF-0412,ENGINE-REVIEW,HUMAN-REVIEW: UNSAFE CHROMATIC,false,1,provider-logo::MEDIALOGISTIKA.png
AUX-RF-0413,ENGINE-REVIEW,HUMAN-REVIEW: AMBIGUOUS MASK,false,1,provider-logo::MARGINAL.png
AUX-RF-0414,ENGINE-REVIEW,HUMAN-REVIEW: UNSAFE CHROMATIC,false,1,satellite-logo::420E.png
AUX-RF-0415,ENGINE-REVIEW,HUMAN-REVIEW: AMBIGUOUS MASK,false,1,provider-logo::S4C.png
AUX-RF-0416,ENGINE-REVIEW,HUMAN-REVIEW: AMBIGUOUS MASK,false,1,provider-logo::TRS 93.png
AUX-RF-0417,ENGINE-REVIEW,HUMAN-REVIEW: CHROMATIC + AMBIGUOUS MASK,false,1,provider-logo::ESPANSIONE TV HD.png
AUX-RF-0418,ENGINE-REVIEW,HUMAN-REVIEW: UNSAFE CHROMATIC,false,1,satellite-logo::600E.png
AUX-RF-0419,ENGINE-REVIEW,HUMAN-REVIEW: UNSAFE CHROMATIC,false,2,provider-logo::ARQIVA LTD.png
AUX-RF-0420,ENGINE-REVIEW,HUMAN-REVIEW: AMBIGUOUS MASK,false,1,provider-logo::TRK ERA.png
AUX-RF-0421,ENGINE-REVIEW,HUMAN-REVIEW: AMBIGUOUS MASK,false,1,provider-logo::TELERADIO.png
AUX-RF-0422,ENGINE-REVIEW,HUMAN-REVIEW: UNSAFE CHROMATIC,false,1,provider-logo::ZAP VIVA HD.png
AUX-RF-0423,ENGINE-REVIEW,HUMAN-REVIEW: UNSAFE CHROMATIC,false,3,provider-logo::SKY ITALIA.png
AUX-RF-0424,ENGINE-REVIEW,HUMAN-REVIEW: AMBIGUOUS MASK,false,1,provider-logo::SERVICE PROVIDE.png
AUX-RF-0425,ENGINE-REVIEW,HUMAN-REVIEW: UNSAFE CHROMATIC,false,1,provider-logo::CADENA 100.png
AUX-RF-0426,ENGINE-REVIEW,HUMAN-REVIEW: UNSAFE CHROMATIC,false,1,satellite-logo::315E.png
AUX-RF-0427,ENGINE-REVIEW,HUMAN-REVIEW: UNSAFE CHROMATIC,false,1,provider-logo::TVPALANCA.png
AUX-RF-0428,ENGINE-REVIEW,HUMAN-REVIEW: UNSAFE CHROMATIC,false,1,provider-logo::INTERCOM BL.png
AUX-RF-0429,ENGINE-REVIEW,HUMAN-REVIEW: AMBIGUOUS MASK,false,1,provider-logo::CANALE ITALIA.png
AUX-RF-0430,ENGINE-REVIEW,HUMAN-REVIEW: CHROMATIC + AMBIGUOUS MASK,false,1,provider-logo::GMA.png
AUX-RF-0431,ENGINE-REVIEW,HUMAN-REVIEW: UNSAFE CHROMATIC,false,1,provider-logo::TEELSPAZIO.png
AUX-RF-0432,ENGINE-REVIEW,HUMAN-REVIEW: AMBIGUOUS MASK,false,1,provider-logo::CARTOON NETWORK.png
AUX-RF-0433,ENGINE-REVIEW,HUMAN-REVIEW: UNSAFE CHROMATIC,false,1,provider-logo::DOLCE.png
AUX-RF-0434,ENGINE-REVIEW,HUMAN-REVIEW: AMBIGUOUS MASK,false,1,provider-logo::LA TV CROSSMEDIALE.png
AUX-RF-0435,ENGINE-REVIEW,HUMAN-REVIEW: CHROMATIC + AMBIGUOUS MASK,false,1,provider-logo::SID TV RECORD.png
AUX-RF-0436,ENGINE-REVIEW,HUMAN-REVIEW: AMBIGUOUS MASK,false,1,provider-logo::TIV.png
AUX-RF-0437,ENGINE-REVIEW,HUMAN-REVIEW: UNSAFE CHROMATIC,false,1,provider-logo::CANAL FOX COMEDY.png
AUX-RF-0438,ENGINE-REVIEW,HUMAN-REVIEW: UNSAFE CHROMATIC,false,1,provider-logo::SID PORTO CANAL.png
AUX-RF-0439,ENGINE-REVIEW,HUMAN-REVIEW: UNSAFE CHROMATIC,false,1,provider-logo::ITV LIVE.png
AUX-RF-0440,ENGINE-REVIEW,HUMAN-REVIEW: UNSAFE CHROMATIC,false,1,provider-logo::PLAY CZ.png
AUX-RF-0441,ENGINE-REVIEW,HUMAN-REVIEW: UNSAFE CHROMATIC,false,1,provider-logo::TELEIPPICA.png
AUX-RF-0442,ENGINE-REVIEW,HUMAN-REVIEW: UNSAFE CHROMATIC,false,1,provider-logo::ALDEWAN.png
AUX-RF-0443,ENGINE-REVIEW,HUMAN-REVIEW: UNSAFE CHROMATIC,false,1,provider-logo::SLOVAK TELEKOM.png
AUX-RF-0444,ENGINE-REVIEW,HUMAN-REVIEW: UNSAFE CHROMATIC,false,1,provider-logo::HORIZON TELEPORTS.png
AUX-RF-0445,ENGINE-REVIEW,HUMAN-REVIEW: UNSAFE CHROMATIC,false,2,provider-logo::CHANNEL 5 BROADCASTING LTD.png
AUX-RF-0446,ENGINE-REVIEW,HUMAN-REVIEW: UNSAFE CHROMATIC,false,2,provider-logo::SBA.png
AUX-RF-0447,ENGINE-REVIEW,HUMAN-REVIEW: UNSAFE CHROMATIC,false,1,provider-logo::UR-1.png
AUX-RF-0448,ENGINE-REVIEW,HUMAN-REVIEW: CHROMATIC + AMBIGUOUS MASK,false,1,satellite-logo::130E.png
AUX-RF-0449,ENGINE-REVIEW,HUMAN-REVIEW: UNSAFE CHROMATIC,false,1,provider-logo::SPORT TV+.png
AUX-RF-0450,ENGINE-REVIEW,HUMAN-REVIEW: CHROMATIC + AMBIGUOUS MASK,false,1,provider-logo::DMC.png
AUX-RF-0451,ENGINE-REVIEW,HUMAN-REVIEW: AMBIGUOUS MASK,false,1,provider-logo::TRK UKRAINE.png
AUX-RF-0452,ENGINE-REVIEW,HUMAN-REVIEW: AMBIGUOUS MASK,false,1,provider-logo::TELEMOLISE.png
AUX-RF-0453,ENGINE-REVIEW,HUMAN-REVIEW: UNSAFE CHROMATIC,false,1,satellite-logo::220W.png
AUX-RF-0454,ENGINE-REVIEW,HUMAN-REVIEW: UNSAFE CHROMATIC,false,1,provider-logo::CANALE 10.png
AUX-RF-0455,ENGINE-REVIEW,HUMAN-REVIEW: AMBIGUOUS MASK,false,1,provider-logo::NC+.png
AUX-RF-0456,ENGINE-REVIEW,HUMAN-REVIEW: CHROMATIC + AMBIGUOUS MASK,false,1,provider-logo::PIU VALLI TV.png
AUX-RF-0457,ENGINE-REVIEW,HUMAN-REVIEW: UNSAFE CHROMATIC,false,1,provider-logo::IPTV NTV.png
AUX-RF-0458,ENGINE-REVIEW,HUMAN-REVIEW: UNSAFE CHROMATIC,false,1,provider-logo::ERICSSON.png
AUX-RF-0459,ENGINE-REVIEW,HUMAN-REVIEW: UNSAFE CHROMATIC,false,1,provider-logo::INTER PLUS.png
AUX-RF-0460,ENGINE-REVIEW,HUMAN-REVIEW: UNSAFE CHROMATIC,false,1,provider-logo::KARTINA TV.png
AUX-RF-0461,ENGINE-REVIEW,HUMAN-REVIEW: AMBIGUOUS MASK,false,1,provider-logo::CSAT.png
AUX-RF-0462,ENGINE-REVIEW,HUMAN-REVIEW: AMBIGUOUS MASK,false,1,provider-logo::SIC INTERNACIONAL.png
AUX-RF-0463,ENGINE-REVIEW,HUMAN-REVIEW: AMBIGUOUS MASK,false,1,provider-logo::NONE.png
AUX-RF-0464,ENGINE-REVIEW,HUMAN-REVIEW: UNSAFE CHROMATIC,false,1,provider-logo::LIFELINK TV.png
AUX-RF-0465,ENGINE-REVIEW,HUMAN-REVIEW: CHROMATIC + AMBIGUOUS MASK,false,1,provider-logo::PFC.png
AUX-RF-0466,ENGINE-REVIEW,HUMAN-REVIEW: UNSAFE CHROMATIC,false,1,provider-logo::RCS GHANA.png
AUX-RF-0467,ENGINE-REVIEW,HUMAN-REVIEW: AMBIGUOUS MASK,false,1,provider-logo::SCHWEIZER RADIO UND FERNSEHEN.png
AUX-RF-0468,ENGINE-REVIEW,HUMAN-REVIEW: UNSAFE CHROMATIC,false,1,satellite-logo::100E.png
AUX-RF-0469,ENGINE-REVIEW,HUMAN-REVIEW: CHROMATIC + AMBIGUOUS MASK,false,1,provider-logo::PALSAT.png
AUX-RF-0470,ENGINE-REVIEW,HUMAN-REVIEW: UNSAFE CHROMATIC,false,1,provider-logo::WEB TVBOX MD.png
AUX-RF-0471,ENGINE-REVIEW,HUMAN-REVIEW: UNSAFE CHROMATIC,false,4,provider-logo::A1 BG.png
AUX-RF-0472,ENGINE-REVIEW,HUMAN-REVIEW: AMBIGUOUS MASK,false,1,provider-logo::TAG.png
AUX-RF-0473,ENGINE-REVIEW,HUMAN-REVIEW: UNSAFE CHROMATIC,false,1,provider-logo::NGROUP.png
AUX-RF-0474,ENGINE-REVIEW,HUMAN-REVIEW: UNSAFE CHROMATIC,false,1,provider-logo::OSN.png
AUX-RF-0475,ENGINE-REVIEW,HUMAN-REVIEW: UNSAFE CHROMATIC,false,1,provider-logo::FTV.png
AUX-RF-0476,ENGINE-REVIEW,HUMAN-REVIEW: AMBIGUOUS MASK,false,1,provider-logo::RADAR.png
AUX-RF-0477,ENGINE-REVIEW,HUMAN-REVIEW: UNSAFE CHROMATIC,false,1,satellite-logo::851E.png
AUX-RF-0478,ENGINE-REVIEW,HUMAN-REVIEW: UNSAFE CHROMATIC,false,1,satellite-logo::49E.png
AUX-RF-0479,ENGINE-REVIEW,HUMAN-REVIEW: AMBIGUOUS MASK,false,1,provider-logo::SID FUEL TV.png
AUX-RF-0480,ENGINE-REVIEW,HUMAN-REVIEW: UNSAFE CHROMATIC,false,1,provider-logo::TV COM.png
AUX-RF-0481,ENGINE-REVIEW,HUMAN-REVIEW: CHROMATIC + AMBIGUOUS MASK,false,1,satellite-logo::160E.png
AUX-RF-0482,ENGINE-REVIEW,HUMAN-REVIEW: UNSAFE CHROMATIC,false,1,provider-logo::MVIDEO.png
AUX-RF-0483,ENGINE-REVIEW,HUMAN-REVIEW: UNSAFE CHROMATIC,false,1,provider-logo::PTM.png
AUX-RF-0484,ENGINE-REVIEW,HUMAN-REVIEW: AMBIGUOUS MASK,false,1,provider-logo::SID CNN.png
AUX-RF-0485,ENGINE-REVIEW,HUMAN-REVIEW: UNSAFE CHROMATIC,false,3,provider-logo::VECTOR A. G.png
AUX-RF-0486,ENGINE-REVIEW,HUMAN-REVIEW: UNSAFE CHROMATIC,false,1,provider-logo::MEDIAKIND.png
AUX-RF-0487,ENGINE-REVIEW,HUMAN-REVIEW: AMBIGUOUS MASK,false,1,provider-logo::MANOTO HD.png
AUX-RF-0488,ENGINE-REVIEW,HUMAN-REVIEW: AMBIGUOUS MASK,false,1,provider-logo::SHOW HD.png
AUX-RF-0489,ENGINE-REVIEW,HUMAN-REVIEW: UNSAFE CHROMATIC,false,1,provider-logo::RUBINTELECOM.png
AUX-RF-0490,ENGINE-REVIEW,HUMAN-REVIEW: AMBIGUOUS MASK,false,1,provider-logo::RAI.png
AUX-RF-0491,ENGINE-REVIEW,HUMAN-REVIEW: UNSAFE CHROMATIC,false,2,provider-logo::TVN DISCOVERY GROUP.png
AUX-RF-0492,ENGINE-REVIEW,HUMAN-REVIEW: UNSAFE CHROMATIC,false,2,provider-logo::PRISA TV.png
AUX-RF-0493,ENGINE-REVIEW,HUMAN-REVIEW: CHROMATIC + AMBIGUOUS MASK,false,1,provider-logo::KENTRON.png
AUX-RF-0494,ENGINE-REVIEW,HUMAN-REVIEW: AMBIGUOUS MASK,false,1,provider-logo::MEDIA TV.png
AUX-RF-0495,ENGINE-REVIEW,HUMAN-REVIEW: AMBIGUOUS MASK,false,1,provider-logo::GTV.png
AUX-RF-0496,ENGINE-REVIEW,HUMAN-REVIEW: UNSAFE CHROMATIC,false,1,provider-logo::DW.png
AUX-RF-0497,ENGINE-REVIEW,HUMAN-REVIEW: AMBIGUOUS MASK,false,1,provider-logo::SHOW TURK.png
AUX-RF-0498,ENGINE-REVIEW,HUMAN-REVIEW: AMBIGUOUS MASK,false,1,provider-logo::OPENMUX IP GATEWAY.png
AUX-RF-0499,ENGINE-REVIEW,HUMAN-REVIEW: UNSAFE CHROMATIC,false,1,provider-logo::KABELKIOSK.png
AUX-RF-0500,ENGINE-REVIEW,HUMAN-REVIEW: UNSAFE CHROMATIC,false,1,provider-logo::PRYAMYY SD.png
AUX-RF-0501,ENGINE-REVIEW,HUMAN-REVIEW: AMBIGUOUS MASK,false,2,provider-logo::2M.png
AUX-RF-0502,ENGINE-REVIEW,HUMAN-REVIEW: UNSAFE CHROMATIC,false,1,satellite-logo::685E.png
AUX-RF-0503,ENGINE-REVIEW,HUMAN-REVIEW: CHROMATIC + AMBIGUOUS MASK,false,1,provider-logo::TELEMEDIA.png
AUX-RF-0504,ENGINE-REVIEW,HUMAN-REVIEW: UNSAFE CHROMATIC,false,1,provider-logo::AL M.png
AUX-RF-0505,ENGINE-REVIEW,HUMAN-REVIEW: UNSAFE CHROMATIC,false,1,provider-logo::FOX.png
AUX-RF-0506,ENGINE-REVIEW,HUMAN-REVIEW: UNSAFE CHROMATIC,false,1,provider-logo::CARTV.png
AUX-RF-0507,ENGINE-REVIEW,HUMAN-REVIEW: CHROMATIC + AMBIGUOUS MASK,false,1,provider-logo::SUDANIA24 GROUP.png
AUX-RF-0508,ENGINE-REVIEW,HUMAN-REVIEW: CHROMATIC + AMBIGUOUS MASK,false,1,provider-logo::PRESS TV.png
AUX-RF-0509,ENGINE-REVIEW,HUMAN-REVIEW: UNSAFE CHROMATIC,false,1,provider-logo::BLAZE.png
AUX-RF-0510,ENGINE-REVIEW,HUMAN-REVIEW: UNSAFE CHROMATIC,false,1,provider-logo::MAGTISAT.png
AUX-RF-0511,ENGINE-REVIEW,HUMAN-REVIEW: AMBIGUOUS MASK,false,1,provider-logo::SHOW MAX.png
AUX-RF-0512,ENGINE-REVIEW,HUMAN-REVIEW: CHROMATIC + AMBIGUOUS MASK,false,1,provider-logo::ADTEC DIGITAL.png
AUX-RF-0513,ENGINE-REVIEW,HUMAN-REVIEW: UNSAFE CHROMATIC,false,1,provider-logo::MEDIAPASON.png
AUX-RF-0514,ENGINE-REVIEW,HUMAN-REVIEW: CHROMATIC + AMBIGUOUS MASK,false,1,provider-logo::SIENATV.png
AUX-RF-0515,ENGINE-REVIEW,HUMAN-REVIEW: UNSAFE CHROMATIC,false,1,provider-logo::NIGERIAN TELEVISION.png
AUX-RF-0516,ENGINE-REVIEW,HUMAN-REVIEW: UNSAFE CHROMATIC,false,1,provider-logo::RTP.png
AUX-RF-0517,ENGINE-REVIEW,HUMAN-REVIEW: UNSAFE CHROMATIC,false,1,satellite-logo::260E.png
AUX-RF-0518,ENGINE-REVIEW,HUMAN-REVIEW: AMBIGUOUS MASK,false,3,provider-logo::IN ARIA!.png
AUX-RF-0519,ENGINE-REVIEW,HUMAN-REVIEW: UNSAFE CHROMATIC,false,1,provider-logo::ANTENA 2.png
AUX-RF-0520,ENGINE-REVIEW,HUMAN-REVIEW: UNSAFE CHROMATIC,false,1,provider-logo::NOITV.png
AUX-RF-0521,ENGINE-REVIEW,HUMAN-REVIEW: CHROMATIC + AMBIGUOUS MASK,false,1,provider-logo::ADN ITALIA.png
AUX-RF-0522,ENGINE-REVIEW,HUMAN-REVIEW: UNSAFE CHROMATIC,false,2,provider-logo::EUTELAST MENA.png
AUX-RF-0523,ENGINE-REVIEW,HUMAN-REVIEW: UNSAFE CHROMATIC,false,2,provider-logo::GUC TELEKOM MEDYA.png
AUX-RF-0524,ENGINE-REVIEW,HUMAN-REVIEW: AMBIGUOUS MASK,false,1,provider-logo::RADIO RTR.png
AUX-RF-0525,ENGINE-REVIEW,HUMAN-REVIEW: UNSAFE CHROMATIC,false,1,satellite-logo::125W.png
AUX-RF-0526,ENGINE-REVIEW,HUMAN-REVIEW: AMBIGUOUS MASK,false,1,provider-logo::TV-PROVIDER.png
AUX-RF-0527,ENGINE-REVIEW,HUMAN-REVIEW: UNSAFE CHROMATIC,false,2,provider-logo::ICTV HD.png
AUX-RF-0528,ENGINE-REVIEW,HUMAN-REVIEW: AMBIGUOUS MASK,false,1,provider-logo::KISS KISS NAPOLI TV.png
AUX-RF-0529,ENGINE-REVIEW,HUMAN-REVIEW: CHROMATIC + AMBIGUOUS MASK,false,1,provider-logo::TV-BORSICE.png
AUX-RF-0530,ENGINE-REVIEW,HUMAN-REVIEW: AMBIGUOUS MASK,false,1,provider-logo::TELEREPORTER.png
AUX-RF-0531,ENGINE-REVIEW,HUMAN-REVIEW: UNSAFE CHROMATIC,false,1,provider-logo::TVNET.png
AUX-RF-0532,ENGINE-REVIEW,HUMAN-REVIEW: AMBIGUOUS MASK,false,1,provider-logo::PLAYBOY TV.png
AUX-RF-0533,ENGINE-REVIEW,HUMAN-REVIEW: UNSAFE CHROMATIC,false,1,provider-logo::EUTELSAT MENA.png
AUX-RF-0534,ENGINE-REVIEW,HUMAN-REVIEW: UNSAFE CHROMATIC,false,1,provider-logo::SID SIC MULHER.png
AUX-RF-0535,ENGINE-REVIEW,HUMAN-REVIEW: UNSAFE CHROMATIC,false,1,provider-logo::ADTV.png
AUX-RF-0536,ENGINE-REVIEW,HUMAN-REVIEW: AMBIGUOUS MASK,false,1,provider-logo::M1 HD.png
AUX-RF-0537,ENGINE-REVIEW,HUMAN-REVIEW: CHROMATIC + AMBIGUOUS MASK,false,2,provider-logo::FM-DVB TDF RMV.png
AUX-RF-0538,ENGINE-REVIEW,HUMAN-REVIEW: CHROMATIC + AMBIGUOUS MASK,false,1,provider-logo::SID TSF.png
AUX-RF-0539,ENGINE-REVIEW,HUMAN-REVIEW: AMBIGUOUS MASK,false,1,provider-logo::CAPRI.png
AUX-RF-0540,ENGINE-REVIEW,HUMAN-REVIEW: UNSAFE CHROMATIC,false,1,provider-logo::TELE IN.png
AUX-RF-0541,ENGINE-REVIEW,HUMAN-REVIEW: UNSAFE CHROMATIC,false,2,provider-logo::A1 BULGARIA.png
AUX-RF-0542,ENGINE-REVIEW,HUMAN-REVIEW: AMBIGUOUS MASK,false,1,provider-logo::TBNFARSI.png
AUX-RF-0543,ENGINE-REVIEW,HUMAN-REVIEW: AMBIGUOUS MASK,false,1,provider-logo::ERT.png
AUX-RF-0544,ENGINE-REVIEW,HUMAN-REVIEW: UNSAFE CHROMATIC,false,1,provider-logo::TRING.png
AUX-RF-0545,ENGINE-REVIEW,HUMAN-REVIEW: UNSAFE CHROMATIC,false,1,provider-logo::UKRTELECOM.png
AUX-RF-0546,ENGINE-REVIEW,HUMAN-REVIEW: AMBIGUOUS MASK,false,1,provider-logo::SKYROCK.png
AUX-RF-0547,ENGINE-REVIEW,HUMAN-REVIEW: AMBIGUOUS MASK,false,1,provider-logo::TELESIRIO.png
AUX-RF-0548,ENGINE-REVIEW,HUMAN-REVIEW: UNSAFE CHROMATIC,false,1,provider-logo::1+1 MEDIA.png
AUX-RF-0549,ENGINE-REVIEW,HUMAN-REVIEW: AMBIGUOUS MASK,false,1,provider-logo::DALKOM SOMALIA.png
AUX-RF-0550,ENGINE-REVIEW,HUMAN-REVIEW: AMBIGUOUS MASK,false,1,provider-logo::TAG BROADCASTING.png
AUX-RF-0551,ENGINE-REVIEW,HUMAN-REVIEW: UNSAFE CHROMATIC,false,1,provider-logo::OVERON AMERICA.png
AUX-RF-0552,ENGINE-REVIEW,HUMAN-REVIEW: AMBIGUOUS MASK,false,1,provider-logo::MANOTO.png
AUX-RF-0553,ENGINE-REVIEW,HUMAN-REVIEW: UNSAFE CHROMATIC,false,1,provider-logo::NEWRUS TV.png
AUX-RF-0554,ENGINE-REVIEW,HUMAN-REVIEW: AMBIGUOUS MASK,false,1,provider-logo::SHOW TURK HD.png
AUX-RF-0555,ENGINE-REVIEW,HUMAN-REVIEW: UNSAFE CHROMATIC,false,1,provider-logo::OVERON SERVICIOS AUDIOVISUALES.png
AUX-RF-0556,ENGINE-REVIEW,HUMAN-REVIEW: UNSAFE CHROMATIC,false,1,provider-logo::SAT.png
AUX-RF-0557,ENGINE-REVIEW,HUMAN-REVIEW: CHROMATIC + AMBIGUOUS MASK,false,1,provider-logo::LIRA TV.png
AUX-RF-0558,ENGINE-REVIEW,HUMAN-REVIEW: UNSAFE CHROMATIC,false,1,satellite-logo::275W.png
AUX-RF-0559,ENGINE-REVIEW,HUMAN-REVIEW: UNSAFE CHROMATIC,false,1,provider-logo::NEOSAT.png
AUX-RF-0560,ENGINE-REVIEW,HUMAN-REVIEW: AMBIGUOUS MASK,false,1,provider-logo::MTVA.png
AUX-RF-0561,ENGINE-REVIEW,HUMAN-REVIEW: UNSAFE CHROMATIC,false,1,provider-logo::TURKMENISTAN.png
AUX-RF-0562,ENGINE-REVIEW,HUMAN-REVIEW: UNSAFE CHROMATIC,false,1,satellite-logo::50W.png
AUX-RF-0563,ENGINE-REVIEW,HUMAN-REVIEW: UNSAFE CHROMATIC,false,1,provider-logo::TVP.png
AUX-RF-0564,ENGINE-REVIEW,HUMAN-REVIEW: CHROMATIC + AMBIGUOUS MASK,false,1,provider-logo::SAMA.png
AUX-RF-0565,ENGINE-REVIEW,HUMAN-REVIEW: CHROMATIC + AMBIGUOUS MASK,false,1,satellite-logo::90E.png
AUX-RF-0566,ENGINE-REVIEW,HUMAN-REVIEW: UNSAFE CHROMATIC,false,1,provider-logo::HISPASAT.png
AUX-RF-0567,ENGINE-REVIEW,HUMAN-REVIEW: UNSAFE CHROMATIC,false,1,provider-logo::TVH.png
AUX-RF-0568,ENGINE-REVIEW,HUMAN-REVIEW: AMBIGUOUS MASK,false,1,provider-logo::KABELIO.CH.png
AUX-RF-0569,ENGINE-REVIEW,HUMAN-REVIEW: UNSAFE CHROMATIC,false,1,provider-logo::FOX CRIME HD.png
AUX-RF-0570,ENGINE-REVIEW,HUMAN-REVIEW: UNSAFE CHROMATIC,false,1,provider-logo::GAZPROM SS.png
AUX-RF-0571,ENGINE-REVIEW,HUMAN-REVIEW: UNSAFE CHROMATIC,false,1,provider-logo::NEWS 24.png
AUX-RF-0572,ENGINE-REVIEW,HUMAN-REVIEW: AMBIGUOUS MASK,false,1,provider-logo::QBIT GMBH.png
AUX-RF-0573,ENGINE-REVIEW,HUMAN-REVIEW: AMBIGUOUS MASK,false,1,provider-logo::VISIONTV.png
AUX-RF-0574,ENGINE-REVIEW,HUMAN-REVIEW: AMBIGUOUS MASK,false,1,provider-logo::BFBS.png
AUX-RF-0575,ENGINE-REVIEW,HUMAN-REVIEW: AMBIGUOUS MASK,false,1,provider-logo::AMC.png
AUX-RF-0576,ENGINE-REVIEW,HUMAN-REVIEW: UNSAFE CHROMATIC,false,1,provider-logo::CGTN.png
AUX-RF-0577,ENGINE-REVIEW,HUMAN-REVIEW: CHROMATIC + AMBIGUOUS MASK,false,1,provider-logo::MIMYUNI.png
AUX-RF-0578,ENGINE-REVIEW,HUMAN-REVIEW: UNSAFE CHROMATIC,false,1,provider-logo::UR-3.png
AUX-RF-0579,ENGINE-REVIEW,HUMAN-REVIEW: AMBIGUOUS MASK,false,1,provider-logo::TV CENTRO MARCHE.png
AUX-RF-0580,ENGINE-REVIEW,HUMAN-REVIEW: CHROMATIC + AMBIGUOUS MASK,false,1,provider-logo::SIC HD.png
AUX-RF-0581,ENGINE-REVIEW,HUMAN-REVIEW: UNSAFE CHROMATIC,false,1,provider-logo::CANAL 11 HD.png
AUX-RF-0582,ENGINE-REVIEW,HUMAN-REVIEW: UNSAFE CHROMATIC,false,1,provider-logo::VPS-GULFSAT.png
AUX-RF-0583,ENGINE-REVIEW,HUMAN-REVIEW: CHROMATIC + AMBIGUOUS MASK,false,1,provider-logo::TIVU.png
AUX-RF-0584,ENGINE-REVIEW,HUMAN-REVIEW: UNSAFE CHROMATIC,false,1,satellite-logo::330E.png
AUX-RF-0585,ENGINE-REVIEW,HUMAN-REVIEW: AMBIGUOUS MASK,false,1,provider-logo::MEDIA-LIVE.png
AUX-RF-0586,ENGINE-REVIEW,HUMAN-REVIEW: AMBIGUOUS MASK,false,1,provider-logo::RADIO FRANCE.png
AUX-RF-0587,ENGINE-REVIEW,HUMAN-REVIEW: UNSAFE CHROMATIC,false,1,provider-logo::TRICOLORTV.png
AUX-RF-0588,ENGINE-REVIEW,HUMAN-REVIEW: UNSAFE CHROMATIC,false,1,provider-logo::EXTREMADURA FM.png
AUX-RF-0589,ENGINE-REVIEW,HUMAN-REVIEW: UNSAFE CHROMATIC,false,2,provider-logo::BULGARIA SAT.png
AUX-RF-0590,ENGINE-REVIEW,HUMAN-REVIEW: AMBIGUOUS MASK,false,1,provider-logo::TRK UKRAINA.png
AUX-RF-0591,ENGINE-REVIEW,HUMAN-REVIEW: CHROMATIC + AMBIGUOUS MASK,false,3,provider-logo::ATV+.png
AUX-RF-0592,ENGINE-REVIEW,HUMAN-REVIEW: UNSAFE CHROMATIC,false,1,satellite-logo::40W.png
AUX-RF-0593,ENGINE-REVIEW,HUMAN-REVIEW: UNSAFE CHROMATIC,false,1,provider-logo::TSN.png
AUX-RF-0594,ENGINE-REVIEW,HUMAN-REVIEW: AMBIGUOUS MASK,false,1,provider-logo::MCM POP.png
AUX-RF-0595,ENGINE-REVIEW,HUMAN-REVIEW: AMBIGUOUS MASK,false,1,provider-logo::ENGLISH CLUB.png
AUX-RF-0596,ENGINE-REVIEW,HUMAN-REVIEW: AMBIGUOUS MASK,false,2,provider-logo::HTB+.png
AUX-RF-0597,ENGINE-REVIEW,HUMAN-REVIEW: AMBIGUOUS MASK,false,1,provider-logo::SID DISCOVERY HD.png
AUX-RF-0598,ENGINE-REVIEW,HUMAN-REVIEW: UNSAFE CHROMATIC,false,1,satellite-logo::360E.png
AUX-RF-0599,ENGINE-REVIEW,HUMAN-REVIEW: UNSAFE CHROMATIC,false,1,provider-logo::TVN SA DISCOVERY GROUP.png
AUX-RF-0600,ENGINE-REVIEW,HUMAN-REVIEW: AMBIGUOUS MASK,false,1,provider-logo::TELEVOMERO.png
AUX-RF-0601,ENGINE-REVIEW,HUMAN-REVIEW: UNSAFE CHROMATIC,false,1,provider-logo::ANTENA GROUP.png
AUX-RF-0602,ENGINE-REVIEW,HUMAN-REVIEW: CHROMATIC + AMBIGUOUS MASK,false,3,provider-logo::ESHAILSAT.png
AUX-RF-0603,ENGINE-REVIEW,HUMAN-REVIEW: UNSAFE CHROMATIC,false,1,satellite-logo::80W.png
AUX-RF-0604,ENGINE-REVIEW,HUMAN-REVIEW: AMBIGUOUS MASK,false,1,provider-logo::TELEGRANDUCATO.png
AUX-RF-0605,ENGINE-REVIEW,HUMAN-REVIEW: UNSAFE CHROMATIC,false,1,satellite-logo::315W.png
AUX-RF-0606,ENGINE-REVIEW,HUMAN-REVIEW: UNSAFE CHROMATIC,false,1,provider-logo::ANTENA 3.png
AUX-RF-0607,ENGINE-REVIEW,HUMAN-REVIEW: UNSAFE CHROMATIC,false,1,provider-logo::TURKUVAZ.png
AUX-RF-0608,ENGINE-REVIEW,HUMAN-REVIEW: AMBIGUOUS MASK,false,1,provider-logo::TVRS.png
AUX-RF-0609,ENGINE-REVIEW,HUMAN-REVIEW: UNSAFE CHROMATIC,false,1,provider-logo::FOX NETWORKS GROUP.png
AUX-RF-0610,ENGINE-REVIEW,HUMAN-REVIEW: AMBIGUOUS MASK,false,1,provider-logo::TWDC TURKEY.png
AUX-RF-0611,ENGINE-REVIEW,HUMAN-REVIEW: UNSAFE CHROMATIC,false,1,provider-logo::SPORT TV 5.png
AUX-RF-0612,ENGINE-REVIEW,HUMAN-REVIEW: UNSAFE CHROMATIC,false,1,provider-logo::RADIO X.png
AUX-RF-0613,ENGINE-REVIEW,HUMAN-REVIEW: UNSAFE CHROMATIC,false,1,provider-logo::NILESAT.png
AUX-RF-0614,ENGINE-REVIEW,HUMAN-REVIEW: UNSAFE CHROMATIC,false,1,provider-logo::CATALANTV.png
AUX-RF-0615,ENGINE-REVIEW,HUMAN-REVIEW: CHROMATIC + AMBIGUOUS MASK,false,1,provider-logo::YOWI.TV.png
AUX-RF-0616,ENGINE-REVIEW,HUMAN-REVIEW: AMBIGUOUS MASK,false,1,provider-logo::MYHD.png
AUX-RF-0617,ENGINE-REVIEW,HUMAN-REVIEW: UNSAFE CHROMATIC,false,1,provider-logo::TTNET.png
AUX-RF-0618,ENGINE-REVIEW,HUMAN-REVIEW: AMBIGUOUS MASK,false,1,provider-logo::RASD-TV.png
AUX-RF-0619,ENGINE-REVIEW,HUMAN-REVIEW: CHROMATIC + AMBIGUOUS MASK,false,1,provider-logo::EUROPA FM.png
AUX-RF-0620,ENGINE-REVIEW,HUMAN-REVIEW: AMBIGUOUS MASK,false,1,provider-logo::PRIMATIVV.png
AUX-RF-0621,ENGINE-REVIEW,HUMAN-REVIEW: AMBIGUOUS MASK,false,1,provider-logo::MY HD.png
AUX-RF-0622,ENGINE-REVIEW,HUMAN-REVIEW: CHROMATIC + AMBIGUOUS MASK,false,1,satellite-logo::525E.png
AUX-RF-0623,ENGINE-REVIEW,HUMAN-REVIEW: UNSAFE CHROMATIC,false,1,provider-logo::UTV.png
AUX-RF-0624,ENGINE-REVIEW,HUMAN-REVIEW: UNSAFE CHROMATIC,false,1,provider-logo::TELEKOM AUSTRIA AG.png
AUX-RF-0625,ENGINE-REVIEW,HUMAN-REVIEW: AMBIGUOUS MASK,false,1,provider-logo::RFM.png
AUX-RF-0626,ENGINE-REVIEW,HUMAN-REVIEW: UNSAFE CHROMATIC,false,3,provider-logo::ERICSOSON TV.png
AUX-RF-0627,ENGINE-REVIEW,HUMAN-REVIEW: AMBIGUOUS MASK,false,2,provider-logo::CONNECTO.png
AUX-RF-0628,ENGINE-REVIEW,HUMAN-REVIEW: CHROMATIC + AMBIGUOUS MASK,false,1,provider-logo::RADIO MARIA.png
AUX-RF-0629,ENGINE-REVIEW,HUMAN-REVIEW: UNSAFE CHROMATIC,false,3,provider-logo::AL DAWRI AL KASS.png
AUX-RF-0630,ENGINE-REVIEW,HUMAN-REVIEW: UNSAFE CHROMATIC,false,1,provider-logo::RDIO AMALIA.png
AUX-RF-0631,ENGINE-REVIEW,HUMAN-REVIEW: AMBIGUOUS MASK,false,1,satellite-logo::picon_sat.png
AUX-RF-0632,ENGINE-REVIEW,HUMAN-REVIEW: CHROMATIC + AMBIGUOUS MASK,false,1,provider-logo::XTRA TV TEST.png
AUX-RF-0633,ENGINE-REVIEW,HUMAN-REVIEW: UNSAFE CHROMATIC,false,1,provider-logo::EEC SECUNDRIO.png
AUX-RF-0634,ENGINE-REVIEW,HUMAN-REVIEW: AMBIGUOUS MASK,false,1,satellite-logo::picon_default.png
AUX-RF-0635,ENGINE-REVIEW,HUMAN-REVIEW: UNSAFE CHROMATIC,false,1,satellite-logo::245W.png
AUX-RF-0636,ENGINE-REVIEW,HUMAN-REVIEW: AMBIGUOUS MASK,false,1,provider-logo::TELETRURIA 2000SRL.png
AUX-RF-0637,ENGINE-REVIEW,HUMAN-REVIEW: UNSAFE CHROMATIC,false,1,provider-logo::SOVOK TV.png
AUX-RF-0638,ENGINE-REVIEW,HUMAN-REVIEW: AMBIGUOUS MASK,false,1,provider-logo::SSU STBS NAGRAGUIDE HD.png
AUX-RF-0639,ENGINE-REVIEW,HUMAN-REVIEW: UNSAFE CHROMATIC,false,5,provider-logo::CYFROWY POLSAT S.A..png
AUX-RF-0640,ENGINE-REVIEW,HUMAN-REVIEW: UNSAFE CHROMATIC,false,1,provider-logo::ORANGE TV.png
AUX-RF-0641,ENGINE-REVIEW,HUMAN-REVIEW: AMBIGUOUS MASK,false,1,provider-logo::ELEMEDIA.png
AUX-RF-0642,ENGINE-REVIEW,HUMAN-REVIEW: UNSAFE CHROMATIC,false,1,provider-logo::JOJ GROUP.png
AUX-RF-0643,ENGINE-REVIEW,HUMAN-REVIEW: CHROMATIC + AMBIGUOUS MASK,false,2,provider-logo::RAI WAY.png
AUX-RF-0644,ENGINE-REVIEW,HUMAN-REVIEW: UNSAFE CHROMATIC,false,1,provider-logo::BULSATCOM.png
AUX-RF-0645,ENGINE-REVIEW,HUMAN-REVIEW: UNSAFE CHROMATIC,false,2,provider-logo::ANTENNA HUNGARIA  GLOBECAST.png
AUX-RF-0646,ENGINE-REVIEW,HUMAN-REVIEW: CHROMATIC + AMBIGUOUS MASK,false,1,provider-logo::ES RADIO.png
AUX-RF-0647,ENGINE-REVIEW,HUMAN-REVIEW: AMBIGUOUS MASK,false,2,provider-logo::ONT TUNISIA.png
AUX-RF-0648,ENGINE-REVIEW,HUMAN-REVIEW: UNSAFE CHROMATIC,false,2,provider-logo::RTVE.png
AUX-RF-0649,ENGINE-REVIEW,HUMAN-REVIEW: CHROMATIC + AMBIGUOUS MASK,false,1,provider-logo::DTRP VERKHOVNA RADA.png
AUX-RF-0650,ENGINE-REVIEW,HUMAN-REVIEW: UNSAFE CHROMATIC,false,1,satellite-logo::620E.png
AUX-RF-0651,ENGINE-REVIEW,HUMAN-REVIEW: UNSAFE CHROMATIC,false,1,provider-logo::TVT.png
AUX-RF-0652,ENGINE-REVIEW,HUMAN-REVIEW: UNSAFE CHROMATIC,false,1,provider-logo::BSKYB.png
AUX-RF-0653,ENGINE-REVIEW,HUMAN-REVIEW: CHROMATIC + AMBIGUOUS MASK,false,1,provider-logo::SUDAN SPORT.png
AUX-RF-0654,ENGINE-REVIEW,HUMAN-REVIEW: UNSAFE CHROMATIC,false,1,provider-logo::A! BG.png
AUX-RF-0655,ENGINE-REVIEW,HUMAN-REVIEW: AMBIGUOUS MASK,false,1,provider-logo::VIDEONOLA.png
AUX-RF-0656,ENGINE-REVIEW,HUMAN-REVIEW: CHROMATIC + AMBIGUOUS MASK,false,1,provider-logo::BLACKSEATV.png
AUX-RF-0657,ENGINE-REVIEW,HUMAN-REVIEW: CHROMATIC + AMBIGUOUS MASK,false,1,provider-logo::MAJAN.png
AUX-RF-0658,ENGINE-REVIEW,HUMAN-REVIEW: UNSAFE CHROMATIC,false,1,provider-logo::SVITLE RADIO.png
AUX-RF-0659,ENGINE-REVIEW,HUMAN-REVIEW: CHROMATIC + AMBIGUOUS MASK,false,1,provider-logo::GEOTELECOM.png
AUX-RF-0660,ENGINE-REVIEW,HUMAN-REVIEW: CHROMATIC + AMBIGUOUS MASK,false,1,provider-logo::MEDIA7.png
AUX-RF-0661,ENGINE-REVIEW,HUMAN-REVIEW: AMBIGUOUS MASK,false,1,provider-logo::AL-FORAT HD1.png
AUX-RF-0662,ENGINE-REVIEW,HUMAN-REVIEW: AMBIGUOUS MASK,false,1,provider-logo::RADIO PROMIN.png
AUX-RF-0663,ENGINE-REVIEW,HUMAN-REVIEW: AMBIGUOUS MASK,false,1,provider-logo::YOUTUBE.png
AUX-RF-0664,ENGINE-REVIEW,HUMAN-REVIEW: AMBIGUOUS MASK,false,1,provider-logo::CNBC.png
AUX-RF-0665,ENGINE-REVIEW,HUMAN-REVIEW: AMBIGUOUS MASK,false,1,provider-logo::SIC K.png
AUX-RF-0666,ENGINE-REVIEW,HUMAN-REVIEW: AMBIGUOUS MASK,false,1,provider-logo::DZAIR.png
AUX-RF-0667,ENGINE-REVIEW,HUMAN-REVIEW: CHROMATIC + AMBIGUOUS MASK,false,1,provider-logo::ALSIRAT.png
AUX-RF-0668,ENGINE-REVIEW,HUMAN-REVIEW: AMBIGUOUS MASK,false,1,provider-logo::SID TRAVEL CHANNEL HD.png
AUX-RF-0669,ENGINE-REVIEW,HUMAN-REVIEW: CHROMATIC + AMBIGUOUS MASK,false,1,provider-logo::RENASCENA.png
AUX-RF-0670,ENGINE-REVIEW,HUMAN-REVIEW: AMBIGUOUS MASK,false,1,provider-logo::HDT.png
AUX-RF-0671,ENGINE-REVIEW,HUMAN-REVIEW: AMBIGUOUS MASK,false,1,satellite-logo::picon_iptv.png
AUX-RF-0672,ENGINE-REVIEW,HUMAN-REVIEW: CHROMATIC + AMBIGUOUS MASK,false,1,provider-logo::SID PANDA.png
AUX-RF-0673,ENGINE-REVIEW,HUMAN-REVIEW: CHROMATIC + AMBIGUOUS MASK,false,1,provider-logo::70.80.TV.png
AUX-RF-0674,ENGINE-REVIEW,HUMAN-REVIEW: CHROMATIC + AMBIGUOUS MASK,false,1,provider-logo::CANAL HISTRIA.png
AUX-RF-0675,ENGINE-REVIEW,HUMAN-REVIEW: CHROMATIC + AMBIGUOUS MASK,false,1,provider-logo::WEDDING TV.png
AUX-RF-0676,ENGINE-REVIEW,HUMAN-REVIEW: AMBIGUOUS MASK,false,1,provider-logo::BRT HD.png
AUX-RF-0677,ENGINE-REVIEW,HUMAN-REVIEW: AMBIGUOUS MASK,false,1,provider-logo::TOWERCAST 1-M.png
AUX-RF-0678,ENGINE-REVIEW,HUMAN-REVIEW: AMBIGUOUS MASK,false,1,provider-logo::UNKNOWN.png
AUX-RF-0679,ENGINE-REVIEW,HUMAN-REVIEW: CHROMATIC + AMBIGUOUS MASK,false,1,provider-logo::FUNRADIO.png
AUX-RF-0680,ENGINE-REVIEW,HUMAN-REVIEW: AMBIGUOUS MASK,false,1,provider-logo::THT.png
AUX-RF-0681,ENGINE-REVIEW,HUMAN-REVIEW: AMBIGUOUS MASK,false,1,provider-logo::TELEREGIONE LIVE.png
AUX-RF-0682,ENGINE-REVIEW,HUMAN-REVIEW: CHROMATIC + AMBIGUOUS MASK,false,1,provider-logo::ACBN.png
AUX-RF-0683,ENGINE-REVIEW,HUMAN-REVIEW: AMBIGUOUS MASK,false,2,provider-logo::7 GOLD.png
AUX-RF-0684,ENGINE-REVIEW,HUMAN-REVIEW: CHROMATIC + AMBIGUOUS MASK,false,1,provider-logo::SID HISTRIA.png
AUX-RF-0685,ENGINE-REVIEW,HUMAN-REVIEW: AMBIGUOUS MASK,false,1,provider-logo::LE CRONACHE.png
AUX-RF-0686,ENGINE-REVIEW,HUMAN-REVIEW: CHROMATIC + AMBIGUOUS MASK,false,2,provider-logo::SVS.png
AUX-RF-0687,ENGINE-REVIEW,HUMAN-REVIEW: CHROMATIC + AMBIGUOUS MASK,false,1,provider-logo::SUPERFM.png
AUX-RF-0688,ENGINE-REVIEW,HUMAN-REVIEW: AMBIGUOUS MASK,false,1,provider-logo::SHOW TV.png
AUX-RF-0689,ENGINE-REVIEW,HUMAN-REVIEW: AMBIGUOUS MASK,false,1,provider-logo::E TV RETE 7.png
AUX-RF-0690,ENGINE-REVIEW,HUMAN-REVIEW: CHROMATIC + AMBIGUOUS MASK,false,1,provider-logo::SID HISTORIA.png
AUX-RF-0691,ENGINE-REVIEW,HUMAN-REVIEW: CHROMATIC + AMBIGUOUS MASK,false,1,provider-logo::RDIO RENASCENA.png
AUX-RF-0692,ENGINE-REVIEW,HUMAN-REVIEW: AMBIGUOUS MASK,false,1,provider-logo::IMN.png
AUX-RF-0693,ENGINE-REVIEW,HUMAN-REVIEW: AMBIGUOUS MASK,false,1,provider-logo::AFRO MUSIC.png
AUX-RF-0694,ENGINE-REVIEW,HUMAN-REVIEW: AMBIGUOUS MASK,false,1,provider-logo::DTK-SATELIO.png
AUX-RF-0695,ENGINE-REVIEW,HUMAN-REVIEW: AMBIGUOUS MASK,false,1,provider-logo::WTV.png
AUX-RF-0696,ENGINE-REVIEW,HUMAN-REVIEW: CHROMATIC + AMBIGUOUS MASK,false,1,provider-logo::CYFROWY POLSAT S. A..png
AUX-RF-0697,ENGINE-REVIEW,HUMAN-REVIEW: AMBIGUOUS MASK,false,1,provider-logo::SID EUROSPORT 1.png
AUX-RF-0698,ENGINE-REVIEW,HUMAN-REVIEW: CHROMATIC + AMBIGUOUS MASK,false,1,provider-logo::HELLASSAT.png
AUX-RF-0699,ENGINE-REVIEW,HUMAN-REVIEW: AMBIGUOUS MASK,false,1,provider-logo::SID TVE 24H.png
AUX-RF-0700,ENGINE-REVIEW,HUMAN-REVIEW: AMBIGUOUS MASK,false,1,provider-logo::GROUPE M6.png
AUX-RF-0701,ENGINE-REVIEW,HUMAN-REVIEW: AMBIGUOUS MASK,false,1,provider-logo::RADIO BRUNO.png
AUX-RF-0702,ENGINE-REVIEW,HUMAN-REVIEW: AMBIGUOUS MASK,false,1,provider-logo::RADIO TCHAD RNT.png
AUX-RF-0703,ENGINE-REVIEW,HUMAN-REVIEW: AMBIGUOUS MASK,false,1,provider-logo::ETV MARCHE.png
AUX-RF-0704,ENGINE-REVIEW,HUMAN-REVIEW: AMBIGUOUS MASK,false,1,provider-logo::NOVOTELECOM.png
AUX-RF-0705,ENGINE-REVIEW,HUMAN-REVIEW: AMBIGUOUS MASK,false,1,provider-logo::E TV MARCHE.png
AUX-RF-0706,ENGINE-REVIEW,HUMAN-REVIEW: AMBIGUOUS MASK,false,1,provider-logo::RADIO COMERCIAL.png
AUX-RF-0707,ENGINE-REVIEW,HUMAN-REVIEW: AMBIGUOUS MASK,false,1,provider-logo::ISEEHD.png
AUX-RF-0708,ENGINE-REVIEW,HUMAN-REVIEW: AMBIGUOUS MASK,false,1,provider-logo::HFM.png
AUX-RF-0709,ENGINE-REVIEW,HUMAN-REVIEW: AMBIGUOUS MASK,false,1,provider-logo::EUROSPORT 2.png
AUX-RF-0710,ENGINE-REVIEW,HUMAN-REVIEW: CHROMATIC + AMBIGUOUS MASK,false,1,provider-logo::HIT.png
AUX-RF-0711,ENGINE-REVIEW,HUMAN-REVIEW: AMBIGUOUS MASK,false,2,provider-logo::PEOPLETV-RETE7.png
AUX-RF-0712,ENGINE-REVIEW,HUMAN-REVIEW: AMBIGUOUS MASK,false,1,provider-logo::SAUDI TV1.png
AUX-RF-0713,ENGINE-REVIEW,HUMAN-REVIEW: AMBIGUOUS MASK,false,1,provider-logo::SID EUROSPORT 1 HD.png
AUX-RF-0714,ENGINE-REVIEW,HUMAN-REVIEW: AMBIGUOUS MASK,false,1,provider-logo::THAQALAYN.png
AUX-RF-0715,ENGINE-REVIEW,HUMAN-REVIEW: AMBIGUOUS MASK,false,1,provider-logo::EDML.png
AUX-RF-0716,ENGINE-REVIEW,HUMAN-REVIEW: AMBIGUOUS MASK,false,1,provider-logo::TRT.png
AUX-RF-0717,ENGINE-REVIEW,HUMAN-REVIEW: AMBIGUOUS MASK,false,1,provider-logo::RDIO COMERCIAL.png
AUX-RF-0718,ENGINE-REVIEW,HUMAN-REVIEW: AMBIGUOUS MASK,false,1,provider-logo::SID EUROSPORT 2.png
AUX-RF-0719,ENGINE-REVIEW,HUMAN-REVIEW: AMBIGUOUS MASK,false,1,provider-logo::TELECOM AUSTRIA AG.png
AUX-RF-0720,ENGINE-REVIEW,HUMAN-REVIEW: AMBIGUOUS MASK,false,1,provider-logo::SID AXN BLACK HD.png
AUX-RF-0721,ENGINE-REVIEW,HUMAN-REVIEW: AMBIGUOUS MASK,false,2,satellite-logo::DVB-T.png
AUX-RF-0722,ENGINE-REVIEW,HUMAN-REVIEW: AMBIGUOUS MASK,false,1,provider-logo::BABY TV.png
AUX-RF-0723,ENGINE-REVIEW,HUMAN-REVIEW: AMBIGUOUS MASK,false,1,provider-logo::H.png
AUX-RF-0724,ENGINE-REVIEW,HUMAN-REVIEW: AMBIGUOUS MASK,false,1,provider-logo::RASDTV.png
AUX-RF-0725,ENGINE-REVIEW,HUMAN-REVIEW: AMBIGUOUS MASK,false,1,provider-logo::SKY NEWS.png
AUX-RF-0726,ENGINE-REVIEW,HUMAN-REVIEW: AMBIGUOUS MASK,false,4,"provider-logo::PD, MUX 7.png"
AUX-RF-0727,ENGINE-REVIEW,HUMAN-REVIEW: AMBIGUOUS MASK,false,1,provider-logo::DISNEY JUNIOR.png
AUX-RF-0728,ENGINE-REVIEW,HUMAN-REVIEW: AMBIGUOUS MASK,false,1,provider-logo::SID TVI HD.png
AUX-RF-0729,ENGINE-REVIEW,HUMAN-REVIEW: UNSAFE CHROMATIC,false,1,provider-logo::RADIO RENASCENCA.png
AUX-RF-0730,ENGINE-REVIEW,HUMAN-REVIEW: UNSAFE CHROMATIC,false,1,provider-logo::TELESARDEGNA.png
AUX-RF-0731,ENGINE-REVIEW,HUMAN-REVIEW: UNSAFE CHROMATIC,false,1,provider-logo::SID DISCOVERY HD SHOWCASE.png
AUX-RF-0732,ENGINE-REVIEW,HUMAN-REVIEW: UNSAFE CHROMATIC,false,1,provider-logo::ERTU.png
AUX-RF-0733,ENGINE-REVIEW,HUMAN-REVIEW: UNSAFE CHROMATIC,false,1,provider-logo::DJEMBA ITC.png
AUX-RF-0734,ENGINE-REVIEW,HUMAN-REVIEW: UNSAFE CHROMATIC,false,1,provider-logo::FERMO TV.png
AUX-RF-0735,ENGINE-REVIEW,HUMAN-REVIEW: UNSAFE CHROMATIC,false,1,provider-logo::DU.png
AUX-RF-0736,ENGINE-REVIEW,HUMAN-REVIEW: UNSAFE CHROMATIC,false,1,provider-logo::RASD-RADIO.png
AUX-RF-0737,ENGINE-REVIEW,HUMAN-REVIEW: UNSAFE CHROMATIC,false,1,provider-logo::SID HOLLYWOOD.png
AUX-RF-0738,ENGINE-REVIEW,HUMAN-REVIEW: UNSAFE CHROMATIC,false,1,provider-logo::SID AXN HD.png
AUX-RF-0739,ENGINE-REVIEW,HUMAN-REVIEW: UNSAFE CHROMATIC,false,1,provider-logo::CESKA TELEVIZE.png
AUX-RF-0740,ENGINE-REVIEW,HUMAN-REVIEW: UNSAFE CHROMATIC,false,1,provider-logo::ETISLAT.png
AUX-RF-0741,ENGINE-REVIEW,HUMAN-REVIEW: UNSAFE CHROMATIC,false,1,provider-logo::VIACOM INTERNATIONAL MEDIA NETWORKS.png
AUX-RF-0742,ENGINE-REVIEW,HUMAN-REVIEW: UNSAFE CHROMATIC,false,1,provider-logo::TELECAPRI.png
AUX-RF-0743,ENGINE-REVIEW,HUMAN-REVIEW: UNSAFE CHROMATIC,false,1,provider-logo::FOX MOVIES.png
AUX-RF-0744,ENGINE-REVIEW,HUMAN-REVIEW: UNSAFE CHROMATIC,false,1,provider-logo::PANASONIC.png
AUX-RF-0745,ENGINE-REVIEW,HUMAN-REVIEW: UNSAFE CHROMATIC,false,1,provider-logo::MEDIANORDEST.png
AUX-RF-0746,ENGINE-REVIEW,HUMAN-REVIEW: UNSAFE CHROMATIC,false,1,provider-logo::UA KULTURA.png
AUX-RF-0747,ENGINE-REVIEW,HUMAN-REVIEW: UNSAFE CHROMATIC,false,1,provider-logo::E2.png
AUX-RF-0748,ENGINE-REVIEW,HUMAN-REVIEW: UNSAFE CHROMATIC,false,1,provider-logo::SAPEC.png
AUX-RF-0749,ENGINE-REVIEW,HUMAN-REVIEW: UNSAFE CHROMATIC,false,1,provider-logo::MEGA HITS.png
AUX-RF-0750,ENGINE-REVIEW,HUMAN-REVIEW: UNSAFE CHROMATIC,false,1,provider-logo::AXN.png
AUX-RF-0751,ENGINE-REVIEW,HUMAN-REVIEW: UNSAFE CHROMATIC,false,1,provider-logo::SID TV GALICIA.png
AUX-RF-0752,ENGINE-REVIEW,HUMAN-REVIEW: UNSAFE CHROMATIC,false,1,provider-logo::INTRALOT.png
AUX-RF-0753,ENGINE-REVIEW,HUMAN-REVIEW: UNSAFE CHROMATIC,false,1,provider-logo::BLOOMBERG HT.png
AUX-RF-0754,ENGINE-REVIEW,HUMAN-REVIEW: UNSAFE CHROMATIC,false,2,provider-logo::RADA ENG.png
AUX-RF-0755,ENGINE-REVIEW,HUMAN-REVIEW: UNSAFE CHROMATIC,false,1,provider-logo::SID TVI 24.png
AUX-RF-0756,ENGINE-REVIEW,HUMAN-REVIEW: UNSAFE CHROMATIC,false,1,provider-logo::SEVENONEMEDIA.png
AUX-RF-0757,ENGINE-REVIEW,HUMAN-REVIEW: UNSAFE CHROMATIC,false,1,provider-logo::TVI 24.png
AUX-RF-0758,ENGINE-REVIEW,HUMAN-REVIEW: UNSAFE CHROMATIC,false,1,provider-logo::TV QUI.png
AUX-RF-0759,ENGINE-REVIEW,HUMAN-REVIEW: UNSAFE CHROMATIC,false,1,provider-logo::MB SATELLITE.png
AUX-RF-0760,ENGINE-REVIEW,HUMAN-REVIEW: UNSAFE CHROMATIC,false,1,provider-logo::BTB.png
AUX-RF-0761,ENGINE-REVIEW,HUMAN-REVIEW: UNSAFE CHROMATIC,false,1,provider-logo::SYFY.png
AUX-RF-0762,ENGINE-REVIEW,HUMAN-REVIEW: UNSAFE CHROMATIC,false,1,provider-logo::BENGHAZI TV.png
AUX-RF-0763,ENGINE-REVIEW,HUMAN-REVIEW: UNSAFE CHROMATIC,false,2,provider-logo::CESKE RADIOKOMUNIKACE S.R.O..png
AUX-RF-0764,ENGINE-REVIEW,HUMAN-REVIEW: UNSAFE CHROMATIC,false,1,provider-logo::TTS.png
AUX-RF-0765,ENGINE-REVIEW,HUMAN-REVIEW: UNSAFE CHROMATIC,false,1,provider-logo::TRACE MUSIC.png
AUX-RF-0766,ENGINE-REVIEW,HUMAN-REVIEW: UNSAFE CHROMATIC,false,1,provider-logo::MOYO TV.png
AUX-RF-0767,ENGINE-REVIEW,HUMAN-REVIEW: UNSAFE CHROMATIC,false,1,provider-logo::STARLIGHTMEDIA.png
AUX-RF-0768,ENGINE-REVIEW,HUMAN-REVIEW: UNSAFE CHROMATIC,false,1,provider-logo::KARTINA SATELLITE.png
AUX-RF-0769,ENGINE-REVIEW,HUMAN-REVIEW: UNSAFE CHROMATIC,false,1,provider-logo::ROSSINI.png
AUX-RF-0770,ENGINE-REVIEW,HUMAN-REVIEW: UNSAFE CHROMATIC,false,1,provider-logo::U1 TIROL.png
AUX-RF-0771,ENGINE-REVIEW,HUMAN-REVIEW: UNSAFE CHROMATIC,false,1,provider-logo::TELENOR.png
AUX-RF-0772,ENGINE-REVIEW,HUMAN-REVIEW: UNSAFE CHROMATIC,false,1,provider-logo::LIBYA ALAAN.png
AUX-RF-0773,ENGINE-REVIEW,HUMAN-REVIEW: UNSAFE CHROMATIC,false,2,provider-logo::OMAN TV.png
AUX-RF-0774,ENGINE-REVIEW,HUMAN-REVIEW: UNSAFE CHROMATIC,false,1,provider-logo::ORION EXPRESS.png
AUX-RF-0775,ENGINE-REVIEW,HUMAN-REVIEW: UNSAFE CHROMATIC,false,1,provider-logo::ALKASS SPORTS CHANNELS.png
AUX-RF-0776,ENGINE-REVIEW,HUMAN-REVIEW: UNSAFE CHROMATIC,false,1,provider-logo::FRANCE 24 I.png
AUX-RF-0777,ENGINE-REVIEW,HUMAN-REVIEW: UNSAFE CHROMATIC,false,1,provider-logo::PEERS TV.png
AUX-RF-0778,ENGINE-REVIEW,HUMAN-REVIEW: UNSAFE CHROMATIC,false,1,provider-logo::ONDA MELODIA.png
AUX-RF-0779,ENGINE-REVIEW,HUMAN-REVIEW: UNSAFE CHROMATIC,false,1,provider-logo::ORANGESAT SK.png
AUX-RF-0780,ENGINE-REVIEW,HUMAN-REVIEW: UNSAFE CHROMATIC,false,1,provider-logo::UNO 4.png
AUX-RF-0781,ENGINE-REVIEW,HUMAN-REVIEW: UNSAFE CHROMATIC,false,1,provider-logo::MELODIA FM.png
AUX-RF-0782,ENGINE-REVIEW,HUMAN-REVIEW: UNSAFE CHROMATIC,false,1,provider-logo::RASDRADIO.png
AUX-RF-0783,ENGINE-REVIEW,HUMAN-REVIEW: UNSAFE CHROMATIC,false,1,provider-logo::AMC BREAK.png
AUX-RF-0784,ENGINE-REVIEW,HUMAN-REVIEW: UNSAFE CHROMATIC,false,1,provider-logo::FRANCE 24.png
AUX-RF-0785,ENGINE-REVIEW,HUMAN-REVIEW: UNSAFE CHROMATIC,false,1,provider-logo::TELEA1.png
AUX-RF-0786,ENGINE-REVIEW,HUMAN-REVIEW: UNSAFE CHROMATIC,false,2,provider-logo::POLARIS MEDIA.png
AUX-RF-0787,ENGINE-REVIEW,HUMAN-REVIEW: UNSAFE CHROMATIC,false,1,provider-logo::SLM.png
AUX-RF-0788,ENGINE-REVIEW,HUMAN-REVIEW: UNSAFE CHROMATIC,false,2,provider-logo::SBB.png
AUX-RF-0789,ENGINE-REVIEW,HUMAN-REVIEW: UNSAFE CHROMATIC,false,1,provider-logo::CDG.png
AUX-RF-0790,ENGINE-REVIEW,HUMAN-REVIEW: UNSAFE CHROMATIC,false,1,satellite-logo::749E.png
AUX-RF-0791,ENGINE-REVIEW,HUMAN-REVIEW: UNSAFE CHROMATIC,false,2,provider-logo::UPC DIRECT.png
AUX-RF-0792,ENGINE-REVIEW,HUMAN-REVIEW: UNSAFE CHROMATIC,false,1,provider-logo::MTA INT..png
AUX-RF-0793,ENGINE-REVIEW,HUMAN-REVIEW: UNSAFE CHROMATIC,false,1,satellite-logo::8W.png
AUX-RF-0794,ENGINE-REVIEW,HUMAN-REVIEW: UNSAFE CHROMATIC,false,1,provider-logo::KATOLIKUS RADIO.png
AUX-RF-0795,ENGINE-REVIEW,HUMAN-REVIEW: UNSAFE CHROMATIC,false,1,provider-logo::WGB.png
AUX-RF-0796,ENGINE-REVIEW,HUMAN-REVIEW: UNSAFE CHROMATIC,false,1,provider-logo::MTV 00S.png
AUX-RF-0797,ENGINE-REVIEW,HUMAN-REVIEW: UNSAFE CHROMATIC,false,1,satellite-logo::460E.png
AUX-RF-0798,ENGINE-REVIEW,HUMAN-REVIEW: UNSAFE CHROMATIC,false,1,provider-logo::RADIO NAWA.png
AUX-RF-0799,ENGINE-REVIEW,HUMAN-REVIEW: UNSAFE CHROMATIC,false,1,provider-logo::DJEMBA ITC BKCJ.png
AUX-RF-0800,ENGINE-REVIEW,HUMAN-REVIEW: UNSAFE CHROMATIC,false,1,provider-logo::TVI FICO.png
AUX-RF-0801,ENGINE-REVIEW,HUMAN-REVIEW: UNSAFE CHROMATIC,false,1,provider-logo::TRINITY.png
AUX-RF-0802,ENGINE-REVIEW,HUMAN-REVIEW: UNSAFE CHROMATIC,false,1,provider-logo::RTP 3.png
AUX-RF-0803,ENGINE-REVIEW,HUMAN-REVIEW: UNSAFE CHROMATIC,false,1,provider-logo::RAH-E-FARDA TV.png
AUX-RF-0804,ENGINE-REVIEW,HUMAN-REVIEW: UNSAFE CHROMATIC,false,1,provider-logo::TV GALICIA.png
AUX-RF-0805,ENGINE-REVIEW,HUMAN-REVIEW: UNSAFE CHROMATIC,false,1,provider-logo::+ N NEWS.png
AUX-RF-0806,ENGINE-REVIEW,HUMAN-REVIEW: UNSAFE CHROMATIC,false,1,provider-logo::TVCINE EDITION HD.png
AUX-RF-0807,ENGINE-REVIEW,HUMAN-REVIEW: UNSAFE CHROMATIC,false,1,provider-logo::VIEWSAT.png
AUX-RF-0808,ENGINE-REVIEW,HUMAN-REVIEW: UNSAFE CHROMATIC,false,1,provider-logo::SHARQIYA FROM KALBA-MAIN.png
AUX-RF-0809,ENGINE-REVIEW,HUMAN-REVIEW: UNSAFE CHROMATIC,false,1,provider-logo::SMOOTH FM.png
AUX-RF-0810,ENGINE-REVIEW,HUMAN-REVIEW: UNSAFE CHROMATIC,false,1,provider-logo::DGB2.png
AUX-RF-0811,ENGINE-REVIEW,HUMAN-REVIEW: UNSAFE CHROMATIC,false,1,provider-logo::VIACOM.png
AUX-RF-0812,ENGINE-REVIEW,HUMAN-REVIEW: UNSAFE CHROMATIC,false,1,provider-logo::JASCO.png
AUX-RF-0813,ENGINE-REVIEW,HUMAN-REVIEW: UNSAFE CHROMATIC,false,1,provider-logo::INFOMIR.png
AUX-RF-0814,ENGINE-REVIEW,HUMAN-REVIEW: UNSAFE CHROMATIC,false,1,provider-logo::S.R.T.V..png
AUX-RF-0815,ENGINE-REVIEW,HUMAN-REVIEW: UNSAFE CHROMATIC,false,1,provider-logo::AMB.png
AUX-RF-0816,ENGINE-REVIEW,HUMAN-REVIEW: UNSAFE CHROMATIC,false,1,provider-logo::SID NATIONAL GEOGRAPHIC HD.png
AUX-RF-0817,ENGINE-REVIEW,HUMAN-REVIEW: UNSAFE CHROMATIC,false,1,provider-logo::AL JAZEERA.png
AUX-RF-0818,ENGINE-REVIEW,HUMAN-REVIEW: UNSAFE CHROMATIC,false,2,provider-logo::TELEPACE TN.png
AUX-RF-0819,ENGINE-REVIEW,HUMAN-REVIEW: UNSAFE CHROMATIC,false,1,provider-logo::ABS.png
AUX-RF-0820,ENGINE-REVIEW,HUMAN-REVIEW: UNSAFE CHROMATIC,false,1,provider-logo::VOLIA TV.png
AUX-RF-0821,ENGINE-REVIEW,HUMAN-REVIEW: UNSAFE CHROMATIC,false,1,provider-logo::HELLAS SAT.png
AUX-RF-0822,ENGINE-REVIEW,HUMAN-REVIEW: UNSAFE CHROMATIC,false,1,provider-logo::SID - TVI REALITY.png
AUX-RF-0823,ENGINE-REVIEW,HUMAN-REVIEW: UNSAFE CHROMATIC,false,1,provider-logo::BIG-BANG.TV.png
AUX-RF-0824,ENGINE-REVIEW,HUMAN-REVIEW: UNSAFE CHROMATIC,false,1,provider-logo::TRMEDIA.png
AUX-RF-0825,ENGINE-REVIEW,HUMAN-REVIEW: UNSAFE CHROMATIC,false,1,provider-logo::HROMADSKE TV.png
AUX-RF-0826,ENGINE-REVIEW,HUMAN-REVIEW: UNSAFE CHROMATIC,false,1,provider-logo::ZDFVISION.png
AUX-RF-0827,ENGINE-REVIEW,HUMAN-REVIEW: UNSAFE CHROMATIC,false,1,provider-logo::CANAL DE TESTES.png
AUX-RF-0828,ENGINE-REVIEW,HUMAN-REVIEW: UNSAFE CHROMATIC,false,1,provider-logo::SID BTV 1 HD.png
AUX-RF-0829,ENGINE-REVIEW,HUMAN-REVIEW: UNSAFE CHROMATIC,false,1,provider-logo::CASTOR BROADCAST.png
AUX-RF-0830,ENGINE-REVIEW,HUMAN-REVIEW: UNSAFE CHROMATIC,false,1,satellite-logo::29E.png
AUX-RF-0831,ENGINE-REVIEW,HUMAN-REVIEW: UNSAFE CHROMATIC,false,1,provider-logo::AXN WHITE HD.png
AUX-RF-0832,ENGINE-REVIEW,HUMAN-REVIEW: UNSAFE CHROMATIC,false,1,provider-logo::TELEREGIONE TOSCANA.png
AUX-RF-0833,ENGINE-REVIEW,HUMAN-REVIEW: UNSAFE CHROMATIC,false,1,provider-logo::SOLAR MEDIA.png
AUX-RF-0834,ENGINE-REVIEW,HUMAN-REVIEW: UNSAFE CHROMATIC,false,1,provider-logo::RTV SLOVENIJA.png
AUX-RF-0835,ENGINE-REVIEW,HUMAN-REVIEW: UNSAFE CHROMATIC,false,1,provider-logo::CANAL FOX MOVIES.png
AUX-RF-0836,ENGINE-REVIEW,HUMAN-REVIEW: UNSAFE CHROMATIC,false,1,provider-logo::GOTV.png
AUX-RF-0837,ENGINE-REVIEW,HUMAN-REVIEW: UNSAFE CHROMATIC,false,1,provider-logo::ESPERIA TV.png
AUX-RF-0838,ENGINE-REVIEW,HUMAN-REVIEW: UNSAFE CHROMATIC,false,1,provider-logo::M2 HD.png
AUX-RF-0839,ENGINE-REVIEW,HUMAN-REVIEW: UNSAFE CHROMATIC,false,1,provider-logo::SENTECH.png
AUX-RF-0840,ENGINE-REVIEW,HUMAN-REVIEW: UNSAFE CHROMATIC,false,1,provider-logo::TRACE TOCA.png
AUX-RF-0841,ENGINE-REVIEW,HUMAN-REVIEW: UNSAFE CHROMATIC,false,1,provider-logo::AL ARABIYA.png
AUX-RF-0842,ENGINE-REVIEW,HUMAN-REVIEW: UNSAFE CHROMATIC,false,1,provider-logo::GOVERNANCE MINISTRIES.png
AUX-RF-0843,ENGINE-REVIEW,HUMAN-REVIEW: UNSAFE CHROMATIC,false,1,provider-logo::YEMEN TV.png
AUX-RF-0844,ENGINE-REVIEW,HUMAN-REVIEW: UNSAFE CHROMATIC,false,1,provider-logo::SATTELECOM.png
AUX-RF-0845,ENGINE-REVIEW,HUMAN-REVIEW: UNSAFE CHROMATIC,false,1,provider-logo::SID TVI.png
AUX-RF-0846,ENGINE-REVIEW,HUMAN-REVIEW: UNSAFE CHROMATIC,false,1,provider-logo::OIV.png
AUX-RF-0847,ENGINE-REVIEW,HUMAN-REVIEW: UNSAFE CHROMATIC,false,1,provider-logo::OIV ZAGREB.png
AUX-RF-0848,ENGINE-REVIEW,HUMAN-REVIEW: UNSAFE CHROMATIC,false,1,provider-logo::YANDEX.png
AUX-RF-0849,ENGINE-REVIEW,HUMAN-REVIEW: UNSAFE CHROMATIC,false,1,provider-logo::CANALE 8.png
AUX-RF-0850,ENGINE-REVIEW,HUMAN-REVIEW: UNSAFE CHROMATIC,false,1,provider-logo::SID BTV 1.png
AUX-RF-0851,ENGINE-REVIEW,HUMAN-REVIEW: UNSAFE CHROMATIC,false,2,provider-logo::EISALAT.png
AUX-RF-0852,ENGINE-REVIEW,HUMAN-REVIEW: UNSAFE CHROMATIC,false,2,provider-logo::VICUS-LUXLINIK.png
AUX-RF-0853,ENGINE-REVIEW,HUMAN-REVIEW: UNSAFE CHROMATIC,false,1,satellite-logo::30W.png
AUX-RF-0854,ENGINE-REVIEW,HUMAN-REVIEW: UNSAFE CHROMATIC,false,1,provider-logo::CMTV.png
AUX-RF-0855,ENGINE-REVIEW,HUMAN-REVIEW: UNSAFE CHROMATIC,false,1,provider-logo::M80.png
AUX-RF-0856,ENGINE-REVIEW,HUMAN-REVIEW: UNSAFE CHROMATIC,false,1,provider-logo::VIA EMILIA TV.png
AUX-RF-0857,ENGINE-REVIEW,HUMAN-REVIEW: UNSAFE CHROMATIC,false,1,provider-logo::SAWA.png
AUX-RF-0858,ENGINE-REVIEW,HUMAN-REVIEW: UNSAFE CHROMATIC,false,1,provider-logo::SID SPORT TV 1 HD.png
AUX-RF-0859,ENGINE-REVIEW,HUMAN-REVIEW: UNSAFE CHROMATIC,false,1,provider-logo::INTERAZ.png
AUX-RF-0860,ENGINE-REVIEW,HUMAN-REVIEW: UNSAFE CHROMATIC,false,1,provider-logo::RTI 1 PRINCIPAL.png
AUX-RF-0861,ENGINE-REVIEW,HUMAN-REVIEW: UNSAFE CHROMATIC,false,2,provider-logo::SIS LIMITED.png
AUX-RF-0862,ENGINE-REVIEW,HUMAN-REVIEW: UNSAFE CHROMATIC,false,1,provider-logo::BP.png
AUX-RF-0863,ENGINE-REVIEW,HUMAN-REVIEW: UNSAFE CHROMATIC,false,1,provider-logo::KANAL D.png
AUX-RF-0864,ENGINE-REVIEW,HUMAN-REVIEW: UNSAFE CHROMATIC,false,1,provider-logo::PROSIEBENSAT.1.png
AUX-RF-0865,ENGINE-REVIEW,HUMAN-REVIEW: UNSAFE CHROMATIC,false,1,provider-logo::SID 24 KITCHEN HD.png
AUX-RF-0866,ENGINE-REVIEW,HUMAN-REVIEW: UNSAFE CHROMATIC,false,1,provider-logo::LANET.png
AUX-RF-0867,ENGINE-REVIEW,HUMAN-REVIEW: UNSAFE CHROMATIC,false,1,provider-logo::GOLOS DONBASU.png
AUX-RF-0868,ENGINE-REVIEW,HUMAN-REVIEW: UNSAFE CHROMATIC,false,1,provider-logo::SPRO TV.png
AUX-RF-0869,ENGINE-REVIEW,HUMAN-REVIEW: UNSAFE CHROMATIC,false,1,provider-logo::ROSTELECOM.png
AUX-RF-0870,ENGINE-REVIEW,HUMAN-REVIEW: UNSAFE CHROMATIC,false,1,provider-logo::FOTELKA.png
AUX-RF-0871,ENGINE-REVIEW,HUMAN-REVIEW: UNSAFE CHROMATIC,false,1,provider-logo::IQ TELEPORT.png
AUX-RF-0872,ENGINE-REVIEW,HUMAN-REVIEW: UNSAFE CHROMATIC,false,1,provider-logo::RTP 2 HD.png
AUX-RF-0873,ENGINE-REVIEW,HUMAN-REVIEW: UNSAFE CHROMATIC,false,1,provider-logo::IMAM ALI HD.png
AUX-RF-0874,ENGINE-REVIEW,HUMAN-REVIEW: UNSAFE CHROMATIC,false,1,provider-logo::TVCINE TOP HD.png
AUX-RF-0875,ENGINE-REVIEW,HUMAN-REVIEW: UNSAFE CHROMATIC,false,2,provider-logo::YAHLIVE 1.png
AUX-RF-0876,ENGINE-REVIEW,HUMAN-REVIEW: UNSAFE CHROMATIC,false,7,provider-logo::M-HREE SATCOM.png
AUX-RF-0877,ENGINE-REVIEW,HUMAN-REVIEW: UNSAFE CHROMATIC,false,1,provider-logo::ZORIANY.png
AUX-RF-0878,ENGINE-REVIEW,HUMAN-REVIEW: UNSAFE CHROMATIC,false,1,provider-logo::VIVACOM.png
AUX-RF-0879,ENGINE-REVIEW,HUMAN-REVIEW: UNSAFE CHROMATIC,false,1,provider-logo::STV.png
AUX-RF-0880,ENGINE-REVIEW,HUMAN-REVIEW: UNSAFE CHROMATIC,false,1,provider-logo::DIVAN TV.png
AUX-RF-0881,ENGINE-REVIEW,HUMAN-REVIEW: UNSAFE CHROMATIC,false,1,provider-logo::VIDEO CALABRIA.png
AUX-RF-0882,ENGINE-REVIEW,HUMAN-REVIEW: UNSAFE CHROMATIC,false,1,provider-logo::PUBBLIROSE.png
AUX-RF-0883,ENGINE-REVIEW,HUMAN-REVIEW: UNSAFE CHROMATIC,false,1,provider-logo::AXN MOVIES HD.png
AUX-RF-0884,ENGINE-REVIEW,HUMAN-REVIEW: UNSAFE CHROMATIC,false,1,provider-logo::YAHLIVE.png
AUX-RF-0885,ENGINE-REVIEW,HUMAN-REVIEW: UNSAFE CHROMATIC,false,1,provider-logo::TWC.png
AUX-RF-0886,ENGINE-REVIEW,HUMAN-REVIEW: UNSAFE CHROMATIC,false,1,satellite-logo::10W.png
AUX-RF-0887,ENGINE-REVIEW,HUMAN-REVIEW: UNSAFE CHROMATIC,false,1,provider-logo::KUWAIT RADIO.png
AUX-RF-0888,ENGINE-REVIEW,HUMAN-REVIEW: UNSAFE CHROMATIC,false,1,provider-logo::KRONEHIT.png
AUX-RF-0889,ENGINE-REVIEW,HUMAN-REVIEW: UNSAFE CHROMATIC,false,1,satellite-logo::300W.png
AUX-RF-0890,ENGINE-REVIEW,HUMAN-REVIEW: UNSAFE CHROMATIC,false,1,provider-logo::RADIO ZET GOLD.png
AUX-RF-0891,ENGINE-REVIEW,HUMAN-REVIEW: UNSAFE CHROMATIC,false,1,provider-logo::WAAR.png
AUX-RF-0892,ENGINE-REVIEW,HUMAN-REVIEW: UNSAFE CHROMATIC,false,1,provider-logo::365 TV.png
AUX-RF-0893,ENGINE-REVIEW,HUMAN-REVIEW: UNSAFE CHROMATIC,false,1,provider-logo::CACOC.png
AUX-RF-0894,ENGINE-REVIEW,HUMAN-REVIEW: UNSAFE CHROMATIC,false,1,provider-logo::KANAL 7.png
AUX-RF-0895,ENGINE-REVIEW,HUMAN-REVIEW: UNSAFE CHROMATIC,false,1,provider-logo::SID NICKELODEON.png
AUX-RF-0896,ENGINE-REVIEW,HUMAN-REVIEW: UNSAFE CHROMATIC,false,1,provider-logo::TGRT HABER.png
AUX-RF-0897,ENGINE-REVIEW,HUMAN-REVIEW: UNSAFE CHROMATIC,false,1,provider-logo::RADIO MARIA STERREICH.png
AUX-RF-0898,ENGINE-REVIEW,HUMAN-REVIEW: UNSAFE CHROMATIC,false,1,provider-logo::TVCINE EMOTION HD.png
AUX-RF-0899,ENGINE-REVIEW,HUMAN-REVIEW: UNSAFE CHROMATIC,false,1,provider-logo::KURIAKOS TV HD.png
AUX-RF-0900,ENGINE-REVIEW,HUMAN-REVIEW: UNSAFE CHROMATIC,false,1,provider-logo::BCE.png
AUX-RF-0901,ENGINE-REVIEW,SOURCE-QC / HUMAN-REVIEW,false,1,provider-logo::CNN PORTUGAL.png
AUX-RF-0902,ENGINE-REVIEW,SOURCE-QC / HUMAN-REVIEW,false,2,provider-logo::DIGITAL PLUS.png
AUX-RF-0903,ENGINE-REVIEW,SOURCE-QC / HUMAN-REVIEW,false,1,provider-logo::MYEZA NETWORKS.png
AUX-RF-0904,SOURCE-UNRESOLVED,SOURCE-UNRESOLVED,false,2,provider-logo::CANAL DIGITAAL.png
AUX-RF-0905,SOURCE-UNRESOLVED,SOURCE-UNRESOLVED,false,1,satellite-logo::282E-75.png
AUX-RF-0906,SOURCE-UNRESOLVED,SOURCE-UNRESOLVED,false,1,satellite-logo::PANTELIO-75.png
AUX-RF-0907,SOURCE-UNRESOLVED,SOURCE-UNRESOLVED,false,1,satellite-logo::1440E-75.png
AUX-RF-0908,SOURCE-UNRESOLVED,SOURCE-UNRESOLVED,false,3,provider-logo::NETERRA COMMUNICATIONS.png
AUX-RF-0909,SOURCE-UNRESOLVED,SOURCE-UNRESOLVED,false,1,satellite-logo::1440E.png
AUX-RF-0910,SOURCE-UNRESOLVED,SOURCE-UNRESOLVED,false,1,satellite-logo::308E-75.png
AUX-RF-0911,SOURCE-UNRESOLVED,SOURCE-UNRESOLVED,false,1,satellite-logo::40E-75.png
AUX-RF-0912,SOURCE-UNRESOLVED,SOURCE-UNRESOLVED,false,2,provider-logo::DIGI TV.png
AUX-RF-0913,SOURCE-UNRESOLVED,SOURCE-UNRESOLVED,false,1,satellite-logo::1211E-75.png
AUX-RF-0914,SOURCE-UNRESOLVED,SOURCE-UNRESOLVED,false,1,satellite-logo::875E-75.png
AUX-RF-0915,SOURCE-UNRESOLVED,SOURCE-UNRESOLVED,false,1,satellite-logo::TELLY-75.png
AUX-RF-0916,SOURCE-UNRESOLVED,SOURCE-UNRESOLVED,false,1,satellite-logo::1100E-75.png
AUX-RF-0917,SOURCE-UNRESOLVED,SOURCE-UNRESOLVED,false,1,provider-logo::SKY DIGITAL.png
AUX-RF-0918,SOURCE-UNRESOLVED,SOURCE-UNRESOLVED,false,1,provider-logo::TOWERHOME-PLUSTELKA.png
AUX-RF-0919,SOURCE-UNRESOLVED,SOURCE-UNRESOLVED,false,1,satellite-logo::1480W.png
AUX-RF-0920,SOURCE-UNRESOLVED,SOURCE-UNRESOLVED,false,1,satellite-logo::19E-75.png
AUX-RF-0921,SOURCE-UNRESOLVED,SOURCE-UNRESOLVED,false,1,satellite-logo::900E.png
AUX-RF-0922,SOURCE-UNRESOLVED,SOURCE-UNRESOLVED,false,1,provider-logo::NC +.png
AUX-RF-0923,SOURCE-UNRESOLVED,SOURCE-UNRESOLVED,false,1,satellite-logo::853E-75.png
AUX-RF-0924,SOURCE-UNRESOLVED,SOURCE-UNRESOLVED,false,1,satellite-logo::328E-75.png
AUX-RF-0925,SOURCE-UNRESOLVED,SOURCE-UNRESOLVED,false,1,satellite-logo::525E-75.png
AUX-RF-0926,SOURCE-UNRESOLVED,SOURCE-UNRESOLVED,false,1,satellite-logo::450E-75.png
AUX-RF-0927,SOURCE-UNRESOLVED,SOURCE-UNRESOLVED,false,1,satellite-logo::345W-75.png
AUX-RF-0928,SOURCE-UNRESOLVED,SOURCE-UNRESOLVED,false,1,provider-logo::SHARAVOZ.png
AUX-RF-0929,SOURCE-UNRESOLVED,SOURCE-UNRESOLVED,false,1,provider-logo::TNT SAT.png
AUX-RF-0930,SOURCE-UNRESOLVED,SOURCE-UNRESOLVED,false,1,satellite-logo::49E-75.png
AUX-RF-0931,SOURCE-UNRESOLVED,SOURCE-UNRESOLVED,false,2,provider-logo::SCOPUS NETWORK.png
AUX-RF-0932,SOURCE-UNRESOLVED,SOURCE-UNRESOLVED,false,1,satellite-logo::70E-75.png
AUX-RF-0933,SOURCE-UNRESOLVED,SOURCE-UNRESOLVED,false,1,satellite-logo::500E-75.png
AUX-RF-0934,SOURCE-UNRESOLVED,SOURCE-UNRESOLVED,false,1,satellite-logo::800E-75.png
AUX-RF-0935,SOURCE-UNRESOLVED,SOURCE-UNRESOLVED,false,1,satellite-logo::480E-75.png
AUX-RF-0936,SOURCE-UNRESOLVED,SOURCE-UNRESOLVED,false,1,satellite-logo::980E-75.png
AUX-RF-0937,SOURCE-UNRESOLVED,SOURCE-UNRESOLVED,false,1,satellite-logo::549E-75.png
AUX-RF-0938,SOURCE-UNRESOLVED,SOURCE-UNRESOLVED,false,1,provider-logo::BT MEDIA & BROADCAST.png
AUX-RF-0939,SOURCE-UNRESOLVED,SOURCE-UNRESOLVED,false,1,satellite-logo::580W-75.png
AUX-RF-0940,SOURCE-UNRESOLVED,SOURCE-UNRESOLVED,false,1,satellite-logo::1210W-75.png
AUX-RF-0941,SOURCE-UNRESOLVED,SOURCE-UNRESOLVED,false,2,provider-logo::SRG SSR IDEE SUISSE.png
AUX-RF-0942,SOURCE-UNRESOLVED,SOURCE-UNRESOLVED,false,1,provider-logo::TELEVISA NETWORKS.png
AUX-RF-0943,SOURCE-UNRESOLVED,SOURCE-UNRESOLVED,false,1,satellite-logo::1291W.png
AUX-RF-0944,SOURCE-UNRESOLVED,SOURCE-UNRESOLVED,false,1,satellite-logo::922E-75.png
AUX-RF-0945,SOURCE-UNRESOLVED,SOURCE-UNRESOLVED,false,1,satellite-logo::245W-75.png
AUX-RF-0946,SOURCE-UNRESOLVED,SOURCE-UNRESOLVED,false,1,satellite-logo::375W-75.png
AUX-RF-0947,SOURCE-UNRESOLVED,SOURCE-UNRESOLVED,false,1,satellite-logo::460E-75.png
AUX-RF-0948,SOURCE-UNRESOLVED,SOURCE-UNRESOLVED,false,1,provider-logo::TVR-FREESAT ROMANIA.png
AUX-RF-0949,SOURCE-UNRESOLVED,SOURCE-UNRESOLVED,false,1,satellite-logo::330E-75.png
AUX-RF-0950,SOURCE-UNRESOLVED,SOURCE-UNRESOLVED,false,1,satellite-logo::705E-75.png
AUX-RF-0951,SOURCE-UNRESOLVED,SOURCE-UNRESOLVED,false,1,satellite-logo::375W.png
AUX-RF-0952,SOURCE-UNRESOLVED,SOURCE-UNRESOLVED,false,1,satellite-logo::125W-75.png
AUX-RF-0953,SOURCE-UNRESOLVED,SOURCE-UNRESOLVED,false,1,satellite-logo::785E.png
AUX-RF-0954,SOURCE-UNRESOLVED,SOURCE-UNRESOLVED,false,1,satellite-logo::1130E-75.png
AUX-RF-0955,SOURCE-UNRESOLVED,SOURCE-UNRESOLVED,false,1,satellite-logo::100E-75.png
AUX-RF-0956,SOURCE-UNRESOLVED,SOURCE-UNRESOLVED,false,1,satellite-logo::555W.png
AUX-RF-0957,SOURCE-UNRESOLVED,SOURCE-UNRESOLVED,false,1,provider-logo::HBO.png
AUX-RF-0958,SOURCE-UNRESOLVED,SOURCE-UNRESOLVED,false,4,provider-logo::ASC.png
AUX-RF-0959,SOURCE-UNRESOLVED,SOURCE-UNRESOLVED,false,1,provider-logo::TELESPAZIO HUNGARY.png
AUX-RF-0960,SOURCE-UNRESOLVED,SOURCE-UNRESOLVED,false,1,satellite-logo::1480W-75.png
AUX-RF-0961,SOURCE-UNRESOLVED,SOURCE-UNRESOLVED,false,1,satellite-logo::31E-75.png
AUX-RF-0962,SOURCE-UNRESOLVED,SOURCE-UNRESOLVED,false,1,provider-logo::KABEL KIOSK.png
AUX-RF-0963,SOURCE-UNRESOLVED,SOURCE-UNRESOLVED,false,1,satellite-logo::915E.png
AUX-RF-0964,SOURCE-UNRESOLVED,SOURCE-UNRESOLVED,false,1,satellite-logo::852E.png
AUX-RF-0965,SOURCE-UNRESOLVED,SOURCE-UNRESOLVED,false,1,satellite-logo::615W.png
AUX-RF-0966,SOURCE-UNRESOLVED,SOURCE-UNRESOLVED,false,1,satellite-logo::328E.png
AUX-RF-0967,SOURCE-UNRESOLVED,SOURCE-UNRESOLVED,false,2,provider-logo::ORBIT.png
AUX-RF-0968,SOURCE-UNRESOLVED,SOURCE-UNRESOLVED,false,1,satellite-logo::1130E.png
AUX-RF-0969,SOURCE-UNRESOLVED,SOURCE-UNRESOLVED,false,1,satellite-logo::1290W.png
AUX-RF-0970,SOURCE-UNRESOLVED,SOURCE-UNRESOLVED,false,1,satellite-logo::315E-75.png
AUX-RF-0971,SOURCE-UNRESOLVED,SOURCE-UNRESOLVED,false,1,satellite-logo::700W-75.png
AUX-RF-0972,SOURCE-UNRESOLVED,SOURCE-UNRESOLVED,false,2,provider-logo::AL JAZEERA BALKANS.png
AUX-RF-0973,SOURCE-UNRESOLVED,SOURCE-UNRESOLVED,false,1,provider-logo::SKY DEUTSCHLAND.png
AUX-RF-0974,SOURCE-UNRESOLVED,SOURCE-UNRESOLVED,false,1,satellite-logo::380E.png
AUX-RF-0975,SOURCE-UNRESOLVED,SOURCE-UNRESOLVED,false,4,provider-logo::CANAL DIGITAL DENMARK.png
AUX-RF-0976,SOURCE-UNRESOLVED,SOURCE-UNRESOLVED,false,3,provider-logo::MAX TV.png
AUX-RF-0977,SOURCE-UNRESOLVED,SOURCE-UNRESOLVED,false,1,provider-logo::PINK MEDIA GROUP.png
AUX-RF-0978,SOURCE-UNRESOLVED,SOURCE-UNRESOLVED,false,2,provider-logo::ARGIVA.png
AUX-RF-0979,SOURCE-UNRESOLVED,SOURCE-UNRESOLVED,false,1,satellite-logo::1001E-75.png
AUX-RF-0980,SOURCE-UNRESOLVED,SOURCE-UNRESOLVED,false,1,provider-logo::D-SMART.png
AUX-RF-0981,SOURCE-UNRESOLVED,SOURCE-UNRESOLVED,false,1,satellite-logo::615W-75.png
AUX-RF-0982,SOURCE-UNRESOLVED,SOURCE-UNRESOLVED,false,1,provider-logo::ANTIKSAT.png
AUX-RF-0983,SOURCE-UNRESOLVED,SOURCE-UNRESOLVED,false,1,satellite-logo::1055E.png
AUX-RF-0984,SOURCE-UNRESOLVED,SOURCE-UNRESOLVED,false,1,satellite-logo::815E.png
AUX-RF-0985,SOURCE-UNRESOLVED,SOURCE-UNRESOLVED,false,1,satellite-logo::749E-75.png
AUX-RF-0986,SOURCE-UNRESOLVED,SOURCE-UNRESOLVED,false,1,satellite-logo::580W.png
AUX-RF-0987,SOURCE-UNRESOLVED,SOURCE-UNRESOLVED,false,1,provider-logo::PRISATV.png
AUX-RF-0988,SOURCE-UNRESOLVED,SOURCE-UNRESOLVED,false,4,provider-logo::TELEWIZJA NA KART.png
AUX-RF-0989,SOURCE-UNRESOLVED,SOURCE-UNRESOLVED,false,1,provider-logo::TELEKOMSRBIJA.png
AUX-RF-0990,SOURCE-UNRESOLVED,SOURCE-UNRESOLVED,false,1,satellite-logo::490E.png
AUX-RF-0991,SOURCE-UNRESOLVED,SOURCE-UNRESOLVED,false,1,satellite-logo::1291W-75.png
AUX-RF-0992,SOURCE-UNRESOLVED,SOURCE-UNRESOLVED,false,1,provider-logo::GENIPTV.png
AUX-RF-0993,SOURCE-UNRESOLVED,SOURCE-UNRESOLVED,false,1,satellite-logo::800E.png
AUX-RF-0994,SOURCE-UNRESOLVED,SOURCE-UNRESOLVED,false,2,provider-logo::DIGITRK.png
AUX-RF-0995,SOURCE-UNRESOLVED,SOURCE-UNRESOLVED,false,1,satellite-logo::10W-75.png
AUX-RF-0996,SOURCE-UNRESOLVED,SOURCE-UNRESOLVED,false,1,provider-logo::BSS.png
AUX-RF-0997,SOURCE-UNRESOLVED,SOURCE-UNRESOLVED,false,1,satellite-logo::200E-75.png
AUX-RF-0998,SOURCE-UNRESOLVED,SOURCE-UNRESOLVED,false,2,provider-logo::TIVIBU.png
AUX-RF-0999,SOURCE-UNRESOLVED,SOURCE-UNRESOLVED,false,1,satellite-logo::08W.png
AUX-RF-1000,SOURCE-UNRESOLVED,SOURCE-UNRESOLVED,false,1,satellite-logo::700W.png
AUX-RF-1001,SOURCE-UNRESOLVED,SOURCE-UNRESOLVED,false,1,satellite-logo::515E-75.png
AUX-RF-1002,SOURCE-UNRESOLVED,SOURCE-UNRESOLVED,false,1,satellite-logo::29E-75.png
AUX-RF-1003,SOURCE-UNRESOLVED,SOURCE-UNRESOLVED,false,1,satellite-logo::1105E-75.png
AUX-RF-1004,SOURCE-UNRESOLVED,SOURCE-UNRESOLVED,false,1,satellite-logo::360E-75.png
AUX-RF-1005,SOURCE-UNRESOLVED,SOURCE-UNRESOLVED,false,1,satellite-logo::610E.png
AUX-RF-1006,SOURCE-UNRESOLVED,SOURCE-UNRESOLVED,false,1,satellite-logo::570E-75.png
AUX-RF-1007,SOURCE-UNRESOLVED,SOURCE-UNRESOLVED,false,1,satellite-logo::200E.png
AUX-RF-1008,SOURCE-UNRESOLVED,SOURCE-UNRESOLVED,false,1,satellite-logo::400W-75.png
AUX-RF-1009,SOURCE-UNRESOLVED,SOURCE-UNRESOLVED,false,1,satellite-logo::770W.png
AUX-RF-1010,SOURCE-UNRESOLVED,SOURCE-UNRESOLVED,false,1,satellite-logo::1190W.png
AUX-RF-1011,SOURCE-UNRESOLVED,SOURCE-UNRESOLVED,false,1,satellite-logo::1001E.png
AUX-RF-1012,SOURCE-UNRESOLVED,SOURCE-UNRESOLVED,false,2,provider-logo::CANALSAT FRANCE.png
AUX-RF-1013,SOURCE-UNRESOLVED,SOURCE-UNRESOLVED,false,1,provider-logo::GAZPROM_SS.png
AUX-RF-1014,SOURCE-UNRESOLVED,SOURCE-UNRESOLVED,false,3,provider-logo::NTV PLUS.png
AUX-RF-1015,SOURCE-UNRESOLVED,SOURCE-UNRESOLVED,false,4,provider-logo::AUSTRIASAT MAGYARORSZAG.png
AUX-RF-1016,SOURCE-UNRESOLVED,SOURCE-UNRESOLVED,false,1,provider-logo::AMAZING TV.png
AUX-RF-1017,SOURCE-UNRESOLVED,SOURCE-UNRESOLVED,false,1,satellite-logo::1290W-75.png
AUX-RF-1018,SOURCE-UNRESOLVED,SOURCE-UNRESOLVED,false,1,satellite-logo::1211W.png
AUX-RF-1019,SOURCE-UNRESOLVED,SOURCE-UNRESOLVED,false,1,provider-logo::TANDBERG.png
AUX-RF-1020,SOURCE-UNRESOLVED,SOURCE-UNRESOLVED,false,1,satellite-logo::685E-75.png
AUX-RF-1021,SOURCE-UNRESOLVED,SOURCE-UNRESOLVED,false,1,satellite-logo::90E-75.png
AUX-RF-1022,SOURCE-UNRESOLVED,SOURCE-UNRESOLVED,false,1,satellite-logo::192E-75.png
AUX-RF-1023,SOURCE-UNRESOLVED,SOURCE-UNRESOLVED,false,6,provider-logo::DIGITALE TERRESTRE.png
AUX-RF-1024,SOURCE-UNRESOLVED,SOURCE-UNRESOLVED,false,1,provider-logo::RTL WORLD.png
AUX-RF-1025,SOURCE-UNRESOLVED,SOURCE-UNRESOLVED,false,1,satellite-logo::1590E.png
AUX-RF-1026,SOURCE-UNRESOLVED,SOURCE-UNRESOLVED,false,1,satellite-logo::500E.png
AUX-RF-1027,SOURCE-UNRESOLVED,SOURCE-UNRESOLVED,false,1,satellite-logo::1250E.png
AUX-RF-1028,SOURCE-UNRESOLVED,SOURCE-UNRESOLVED,false,1,provider-logo::AMERICAN FORCE NETWORK.png
AUX-RF-1029,SOURCE-UNRESOLVED,SOURCE-UNRESOLVED,false,1,satellite-logo::660E-75.png
AUX-RF-1030,SOURCE-UNRESOLVED,SOURCE-UNRESOLVED,false,1,satellite-logo::785E-75.png
AUX-RF-1031,SOURCE-UNRESOLVED,SOURCE-UNRESOLVED,false,8,provider-logo::VIASAT BALTIC.png
AUX-RF-1032,SOURCE-UNRESOLVED,SOURCE-UNRESOLVED,false,1,satellite-logo::315W-75.png
AUX-RF-1033,SOURCE-UNRESOLVED,SOURCE-UNRESOLVED,false,1,satellite-logo::1380E-75.png
AUX-RF-1034,SOURCE-UNRESOLVED,SOURCE-UNRESOLVED,false,1,satellite-logo::850E-75.png
AUX-RF-1035,SOURCE-UNRESOLVED,SOURCE-UNRESOLVED,false,1,satellite-logo::965E.png
AUX-RF-1036,SOURCE-UNRESOLVED,SOURCE-UNRESOLVED,false,1,provider-logo::MTEL.png
AUX-RF-1037,SOURCE-UNRESOLVED,SOURCE-UNRESOLVED,false,1,satellite-logo::420E-75.png
AUX-RF-1038,SOURCE-UNRESOLVED,SOURCE-UNRESOLVED,false,1,satellite-logo::770W-75.png
AUX-RF-1039,SOURCE-UNRESOLVED,SOURCE-UNRESOLVED,false,1,satellite-logo::1400E.png
AUX-RF-1040,SOURCE-UNRESOLVED,SOURCE-UNRESOLVED,false,1,satellite-logo::picon_iptv-75.png
AUX-RF-1041,SOURCE-UNRESOLVED,SOURCE-UNRESOLVED,false,2,provider-logo::VIP SAT.png
AUX-RF-1042,SOURCE-UNRESOLVED,SOURCE-UNRESOLVED,false,2,provider-logo::MEDIA BROADCAST SATELLITE.png
AUX-RF-1043,SOURCE-UNRESOLVED,SOURCE-UNRESOLVED,false,1,satellite-logo::555W-75.png
AUX-RF-1044,SOURCE-UNRESOLVED,SOURCE-UNRESOLVED,false,1,satellite-logo::1220E.png
AUX-RF-1045,SOURCE-UNRESOLVED,SOURCE-UNRESOLVED,false,1,satellite-logo::1155E-75.png
AUX-RF-1046,SOURCE-UNRESOLVED,SOURCE-UNRESOLVED,false,1,satellite-logo::1220E-75.png
AUX-RF-1047,SOURCE-UNRESOLVED,SOURCE-UNRESOLVED,false,1,satellite-logo::30E-75.png
AUX-RF-1048,SOURCE-UNRESOLVED,SOURCE-UNRESOLVED,false,1,satellite-logo::1211E.png
AUX-RF-1049,SOURCE-UNRESOLVED,SOURCE-UNRESOLVED,false,1,satellite-logo::215E.png
AUX-RF-1050,SOURCE-UNRESOLVED,SOURCE-UNRESOLVED,false,1,provider-logo::ASIA BROADCAST SATELLITE.png
AUX-RF-1051,SOURCE-UNRESOLVED,SOURCE-UNRESOLVED,false,1,satellite-logo::600E-75.png
AUX-RF-1052,SOURCE-UNRESOLVED,SOURCE-UNRESOLVED,false,1,satellite-logo::1210W.png
AUX-RF-1053,SOURCE-UNRESOLVED,SOURCE-UNRESOLVED,false,1,provider-logo::NILESAT LIBANON.png
AUX-RF-1054,SOURCE-UNRESOLVED,SOURCE-UNRESOLVED,false,1,satellite-logo::300W-75.png
AUX-RF-1055,SOURCE-UNRESOLVED,SOURCE-UNRESOLVED,false,1,satellite-logo::490E-75.png
AUX-RF-1056,SOURCE-UNRESOLVED,SOURCE-UNRESOLVED,false,1,satellite-logo::520E-75.png
AUX-RF-1057,SOURCE-UNRESOLVED,SOURCE-UNRESOLVED,false,1,satellite-logo::560E-75.png
AUX-RF-1058,SOURCE-UNRESOLVED,SOURCE-UNRESOLVED,false,1,satellite-logo::530W-75.png
AUX-RF-1059,SOURCE-UNRESOLVED,SOURCE-UNRESOLVED,false,1,satellite-logo::550E-75.png
AUX-RF-1060,SOURCE-UNRESOLVED,SOURCE-UNRESOLVED,false,1,provider-logo::MARKIZA.png
AUX-RF-1061,SOURCE-UNRESOLVED,SOURCE-UNRESOLVED,false,1,provider-logo::ARABSAT LEBANON.png
AUX-RF-1062,SOURCE-UNRESOLVED,SOURCE-UNRESOLVED,false,1,satellite-logo::450W-75.png
AUX-RF-1063,SOURCE-UNRESOLVED,SOURCE-UNRESOLVED,false,1,satellite-logo::400E-75.png
AUX-RF-1064,SOURCE-UNRESOLVED,SOURCE-UNRESOLVED,false,1,provider-logo::UPCPL.png
AUX-RF-1065,SOURCE-UNRESOLVED,SOURCE-UNRESOLVED,false,1,satellite-logo::720W-75.png
AUX-RF-1066,SOURCE-UNRESOLVED,SOURCE-UNRESOLVED,false,1,satellite-logo::1035E.png
AUX-RF-1067,SOURCE-UNRESOLVED,SOURCE-UNRESOLVED,false,1,satellite-logo::40E.png
AUX-RF-1068,SOURCE-UNRESOLVED,SOURCE-UNRESOLVED,false,1,satellite-logo::1291E-75.png
AUX-RF-1069,SOURCE-UNRESOLVED,SOURCE-UNRESOLVED,false,1,satellite-logo::308E.png
AUX-RF-1070,SOURCE-UNRESOLVED,SOURCE-UNRESOLVED,false,2,provider-logo::RCS.png
AUX-RF-1071,SOURCE-UNRESOLVED,SOURCE-UNRESOLVED,false,1,provider-logo::TP.png
AUX-RF-1072,SOURCE-UNRESOLVED,SOURCE-UNRESOLVED,false,1,provider-logo::TELEVISION SUISSE ROMANDE.png
AUX-RF-1073,SOURCE-UNRESOLVED,SOURCE-UNRESOLVED,false,1,satellite-logo::40W-75.png
AUX-RF-1074,SOURCE-UNRESOLVED,SOURCE-UNRESOLVED,false,1,satellite-logo::1380E.png
AUX-RF-1075,SOURCE-UNRESOLVED,SOURCE-UNRESOLVED,false,1,satellite-logo::550E.png
AUX-RF-1076,SOURCE-UNRESOLVED,SOURCE-UNRESOLVED,false,1,satellite-logo::110W-75.png
AUX-RF-1077,SOURCE-UNRESOLVED,SOURCE-UNRESOLVED,false,5,provider-logo::FT GLOBECAST.png
AUX-RF-1078,SOURCE-UNRESOLVED,SOURCE-UNRESOLVED,false,1,satellite-logo::SKYLINK-75.png
AUX-RF-1079,SOURCE-UNRESOLVED,SOURCE-UNRESOLVED,false,1,satellite-logo::DIGI-75.png
AUX-RF-1080,SOURCE-UNRESOLVED,SOURCE-UNRESOLVED,false,1,satellite-logo::1291E.png
AUX-RF-1081,SOURCE-UNRESOLVED,SOURCE-UNRESOLVED,false,1,satellite-logo::1190W-75.png
AUX-RF-1082,SOURCE-UNRESOLVED,SOURCE-UNRESOLVED,false,1,satellite-logo::1100W-75.png
AUX-RF-1083,SOURCE-UNRESOLVED,SOURCE-UNRESOLVED,false,2,satellite-logo::08W-75.png
AUX-RF-1084,SOURCE-UNRESOLVED,SOURCE-UNRESOLVED,false,1,satellite-logo::1055E-75.png
AUX-RF-1085,SOURCE-UNRESOLVED,SOURCE-UNRESOLVED,false,1,satellite-logo::248W-75.png
AUX-RF-1086,SOURCE-UNRESOLVED,SOURCE-UNRESOLVED,false,1,satellite-logo::30W-75.png
AUX-RF-1087,SOURCE-UNRESOLVED,SOURCE-UNRESOLVED,false,1,satellite-logo::750E-75.png
AUX-RF-1088,SOURCE-UNRESOLVED,SOURCE-UNRESOLVED,false,1,provider-logo::FREESAT UPC.png
AUX-RF-1089,SOURCE-UNRESOLVED,SOURCE-UNRESOLVED,false,1,satellite-logo::260E-75.png
AUX-RF-1090,SOURCE-UNRESOLVED,SOURCE-UNRESOLVED,false,1,satellite-logo::1161E-75.png
AUX-RF-1091,SOURCE-UNRESOLVED,SOURCE-UNRESOLVED,false,1,satellite-logo::853E.png
AUX-RF-1092,SOURCE-UNRESOLVED,SOURCE-UNRESOLVED,false,1,satellite-logo::285E-75.png
AUX-RF-1093,SOURCE-UNRESOLVED,SOURCE-UNRESOLVED,false,1,satellite-logo::1250E-75.png
AUX-RF-1094,SOURCE-UNRESOLVED,SOURCE-UNRESOLVED,false,1,satellite-logo::1101E.png
AUX-RF-1095,SOURCE-UNRESOLVED,SOURCE-UNRESOLVED,false,1,satellite-logo::275W-75.png
AUX-RF-1096,SOURCE-UNRESOLVED,SOURCE-UNRESOLVED,false,1,provider-logo::BBC WORLD.png
AUX-RF-1097,SOURCE-UNRESOLVED,SOURCE-UNRESOLVED,false,1,satellite-logo::305E-75.png
AUX-RF-1098,SOURCE-UNRESOLVED,SOURCE-UNRESOLVED,false,1,satellite-logo::80W-75.png
AUX-RF-1099,SOURCE-UNRESOLVED,SOURCE-UNRESOLVED,false,1,satellite-logo::285E.png
AUX-RF-1100,SOURCE-UNRESOLVED,SOURCE-UNRESOLVED,false,1,satellite-logo::915E-75.png
AUX-RF-1101,SOURCE-UNRESOLVED,SOURCE-UNRESOLVED,false,2,provider-logo::MTV INTERNATIONAL.png
AUX-RF-1102,SOURCE-UNRESOLVED,SOURCE-UNRESOLVED,false,1,provider-logo::TV VLAANDEREN.png
AUX-RF-1103,SOURCE-UNRESOLVED,SOURCE-UNRESOLVED,false,1,provider-logo::ORANGE-BIS.png
AUX-RF-1104,SOURCE-UNRESOLVED,SOURCE-UNRESOLVED,false,1,provider-logo::ORF DIGITAL.png
AUX-RF-1105,SOURCE-UNRESOLVED,SOURCE-UNRESOLVED,false,1,satellite-logo::picon_trs-75.png
AUX-RF-1106,SOURCE-UNRESOLVED,SOURCE-UNRESOLVED,false,1,satellite-logo::852E-75.png
AUX-RF-1107,SOURCE-UNRESOLVED,SOURCE-UNRESOLVED,false,1,satellite-logo::430W.png
AUX-RF-1108,SOURCE-UNRESOLVED,SOURCE-UNRESOLVED,false,1,satellite-logo::380E-75.png
AUX-RF-1109,SOURCE-UNRESOLVED,SOURCE-UNRESOLVED,false,1,provider-logo::AH-EDP.png
AUX-RF-1110,SOURCE-UNRESOLVED,SOURCE-UNRESOLVED,false,1,satellite-logo::630W-75.png
AUX-RF-1111,SOURCE-UNRESOLVED,SOURCE-UNRESOLVED,false,1,provider-logo::TOTALTV.png
AUX-RF-1112,SOURCE-UNRESOLVED,SOURCE-UNRESOLVED,false,1,satellite-logo::200W-75.png
AUX-RF-1113,SOURCE-UNRESOLVED,SOURCE-UNRESOLVED,false,1,satellite-logo::1005E-75.png
AUX-RF-1114,SOURCE-UNRESOLVED,SOURCE-UNRESOLVED,false,1,provider-logo::SKYLINK.png
AUX-RF-1115,SOURCE-UNRESOLVED,SOURCE-UNRESOLVED,false,1,satellite-logo::530W.png
AUX-RF-1116,SOURCE-UNRESOLVED,SOURCE-UNRESOLVED,false,5,provider-logo::ORANGE POLSKA.png
AUX-RF-1117,SOURCE-UNRESOLVED,SOURCE-UNRESOLVED,false,1,satellite-logo::1155E.png
AUX-RF-1118,SOURCE-UNRESOLVED,SOURCE-UNRESOLVED,false,1,satellite-logo::FREESAT-75.png
AUX-RF-1119,SOURCE-UNRESOLVED,SOURCE-UNRESOLVED,false,1,satellite-logo::220W-75.png
AUX-RF-1120,SOURCE-UNRESOLVED,SOURCE-UNRESOLVED,false,4,provider-logo::MAGIO TV.png
AUX-RF-1121,SOURCE-UNRESOLVED,SOURCE-UNRESOLVED,false,1,satellite-logo::1560E.png
AUX-RF-1122,SOURCE-UNRESOLVED,SOURCE-UNRESOLVED,false,1,satellite-logo::815E-75.png
AUX-RF-1123,SOURCE-UNRESOLVED,SOURCE-UNRESOLVED,false,3,provider-logo::TELEFONICA SERVICIOS AUDIOVISUALES.png
AUX-RF-1124,SOURCE-UNRESOLVED,SOURCE-UNRESOLVED,false,1,satellite-logo::130E-75.png
AUX-RF-1125,SOURCE-UNRESOLVED,SOURCE-UNRESOLVED,false,1,satellite-logo::1101E-75.png
AUX-RF-1126,SOURCE-UNRESOLVED,SOURCE-UNRESOLVED,false,1,satellite-logo::ANTIKSAT-75.png
AUX-RF-1127,SOURCE-UNRESOLVED,SOURCE-UNRESOLVED,false,1,satellite-logo::620E-75.png
AUX-RF-1128,SOURCE-UNRESOLVED,SOURCE-UNRESOLVED,false,1,satellite-logo::1035E-75.png
AUX-RF-1129,SOURCE-UNRESOLVED,SOURCE-UNRESOLVED,false,2,provider-logo::POVERKHNOST TV.png
AUX-RF-1130,SOURCE-UNRESOLVED,SOURCE-UNRESOLVED,false,1,satellite-logo::1560E-75.png
AUX-RF-1131,SOURCE-UNRESOLVED,SOURCE-UNRESOLVED,false,1,provider-logo::SPACECOM.png
AUX-RF-1132,SOURCE-UNRESOLVED,SOURCE-UNRESOLVED,false,1,satellite-logo::48E-75.png
AUX-RF-1133,SOURCE-UNRESOLVED,SOURCE-UNRESOLVED,false,1,satellite-logo::1005E.png
AUX-RF-1134,SOURCE-UNRESOLVED,SOURCE-UNRESOLVED,false,1,satellite-logo::900E-75.png
AUX-RF-1135,SOURCE-UNRESOLVED,SOURCE-UNRESOLVED,false,1,provider-logo::FRANSAT.png
AUX-RF-1136,SOURCE-UNRESOLVED,SOURCE-UNRESOLVED,false,1,provider-logo::DIGIT ALB.png
AUX-RF-1137,SOURCE-UNRESOLVED,SOURCE-UNRESOLVED,false,3,provider-logo::DIGITAL FREE.png
AUX-RF-1138,SOURCE-UNRESOLVED,SOURCE-UNRESOLVED,false,1,provider-logo::POWERVU.png
AUX-RF-1139,SOURCE-UNRESOLVED,SOURCE-UNRESOLVED,false,1,satellite-logo::1590E-75.png
AUX-RF-1140,SOURCE-UNRESOLVED,SOURCE-UNRESOLVED,false,1,provider-logo::FOCUS SAT.png
AUX-RF-1141,SOURCE-UNRESOLVED,SOURCE-UNRESOLVED,false,1,satellite-logo::ORANGE-75.png
AUX-RF-1142,SOURCE-UNRESOLVED,SOURCE-UNRESOLVED,false,1,satellite-logo::720E-75.png
AUX-RF-1143,SOURCE-UNRESOLVED,SOURCE-UNRESOLVED,false,1,satellite-logo::picon_cable-75.png
AUX-RF-1144,SOURCE-UNRESOLVED,SOURCE-UNRESOLVED,false,1,provider-logo::RR SAT.png
AUX-RF-1145,SOURCE-UNRESOLVED,SOURCE-UNRESOLVED,false,1,satellite-logo::980E.png
AUX-RF-1146,SOURCE-UNRESOLVED,SOURCE-UNRESOLVED,false,1,satellite-logo::851E-75.png
AUX-RF-1147,SOURCE-UNRESOLVED,SOURCE-UNRESOLVED,false,2,provider-logo::MULTICHOICE.png
AUX-RF-1148,SOURCE-UNRESOLVED,SOURCE-UNRESOLVED,false,1,satellite-logo::150W-75.png
AUX-RF-1149,SOURCE-UNRESOLVED,SOURCE-UNRESOLVED,false,1,satellite-logo::530E-75.png
AUX-RF-1150,SOURCE-UNRESOLVED,SOURCE-UNRESOLVED,false,2,provider-logo::MOVIESTAR+ HISPASAT.png
AUX-RF-1151,SOURCE-UNRESOLVED,SOURCE-UNRESOLVED,false,1,satellite-logo::1400E-75.png
AUX-RF-1152,SOURCE-UNRESOLVED,SOURCE-UNRESOLVED,false,1,provider-logo::CABOVISAO.png
AUX-RF-1153,SOURCE-UNRESOLVED,SOURCE-UNRESOLVED,false,1,satellite-logo::EEE-75.png
AUX-RF-1154,SOURCE-UNRESOLVED,SOURCE-UNRESOLVED,false,1,satellite-logo::1100E.png
AUX-RF-1155,SOURCE-UNRESOLVED,SOURCE-UNRESOLVED,false,1,provider-logo::MAGYAR TELEVIZIO.png
AUX-RF-1156,SOURCE-UNRESOLVED,SOURCE-UNRESOLVED,false,1,satellite-logo::picon_default-75.png
AUX-RF-1157,SOURCE-UNRESOLVED,SOURCE-UNRESOLVED,false,1,provider-logo::SCHWEIZER FERNSEHEN.png
AUX-RF-1158,SOURCE-UNRESOLVED,SOURCE-UNRESOLVED,false,1,satellite-logo::180W-75.png
AUX-RF-1159,SOURCE-UNRESOLVED,SOURCE-UNRESOLVED,false,1,provider-logo::ADTV NETWORK.png
AUX-RF-1160,SOURCE-UNRESOLVED,SOURCE-UNRESOLVED,false,1,satellite-logo::160E-75.png
AUX-RF-1161,SOURCE-UNRESOLVED,SOURCE-UNRESOLVED,false,1,satellite-logo::216E-75.png
AUX-RF-1162,SOURCE-UNRESOLVED,SOURCE-UNRESOLVED,false,2,provider-logo::AB.png
AUX-RF-1163,SOURCE-UNRESOLVED,SOURCE-UNRESOLVED,false,1,satellite-logo::430W-75.png
AUX-RF-1164,SOURCE-UNRESOLVED,SOURCE-UNRESOLVED,false,1,satellite-logo::400E.png
AUX-RF-1165,SOURCE-UNRESOLVED,SOURCE-UNRESOLVED,false,2,provider-logo::TRICOLOR TV RUSSIA.png
AUX-RF-1166,SOURCE-UNRESOLVED,SOURCE-UNRESOLVED,false,1,satellite-logo::610E-75.png
AUX-RF-1167,SOURCE-UNRESOLVED,SOURCE-UNRESOLVED,false,1,satellite-logo::965E-75.png
AUX-RF-1168,SOURCE-UNRESOLVED,SOURCE-UNRESOLVED,false,1,satellite-logo::480E.png
AUX-RF-1169,SOURCE-UNRESOLVED,SOURCE-UNRESOLVED,false,1,satellite-logo::922E.png
AUX-RF-1170,SOURCE-UNRESOLVED,SOURCE-UNRESOLVED,false,1,satellite-logo::400W.png
AUX-RF-1171,SOURCE-UNRESOLVED,SOURCE-UNRESOLVED,false,1,satellite-logo::70W-75.png
AUX-RF-1172,SOURCE-UNRESOLVED,SOURCE-UNRESOLVED,false,1,satellite-logo::215E-75.png
AUX-RF-1173,SOURCE-UNRESOLVED,SOURCE-UNRESOLVED,false,1,satellite-logo::335W-75.png
AUX-RF-1174,SOURCE-UNRESOLVED,SOURCE-UNRESOLVED,false,1,satellite-logo::140W-75.png
AUX-RF-1175,SOURCE-UNRESOLVED,SOURCE-UNRESOLVED,false,1,satellite-logo::235E-75.png
AUX-RF-1176,SOURCE-UNRESOLVED,SOURCE-UNRESOLVED,false,1,satellite-logo::720E.png
AUX-RF-1177,SOURCE-UNRESOLVED,SOURCE-UNRESOLVED,false,1,satellite-logo::390E-75.png
AUX-RF-1178,SOURCE-UNRESOLVED,SOURCE-UNRESOLVED,false,1,satellite-logo::630W.png
AUX-RF-1179,SOURCE-UNRESOLVED,SOURCE-UNRESOLVED,false,1,satellite-logo::1100W.png
AUX-RF-1180,SOURCE-UNRESOLVED,SOURCE-UNRESOLVED,false,1,provider-logo::TIVUBU.png
AUX-RF-1181,SOURCE-UNRESOLVED,SOURCE-UNRESOLVED,false,1,provider-logo::ST.png
AUX-RF-1182,SOURCE-UNRESOLVED,SOURCE-UNRESOLVED,false,1,satellite-logo::1211W-75.png
AUX-RF-1183,SOURCE-UNRESOLVED,SOURCE-UNRESOLVED,false,1,satellite-logo::1161E.png
AUX-RF-1184,SOURCE-UNRESOLVED,SOURCE-UNRESOLVED,false,1,satellite-logo::875E.png
AUX-RF-1185,SOURCE-UNRESOLVED,SOURCE-UNRESOLVED,false,1,satellite-logo::50W-75.png
AUX-RF-1186,SOURCE-UNRESOLVED,SOURCE-UNRESOLVED,false,1,satellite-logo::1105E.png
AUX-RF-1187,SOURCE-UNRESOLVED,SOURCE-UNRESOLVED,false,1,satellite-logo::720W.png
AUX-RF-1188,SOURCE-UNRESOLVED,SOURCE-UNRESOLVED,false,1,provider-logo::HUDOBNE.png
AUX-RF-1189,SOURCE-UNRESOLVED,SOURCE-UNRESOLVED,false,1,provider-logo::RETE_7_HD.png
AUX-RF-1190,SOURCE-UNRESOLVED,SOURCE-UNRESOLVED,false,1,provider-logo::TEAMMEDIA.png
AUX-RF-1191,SOURCE-UNRESOLVED,SOURCE-UNRESOLVED,false,1,provider-logo::NOV-DIGI.png
AUX-RF-1192,SOURCE-UNRESOLVED,SOURCE-UNRESOLVED,false,1,provider-logo::VB33.png
AUX-RF-1193,SOURCE-UNRESOLVED,SOURCE-UNRESOLVED,false,1,provider-logo::PLATFORMA CANAL+.png
AUX-RF-1194,SOURCE-UNRESOLVED,SOURCE-UNRESOLVED,false,1,provider-logo::M7 DEUTSCHLAND.png
AUX-RF-1195,SOURCE-UNRESOLVED,SOURCE-UNRESOLVED,false,1,provider-logo::EDEM IPTV.png
AUX-RF-1196,SOURCE-UNRESOLVED,SOURCE-UNRESOLVED,false,1,provider-logo::IPTV.png
AUX-RF-1197,SOURCE-UNRESOLVED,SOURCE-UNRESOLVED,false,1,provider-logo::VALENZA_TV.png
AUX-RF-1198,SOURCE-UNRESOLVED,SOURCE-UNRESOLVED,false,1,provider-logo::DGB3.png
AUX-RF-1199,SOURCE-UNRESOLVED,SOURCE-UNRESOLVED,false,1,provider-logo::TEAM SAT.png
AUX-RF-1200,SOURCE-UNRESOLVED,SOURCE-UNRESOLVED,false,1,provider-logo::OTHERS.png
AUX-RF-1201,SOURCE-UNRESOLVED,SOURCE-UNRESOLVED,false,1,provider-logo::GLANZ.png
AUX-RF-1202,SOURCE-UNRESOLVED,SOURCE-UNRESOLVED,false,1,provider-logo::ANTIK TV.png
AUX-RF-1203,SOURCE-UNRESOLVED,SOURCE-UNRESOLVED,false,1,provider-logo::TELENORD_HD.png
AUX-RF-1204,SOURCE-UNRESOLVED,SOURCE-UNRESOLVED,false,1,provider-logo::TOTOPARTNER.png
AUX-RF-1205,SOURCE-UNRESOLVED,SOURCE-UNRESOLVED,false,1,provider-logo::CANAL+ FRANCE.png
AUX-RF-1206,SOURCE-UNRESOLVED,SOURCE-UNRESOLVED,false,1,provider-logo::TELECITY.png
AUX-RF-1207,SOURCE-UNRESOLVED,SOURCE-UNRESOLVED,false,1,provider-logo::1 Cent.png
AUX-RF-1208,SOURCE-UNRESOLVED,SOURCE-UNRESOLVED,false,1,provider-logo::KABELIO SUISSE.png
AUX-RF-1209,SOURCE-UNRESOLVED,SOURCE-UNRESOLVED,false,1,provider-logo::COSMOTE TV.png
AUX-RF-1210,SOURCE-UNRESOLVED,SOURCE-UNRESOLVED,false,1,provider-logo::1USD.png
AUX-RF-1211,SOURCE-UNRESOLVED,SOURCE-UNRESOLVED,false,1,provider-logo::MULTISTREAM.png
AUX-RF-1212,SOURCE-UNRESOLVED,SOURCE-UNRESOLVED,false,1,provider-logo::EXTRA.png
AUX-RF-1213,SOURCE-UNRESOLVED,SOURCE-UNRESOLVED,false,1,provider-logo::ULTRA HD.png
AUX-RF-1214,SOURCE-UNRESOLVED,SOURCE-UNRESOLVED,false,1,provider-logo::TVN_WBD.png
AUX-RF-1215,SOURCE-UNRESOLVED,SOURCE-UNRESOLVED,false,2,provider-logo::FRANCE DTT.png
AUX-RF-1216,SOURCE-UNRESOLVED,SOURCE-UNRESOLVED,false,1,provider-logo::DIGEA GREECE.png
AUX-RF-1217,SOURCE-UNRESOLVED,SOURCE-UNRESOLVED,false,1,provider-logo::ASSOCIAZIONE_DREAMER.png
AUX-RF-1218,SOURCE-UNRESOLVED,SOURCE-UNRESOLVED,false,2,provider-logo::ORANGE BELGIUM.png
AUX-RF-1219,SOURCE-UNRESOLVED,SOURCE-UNRESOLVED,false,4,provider-logo::ALLENTE DENMARK.png
AUX-RF-1220,SOURCE-UNRESOLVED,SOURCE-UNRESOLVED,false,1,provider-logo::PUBLIROSE.png
AUX-RF-1221,SOURCE-UNRESOLVED,SOURCE-UNRESOLVED,false,1,provider-logo::ACISPORT_TV.png
AUX-RF-1222,SOURCE-UNRESOLVED,SOURCE-UNRESOLVED,false,1,provider-logo::TELLY.png
AUX-RF-1223,SOURCE-UNRESOLVED,SOURCE-UNRESOLVED,false,1,provider-logo::MOTORI_TV.png
