original_status,triage_result,triage_reason,source_sha256,satellite_position,provider,service_reference,source
SOURCE-REVIEW,SOURCE-PASS,"Visual/content triage: rectangular area is a coherent integral brand tile, badge or stripe; no separable unrelated raster/background was found.",8cc0c9e34d17f872d84a959141e0deb64d6f4f0164ae02369ff0e52bcd4ab714,0.8w,digi,1_0_1_3EC_7_1_E080000_0_0_0.png,picons/0.8w/digi/transparent/1_0_1_3EC_7_1_E080000_0_0_0.png
SOURCE-REVIEW,SOURCE-PASS,"Visual/content triage: rectangular area is a coherent integral brand tile, badge or stripe; no separable unrelated raster/background was found.",8464e6d49815d2601d89010088ade1862033778b60f16921345a148fe1858cc1,0.8w,digislovakia,1_0_16_178C_AF6_BB_E080000_0_0_0.png,picons/0.8w/digislovakia/transparent/1_0_16_178C_AF6_BB_E080000_0_0_0.png
SOURCE-REVIEW,SOURCE-PASS,"Visual/content triage: rectangular area is a coherent integral brand tile, badge or stripe; no separable unrelated raster/background was found.",6d904627e2d21999799844819c7c5ae81bd3bc90c82a315818d4baa89dd7f691,0.8w,digitv,1_0_2_1022_C_1_E080000_0_0_0.png,picons/0.8w/digitv/transparent/1_0_2_1022_C_1_E080000_0_0_0.png
SOURCE-REVIEW,SOURCE-PASS,"Visual/content triage: rectangular area is a coherent integral brand tile, badge or stripe; no separable unrelated raster/background was found.",49dc1d76fe15c51f4a266c9c97460dbe6f841238687149afc0e73a5d02d72e7d,0.8w,digitv,1_0_2_9CE_C_1_E080000_0_0_0.png,picons/0.8w/digitv/transparent/1_0_2_9CE_C_1_E080000_0_0_0.png
SOURCE-REVIEW,SOURCE-PASS,"Visual/content triage: rectangular area is a coherent integral brand tile, badge or stripe; no separable unrelated raster/background was found.",9f0f4e589163222ddc1465b8f7a3954274c00a2f07c7d8e419b06748e3807b7f,0.8w,freesat,1_0_1_3F6_7_1_E080000_0_0_0.png,picons/0.8w/freesat/transparent/1_0_1_3F6_7_1_E080000_0_0_0.png
SOURCE-REVIEW,SOURCE-PASS,"Visual/content triage: rectangular area is a coherent integral brand tile, badge or stripe; no separable unrelated raster/background was found.",a571f77d32c8e570ed42ba77810d3fa6f48351ed948acfa8572bc5a6d5401daf,0.8w,freesat,1_0_1_DC0_C_1_E080000_0_0_0.png,picons/0.8w/freesat/transparent/1_0_1_DC0_C_1_E080000_0_0_0.png
SOURCE-REVIEW,SOURCE-PASS,"Visual/content triage: rectangular area is a coherent integral brand tile, badge or stripe; no separable unrelated raster/background was found.",b17ee39c1c6ebd91ed6bd7d15a7298fca8901eec8a720d0314e78a5cb10d6ce4,0.8w,telenor,1_0_16_1C98_A_46_E080000_0_0_0.png,picons/0.8w/telenor/transparent/1_0_16_1C98_A_46_E080000_0_0_0.png
SOURCE-REVIEW,SOURCE-PASS,"Visual/content triage: rectangular area is a coherent integral brand tile, badge or stripe; no separable unrelated raster/background was found.",3c7663bed1d022dcb2a55acf94b59895ec0cb0fc9e7eb15fa35ff3e3c7539465,0.8w,telenor,1_0_19_1C01_3_46_E080000_0_0_0.png,picons/0.8w/telenor/transparent/1_0_19_1C01_3_46_E080000_0_0_0.png
SOURCE-REVIEW,SOURCE-PASS,"Visual/content triage: rectangular area is a coherent integral brand tile, badge or stripe; no separable unrelated raster/background was found.",e3974a9e2a2844099ed6bc47641783a2375bcc9fff35fc8cea571d0e347ec087,0.8w,telenor,1_0_19_1C96_A_46_E080000_0_0_0.png,picons/0.8w/telenor/transparent/1_0_19_1C96_A_46_E080000_0_0_0.png
SOURCE-REVIEW,SOURCE-PASS,"Visual/content triage: rectangular area is a coherent integral brand tile, badge or stripe; no separable unrelated raster/background was found.",4249384f020b54fd2f20a4d19514ec568d5ea289ff5a8d2e9babf312d7d78c2f,0.8w,telenor,1_0_19_1E83_A_46_E080000_0_0_0.png,picons/0.8w/telenor/transparent/1_0_19_1E83_A_46_E080000_0_0_0.png
SOURCE-REVIEW,SOURCE-PASS,"Visual/content triage: rectangular area is a coherent integral brand tile, badge or stripe; no separable unrelated raster/background was found.",3926739dabb3515639c0d7519229fea1154b1d7413f7eaee84aa9425933cd893,0.8w,telenor,1_0_2_1D32_3_46_E080000_0_0_0.png,picons/0.8w/telenor/transparent/1_0_2_1D32_3_46_E080000_0_0_0.png
SOURCE-REVIEW,SOURCE-PASS,"Visual/content triage: rectangular area is a coherent integral brand tile, badge or stripe; no separable unrelated raster/background was found.",215ac0bf49f2503d07279b25644f2f8a11b50dd2c1affb67442513d42c0ee481,0.8w,telenor,1_0_2_6B9_3_46_E080000_0_0_0.png,picons/0.8w/telenor/transparent/1_0_2_6B9_3_46_E080000_0_0_0.png
SOURCE-REVIEW,SOURCE-PASS,"Visual/content triage: rectangular area is a coherent integral brand tile, badge or stripe; no separable unrelated raster/background was found.",91b5117d23674c38e99e9ee2df79f62248dd500cb7749d5e3b43996cbc2a8194,0.8w,telenor,1_0_2_6BA_3_46_E080000_0_0_0.png,picons/0.8w/telenor/transparent/1_0_2_6BA_3_46_E080000_0_0_0.png
SOURCE-REVIEW,SOURCE-PASS,"Visual/content triage: rectangular area is a coherent integral brand tile, badge or stripe; no separable unrelated raster/background was found.",e8df72353b2392061d5318553a94bf72c6f3b6eca0762400211ae1c08f190799,0.8w,telenor,1_0_2_6BB_3_46_E080000_0_0_0.png,picons/0.8w/telenor/transparent/1_0_2_6BB_3_46_E080000_0_0_0.png
SOURCE-REVIEW,SOURCE-PASS,"Visual/content triage: rectangular area is a coherent integral brand tile, badge or stripe; no separable unrelated raster/background was found.",beaea1da36c4e5b6a4983b63728904646ccbeb6198db2c7373ec06fe61a6af87,1.9e,neosat,1_0_1_221_18_3_130000_0_0_0.png,picons/1.9e/neosat/transparent/1_0_1_221_18_3_130000_0_0_0.png
SOURCE-REVIEW,SOURCE-PASS,"Visual/content triage: rectangular area is a coherent integral brand tile, badge or stripe; no separable unrelated raster/background was found.",a2d6321d92f135625d2050f0255540840b03b893053662aa3111684af9ca0b75,1.9e,neosat,1_0_1_A7_10_3_130000_0_0_0.png,picons/1.9e/neosat/transparent/1_0_1_A7_10_3_130000_0_0_0.png
SOURCE-REVIEW,SOURCE-PASS,"Visual/content triage: rectangular area is a coherent integral brand tile, badge or stripe; no separable unrelated raster/background was found.",37333658c14ff726ac3469e94164213d5d8dec6b48b036a5a1569f6dfeb60631,13.0e,ab-sat,1_0_1_5AF_170C_13F_820000_0_0_0.png,picons/13.0e/ab-sat/transparent/1_0_1_5AF_170C_13F_820000_0_0_0.png
SOURCE-REVIEW,SOURCE-PASS,"Visual/content triage: rectangular area is a coherent integral brand tile, badge or stripe; no separable unrelated raster/background was found.",1fe2517ac7170b28b57afaf6fb3cfb0b4aaee98bab0a087030d61d05b79d1ede,13.0e,ab-sat,1_0_1_5B1_170C_13F_820000_0_0_0.png,picons/13.0e/ab-sat/transparent/1_0_1_5B1_170C_13F_820000_0_0_0.png
SOURCE-REVIEW,SOURCE-PASS,"Visual/content triage: rectangular area is a coherent integral brand tile, badge or stripe; no separable unrelated raster/background was found.",6faa3a4ec842ec6b5baef584e35a987ae99544e93961cf5c872f9e8a014016ed,13.0e,ab-sat,1_0_1_5B2_170C_13F_820000_0_0_0.png,picons/13.0e/ab-sat/transparent/1_0_1_5B2_170C_13F_820000_0_0_0.png
SOURCE-REVIEW,SOURCE-PASS,"Visual/content triage: rectangular area is a coherent integral brand tile, badge or stripe; no separable unrelated raster/background was found.",0322a80cabefc18c40583c7064041bca21056492e9acc3c18b8444be68f5d246,13.0e,ab-sat,1_0_1_5B3_170C_13F_820000_0_0_0.png,picons/13.0e/ab-sat/transparent/1_0_1_5B3_170C_13F_820000_0_0_0.png
SOURCE-REVIEW,SOURCE-PASS,"Visual/content triage: rectangular area is a coherent integral brand tile, badge or stripe; no separable unrelated raster/background was found.",117fa37bda66ea42577d89a690314db6873a57d18f379954133b1a2c1599dad5,13.0e,ab-sat,1_0_1_5B5_170C_13F_820000_0_0_0.png,picons/13.0e/ab-sat/transparent/1_0_1_5B5_170C_13F_820000_0_0_0.png
SOURCE-REVIEW,SOURCE-PASS,"Visual/content triage: rectangular area is a coherent integral brand tile, badge or stripe; no separable unrelated raster/background was found.",676377dd307f7a94c5dd8b78175d95db86ed89fcb0e1d071af4420e729c3646d,13.0e,canal-plus,1_0_1_1138_2AF8_13E_820000_0_0_0.png,picons/13.0e/canal-plus/transparent/1_0_1_1138_2AF8_13E_820000_0_0_0.png
SOURCE-REVIEW,SOURCE-PASS,"Visual/content triage: rectangular area is a coherent integral brand tile, badge or stripe; no separable unrelated raster/background was found.",3a632e71be1e9d8b220e82e61ec666a439ab07d4caf6bb00d656d1c1d8708025,13.0e,canal-plus,1_0_1_13F7_5DC_13E_820000_0_0_0.png,picons/13.0e/canal-plus/transparent/1_0_1_13F7_5DC_13E_820000_0_0_0.png
SOURCE-REVIEW,SOURCE-PASS,"Visual/content triage: rectangular area is a coherent integral brand tile, badge or stripe; no separable unrelated raster/background was found.",eb2b82975d2c94d99315c1d734a4bfc2b546f01d3e1760b1a8e1772c748ea45a,13.0e,canal-plus,1_0_1_3ABD_514_13E_820000_0_0_0.png,picons/13.0e/canal-plus/transparent/1_0_1_3ABD_514_13E_820000_0_0_0.png
SOURCE-REVIEW,SOURCE-PASS,"Visual/content triage: rectangular area is a coherent integral brand tile, badge or stripe; no separable unrelated raster/background was found.",6ab1712fe33ad759529fa987d4ee03df6054f1a4cee31d916455858275d239a5,13.0e,canal-plus,1_0_1_3ABF_514_13E_820000_0_0_0.png,picons/13.0e/canal-plus/transparent/1_0_1_3ABF_514_13E_820000_0_0_0.png
SOURCE-REVIEW,SOURCE-PASS,"Visual/content triage: rectangular area is a coherent integral brand tile, badge or stripe; no separable unrelated raster/background was found.",bc49242a3f8a34195718463599e916f0b27fd559c48c858d4a9cd3b8bb3ac556,13.0e,canal-plus,1_0_1_3AE9_514_13E_820000_0_0_0.png,picons/13.0e/canal-plus/transparent/1_0_1_3AE9_514_13E_820000_0_0_0.png
SOURCE-REVIEW,SOURCE-PASS,"Visual/content triage: rectangular area is a coherent integral brand tile, badge or stripe; no separable unrelated raster/background was found.",338f01effb9fd47fe2e513ab23797a0288c7b9a5eac65a4cf74d35df3695fc5a,13.0e,cyfrowy-polsat,1_0_1_1CA5_1CE8_71_820000_0_0_0.png,picons/13.0e/cyfrowy-polsat/transparent/1_0_1_1CA5_1CE8_71_820000_0_0_0.png
SOURCE-REVIEW,SOURCE-PASS,"Visual/content triage: rectangular area is a coherent integral brand tile, badge or stripe; no separable unrelated raster/background was found.",3f281cdacf5480a8d1298c5adef9643efe15de4ec6750f269b99d5a87cf56d1d,13.0e,cyfrowy-polsat,1_0_1_1CA6_1CE8_71_820000_0_0_0.png,picons/13.0e/cyfrowy-polsat/transparent/1_0_1_1CA6_1CE8_71_820000_0_0_0.png
SOURCE-REVIEW,SOURCE-PASS,"Visual/content triage: rectangular area is a coherent integral brand tile, badge or stripe; no separable unrelated raster/background was found.",83154c5ebfc99e2796d3b3c07d660b6ff85173b2bc9213e08b162e023470015a,13.0e,cyfrowy-polsat,1_0_2_1C9B_1CE8_71_820000_0_0_0.png,picons/13.0e/cyfrowy-polsat/transparent/1_0_2_1C9B_1CE8_71_820000_0_0_0.png
SOURCE-REVIEW,SOURCE-PASS,"Visual/content triage: rectangular area is a coherent integral brand tile, badge or stripe; no separable unrelated raster/background was found.",b158777ffbf6fd3713ff805ac91d46d882ce7eec8a6813e924b0739246febc24,13.0e,cyfrowy-polsat,1_0_2_1C9C_1CE8_71_820000_0_0_0.png,picons/13.0e/cyfrowy-polsat/transparent/1_0_2_1C9C_1CE8_71_820000_0_0_0.png
SOURCE-REVIEW,SOURCE-PASS,"Visual/content triage: rectangular area is a coherent integral brand tile, badge or stripe; no separable unrelated raster/background was found.",03d2facd063724017eaec6dccd74d5426f56920cac75b728581f6eeda2fab79a,13.0e,cyfrowy-polsat-s-a,1_0_1_C22_1E78_71_820000_0_0_0.png,picons/13.0e/cyfrowy-polsat-s-a/transparent/1_0_1_C22_1E78_71_820000_0_0_0.png
SOURCE-REVIEW,SOURCE-PASS,"Visual/content triage: rectangular area is a coherent integral brand tile, badge or stripe; no separable unrelated raster/background was found.",edf52508e3dc8fa1c0beabe6119e1e58b49cf043ce879783e661cc4e173573c8,13.0e,cyfrowy-polsat-s-a,1_0_2_1CA1_1CE8_71_820000_0_0_0.png,picons/13.0e/cyfrowy-polsat-s-a/transparent/1_0_2_1CA1_1CE8_71_820000_0_0_0.png
SOURCE-REVIEW,SOURCE-PASS,"Visual/content triage: rectangular area is a coherent integral brand tile, badge or stripe; no separable unrelated raster/background was found.",fe80f0f7a9a661376f83c32f4f9b4e16110c8ad269b78868906a8f4716fdbafd,13.0e,eutelsat,1_0_1_51E_2E7C_13F_820000_0_0_0.png,picons/13.0e/eutelsat/transparent/1_0_1_51E_2E7C_13F_820000_0_0_0.png
SOURCE-REVIEW,SOURCE-PASS,"Visual/content triage: rectangular area is a coherent integral brand tile, badge or stripe; no separable unrelated raster/background was found.",ad1f49e44fa2b5d6ef8f41934eb57b45b4ecb4947d6f0669504a282ba030db28,13.0e,eutelsat,1_0_1_524_2E7C_13F_820000_0_0_0.png,picons/13.0e/eutelsat/transparent/1_0_1_524_2E7C_13F_820000_0_0_0.png
SOURCE-REVIEW,SOURCE-PASS,"Visual/content triage: rectangular area is a coherent integral brand tile, badge or stripe; no separable unrelated raster/background was found.",c51f59c076fb04a78af59419f9a68c73e876a53673196b8dc6a218a738861959,13.0e,eutelsat,1_0_1_589_170C_13F_820000_0_0_0.png,picons/13.0e/eutelsat/transparent/1_0_1_589_170C_13F_820000_0_0_0.png
SOURCE-REVIEW,SOURCE-PASS,"Visual/content triage: rectangular area is a coherent integral brand tile, badge or stripe; no separable unrelated raster/background was found.",9a7e92ce4e6692fac8f3f0411f70cf4d2cf082412b78f7273bc20f2caf02b103,13.0e,globecast,1_0_1_6AC_3138_13E_820000_0_0_0.png,picons/13.0e/globecast/transparent/1_0_1_6AC_3138_13E_820000_0_0_0.png
SOURCE-REVIEW,SOURCE-PASS,"Visual/content triage: rectangular area is a coherent integral brand tile, badge or stripe; no separable unrelated raster/background was found.",7656394913b08b9cd78fd56fa3520756cff2ae2862f7360304787eeeaa212a5e,13.0e,harmonic,1_0_1_1C56_1C20_13E_820000_0_0_0.png,picons/13.0e/harmonic/transparent/1_0_1_1C56_1C20_13E_820000_0_0_0.png
SOURCE-REVIEW,SOURCE-PASS,"Visual/content triage: rectangular area is a coherent integral brand tile, badge or stripe; no separable unrelated raster/background was found.",8ca777ceb83494454804658d7e8c34f8ec972052dea24e106a65c0a6f01b09c8,13.0e,kabelio-ch,1_0_19_6E_3264_13E_820000_0_0_0.png,picons/13.0e/kabelio-ch/transparent/1_0_19_6E_3264_13E_820000_0_0_0.png
SOURCE-REVIEW,SOURCE-PASS,"Visual/content triage: rectangular area is a coherent integral brand tile, badge or stripe; no separable unrelated raster/background was found.",90fbef75ba26ef7d875d70417b198a9c828af5ce0d4d444a58f1969e5eef3f61,13.0e,kabelio-ch,1_0_19_F1_2C24_13E_820000_0_0_0.png,picons/13.0e/kabelio-ch/transparent/1_0_19_F1_2C24_13E_820000_0_0_0.png
SOURCE-REVIEW,SOURCE-PASS,"Visual/content triage: rectangular area is a coherent integral brand tile, badge or stripe; no separable unrelated raster/background was found.",51558bf0f714cb1dd6db3aa0aeb830e9eb674b2c3dddd9779365de9c45e481ed,13.0e,kabelio-ch,1_0_1_87_1644_13E_820000_0_0_0.png,picons/13.0e/kabelio-ch/transparent/1_0_1_87_1644_13E_820000_0_0_0.png
SOURCE-REVIEW,SOURCE-PASS,"Visual/content triage: rectangular area is a coherent integral brand tile, badge or stripe; no separable unrelated raster/background was found.",a0175d74bf7e8383eb3bb8000b45ccd0bf4b6fd213d294a674679a3d1b421c2a,13.0e,m-three-satcom,1_0_19_215_384_13E_820000_0_0_0.png,picons/13.0e/m-three-satcom/transparent/1_0_19_215_384_13E_820000_0_0_0.png
SOURCE-REVIEW,SOURCE-PASS,"Visual/content triage: rectangular area is a coherent integral brand tile, badge or stripe; no separable unrelated raster/background was found.",85a05247fb302347928afbd6081acb4ca7f6c650192f5d76de8e205c07f838cf,13.0e,m-three-satcom,1_0_19_216_384_13E_820000_0_0_0.png,picons/13.0e/m-three-satcom/transparent/1_0_19_216_384_13E_820000_0_0_0.png
SOURCE-REVIEW,SOURCE-PASS,"Visual/content triage: rectangular area is a coherent integral brand tile, badge or stripe; no separable unrelated raster/background was found.",99ef7f5dca3d3d6bfeb051c394898597fa4b6ea0bc5999d9a026104a86e571b3,13.0e,m-three-satcom,1_0_2_E44_1C20_13E_820000_0_0_0.png,picons/13.0e/m-three-satcom/transparent/1_0_2_E44_1C20_13E_820000_0_0_0.png
SOURCE-REVIEW,SOURCE-PASS,"Visual/content triage: rectangular area is a coherent integral brand tile, badge or stripe; no separable unrelated raster/background was found.",d30c282c37c03fd0d2117c5f1ac5a0570537e700cffb5976a187901be4c39157,13.0e,schweizer-radio-und-fernsehen,1_0_19_4333_300C_13E_820000_0_0_0.png,picons/13.0e/schweizer-radio-und-fernsehen/transparent/1_0_19_4333_300C_13E_820000_0_0_0.png
SOURCE-REVIEW,SOURCE-PASS,"Visual/content triage: rectangular area is a coherent integral brand tile, badge or stripe; no separable unrelated raster/background was found.",dfc06998f5df5ecdf8e4ded2207f949246af613cc3503288e95607e61432e3e6,13.0e,schweizer-radio-und-fernsehen,1_0_19_4334_300C_13E_820000_0_0_0.png,picons/13.0e/schweizer-radio-und-fernsehen/transparent/1_0_19_4334_300C_13E_820000_0_0_0.png
SOURCE-REVIEW,SOURCE-PASS,"Visual/content triage: rectangular area is a coherent integral brand tile, badge or stripe; no separable unrelated raster/background was found.",c056d5bd8719d55507d4799349cd893ca68e346e03f9a7908b1b2bd0ef1325d3,13.0e,stn,1_0_1_2332_2328_13E_820000_0_0_0.png,picons/13.0e/stn/transparent/1_0_1_2332_2328_13E_820000_0_0_0.png
SOURCE-REVIEW,SOURCE-PASS,"Visual/content triage: rectangular area is a coherent integral brand tile, badge or stripe; no separable unrelated raster/background was found.",90dde6989d3043aa31beb7b85481eba9aec310490366cb68ea9d35d348aa4a34,13.0e,svoboda-satellite,1_0_16_69_2FA8_13E_820000_0_0_0.png,picons/13.0e/svoboda-satellite/transparent/1_0_16_69_2FA8_13E_820000_0_0_0.png
SOURCE-REVIEW,SOURCE-PASS,"Visual/content triage: rectangular area is a coherent integral brand tile, badge or stripe; no separable unrelated raster/background was found.",389f0854f744e208652b143ad56db092234ad98e3af50faed209fafd4b7a7129,13.0e,svoboda-satellite,1_0_2_CA_2FA8_13E_820000_0_0_0.png,picons/13.0e/svoboda-satellite/transparent/1_0_2_CA_2FA8_13E_820000_0_0_0.png
SOURCE-REVIEW,SOURCE-PASS,"Visual/content triage: rectangular area is a coherent integral brand tile, badge or stripe; no separable unrelated raster/background was found.",7afe86c48aa10df8209cda4bbd627f4c04d85eb1531ce08769d57647c114ee77,13.0e,swiss-satellite-radio,1_0_2_4352_300C_13E_820000_0_0_0.png,picons/13.0e/swiss-satellite-radio/transparent/1_0_2_4352_300C_13E_820000_0_0_0.png
SOURCE-REVIEW,SOURCE-PASS,"Visual/content triage: rectangular area is a coherent integral brand tile, badge or stripe; no separable unrelated raster/background was found.",7afe86c48aa10df8209cda4bbd627f4c04d85eb1531ce08769d57647c114ee77,13.0e,swiss-satellite-radio,1_0_2_435F_300C_13E_820000_0_0_0.png,picons/13.0e/swiss-satellite-radio/transparent/1_0_2_435F_300C_13E_820000_0_0_0.png
SOURCE-REVIEW,SOURCE-PASS,"Visual/content triage: rectangular area is a coherent integral brand tile, badge or stripe; no separable unrelated raster/background was found.",96334ad9b8cf67c18d100350d2c388213cd19dcdf1b6026ba4fcf4833852d308,13.0e,telespazio,1_0_1_1325_33F4_13E_820000_0_0_0.png,picons/13.0e/telespazio/transparent/1_0_1_1325_33F4_13E_820000_0_0_0.png
SOURCE-REVIEW,SOURCE-PASS,"Visual/content triage: rectangular area is a coherent integral brand tile, badge or stripe; no separable unrelated raster/background was found.",5c4cdb6fdd11d229eaea26bb4618943ad17f71898d2d85587e10fdd6beeb600d,13.0e,telespazio,1_0_1_1362_33F4_13E_820000_0_0_0.png,picons/13.0e/telespazio/transparent/1_0_1_1362_33F4_13E_820000_0_0_0.png
SOURCE-REVIEW,SOURCE-PASS,"Visual/content triage: rectangular area is a coherent integral brand tile, badge or stripe; no separable unrelated raster/background was found.",ed98cb862c8612f8b2836d195fb238f0ae69365e28f332fc076a534cc0bf4557,13.0e,telespazio,1_0_1_1364_33F4_13E_820000_0_0_0.png,picons/13.0e/telespazio/transparent/1_0_1_1364_33F4_13E_820000_0_0_0.png
SOURCE-REVIEW,SOURCE-PASS,"Visual/content triage: rectangular area is a coherent integral brand tile, badge or stripe; no separable unrelated raster/background was found.",28d36df20172c6e337448f1529afc2877615daa90dcc11891abdafd244fb3d2f,13.0e,telespazio,1_0_1_1366_33F4_13E_820000_0_0_0.png,picons/13.0e/telespazio/transparent/1_0_1_1366_33F4_13E_820000_0_0_0.png
SOURCE-REVIEW,SOURCE-PASS,"Visual/content triage: rectangular area is a coherent integral brand tile, badge or stripe; no separable unrelated raster/background was found.",2bb27aadcdfcafc0e054502cfd2e407f22b39cad313a8b07ffe59756cbb751e5,13.0e,telespazio,1_0_1_4260_3DB8_13E_820000_0_0_0.png,picons/13.0e/telespazio/transparent/1_0_1_4260_3DB8_13E_820000_0_0_0.png
SOURCE-REVIEW,SOURCE-PASS,"Visual/content triage: rectangular area is a coherent integral brand tile, badge or stripe; no separable unrelated raster/background was found.",802f22e7e29710ebba5f24a61f6a0d8aa0bf98f90bafe2f216375ff632e50c34,13.0e,telewizja-polska-s-a,1_0_1_423A_2F44_13E_820000_0_0_0.png,picons/13.0e/telewizja-polska-s-a/transparent/1_0_1_423A_2F44_13E_820000_0_0_0.png
SOURCE-REVIEW,SOURCE-PASS,"Visual/content triage: rectangular area is a coherent integral brand tile, badge or stripe; no separable unrelated raster/background was found.",ba44d52287a7afdd47e2f73f032f06508298054b88c9ebdf76f521ac3b98923b,13.0e,vivacom,1_0_16_109_25E4_D5_820000_0_0_0.png,picons/13.0e/vivacom/transparent/1_0_16_109_25E4_D5_820000_0_0_0.png
SOURCE-REVIEW,SOURCE-PASS,"Visual/content triage: rectangular area is a coherent integral brand tile, badge or stripe; no separable unrelated raster/background was found.",ed7332d2300937c75c255d632a2867b5e9a4652cb37a76108e531ed711c5731f,13.0e,vivacom,1_0_16_6F_251C_D5_820000_0_0_0.png,picons/13.0e/vivacom/transparent/1_0_16_6F_251C_D5_820000_0_0_0.png
SOURCE-REVIEW,SOURCE-PASS,"Visual/content triage: rectangular area is a coherent integral brand tile, badge or stripe; no separable unrelated raster/background was found.",68e1f168df4e12f8a4bd8150da7459a010caf3e4b13f47a19f0ccf381461e4e8,13.0e,vivacom,1_0_16_D2_25E4_D5_820000_0_0_0.png,picons/13.0e/vivacom/transparent/1_0_16_D2_25E4_D5_820000_0_0_0.png
SOURCE-REVIEW,SOURCE-PASS,"Visual/content triage: rectangular area is a coherent integral brand tile, badge or stripe; no separable unrelated raster/background was found.",1b40cbccd58044097e4a56e3ed2b415befeee83a043dab79dba578308d5ee97f,13.0e,warner-bros-discovery,1_0_19_3B62_12C_13E_820000_0_0_0.png,picons/13.0e/warner-bros-discovery/transparent/1_0_19_3B62_12C_13E_820000_0_0_0.png
SOURCE-REVIEW,SOURCE-PASS,"Visual/content triage: rectangular area is a coherent integral brand tile, badge or stripe; no separable unrelated raster/background was found.",a0cd3f98c4fa98826397776d9e5d64f3846fe37bd8daabf84a5678bbda54969b,14.0w,rscc,1_0_1_1_0_0_D842CDD_0_0_0.png,picons/14.0w/rscc/transparent/1_0_1_1_0_0_D842CDD_0_0_0.png
SOURCE-REVIEW,SOURCE-PASS,"Visual/content triage: rectangular area is a coherent integral brand tile, badge or stripe; no separable unrelated raster/background was found.",a0cd3f98c4fa98826397776d9e5d64f3846fe37bd8daabf84a5678bbda54969b,14.0w,rscc,1_0_1_1_12_1_D840000_0_0_0.png,picons/14.0w/rscc/transparent/1_0_1_1_12_1_D840000_0_0_0.png
SOURCE-REVIEW,SOURCE-PASS,"Visual/content triage: rectangular area is a coherent integral brand tile, badge or stripe; no separable unrelated raster/background was found.",fe6ff80efc2e913acb331f88a11a6e39040ce6c94da353e08bc40e7bc9149770,16.0e,a1-broadcasting,1_0_19_778_C6D4_16E_A00000_0_0_0.png,picons/16.0e/a1-broadcasting/transparent/1_0_19_778_C6D4_16E_A00000_0_0_0.png
SOURCE-REVIEW,SOURCE-PASS,"Visual/content triage: rectangular area is a coherent integral brand tile, badge or stripe; no separable unrelated raster/background was found.",3d55061a71fcd4f6e9894f1075591e38013441c370cc89a2ce9e7404b7d29c7b,16.0e,a1-hr,1_0_16_716_C5A8_16E_A00000_0_0_0.png,picons/16.0e/a1-hr/transparent/1_0_16_716_C5A8_16E_A00000_0_0_0.png
SOURCE-REVIEW,SOURCE-PASS,"Visual/content triage: rectangular area is a coherent integral brand tile, badge or stripe; no separable unrelated raster/background was found.",5cf2b6a9acb93c39582700cba96d847b33ca4d388f59247c8d3cda2262ee191c,16.0e,a1-hr,1_0_19_718_C5A8_16E_A00000_0_0_0.png,picons/16.0e/a1-hr/transparent/1_0_19_718_C5A8_16E_A00000_0_0_0.png
SOURCE-REVIEW,SOURCE-PASS,"Visual/content triage: rectangular area is a coherent integral brand tile, badge or stripe; no separable unrelated raster/background was found.",7b0a1c85930e51b9e3c06c4ef383ef6e8699c1fea5b716b7610b7292b44a81ba,16.0e,a1-hr,1_0_19_719_C5A8_16E_A00000_0_0_0.png,picons/16.0e/a1-hr/transparent/1_0_19_719_C5A8_16E_A00000_0_0_0.png
SOURCE-REVIEW,SOURCE-PASS,"Visual/content triage: rectangular area is a coherent integral brand tile, badge or stripe; no separable unrelated raster/background was found.",141c0fd0af2e2003123ca6ef8a13d736ae5dd1c5056e6ac3902fb7a77212328e,16.0e,antiksat,1_0_16_57_3_40_A00000_0_0_0.png,picons/16.0e/antiksat/transparent/1_0_16_57_3_40_A00000_0_0_0.png
SOURCE-REVIEW,SOURCE-PASS,"Visual/content triage: rectangular area is a coherent integral brand tile, badge or stripe; no separable unrelated raster/background was found.",9f0f4e589163222ddc1465b8f7a3954274c00a2f07c7d8e419b06748e3807b7f,16.0e,antiksat,1_0_1_B_1F4_5_A00000_0_0_0.png,picons/16.0e/antiksat/transparent/1_0_1_B_1F4_5_A00000_0_0_0.png
SOURCE-REVIEW,SOURCE-PASS,"Visual/content triage: rectangular area is a coherent integral brand tile, badge or stripe; no separable unrelated raster/background was found.",5c298ddc738e78f002820fb6f5bd2e09a535e59dc2f84c82bbb71417bb731bc2,16.0e,digitalb,1_0_16_8C0_5014_16E_A00000_0_0_0.png,picons/16.0e/digitalb/transparent/1_0_16_8C0_5014_16E_A00000_0_0_0.png
SOURCE-REVIEW,SOURCE-PASS,"Visual/content triage: rectangular area is a coherent integral brand tile, badge or stripe; no separable unrelated raster/background was found.",5334af28195c95bf49bbdb58753b7c27797f617f2f8236f56066d48c190be946,16.0e,digitalb,1_0_19_148C_5014_16E_A00000_0_0_0.png,picons/16.0e/digitalb/transparent/1_0_19_148C_5014_16E_A00000_0_0_0.png
SOURCE-REVIEW,SOURCE-PASS,"Visual/content triage: rectangular area is a coherent integral brand tile, badge or stripe; no separable unrelated raster/background was found.",672a3e6d8c23c70946830a1568333b54bce9062f6d051ee94be00d452b336904,16.0e,digitalb,1_0_19_14AA_51A4_16E_A00000_0_0_0.png,picons/16.0e/digitalb/transparent/1_0_19_14AA_51A4_16E_A00000_0_0_0.png
SOURCE-REVIEW,SOURCE-PASS,"Visual/content triage: rectangular area is a coherent integral brand tile, badge or stripe; no separable unrelated raster/background was found.",7a1658d08aed896010498f2e324d4b570aa4d8a17f00418f058b33f70328ff04,16.0e,digitalb,1_0_19_1504_50DC_16E_A00000_0_0_0.png,picons/16.0e/digitalb/transparent/1_0_19_1504_50DC_16E_A00000_0_0_0.png
SOURCE-REVIEW,SOURCE-PASS,"Visual/content triage: rectangular area is a coherent integral brand tile, badge or stripe; no separable unrelated raster/background was found.",0acf0e79b6928c3448fcc67692ad06450a7331ac129037c342ffc667aa559997,16.0e,digitalb,1_0_19_3EB_50DC_16E_A00000_0_0_0.png,picons/16.0e/digitalb/transparent/1_0_19_3EB_50DC_16E_A00000_0_0_0.png
SOURCE-REVIEW,SOURCE-PASS,"Visual/content triage: rectangular area is a coherent integral brand tile, badge or stripe; no separable unrelated raster/background was found.",4a013f96d0ab95a318959209ee12d3528659ef65f27d201633030cfc2be15ab8,16.0e,pink,1_0_1_9_CB2B_16E_A00000_0_0_0.png,picons/16.0e/pink/transparent/1_0_1_9_CB2B_16E_A00000_0_0_0.png
SOURCE-REVIEW,SOURCE-PASS,"Visual/content triage: rectangular area is a coherent integral brand tile, badge or stripe; no separable unrelated raster/background was found.",5614f9fc0ba090284c8ba848f995e9355260f9ea1b0037bedabbfb325e75b2fe,16.0e,t-ht,1_0_16_47_3_40_A00000_0_0_0.png,picons/16.0e/t-ht/transparent/1_0_16_47_3_40_A00000_0_0_0.png
SOURCE-REVIEW,SOURCE-PASS,"Visual/content triage: rectangular area is a coherent integral brand tile, badge or stripe; no separable unrelated raster/background was found.",141c0fd0af2e2003123ca6ef8a13d736ae5dd1c5056e6ac3902fb7a77212328e,16.0e,t-ht,1_0_16_57_3_40_A00000_0_0_0.png,picons/16.0e/t-ht/transparent/1_0_16_57_3_40_A00000_0_0_0.png
SOURCE-REVIEW,SOURCE-PASS,"Visual/content triage: rectangular area is a coherent integral brand tile, badge or stripe; no separable unrelated raster/background was found.",604c5ffdefb62a62446ad6495ab996c3182fa33abef476507095a599d6987bb6,16.0e,t-ht,1_0_19_19C_3_40_A00000_0_0_0.png,picons/16.0e/t-ht/transparent/1_0_19_19C_3_40_A00000_0_0_0.png
SOURCE-REVIEW,SOURCE-PASS,"Visual/content triage: rectangular area is a coherent integral brand tile, badge or stripe; no separable unrelated raster/background was found.",7af51802b84855ed288b38eed756d62f852904b73183e42bc0ac5e71bf86a009,16.0e,t-ht,1_0_19_BE_3_40_A00000_0_0_0.png,picons/16.0e/t-ht/transparent/1_0_19_BE_3_40_A00000_0_0_0.png
SOURCE-REVIEW,SOURCE-PASS,"Visual/content triage: rectangular area is a coherent integral brand tile, badge or stripe; no separable unrelated raster/background was found.",321f9de3df52d8d5916e9ff746968a857ae34ef0eb69084ae56abd63533dd3db,16.0e,t-ht,1_0_2_DF_2_40_A00000_0_0_0.png,picons/16.0e/t-ht/transparent/1_0_2_DF_2_40_A00000_0_0_0.png
SOURCE-REVIEW,SOURCE-PASS,"Visual/content triage: rectangular area is a coherent integral brand tile, badge or stripe; no separable unrelated raster/background was found.",3a1a4b5fa40745c00ea871770f1169d6f06e33a93ee567a889e92d0599174d56,16.0e,telekom-srbija,1_0_1_1199_A028_16E_A00000_0_0_0.png,picons/16.0e/telekom-srbija/transparent/1_0_1_1199_A028_16E_A00000_0_0_0.png
SOURCE-REVIEW,SOURCE-PASS,"Visual/content triage: rectangular area is a coherent integral brand tile, badge or stripe; no separable unrelated raster/background was found.",ff1762dd54575e90a720dce2a28902c0f64b4479c2a65a2d913c73958eba47b8,16.0e,telekom-srbija,1_0_1_119D_A028_16E_A00000_0_0_0.png,picons/16.0e/telekom-srbija/transparent/1_0_1_119D_A028_16E_A00000_0_0_0.png
SOURCE-REVIEW,SOURCE-PASS,"Visual/content triage: rectangular area is a coherent integral brand tile, badge or stripe; no separable unrelated raster/background was found.",be9373fa1aba78aa44af6f53f051f7f00a0a229d983beb352a4bee5fdb658da1,16.0e,telekom-srbija,1_0_1_5E5_4E84_16E_A00000_0_0_0.png,picons/16.0e/telekom-srbija/transparent/1_0_1_5E5_4E84_16E_A00000_0_0_0.png
SOURCE-REVIEW,SOURCE-PASS,"Visual/content triage: rectangular area is a coherent integral brand tile, badge or stripe; no separable unrelated raster/background was found.",f7eb914f436ed973d903b8c30e4d36df0da04abae94763f23997570b3bb831d1,16.0e,telekom-srbija,1_0_1_5F5_4E84_16E_A00000_0_0_0.png,picons/16.0e/telekom-srbija/transparent/1_0_1_5F5_4E84_16E_A00000_0_0_0.png
SOURCE-REVIEW,SOURCE-PASS,"Visual/content triage: rectangular area is a coherent integral brand tile, badge or stripe; no separable unrelated raster/background was found.",cff36a184c589d70d95fc3d41ccd8d28d18f41aeed9d3ebcf4c921c763d2ef43,16.0e,telekom-srbija,1_0_1_5F7_4E84_16E_A00000_0_0_0.png,picons/16.0e/telekom-srbija/transparent/1_0_1_5F7_4E84_16E_A00000_0_0_0.png
SOURCE-REVIEW,SOURCE-PASS,"Visual/content triage: rectangular area is a coherent integral brand tile, badge or stripe; no separable unrelated raster/background was found.",aa2a949cff695b303a13716428c2113ed61f5c42b3058a67c01ca66451e41411,16.0e,telekom-srbija,1_0_1_6D_9F60_16E_A00000_0_0_0.png,picons/16.0e/telekom-srbija/transparent/1_0_1_6D_9F60_16E_A00000_0_0_0.png
SOURCE-REVIEW,SOURCE-PASS,"Visual/content triage: rectangular area is a coherent integral brand tile, badge or stripe; no separable unrelated raster/background was found.",77410c0bb9e6095f0d69d8f839710aa3dcee463fe03db57886262946fba912c5,16.0e,telekom-srbija,1_0_1_7A_9F60_16E_A00000_0_0_0.png,picons/16.0e/telekom-srbija/transparent/1_0_1_7A_9F60_16E_A00000_0_0_0.png
SOURCE-REVIEW,SOURCE-PASS,"Visual/content triage: rectangular area is a coherent integral brand tile, badge or stripe; no separable unrelated raster/background was found.",6add1606fca655618350058f9fe7a5c1c767af286cb2098f65d1810ef58a1cac,16.0e,total-tv,1_0_1_54E_75FB_16E_A00000_0_0_0.png,picons/16.0e/total-tv/transparent/1_0_1_54E_75FB_16E_A00000_0_0_0.png
SOURCE-REVIEW,SOURCE-PASS,"Visual/content triage: rectangular area is a coherent integral brand tile, badge or stripe; no separable unrelated raster/background was found.",4ff265e84435068ecbb666fa39d83703ec50f0a6d04290e6507386726bcdb14c,16.0e,total-tv,1_0_1_55C_75FB_16E_A00000_0_0_0.png,picons/16.0e/total-tv/transparent/1_0_1_55C_75FB_16E_A00000_0_0_0.png
SOURCE-REVIEW,SOURCE-PASS,"Visual/content triage: rectangular area is a coherent integral brand tile, badge or stripe; no separable unrelated raster/background was found.",e9027d8aecd02610d6e9aa2f9e44117a9875824a2ca38a7f331a82df89d1ca7e,16.0e,total-tv,1_0_1_5AF_75FC_16E_A00000_0_0_0.png,picons/16.0e/total-tv/transparent/1_0_1_5AF_75FC_16E_A00000_0_0_0.png
SOURCE-REVIEW,SOURCE-PASS,"Visual/content triage: rectangular area is a coherent integral brand tile, badge or stripe; no separable unrelated raster/background was found.",ee26e69b0d4d656b5b3ba2c41cf6b1f44be7e262a713ea3ab64976abe197cde3,19.2e,ab-sat,1_0_19_4286_446_1_C00000_0_0_0.png,picons/19.2e/ab-sat/transparent/1_0_19_4286_446_1_C00000_0_0_0.png
SOURCE-REVIEW,SOURCE-PASS,"Visual/content triage: rectangular area is a coherent integral brand tile, badge or stripe; no separable unrelated raster/background was found.",c9a4818784b0371ea8892a368da05111165268bffcdd8b9a9b80e15b5e79e773,19.2e,ab-sat,1_0_19_428E_446_1_C00000_0_0_0.png,picons/19.2e/ab-sat/transparent/1_0_19_428E_446_1_C00000_0_0_0.png
SOURCE-REVIEW,SOURCE-PASS,"Visual/content triage: rectangular area is a coherent integral brand tile, badge or stripe; no separable unrelated raster/background was found.",ddeeb1f5a9fbf6cf42e5e698942ecb2200a2dca34384b729a5be31e7ccbac734,19.2e,ab-sat,1_0_2_23CD_446_1_C00000_0_0_0.png,picons/19.2e/ab-sat/transparent/1_0_2_23CD_446_1_C00000_0_0_0.png
SOURCE-REVIEW,SOURCE-PASS,"Visual/content triage: rectangular area is a coherent integral brand tile, badge or stripe; no separable unrelated raster/background was found.",44d3f0d3e868cb61252ab57ceb26c3de5bdc174d4b55a00d25fe098b69bc69db,19.2e,ab-sat,1_0_2_23D0_446_1_C00000_0_0_0.png,picons/19.2e/ab-sat/transparent/1_0_2_23D0_446_1_C00000_0_0_0.png
SOURCE-REVIEW,SOURCE-PASS,"Visual/content triage: rectangular area is a coherent integral brand tile, badge or stripe; no separable unrelated raster/background was found.",a2797753afc9c38e1c1c1fe872fbcd93637ec0ffbe33a79074aeb4e96b5e3230,19.2e,ab-sat,1_0_2_23E2_446_1_C00000_0_0_0.png,picons/19.2e/ab-sat/transparent/1_0_2_23E2_446_1_C00000_0_0_0.png
SOURCE-REVIEW,SOURCE-PASS,"Visual/content triage: rectangular area is a coherent integral brand tile, badge or stripe; no separable unrelated raster/background was found.",84714b25dced1d16124db29306b7a52846e6b59eb4ba19d22581e68c74731ba2,19.2e,ard-ndr,1_0_A_28A4_40F_1_C00000_0_0_0.png,picons/19.2e/ard-ndr/transparent/1_0_A_28A4_40F_1_C00000_0_0_0.png
SOURCE-REVIEW,SOURCE-PASS,"Visual/content triage: rectangular area is a coherent integral brand tile, badge or stripe; no separable unrelated raster/background was found.",bb4e22c69a4f5618cb8ec358d3e06f0d0a15ab538eb008bda1b0163cb225875d,19.2e,ard-ndr,1_0_A_28A5_40F_1_C00000_0_0_0.png,picons/19.2e/ard-ndr/transparent/1_0_A_28A5_40F_1_C00000_0_0_0.png
SOURCE-REVIEW,SOURCE-PASS,"Visual/content triage: rectangular area is a coherent integral brand tile, badge or stripe; no separable unrelated raster/background was found.",00d6c8d90f36329a3a9084bbf7b78739a66c15544e30cbdcfc202e4c113fff78,19.2e,betadigital,1_0_2_A9_7_85_C00000_0_0_0.png,picons/19.2e/betadigital/transparent/1_0_2_A9_7_85_C00000_0_0_0.png
SOURCE-REVIEW,SOURCE-PASS,"Visual/content triage: rectangular area is a coherent integral brand tile, badge or stripe; no separable unrelated raster/background was found.",877ffebddf569417b115acd50ce365c2dd6733934f8507a62d01a8467c4684dd,19.2e,csat,1_0_19_206D_432_1_C00000_0_0_0.png,picons/19.2e/csat/transparent/1_0_19_206D_432_1_C00000_0_0_0.png
SOURCE-REVIEW,SOURCE-PASS,"Visual/content triage: rectangular area is a coherent integral brand tile, badge or stripe; no separable unrelated raster/background was found.",37b31a5487cf1f6ada7170dbf944f437b819fe0bc40c9c6009b3bce0b14f09e0,19.2e,csat,1_0_19_232C_442_1_C00000_0_0_0.png,picons/19.2e/csat/transparent/1_0_19_232C_442_1_C00000_0_0_0.png
SOURCE-REVIEW,SOURCE-PASS,"Visual/content triage: rectangular area is a coherent integral brand tile, badge or stripe; no separable unrelated raster/background was found.",f2ffa45000cbe8d1eaa817e978e0896ea5ab4df25068629858659699ebd747b0,19.2e,csat,1_0_19_2332_442_1_C00000_0_0_0.png,picons/19.2e/csat/transparent/1_0_19_2332_442_1_C00000_0_0_0.png
SOURCE-REVIEW,SOURCE-PASS,"Visual/content triage: rectangular area is a coherent integral brand tile, badge or stripe; no separable unrelated raster/background was found.",b176996acb15bd1970ddaebd2d09916ddad2460c20d2d012997de9093520e6b7,19.2e,csat,1_0_19_24C6_43C_1_C00000_0_0_0.png,picons/19.2e/csat/transparent/1_0_19_24C6_43C_1_C00000_0_0_0.png
SOURCE-REVIEW,SOURCE-PASS,"Visual/content triage: rectangular area is a coherent integral brand tile, badge or stripe; no separable unrelated raster/background was found.",ecd6b0b36bf11420867469097c373b39f316f2bbba4be68ded2f5d3334bd192e,19.2e,csat,1_0_19_2581_448_1_C00000_0_0_0.png,picons/19.2e/csat/transparent/1_0_19_2581_448_1_C00000_0_0_0.png
SOURCE-REVIEW,SOURCE-PASS,"Visual/content triage: rectangular area is a coherent integral brand tile, badge or stripe; no separable unrelated raster/background was found.",be8f5db81ed0609fc304c71ad7a19ec7eb84e5ff06dc373869dfa2af3002265d,19.2e,csat,1_0_19_271A_44C_1_C00000_0_0_0.png,picons/19.2e/csat/transparent/1_0_19_271A_44C_1_C00000_0_0_0.png
SOURCE-REVIEW,SOURCE-PASS,"Visual/content triage: rectangular area is a coherent integral brand tile, badge or stripe; no separable unrelated raster/background was found.",de5abe2ef0ec4a5ac3b46a7635d25ef90809a1415de559502effcd8bed83e406,19.2e,deutsche-welle,1_0_19_1647_42C_1_C00000_0_0_0.png,picons/19.2e/deutsche-welle/transparent/1_0_19_1647_42C_1_C00000_0_0_0.png
SOURCE-REVIEW,SOURCE-PASS,"Visual/content triage: rectangular area is a coherent integral brand tile, badge or stripe; no separable unrelated raster/background was found.",96f79279b79826c7cb9290deb0b6c09144db1e7735f327bb05a7d5e58b50cd92,19.2e,mb-satellite,1_0_2_3E8_1_1_C0ADAE_0_0_0.png,picons/19.2e/mb-satellite/transparent/1_0_2_3E8_1_1_C0ADAE_0_0_0.png
SOURCE-REVIEW,SOURCE-PASS,"Visual/content triage: rectangular area is a coherent integral brand tile, badge or stripe; no separable unrelated raster/background was found.",96f79279b79826c7cb9290deb0b6c09144db1e7735f327bb05a7d5e58b50cd92,19.2e,mb-satellite,1_0_2_7D0_1_1_C0ADAE_0_0_0.png,picons/19.2e/mb-satellite/transparent/1_0_2_7D0_1_1_C0ADAE_0_0_0.png
SOURCE-REVIEW,SOURCE-PASS,"Visual/content triage: rectangular area is a coherent integral brand tile, badge or stripe; no separable unrelated raster/background was found.",fb335bccbc2a22c373714abfc473e6cea924e28d701dd5732ae126d0462f82ca,19.2e,orf,1_0_19_1330_3EF_1_C00000_0_0_0.png,picons/19.2e/orf/transparent/1_0_19_1330_3EF_1_C00000_0_0_0.png
SOURCE-REVIEW,SOURCE-PASS,"Visual/content triage: rectangular area is a coherent integral brand tile, badge or stripe; no separable unrelated raster/background was found.",9e830d6dbb9679e700311d34fc812b5f8dd70e830e861cc251dd2cb77d099172,19.2e,orf,1_0_19_1334_3EF_1_C00000_0_0_0.png,picons/19.2e/orf/transparent/1_0_19_1334_3EF_1_C00000_0_0_0.png
SOURCE-REVIEW,SOURCE-PASS,"Visual/content triage: rectangular area is a coherent integral brand tile, badge or stripe; no separable unrelated raster/background was found.",609fc572cde4f7c01d4a8800ca27d2a8b3220bbb179498d20884a4dbab900d2b,19.2e,orf,1_0_19_33F5_3ED_1_C00000_0_0_0.png,picons/19.2e/orf/transparent/1_0_19_33F5_3ED_1_C00000_0_0_0.png
SOURCE-REVIEW,SOURCE-PASS,"Visual/content triage: rectangular area is a coherent integral brand tile, badge or stripe; no separable unrelated raster/background was found.",eff0e98fc0153d8ad73846678645eb2f1d75e3db2cdadd785809336f35d00b5b,19.2e,orf,1_0_19_33F6_3ED_1_C00000_0_0_0.png,picons/19.2e/orf/transparent/1_0_19_33F6_3ED_1_C00000_0_0_0.png
SOURCE-REVIEW,SOURCE-PASS,"Visual/content triage: rectangular area is a coherent integral brand tile, badge or stripe; no separable unrelated raster/background was found.",df33290e1e4671db3eb98fd86d4a82438025ac8794b2e1eb1112ccd0d9b4ef75,19.2e,orf,1_0_19_33F7_3ED_1_C00000_0_0_0.png,picons/19.2e/orf/transparent/1_0_19_33F7_3ED_1_C00000_0_0_0.png
SOURCE-REVIEW,SOURCE-PASS,"Visual/content triage: rectangular area is a coherent integral brand tile, badge or stripe; no separable unrelated raster/background was found.",8b8349c2bf9912ca2a332415df766bade550dc80fa9f9df78dd0a23cf33d5cb8,19.2e,orf,1_0_19_33F8_3ED_1_C00000_0_0_0.png,picons/19.2e/orf/transparent/1_0_19_33F8_3ED_1_C00000_0_0_0.png
SOURCE-REVIEW,SOURCE-PASS,"Visual/content triage: rectangular area is a coherent integral brand tile, badge or stripe; no separable unrelated raster/background was found.",50d79a9c49e9df273ce9b10bd96819b4e915675cbb9baaac377fcb963273f683,19.2e,orf,1_0_19_33F9_3ED_1_C00000_0_0_0.png,picons/19.2e/orf/transparent/1_0_19_33F9_3ED_1_C00000_0_0_0.png
SOURCE-REVIEW,SOURCE-PASS,"Visual/content triage: rectangular area is a coherent integral brand tile, badge or stripe; no separable unrelated raster/background was found.",840cc73ea6036719fdabe89761a5f6e5ae6ca3204fd67a0c18691cd88f59b984,19.2e,orf,1_0_19_33FA_3ED_1_C00000_0_0_0.png,picons/19.2e/orf/transparent/1_0_19_33FA_3ED_1_C00000_0_0_0.png
SOURCE-REVIEW,SOURCE-PASS,"Visual/content triage: rectangular area is a coherent integral brand tile, badge or stripe; no separable unrelated raster/background was found.",34c4c765a7e1f958049c2d13b37f24aa0280778a68a04c5db9250764d7c35bb3,19.2e,orf,1_0_19_33FB_3ED_1_C00000_0_0_0.png,picons/19.2e/orf/transparent/1_0_19_33FB_3ED_1_C00000_0_0_0.png
SOURCE-REVIEW,SOURCE-PASS,"Visual/content triage: rectangular area is a coherent integral brand tile, badge or stripe; no separable unrelated raster/background was found.",1ff8e053ec40773a7c7e1b36e08c0d5ec7f916adc0ac62ec8423a3dd6512a079,19.2e,orf,1_0_A_134E_3EF_1_C00000_0_0_0.png,picons/19.2e/orf/transparent/1_0_A_134E_3EF_1_C00000_0_0_0.png
SOURCE-REVIEW,SOURCE-PASS,"Visual/content triage: rectangular area is a coherent integral brand tile, badge or stripe; no separable unrelated raster/background was found.",1c430752fc68aa7d9bfc767e0484c5f81457bc39b2b22ec52d3ec9f4c445e2e6,19.2e,orf,1_0_A_1352_3EF_1_C00000_0_0_0.png,picons/19.2e/orf/transparent/1_0_A_1352_3EF_1_C00000_0_0_0.png
SOURCE-REVIEW,SOURCE-PASS,"Visual/content triage: rectangular area is a coherent integral brand tile, badge or stripe; no separable unrelated raster/background was found.",bc721f7e101086fd1c49c6bd2ab4751b637dfe38fc5dc545deb4c6ee5580d190,19.2e,orf,1_0_A_1354_3EF_1_C00000_0_0_0.png,picons/19.2e/orf/transparent/1_0_A_1354_3EF_1_C00000_0_0_0.png
SOURCE-REVIEW,SOURCE-PASS,"Visual/content triage: rectangular area is a coherent integral brand tile, badge or stripe; no separable unrelated raster/background was found.",aa06410822db9667518634c38e6bf1afea818c46601936351bde152a84a9e6f5,19.2e,prosiebensat-1,1_0_1_445E_453_1_C00000_0_0_0.png,picons/19.2e/prosiebensat-1/transparent/1_0_1_445E_453_1_C00000_0_0_0.png
SOURCE-REVIEW,SOURCE-PASS,"Visual/content triage: rectangular area is a coherent integral brand tile, badge or stripe; no separable unrelated raster/background was found.",e411e0c943fdfea5031f6cb7a73711ceaa685d488545be70da800f7887263b40,19.2e,prosiebensat-1,1_0_1_4E27_43A_1_C00000_0_0_0.png,picons/19.2e/prosiebensat-1/transparent/1_0_1_4E27_43A_1_C00000_0_0_0.png
SOURCE-REVIEW,SOURCE-PASS,"Visual/content triage: rectangular area is a coherent integral brand tile, badge or stripe; no separable unrelated raster/background was found.",cbfca515f1e91094489d479d6e6655956a2eb4783f4ba9a6fc20cb5b7d446bba,19.2e,rtl-deutschland,1_0_1_2F3A_441_1_C00000_0_0_0.png,picons/19.2e/rtl-deutschland/transparent/1_0_1_2F3A_441_1_C00000_0_0_0.png
SOURCE-REVIEW,SOURCE-PASS,"Visual/content triage: rectangular area is a coherent integral brand tile, badge or stripe; no separable unrelated raster/background was found.",758e32bd5b760e949c4a01c6b1b943a21f91110f5496d27547333c7f3e540fe1,19.2e,zdfvision,1_0_2_2BB6_3F3_1_C00000_0_0_0.png,picons/19.2e/zdfvision/transparent/1_0_2_2BB6_3F3_1_C00000_0_0_0.png
SOURCE-REVIEW,SOURCE-PASS,"Visual/content triage: rectangular area is a coherent integral brand tile, badge or stripe; no separable unrelated raster/background was found.",600f36235ad74848aa99cc1fe2292e3845c899383ffe43ebc3cf3501e3528b6e,19.2e,zdfvision,1_0_2_2BB7_3F3_1_C00000_0_0_0.png,picons/19.2e/zdfvision/transparent/1_0_2_2BB7_3F3_1_C00000_0_0_0.png
SOURCE-REVIEW,SOURCE-PASS,"Visual/content triage: rectangular area is a coherent integral brand tile, badge or stripe; no separable unrelated raster/background was found.",675ec0cb3e3f2c86709d84ec852603541dbf95ce900443f65bfd8be05a6cd0ef,19.2e,zdfvision,1_0_2_2BB8_3F3_1_C00000_0_0_0.png,picons/19.2e/zdfvision/transparent/1_0_2_2BB8_3F3_1_C00000_0_0_0.png
SOURCE-REVIEW,SOURCE-PASS,"Visual/content triage: rectangular area is a coherent integral brand tile, badge or stripe; no separable unrelated raster/background was found.",170673e83da989db74db47869a50a34b115deacc4008f883b5af2b415c6bbf2a,23.5e,m7-group,1_0_16_524F_C99_3_EB0000_0_0_0.png,picons/23.5e/m7-group/transparent/1_0_16_524F_C99_3_EB0000_0_0_0.png
SOURCE-REVIEW,SOURCE-PASS,"Visual/content triage: rectangular area is a coherent integral brand tile, badge or stripe; no separable unrelated raster/background was found.",78b18c40c763b9683926e524f3abe6a7846d53742d21c6e1ccff036215efcfad,23.5e,m7-group,1_0_2_1831_C82_3_EB0000_0_0_0.png,picons/23.5e/m7-group/transparent/1_0_2_1831_C82_3_EB0000_0_0_0.png
SOURCE-REVIEW,SOURCE-PASS,"Visual/content triage: rectangular area is a coherent integral brand tile, badge or stripe; no separable unrelated raster/background was found.",0654744167ddf3ed2975a41b82d3abbd7a6ec6a4b28417d31a2ef3f9bd8b89c4,23.5e,skylink,1_0_1_139D_3EA_1_C00000_0_0_0.png,picons/23.5e/skylink/transparent/1_0_1_139D_3EA_1_C00000_0_0_0.png
SOURCE-REVIEW,SOURCE-PASS,"Visual/content triage: rectangular area is a coherent integral brand tile, badge or stripe; no separable unrelated raster/background was found.",de5abe2ef0ec4a5ac3b46a7635d25ef90809a1415de559502effcd8bed83e406,23.5e,skylink,1_0_1_1647_42C_1_C00000_0_0_0.png,picons/23.5e/skylink/transparent/1_0_1_1647_42C_1_C00000_0_0_0.png
SOURCE-REVIEW,SOURCE-PASS,"Visual/content triage: rectangular area is a coherent integral brand tile, badge or stripe; no separable unrelated raster/background was found.",943fca10d71a248b38841307db80c2b313fc071b72470fed92973343581b9edf,23.5e,skylink,1_0_1_17E8_C82_3_EB0000_0_0_0.png,picons/23.5e/skylink/transparent/1_0_1_17E8_C82_3_EB0000_0_0_0.png
SOURCE-REVIEW,SOURCE-PASS,"Visual/content triage: rectangular area is a coherent integral brand tile, badge or stripe; no separable unrelated raster/background was found.",e3b7fef33fba0877f8934b318671f66e13f3bc1b18de008c5c1473a5ce8610ee,23.5e,skylink,1_0_1_1AF9_3FE_1_C00000_0_0_0.png,picons/23.5e/skylink/transparent/1_0_1_1AF9_3FE_1_C00000_0_0_0.png
SOURCE-REVIEW,SOURCE-PASS,"Visual/content triage: rectangular area is a coherent integral brand tile, badge or stripe; no separable unrelated raster/background was found.",8e03bb20e773a00335655288e8b05f65b58661397cec5524009cffe5c8a3b9a0,23.5e,skylink,1_0_1_1AFA_3FE_1_C00000_0_0_0.png,picons/23.5e/skylink/transparent/1_0_1_1AFA_3FE_1_C00000_0_0_0.png
SOURCE-REVIEW,SOURCE-PASS,"Visual/content triage: rectangular area is a coherent integral brand tile, badge or stripe; no separable unrelated raster/background was found.",cbfca515f1e91094489d479d6e6655956a2eb4783f4ba9a6fc20cb5b7d446bba,23.5e,skylink,1_0_1_2F3A_441_1_C00000_0_0_0.png,picons/23.5e/skylink/transparent/1_0_1_2F3A_441_1_C00000_0_0_0.png
SOURCE-REVIEW,SOURCE-PASS,"Visual/content triage: rectangular area is a coherent integral brand tile, badge or stripe; no separable unrelated raster/background was found.",365806ac3755d947da64f555413e49a4649fe3d4ac1bc8ccb9a578db170dc4e9,23.5e,skylink,1_0_1_3733_C8E_3_EB0000_0_0_0.png,picons/23.5e/skylink/transparent/1_0_1_3733_C8E_3_EB0000_0_0_0.png
SOURCE-REVIEW,SOURCE-PASS,"Visual/content triage: rectangular area is a coherent integral brand tile, badge or stripe; no separable unrelated raster/background was found.",aa06410822db9667518634c38e6bf1afea818c46601936351bde152a84a9e6f5,23.5e,skylink,1_0_1_445E_453_1_C00000_0_0_0.png,picons/23.5e/skylink/transparent/1_0_1_445E_453_1_C00000_0_0_0.png
SOURCE-REVIEW,SOURCE-PASS,"Visual/content triage: rectangular area is a coherent integral brand tile, badge or stripe; no separable unrelated raster/background was found.",126253a6c421f8936655c267b99a7795eb0c2a7f472f4a9c6518855faa4eb455,23.5e,telekom-srbija,1_0_1_4E43_C9C_3_EB0000_0_0_0.png,picons/23.5e/telekom-srbija/transparent/1_0_1_4E43_C9C_3_EB0000_0_0_0.png
SOURCE-REVIEW,SOURCE-PASS,"Visual/content triage: rectangular area is a coherent integral brand tile, badge or stripe; no separable unrelated raster/background was found.",11cf5023b11e132357ce6a2674b49eb2187c82b89c5517b662d438fba42f0b34,23.5e,telekom-srbija,1_0_1_4E4E_CA7_3_EB0000_0_0_0.png,picons/23.5e/telekom-srbija/transparent/1_0_1_4E4E_CA7_3_EB0000_0_0_0.png
SOURCE-REVIEW,SOURCE-PASS,"Visual/content triage: rectangular area is a coherent integral brand tile, badge or stripe; no separable unrelated raster/background was found.",9cbd336f0326ed8885c257e1a52116dd4fac90ba431390d8648f3046108f5286,23.5e,telekom-srbija,1_0_1_4E52_CA7_3_EB0000_0_0_0.png,picons/23.5e/telekom-srbija/transparent/1_0_1_4E52_CA7_3_EB0000_0_0_0.png
SOURCE-REVIEW,SOURCE-PASS,"Visual/content triage: rectangular area is a coherent integral brand tile, badge or stripe; no separable unrelated raster/background was found.",6e51d9c03a5e16e63715de61336518bddc7aac79c87218ad941131a5d96f1d09,23.5e,telekom-srbija,1_0_1_4E57_CA6_3_EB0000_0_0_0.png,picons/23.5e/telekom-srbija/transparent/1_0_1_4E57_CA6_3_EB0000_0_0_0.png
SOURCE-REVIEW,SOURCE-PASS,"Visual/content triage: rectangular area is a coherent integral brand tile, badge or stripe; no separable unrelated raster/background was found.",be9373fa1aba78aa44af6f53f051f7f00a0a229d983beb352a4bee5fdb658da1,23.5e,telekom-srbija,1_0_1_4E6B_CA5_3_EB0000_0_0_0.png,picons/23.5e/telekom-srbija/transparent/1_0_1_4E6B_CA5_3_EB0000_0_0_0.png
SOURCE-REVIEW,SOURCE-PASS,"Visual/content triage: rectangular area is a coherent integral brand tile, badge or stripe; no separable unrelated raster/background was found.",aec08b540e7c0da12d959288e7e7f476cd61d014ed6cdc1e07038139eea4c101,23.5e,telekom-srbija,1_0_1_4E78_CA8_3_EB0000_0_0_0.png,picons/23.5e/telekom-srbija/transparent/1_0_1_4E78_CA8_3_EB0000_0_0_0.png
SOURCE-REVIEW,SOURCE-PASS,"Visual/content triage: rectangular area is a coherent integral brand tile, badge or stripe; no separable unrelated raster/background was found.",cb8da1d84728f637acccfd60cb5133b6bc556c8feabd164ce83137765900ea7e,23.5e,telekom-srbija,1_0_1_4E9A_C9F_3_EB0000_0_0_0.png,picons/23.5e/telekom-srbija/transparent/1_0_1_4E9A_C9F_3_EB0000_0_0_0.png
SOURCE-REVIEW,SOURCE-PASS,"Visual/content triage: rectangular area is a coherent integral brand tile, badge or stripe; no separable unrelated raster/background was found.",13db0741f1c4388676d70d9a53ec19b6e62cbd50a4e1b29e10759dfdc612ddfd,23.5e,telekom-srbija,1_0_1_4EAB_CA6_3_EB0000_0_0_0.png,picons/23.5e/telekom-srbija/transparent/1_0_1_4EAB_CA6_3_EB0000_0_0_0.png
SOURCE-REVIEW,SOURCE-PASS,"Visual/content triage: rectangular area is a coherent integral brand tile, badge or stripe; no separable unrelated raster/background was found.",def781cb9a4ff13b3119b6ad0d528501f113e590b8e1a8e58c495b03dc179762,23.5e,telekom-srbija,1_0_1_4EBB_C9F_3_EB0000_0_0_0.png,picons/23.5e/telekom-srbija/transparent/1_0_1_4EBB_C9F_3_EB0000_0_0_0.png
SOURCE-REVIEW,SOURCE-PASS,"Visual/content triage: rectangular area is a coherent integral brand tile, badge or stripe; no separable unrelated raster/background was found.",f7581fa23e8c9710737bd0745ace61bb6f8c9fa23c3d31ea4cb7ac7fcc98ddea,23.5e,telekom-srbija,1_0_1_4EC3_CA4_3_EB0000_0_0_0.png,picons/23.5e/telekom-srbija/transparent/1_0_1_4EC3_CA4_3_EB0000_0_0_0.png
SOURCE-REVIEW,SOURCE-PASS,"Visual/content triage: rectangular area is a coherent integral brand tile, badge or stripe; no separable unrelated raster/background was found.",6295aa0913c5b4a8d7f86a42d459b0caa3537f9d2d4e995e517a338c815b23a4,23.5e,telekom-srbija,1_0_1_4EEC_CA8_3_EB0000_0_0_0.png,picons/23.5e/telekom-srbija/transparent/1_0_1_4EEC_CA8_3_EB0000_0_0_0.png
SOURCE-REVIEW,SOURCE-PASS,"Visual/content triage: rectangular area is a coherent integral brand tile, badge or stripe; no separable unrelated raster/background was found.",a4b0bc3b1ae4b8750fee26c8cd594eb8715b46d6b882be9a733364e641fd28c5,23.5e,telekom-srbija,1_0_1_4EFB_CA5_3_EB0000_0_0_0.png,picons/23.5e/telekom-srbija/transparent/1_0_1_4EFB_CA5_3_EB0000_0_0_0.png
SOURCE-REVIEW,SOURCE-PASS,"Visual/content triage: rectangular area is a coherent integral brand tile, badge or stripe; no separable unrelated raster/background was found.",9f0f4e589163222ddc1465b8f7a3954274c00a2f07c7d8e419b06748e3807b7f,23.5e,telekom-srbija,1_0_1_4F02_C9F_3_EB0000_0_0_0.png,picons/23.5e/telekom-srbija/transparent/1_0_1_4F02_C9F_3_EB0000_0_0_0.png
SOURCE-REVIEW,SOURCE-PASS,"Visual/content triage: rectangular area is a coherent integral brand tile, badge or stripe; no separable unrelated raster/background was found.",a571f77d32c8e570ed42ba77810d3fa6f48351ed948acfa8572bc5a6d5401daf,23.5e,telekom-srbija,1_0_1_4F06_CA5_3_EB0000_0_0_0.png,picons/23.5e/telekom-srbija/transparent/1_0_1_4F06_CA5_3_EB0000_0_0_0.png
SOURCE-REVIEW,SOURCE-PASS,"Visual/content triage: rectangular area is a coherent integral brand tile, badge or stripe; no separable unrelated raster/background was found.",7993330d5030db00c175cc4abfec5ec09ccd555865b84b8c0c9d7ce01691df3f,23.5e,telekom-srbija,1_0_1_4F10_C9C_3_EB0000_0_0_0.png,picons/23.5e/telekom-srbija/transparent/1_0_1_4F10_C9C_3_EB0000_0_0_0.png
SOURCE-REVIEW,SOURCE-PASS,"Visual/content triage: rectangular area is a coherent integral brand tile, badge or stripe; no separable unrelated raster/background was found.",d1fd280d1a7e7444df74d1b0eb69044a5c4ba6627a9beea13f8eab91a6366e30,23.5e,telekom-srbija,1_0_1_4F3D_C9F_3_EB0000_0_0_0.png,picons/23.5e/telekom-srbija/transparent/1_0_1_4F3D_C9F_3_EB0000_0_0_0.png
SOURCE-REVIEW,SOURCE-PASS,"Visual/content triage: rectangular area is a coherent integral brand tile, badge or stripe; no separable unrelated raster/background was found.",8a300a0933cdac4dbe423de3be102a767f39a268682f11394de0409ee5826253,26.0e,eshailsat,1_0_2_5024_802_E0_1040000_0_0_0.png,picons/26.0e/eshailsat/transparent/1_0_2_5024_802_E0_1040000_0_0_0.png
SOURCE-REVIEW,SOURCE-PASS,"Visual/content triage: rectangular area is a coherent integral brand tile, badge or stripe; no separable unrelated raster/background was found.",365ab6866203e3b2af2447914f3aa5a7d851fd4a4fa857d00d30d82e02acc96f,26.0e,jmc,1_0_1_73A_1FA_2BE_1040000_0_0_0.png,picons/26.0e/jmc/transparent/1_0_1_73A_1FA_2BE_1040000_0_0_0.png
SOURCE-REVIEW,SOURCE-PASS,"Visual/content triage: rectangular area is a coherent integral brand tile, badge or stripe; no separable unrelated raster/background was found.",a418ecb207cfc23b415a4f7d082effd09d70d9a491133f9a8f2bd4d915b84d88,26.0e,mbc,1_0_1_B_146E_2BE_1040000_0_0_0.png,picons/26.0e/mbc/transparent/1_0_1_B_146E_2BE_1040000_0_0_0.png
SOURCE-REVIEW,SOURCE-PASS,"Visual/content triage: rectangular area is a coherent integral brand tile, badge or stripe; no separable unrelated raster/background was found.",e4595550f56894276b5323f1294f9afc4d75f22fcc05866f31ca000362330096,26.0e,nilesat,1_0_19_5147_820_E0_1040000_0_0_0.png,picons/26.0e/nilesat/transparent/1_0_19_5147_820_E0_1040000_0_0_0.png
SOURCE-REVIEW,SOURCE-PASS,"Visual/content triage: rectangular area is a coherent integral brand tile, badge or stripe; no separable unrelated raster/background was found.",1cd1eec9ef85d7738b0a1683ebb9bf6e3a98bce3fcba82cf5ce4888c4104796a,26.0e,snrt,1_0_1_2_1_1_104ABAC_0_0_0.png,picons/26.0e/snrt/transparent/1_0_1_2_1_1_104ABAC_0_0_0.png
SOURCE-REVIEW,SOURCE-PASS,"Visual/content triage: rectangular area is a coherent integral brand tile, badge or stripe; no separable unrelated raster/background was found.",6e18b4f3935914baae8961e79d695a71fec170c0113c7bee08aa682f06f009ae,26.0e,soread-2m,1_0_1_10_146F_2BE_1040000_0_0_0.png,picons/26.0e/soread-2m/transparent/1_0_1_10_146F_2BE_1040000_0_0_0.png
SOURCE-REVIEW,SOURCE-PASS,"Visual/content triage: rectangular area is a coherent integral brand tile, badge or stripe; no separable unrelated raster/background was found.",8a300a0933cdac4dbe423de3be102a767f39a268682f11394de0409ee5826253,26.0e,tda,1_0_2_14_2_FFFF_104B0EB_0_0_0.png,picons/26.0e/tda/transparent/1_0_2_14_2_FFFF_104B0EB_0_0_0.png
SOURCE-REVIEW,SOURCE-PASS,"Visual/content triage: rectangular area is a coherent integral brand tile, badge or stripe; no separable unrelated raster/background was found.",52c303a9b2e236c7c24e47cd692e9513996fb871c81f2cdd0933c3d2d7a33b1e,28.2e,bskyb,1_0_19_1792_7F2_2_11A0000_0_0_0.png,picons/28.2e/bskyb/transparent/1_0_19_1792_7F2_2_11A0000_0_0_0.png
SOURCE-REVIEW,SOURCE-PASS,"Visual/content triage: rectangular area is a coherent integral brand tile, badge or stripe; no separable unrelated raster/background was found.",2619270e8d549bcf0d5d5e2fb7ab89817473be37f86af1c90fd06a0c3546839b,28.2e,bskyb,1_0_19_C530_813_2_11A0000_0_0_0.png,picons/28.2e/bskyb/transparent/1_0_19_C530_813_2_11A0000_0_0_0.png
SOURCE-REVIEW,SOURCE-PASS,"Visual/content triage: rectangular area is a coherent integral brand tile, badge or stripe; no separable unrelated raster/background was found.",04af6c84bf6c5da2ef7e13cb70b1f36d87b8131864d3b283c9d76656f92ddd8a,28.2e,bskyb,1_0_1_1DC1_82D_2_11A0000_0_0_0.png,picons/28.2e/bskyb/transparent/1_0_1_1DC1_82D_2_11A0000_0_0_0.png
SOURCE-REVIEW,SOURCE-PASS,"Visual/content triage: rectangular area is a coherent integral brand tile, badge or stripe; no separable unrelated raster/background was found.",abd372f188e1a11a11936477abea9be62714d7e63aa529255e4a326eb7b143c9,28.2e,bskyb,1_0_1_CF9C_83A_2_11A0000_0_0_0.png,picons/28.2e/bskyb/transparent/1_0_1_CF9C_83A_2_11A0000_0_0_0.png
SOURCE-REVIEW,SOURCE-PASS,"Visual/content triage: rectangular area is a coherent integral brand tile, badge or stripe; no separable unrelated raster/background was found.",a0bcd5eeb60767bd16ec6d3d09ccd8146d7448204a7d3dcf2e7789bc027f3b99,28.2e,bskyb,1_0_1_D3C2_839_2_11A0000_0_0_0.png,picons/28.2e/bskyb/transparent/1_0_1_D3C2_839_2_11A0000_0_0_0.png
SOURCE-REVIEW,SOURCE-PASS,"Visual/content triage: rectangular area is a coherent integral brand tile, badge or stripe; no separable unrelated raster/background was found.",5dc3e04f5b0c805d00ecd8d6f700aea221c6e01fc1406b9056fe899243454c5f,28.2e,bskyb,1_0_1_D3CD_839_2_11A0000_0_0_0.png,picons/28.2e/bskyb/transparent/1_0_1_D3CD_839_2_11A0000_0_0_0.png
SOURCE-REVIEW,SOURCE-PASS,"Visual/content triage: rectangular area is a coherent integral brand tile, badge or stripe; no separable unrelated raster/background was found.",3af3dea6407c54228db45ccb1213518ebb9b1c2c0b1a6957123f501460ee6585,28.2e,bskyb,1_0_1_D748_82F_2_11A0000_0_0_0.png,picons/28.2e/bskyb/transparent/1_0_1_D748_82F_2_11A0000_0_0_0.png
SOURCE-REVIEW,SOURCE-PASS,"Visual/content triage: rectangular area is a coherent integral brand tile, badge or stripe; no separable unrelated raster/background was found.",5a700e92666fb2a24a93fe859bbeaa0db1763d3f869072638b1185f883bbce1d,28.2e,bskyb,1_0_1_D78D_82F_2_11A0000_0_0_0.png,picons/28.2e/bskyb/transparent/1_0_1_D78D_82F_2_11A0000_0_0_0.png
SOURCE-REVIEW,SOURCE-PASS,"Visual/content triage: rectangular area is a coherent integral brand tile, badge or stripe; no separable unrelated raster/background was found.",0e5dbd083ceabfe101c6f66a323e26774de714b0f9921a36f8f33a2f30253f97,28.2e,bskyb,1_0_1_D791_82F_2_11A0000_0_0_0.png,picons/28.2e/bskyb/transparent/1_0_1_D791_82F_2_11A0000_0_0_0.png
SOURCE-REVIEW,SOURCE-PASS,"Visual/content triage: rectangular area is a coherent integral brand tile, badge or stripe; no separable unrelated raster/background was found.",9a540dac30add4f48c82cb9fecafa32048b0bc5834668be0b7bbc8755245300a,28.2e,bskyb,1_0_1_D86C_82C_2_11A0000_0_0_0.png,picons/28.2e/bskyb/transparent/1_0_1_D86C_82C_2_11A0000_0_0_0.png
SOURCE-REVIEW,SOURCE-PASS,"Visual/content triage: rectangular area is a coherent integral brand tile, badge or stripe; no separable unrelated raster/background was found.",1cd1eec9ef85d7738b0a1683ebb9bf6e3a98bce3fcba82cf5ce4888c4104796a,3.0e,soread-2m,1_0_1_67_1_1_1E2D88_0_0_0.png,picons/3.0e/soread-2m/transparent/1_0_1_67_1_1_1E2D88_0_0_0.png
SOURCE-REVIEW,SOURCE-PASS,"Visual/content triage: rectangular area is a coherent integral brand tile, badge or stripe; no separable unrelated raster/background was found.",845204a4b0daaed51309ae3b3a9d98f01ab1b64d22939290f9ece02b392c8438,30.0w,cnn-portugal,1_0_1_9C_65_53_CE40000_0_0_0.png,picons/30.0w/cnn-portugal/transparent/1_0_1_9C_65_53_CE40000_0_0_0.png
SOURCE-REVIEW,SOURCE-PASS,"Visual/content triage: rectangular area is a coherent integral brand tile, badge or stripe; no separable unrelated raster/background was found.",a26499ca8b50746c57800260b11522773b817e5f5e844cbb99377431c59ead06,30.0w,jose-mederos,1_0_1_1_1_FFFF_CE43140_0_0_0.png,picons/30.0w/jose-mederos/transparent/1_0_1_1_1_FFFF_CE43140_0_0_0.png
SOURCE-REVIEW,SOURCE-PASS,"Visual/content triage: rectangular area is a coherent integral brand tile, badge or stripe; no separable unrelated raster/background was found.",2991a60c9183f97a715567e1e386f3f0e985fb6494c246e91f090ed4bb02ea8f,30.0w,sid-fuel-tv,1_0_1_329_2F_36_CE40000_0_0_0.png,picons/30.0w/sid-fuel-tv/transparent/1_0_1_329_2F_36_CE40000_0_0_0.png
SOURCE-REVIEW,SOURCE-PASS,"Visual/content triage: rectangular area is a coherent integral brand tile, badge or stripe; no separable unrelated raster/background was found.",a80928f685e3274870fd3cbe44d62b27eadadf3a4dc2ce314b4115dd509f1759,30.0w,trace-toca,1_0_1_327_2F_36_CE40000_0_0_0.png,picons/30.0w/trace-toca/transparent/1_0_1_327_2F_36_CE40000_0_0_0.png
SOURCE-REVIEW,SOURCE-PASS,"Visual/content triage: rectangular area is a coherent integral brand tile, badge or stripe; no separable unrelated raster/background was found.",de5abe2ef0ec4a5ac3b46a7635d25ef90809a1415de559502effcd8bed83e406,30.0w,tsa,1_0_1_834_6_6_CE40000_0_0_0.png,picons/30.0w/tsa/transparent/1_0_1_834_6_6_CE40000_0_0_0.png
SOURCE-REVIEW,SOURCE-PASS,"Visual/content triage: rectangular area is a coherent integral brand tile, badge or stripe; no separable unrelated raster/background was found.",6e18b4f3935914baae8961e79d695a71fec170c0113c7bee08aa682f06f009ae,30.5e,soread-2m,1_0_1_1_1_FFFF_1312B86_0_0_0.png,picons/30.5e/soread-2m/transparent/1_0_1_1_1_FFFF_1312B86_0_0_0.png
SOURCE-REVIEW,SOURCE-PASS,"Visual/content triage: rectangular area is a coherent integral brand tile, badge or stripe; no separable unrelated raster/background was found.",6c18930b691bd4a88b84ac6f97b24fc98b9e19a06c4071f7e4632161dc937af0,39.0e,a1-bg,1_0_1F_85_B1_39E_1860000_0_0_0.png,picons/39.0e/a1-bg/transparent/1_0_1F_85_B1_39E_1860000_0_0_0.png
SOURCE-REVIEW,SOURCE-PASS,"Visual/content triage: rectangular area is a coherent integral brand tile, badge or stripe; no separable unrelated raster/background was found.",8a9df8b140278cbabb9c1c4721cf06de6aa3770863377b2a95471a8e31b275c9,39.0e,a1-bg,1_0_1F_90_B1_39E_1860000_0_0_0.png,picons/39.0e/a1-bg/transparent/1_0_1F_90_B1_39E_1860000_0_0_0.png
SOURCE-REVIEW,SOURCE-PASS,"Visual/content triage: rectangular area is a coherent integral brand tile, badge or stripe; no separable unrelated raster/background was found.",33fef6416d1708545b90ba3184b95233f63afdbe3dbdc1b9f88d3f002b9df2b2,39.0e,bulsatcom,1_0_16_3F2_1_1_1862FEF_0_0_0.png,picons/39.0e/bulsatcom/transparent/1_0_16_3F2_1_1_1862FEF_0_0_0.png
SOURCE-REVIEW,SOURCE-PASS,"Visual/content triage: rectangular area is a coherent integral brand tile, badge or stripe; no separable unrelated raster/background was found.",4e10619e4b3e84e8d24678122f61729fb22f70bf3dc5d2b66d3bd9fcb32b32c3,39.0e,hellassat,1_0_1_D_2_20C4_1860000_0_0_0.png,picons/39.0e/hellassat/transparent/1_0_1_D_2_20C4_1860000_0_0_0.png
SOURCE-REVIEW,SOURCE-PASS,"Visual/content triage: rectangular area is a coherent integral brand tile, badge or stripe; no separable unrelated raster/background was found.",9e30af551c95cbdb4f1baeae67beed1ee85d49169550f0adba40e29b1132ad46,39.0e,tring,1_0_1_6AE_3FC_39E_1860000_0_0_0.png,picons/39.0e/tring/transparent/1_0_1_6AE_3FC_39E_1860000_0_0_0.png
SOURCE-REVIEW,SOURCE-PASS,"Visual/content triage: rectangular area is a coherent integral brand tile, badge or stripe; no separable unrelated raster/background was found.",5dda1a5ba5af07af87afdf9f143690b41855d5968b39f2387b2b803cc40a2121,39.0e,tring-tv,1_0_1_1194_3FC_39E_1860000_0_0_0.png,picons/39.0e/tring-tv/transparent/1_0_1_1194_3FC_39E_1860000_0_0_0.png
SOURCE-REVIEW,SOURCE-PASS,"Visual/content triage: rectangular area is a coherent integral brand tile, badge or stripe; no separable unrelated raster/background was found.",0b71ee7690814b699a8148713db8b5bca227e314b1d9b6fc8266302805efd33d,39.0e,tring-tv,1_0_1_1874_3FC_39E_1860000_0_0_0.png,picons/39.0e/tring-tv/transparent/1_0_1_1874_3FC_39E_1860000_0_0_0.png
SOURCE-REVIEW,SOURCE-PASS,"Visual/content triage: rectangular area is a coherent integral brand tile, badge or stripe; no separable unrelated raster/background was found.",2311629853446f6b3f916e0c8ef2ff650fc6951da2365ca244f885aeb70a316b,39.0e,tring-tv,1_0_1_4BA_3F2_39E_1860000_0_0_0.png,picons/39.0e/tring-tv/transparent/1_0_1_4BA_3F2_39E_1860000_0_0_0.png
SOURCE-REVIEW,SOURCE-PASS,"Visual/content triage: rectangular area is a coherent integral brand tile, badge or stripe; no separable unrelated raster/background was found.",2926db210f6f97a882af14adc66a13ea6214b2414e4d750cef60122f0f7518c4,39.0e,tring-tv,1_0_1_7DA_3F2_39E_1860000_0_0_0.png,picons/39.0e/tring-tv/transparent/1_0_1_7DA_3F2_39E_1860000_0_0_0.png
SOURCE-REVIEW,SOURCE-PASS,"Visual/content triage: rectangular area is a coherent integral brand tile, badge or stripe; no separable unrelated raster/background was found.",008b68974de9be5ad6e78745baa571c52b76708fdb85118a16ea7eaf8f4dfacf,39.0e,tring-tv,1_0_1_8A2_3F2_39E_1860000_0_0_0.png,picons/39.0e/tring-tv/transparent/1_0_1_8A2_3F2_39E_1860000_0_0_0.png
SOURCE-REVIEW,SOURCE-PASS,"Visual/content triage: rectangular area is a coherent integral brand tile, badge or stripe; no separable unrelated raster/background was found.",f5198592436e441b1301b94943300b8e865ad162f3fb0cce953322d8ade839c0,39.0e,tring-tv,1_0_1_8D4_3F2_39E_1860000_0_0_0.png,picons/39.0e/tring-tv/transparent/1_0_1_8D4_3F2_39E_1860000_0_0_0.png
SOURCE-REVIEW,SOURCE-PASS,"Visual/content triage: rectangular area is a coherent integral brand tile, badge or stripe; no separable unrelated raster/background was found.",ab0ff99d8f60c2b8ff4e6bb98be1313035d72f2df2399b9e27c8d7ca0c5d2a3d,39.0e,tring-tv,1_0_1_938_3F2_39E_1860000_0_0_0.png,picons/39.0e/tring-tv/transparent/1_0_1_938_3F2_39E_1860000_0_0_0.png
SOURCE-REVIEW,SOURCE-PASS,"Visual/content triage: rectangular area is a coherent integral brand tile, badge or stripe; no separable unrelated raster/background was found.",162f7580ded97979b49688d9b3d504820b535045fa9bac5e005c1f8bad24fa16,39.0e,tring-tv,1_0_1_96A_3F2_39E_1860000_0_0_0.png,picons/39.0e/tring-tv/transparent/1_0_1_96A_3F2_39E_1860000_0_0_0.png
SOURCE-REVIEW,SOURCE-PASS,"Visual/content triage: rectangular area is a coherent integral brand tile, badge or stripe; no separable unrelated raster/background was found.",11f1259620c12a20002f2598532e38c70e4c5a3bc79ffd3cfee880e04280571f,39.0e,tring-tv,1_0_1_99C_3F2_39E_1860000_0_0_0.png,picons/39.0e/tring-tv/transparent/1_0_1_99C_3F2_39E_1860000_0_0_0.png
SOURCE-REVIEW,SOURCE-PASS,"Visual/content triage: rectangular area is a coherent integral brand tile, badge or stripe; no separable unrelated raster/background was found.",50b810ed2fb48ffe28a0de12df0a2e2e24c9db0c79428f21dcf64547ffb24cba,39.0e,tring-tv,1_0_1_9CE_3FC_39E_1860000_0_0_0.png,picons/39.0e/tring-tv/transparent/1_0_1_9CE_3FC_39E_1860000_0_0_0.png
SOURCE-REVIEW,SOURCE-PASS,"Visual/content triage: rectangular area is a coherent integral brand tile, badge or stripe; no separable unrelated raster/background was found.",c3a2f1ac170afb65b40e29771f073bff4036f6c9d4a7330e17d8fa2aad95d40c,39.0e,tring-tv,1_0_1_A64_3FC_39E_1860000_0_0_0.png,picons/39.0e/tring-tv/transparent/1_0_1_A64_3FC_39E_1860000_0_0_0.png
SOURCE-REVIEW,SOURCE-PASS,"Visual/content triage: rectangular area is a coherent integral brand tile, badge or stripe; no separable unrelated raster/background was found.",7fc3903c301ba1808462e1ff1080187c5ad71c50a36fd409a301aec9755867f0,39.0e,tring-tv,1_0_1_A96_3F2_39E_1860000_0_0_0.png,picons/39.0e/tring-tv/transparent/1_0_1_A96_3F2_39E_1860000_0_0_0.png
SOURCE-REVIEW,SOURCE-PASS,"Visual/content triage: rectangular area is a coherent integral brand tile, badge or stripe; no separable unrelated raster/background was found.",66bd17140af26f87179e8ba6a899cef144fd71fc51218be080f6cb89e70a1cc4,39.0e,tring-tv,1_0_1_AC8_3F2_39E_1860000_0_0_0.png,picons/39.0e/tring-tv/transparent/1_0_1_AC8_3F2_39E_1860000_0_0_0.png
SOURCE-REVIEW,SOURCE-PASS,"Visual/content triage: rectangular area is a coherent integral brand tile, badge or stripe; no separable unrelated raster/background was found.",1d55fa789147d8e7401d66ffed8e2373468d83c2208ba6a8613683614282b4e5,39.0e,tring-tv,1_0_1_AFA_3F2_39E_1860000_0_0_0.png,picons/39.0e/tring-tv/transparent/1_0_1_AFA_3F2_39E_1860000_0_0_0.png
SOURCE-REVIEW,SOURCE-PASS,"Visual/content triage: rectangular area is a coherent integral brand tile, badge or stripe; no separable unrelated raster/background was found.",7edfe30531344568dd07f51eb4a207da0c706431407c41636b161b318c503384,39.0e,tring-tv,1_0_1_B2C_3F2_39E_1860000_0_0_0.png,picons/39.0e/tring-tv/transparent/1_0_1_B2C_3F2_39E_1860000_0_0_0.png
SOURCE-REVIEW,SOURCE-PASS,"Visual/content triage: rectangular area is a coherent integral brand tile, badge or stripe; no separable unrelated raster/background was found.",236e3ff0fafde9bb1d80c28be80483864764cf3bcb1a583f495699a053249afc,39.0e,tring-tv,1_0_1_B5E_3F2_39E_1860000_0_0_0.png,picons/39.0e/tring-tv/transparent/1_0_1_B5E_3F2_39E_1860000_0_0_0.png
SOURCE-REVIEW,SOURCE-PASS,"Visual/content triage: rectangular area is a coherent integral brand tile, badge or stripe; no separable unrelated raster/background was found.",477e86f92bcd3bc96d5ad55b2ab8d13d080f9e3716a17e4cb1f3f367be908871,39.0e,tring-tv,1_0_1_C26_3FC_39E_1860000_0_0_0.png,picons/39.0e/tring-tv/transparent/1_0_1_C26_3FC_39E_1860000_0_0_0.png
SOURCE-REVIEW,SOURCE-PASS,"Visual/content triage: rectangular area is a coherent integral brand tile, badge or stripe; no separable unrelated raster/background was found.",496fcdc6839606c4f7b7263f8895d38398d08cbbd2d93ecea5d31e44a51df40c,39.0e,tring-tv,1_0_1_C58_3F2_39E_1860000_0_0_0.png,picons/39.0e/tring-tv/transparent/1_0_1_C58_3F2_39E_1860000_0_0_0.png
SOURCE-REVIEW,SOURCE-PASS,"Visual/content triage: rectangular area is a coherent integral brand tile, badge or stripe; no separable unrelated raster/background was found.",92fbc4fdf37090cfd7a83570fc4dfc77a5fd8144dfb841f38c2673d0e04f7599,39.0e,tring-tv,1_0_1_C8A_3F2_39E_1860000_0_0_0.png,picons/39.0e/tring-tv/transparent/1_0_1_C8A_3F2_39E_1860000_0_0_0.png
SOURCE-REVIEW,SOURCE-PASS,"Visual/content triage: rectangular area is a coherent integral brand tile, badge or stripe; no separable unrelated raster/background was found.",b84d81a19997123154d01e94912d8c8efd18b8bb8cf4c0b1c8e0568cc5310999,39.0e,tring-tv,1_0_1_C8A_3FC_39E_1860000_0_0_0.png,picons/39.0e/tring-tv/transparent/1_0_1_C8A_3FC_39E_1860000_0_0_0.png
SOURCE-REVIEW,SOURCE-PASS,"Visual/content triage: rectangular area is a coherent integral brand tile, badge or stripe; no separable unrelated raster/background was found.",e7570dfa4ca76759de07bfa75cfea7b49706b7d535c89a6a6e9687c9f160aa96,39.0e,tring-tv,1_0_1_CEE_3F2_39E_1860000_0_0_0.png,picons/39.0e/tring-tv/transparent/1_0_1_CEE_3F2_39E_1860000_0_0_0.png
SOURCE-REVIEW,SOURCE-PASS,"Visual/content triage: rectangular area is a coherent integral brand tile, badge or stripe; no separable unrelated raster/background was found.",dc4cbdfc4480b9c49a9bcde81b03c0ba5709a708f521d7bbe4ba544cca6b0170,39.0e,tring-tv,1_0_1_E7E_3F2_39E_1860000_0_0_0.png,picons/39.0e/tring-tv/transparent/1_0_1_E7E_3F2_39E_1860000_0_0_0.png
SOURCE-REVIEW,SOURCE-PASS,"Visual/content triage: rectangular area is a coherent integral brand tile, badge or stripe; no separable unrelated raster/background was found.",e9d8d73495c4f4ecb53fa618bb523ad48f0f8d947b4b7f28f57992fdff03aca2,39.0e,tring-tv,1_0_1_EB0_3F2_39E_1860000_0_0_0.png,picons/39.0e/tring-tv/transparent/1_0_1_EB0_3F2_39E_1860000_0_0_0.png
SOURCE-REVIEW,SOURCE-PASS,"Visual/content triage: rectangular area is a coherent integral brand tile, badge or stripe; no separable unrelated raster/background was found.",fefb29cc7f096f3f976532c02f2683e9f09bb170923e7c1e82bc1cb1fdc2c124,4.8e,ebu-eurovision,1_0_19_1EE9_2E_55_300000_0_0_0.png,picons/4.8e/ebu-eurovision/transparent/1_0_19_1EE9_2E_55_300000_0_0_0.png
SOURCE-REVIEW,SOURCE-PASS,"Visual/content triage: rectangular area is a coherent integral brand tile, badge or stripe; no separable unrelated raster/background was found.",2f0792bd7c4733a56f9569daa68b3f3630e7b8565ee750d0b9437f6f0b3e5996,4.8e,sis-limited,1_0_1_7_C9_1_300000_0_0_0.png,picons/4.8e/sis-limited/transparent/1_0_1_7_C9_1_300000_0_0_0.png
SOURCE-REVIEW,SOURCE-PASS,"Visual/content triage: rectangular area is a coherent integral brand tile, badge or stripe; no separable unrelated raster/background was found.",09996a992c6b0162f462b36025e221848c5f7d927c7c20b0d08f6a936f7df005,4.8e,sis-limited,1_0_1_8_C9_1_300000_0_0_0.png,picons/4.8e/sis-limited/transparent/1_0_1_8_C9_1_300000_0_0_0.png
SOURCE-REVIEW,SOURCE-PASS,"Visual/content triage: rectangular area is a coherent integral brand tile, badge or stripe; no separable unrelated raster/background was found.",98b371685d357c2c54e5b880afc1736114d9e4ba5f3c34e60332ce130a76b2a0,4.8e,viasat,1_0_16_17F7_C_55_300000_0_0_0.png,picons/4.8e/viasat/transparent/1_0_16_17F7_C_55_300000_0_0_0.png
SOURCE-REVIEW,SOURCE-PASS,"Visual/content triage: rectangular area is a coherent integral brand tile, badge or stripe; no separable unrelated raster/background was found.",64b6b124a62abdea3303dcae74b8c9e0e99600e243a9989467660ff07d62c231,4.8e,viasat,1_0_1F_9F3_18_44_300000_0_0_0.png,picons/4.8e/viasat/transparent/1_0_1F_9F3_18_44_300000_0_0_0.png
SOURCE-REVIEW,SOURCE-PASS,"Visual/content triage: rectangular area is a coherent integral brand tile, badge or stripe; no separable unrelated raster/background was found.",b176996acb15bd1970ddaebd2d09916ddad2460c20d2d012997de9093520e6b7,42.0e,demiroren-medya,1_0_19_77F_9_42_1A40000_0_0_0.png,picons/42.0e/demiroren-medya/transparent/1_0_19_77F_9_42_1A40000_0_0_0.png
SOURCE-REVIEW,SOURCE-PASS,"Visual/content triage: rectangular area is a coherent integral brand tile, badge or stripe; no separable unrelated raster/background was found.",e3b7fef33fba0877f8934b318671f66e13f3bc1b18de008c5c1473a5ce8610ee,42.0e,digital-platform,1_0_11_4270_78B5_2A_1A40000_0_0_0.png,picons/42.0e/digital-platform/transparent/1_0_11_4270_78B5_2A_1A40000_0_0_0.png
SOURCE-REVIEW,SOURCE-PASS,"Visual/content triage: rectangular area is a coherent integral brand tile, badge or stripe; no separable unrelated raster/background was found.",0843c6dcef858b8260993cb46764b6dc4f40c6bc69a22f4ea2a132418a10995f,42.0e,digital-platform,1_0_2_4217_A929_2A_1A40000_0_0_0.png,picons/42.0e/digital-platform/transparent/1_0_2_4217_A929_2A_1A40000_0_0_0.png
SOURCE-REVIEW,SOURCE-PASS,"Visual/content triage: rectangular area is a coherent integral brand tile, badge or stripe; no separable unrelated raster/background was found.",9c91a39eee74c93c30199d0d12bee3dbd7873d883a93f30cac9e4112c3323eb4,42.0e,turksat,1_0_1_4396_EAC5_42E_1A40000_0_0_0.png,picons/42.0e/turksat/transparent/1_0_1_4396_EAC5_42E_1A40000_0_0_0.png
SOURCE-REVIEW,SOURCE-PASS,"Visual/content triage: rectangular area is a coherent integral brand tile, badge or stripe; no separable unrelated raster/background was found.",b2fe8d285edf11ace6afa97610c7751b4d6017bae1d466dc0ed9fa19329dddc3,42.0e,turksat,1_0_1_439B_EAC5_42E_1A40000_0_0_0.png,picons/42.0e/turksat/transparent/1_0_1_439B_EAC5_42E_1A40000_0_0_0.png
SOURCE-REVIEW,SOURCE-PASS,"Visual/content triage: rectangular area is a coherent integral brand tile, badge or stripe; no separable unrelated raster/background was found.",9c91a39eee74c93c30199d0d12bee3dbd7873d883a93f30cac9e4112c3323eb4,42.0e,turksat,1_0_1_43C8_7D6C_42E_1A40000_0_0_0.png,picons/42.0e/turksat/transparent/1_0_1_43C8_7D6C_42E_1A40000_0_0_0.png
SOURCE-REVIEW,SOURCE-PASS,"Visual/content triage: rectangular area is a coherent integral brand tile, badge or stripe; no separable unrelated raster/background was found.",b2fe8d285edf11ace6afa97610c7751b4d6017bae1d466dc0ed9fa19329dddc3,42.0e,turksat,1_0_1_43CD_7D6C_42E_1A40000_0_0_0.png,picons/42.0e/turksat/transparent/1_0_1_43CD_7D6C_42E_1A40000_0_0_0.png
SOURCE-REVIEW,SOURCE-PASS,"Visual/content triage: rectangular area is a coherent integral brand tile, badge or stripe; no separable unrelated raster/background was found.",9fd217192c7e28f01b0eff2188e862582f4dcfa86c3d1a0b4cbb4876123e7077,42.0e,turksat,1_0_1_CA5D_7B0E_42E_1A40000_0_0_0.png,picons/42.0e/turksat/transparent/1_0_1_CA5D_7B0E_42E_1A40000_0_0_0.png
SOURCE-REVIEW,SOURCE-PASS,"Visual/content triage: rectangular area is a coherent integral brand tile, badge or stripe; no separable unrelated raster/background was found.",5d27da88095b4ad036d3e4ddf2a434a853b001a6a8ec7c9188e736b865536214,42.0e,turksat,1_0_1_CA66_9E38_42E_1A40000_0_0_0.png,picons/42.0e/turksat/transparent/1_0_1_CA66_9E38_42E_1A40000_0_0_0.png
SOURCE-REVIEW,SOURCE-PASS,"Visual/content triage: rectangular area is a coherent integral brand tile, badge or stripe; no separable unrelated raster/background was found.",8b1cc2d46f944b4320bfbdd79eb24f34582da2ea4d4ffd1c1fb39fc0198867a2,5.0w,canale-italia,1_0_1_26BA_A801_217C_DDE0000_0_0_0.png,picons/5.0w/canale-italia/transparent/1_0_1_26BA_A801_217C_DDE0000_0_0_0.png
SOURCE-REVIEW,SOURCE-PASS,"Visual/content triage: rectangular area is a coherent integral brand tile, badge or stripe; no separable unrelated raster/background was found.",3023fd03433375c0bab45a8c3f6bf42a7af132fbe59d85574c2937f4ff89379a,5.0w,canale-italia,1_0_1_26C3_A801_217C_DDE0000_0_0_0.png,picons/5.0w/canale-italia/transparent/1_0_1_26C3_A801_217C_DDE0000_0_0_0.png
SOURCE-REVIEW,SOURCE-PASS,"Visual/content triage: rectangular area is a coherent integral brand tile, badge or stripe; no separable unrelated raster/background was found.",4300f08b89b3d435ea5a4e566a793f0b780987090c8833535d650a486181d072,5.0w,eutelsat,1_0_2_BF8_4E84_55F_DDE0000_0_0_0.png,picons/5.0w/eutelsat/transparent/1_0_2_BF8_4E84_55F_DDE0000_0_0_0.png
SOURCE-REVIEW,SOURCE-PASS,"Visual/content triage: rectangular area is a coherent integral brand tile, badge or stripe; no separable unrelated raster/background was found.",2867b2f0c803ca6f640ddab49bd0310a0b6f96f8ccfe0b69d9e88a1111e5f2f7,5.0w,eutelsat,1_0_2_BFB_4E84_55F_DDE0000_0_0_0.png,picons/5.0w/eutelsat/transparent/1_0_2_BFB_4E84_55F_DDE0000_0_0_0.png
SOURCE-REVIEW,SOURCE-PASS,"Visual/content triage: rectangular area is a coherent integral brand tile, badge or stripe; no separable unrelated raster/background was found.",74858f8070ac2caaa9dc8eac5a5892d202ef5293ed51b39da0022adb5a2f9812,5.0w,fm-dvb-tdf-rmv,1_0_2_1004_2711_90_DDE0000_0_0_0.png,picons/5.0w/fm-dvb-tdf-rmv/transparent/1_0_2_1004_2711_90_DDE0000_0_0_0.png
SOURCE-REVIEW,SOURCE-PASS,"Visual/content triage: rectangular area is a coherent integral brand tile, badge or stripe; no separable unrelated raster/background was found.",4300f08b89b3d435ea5a4e566a793f0b780987090c8833535d650a486181d072,5.0w,fm-dvb-tdf-rmv,1_0_2_13EC_2711_90_DDE0000_0_0_0.png,picons/5.0w/fm-dvb-tdf-rmv/transparent/1_0_2_13EC_2711_90_DDE0000_0_0_0.png
SOURCE-REVIEW,SOURCE-PASS,"Visual/content triage: rectangular area is a coherent integral brand tile, badge or stripe; no separable unrelated raster/background was found.",2867b2f0c803ca6f640ddab49bd0310a0b6f96f8ccfe0b69d9e88a1111e5f2f7,5.0w,fm-dvb-tdf-rmv,1_0_2_1518_2711_90_DDE0000_0_0_0.png,picons/5.0w/fm-dvb-tdf-rmv/transparent/1_0_2_1518_2711_90_DDE0000_0_0_0.png
SOURCE-REVIEW,SOURCE-PASS,"Visual/content triage: rectangular area is a coherent integral brand tile, badge or stripe; no separable unrelated raster/background was found.",014cf3c08bfc5eb76f2d24fa7666b804566c85cc1a074c8d9bcaf357453855e4,5.0w,harmonic,1_0_1_26AF_A801_217C_DDE0000_0_0_0.png,picons/5.0w/harmonic/transparent/1_0_1_26AF_A801_217C_DDE0000_0_0_0.png
SOURCE-REVIEW,SOURCE-PASS,"Visual/content triage: rectangular area is a coherent integral brand tile, badge or stripe; no separable unrelated raster/background was found.",06f7ce9d4de94c5e54fc64f1d67403e3111b31d9e68f297814917b1a4bd8a6e5,52.0e,aref,1_0_1_387_20D_73_2080000_0_0_0.png,picons/52.0e/aref/transparent/1_0_1_387_20D_73_2080000_0_0_0.png
SOURCE-REVIEW,SOURCE-PASS,"Visual/content triage: rectangular area is a coherent integral brand tile, badge or stripe; no separable unrelated raster/background was found.",d788b691b07234c07c0069bdb1009264c0745d3eda28fb5c6e41d7cc9fcd9c7d,52.0e,wns,1_0_1_11_211E_211E_2080000_0_0_0.png,picons/52.0e/wns/transparent/1_0_1_11_211E_211E_2080000_0_0_0.png
SOURCE-REVIEW,SOURCE-PASS,"Visual/content triage: rectangular area is a coherent integral brand tile, badge or stripe; no separable unrelated raster/background was found.",99cd24ad50af83126fa81ec655bbfc41af6df21c1f7d7b91c56dad63094d2b62,52.0e,wns,1_0_1_16_211E_211E_2080000_0_0_0.png,picons/52.0e/wns/transparent/1_0_1_16_211E_211E_2080000_0_0_0.png
SOURCE-REVIEW,SOURCE-PASS,"Visual/content triage: rectangular area is a coherent integral brand tile, badge or stripe; no separable unrelated raster/background was found.",f7a603560d8f72424446e3bc3addcf2e1cfd26c129abfcc1a24d0739483ff16d,52.0e,wns,1_0_1_3_194E_194E_2080000_0_0_0.png,picons/52.0e/wns/transparent/1_0_1_3_194E_194E_2080000_0_0_0.png
SOURCE-REVIEW,SOURCE-PASS,"Visual/content triage: rectangular area is a coherent integral brand tile, badge or stripe; no separable unrelated raster/background was found.",6a3c17b4f97c18db2554f65336c2d968e1651c6c2cb54d53ab7d188911ba0e69,52.0e,wns,1_0_1_4_3_1_2080000_0_0_0.png,picons/52.0e/wns/transparent/1_0_1_4_3_1_2080000_0_0_0.png
SOURCE-REVIEW,SOURCE-PASS,"Visual/content triage: rectangular area is a coherent integral brand tile, badge or stripe; no separable unrelated raster/background was found.",4cb549413377de559d37df7b316fe7ef476bfb67de035fcb43513c11608d7371,54.9e,htb,1_0_2_D9C7_22D_70_2250000_0_0_0.png,picons/54.9e/htb/transparent/1_0_2_D9C7_22D_70_2250000_0_0_0.png
SOURCE-REVIEW,SOURCE-PASS,"Visual/content triage: rectangular area is a coherent integral brand tile, badge or stripe; no separable unrelated raster/background was found.",cafd6b34f6b5fba6ddf4efc8af42d1c538ece02b29f0c6010110ff6d27cb6864,7.0e,rai-radio-televisione-italiana,1_0_1_1_1_1_46AB79_0_0_0.png,picons/7.0e/rai-radio-televisione-italiana/transparent/1_0_1_1_1_1_46AB79_0_0_0.png
SOURCE-REVIEW,SOURCE-PASS,"Visual/content triage: rectangular area is a coherent integral brand tile, badge or stripe; no separable unrelated raster/background was found.",1a287cb849d3f992f4c6ce93c1d308684666c84bf350bb5b4ae902101b64f62d,7.0w,du,1_0_1_E_9C68_77E_DCA0000_0_0_0.png,picons/7.0w/du/transparent/1_0_1_E_9C68_77E_DCA0000_0_0_0.png
SOURCE-REVIEW,SOURCE-PASS,"Visual/content triage: rectangular area is a coherent integral brand tile, badge or stripe; no separable unrelated raster/background was found.",2a9c439bbe4f3a9b1856c9fc2147141a0f5378cbd43c41c105f1bdf9365f77d2,7.0w,eutelsat,1_0_2_407_320_800_DCA0000_0_0_0.png,picons/7.0w/eutelsat/transparent/1_0_2_407_320_800_DCA0000_0_0_0.png
SOURCE-REVIEW,SOURCE-PASS,"Visual/content triage: rectangular area is a coherent integral brand tile, badge or stripe; no separable unrelated raster/background was found.",6e18b4f3935914baae8961e79d695a71fec170c0113c7bee08aa682f06f009ae,7.0w,nilesat,1_0_1_51C_D_800_DCA0000_0_0_0.png,picons/7.0w/nilesat/transparent/1_0_1_51C_D_800_DCA0000_0_0_0.png
SOURCE-REVIEW,SOURCE-PASS,"Visual/content triage: rectangular area is a coherent integral brand tile, badge or stripe; no separable unrelated raster/background was found.",339fa07ace40019ea1e8a742e473030ae97388cfe75421ff7f137204a063c9d5,7.0w,nilesat,1_0_1_648_10_800_DCA0000_0_0_0.png,picons/7.0w/nilesat/transparent/1_0_1_648_10_800_DCA0000_0_0_0.png
SOURCE-REVIEW,SOURCE-PASS,"Visual/content triage: rectangular area is a coherent integral brand tile, badge or stripe; no separable unrelated raster/background was found.",d042226785f670f283afbe60163780eeaa1710fcf158cd3d53757f0593c04a94,7.0w,sba,1_0_1_A2C_0_0_DCA2FFC_0_0_0.png,picons/7.0w/sba/transparent/1_0_1_A2C_0_0_DCA2FFC_0_0_0.png
SOURCE-REVIEW,SOURCE-PASS,"Visual/content triage: rectangular area is a coherent integral brand tile, badge or stripe; no separable unrelated raster/background was found.",6e18b4f3935914baae8961e79d695a71fec170c0113c7bee08aa682f06f009ae,7.0w,snrt,1_0_1_2_9D08_77E_DCA0000_0_0_0.png,picons/7.0w/snrt/transparent/1_0_1_2_9D08_77E_DCA0000_0_0_0.png
SOURCE-REVIEW,SOURCE-PASS,"Visual/content triage: rectangular area is a coherent integral brand tile, badge or stripe; no separable unrelated raster/background was found.",dbbca495bfdce93e4dc6b1cefdd5c126b1cf4fd26ac8032ccb9e73f15ae1e4d4,7.0w,soread-2m,1_0_1_169_C9_800_DCA0000_0_0_0.png,picons/7.0w/soread-2m/transparent/1_0_1_169_C9_800_DCA0000_0_0_0.png
SOURCE-REVIEW,SOURCE-PASS,"Visual/content triage: rectangular area is a coherent integral brand tile, badge or stripe; no separable unrelated raster/background was found.",97197e0b6fb1951ee8ab78316c1ef7f719142a921697ed4cc4fcc947e7b21e4e,7.0w,stn,1_0_1_25C_C21_6E_DCA0000_0_0_0.png,picons/7.0w/stn/transparent/1_0_1_25C_C21_6E_DCA0000_0_0_0.png
SOURCE-REVIEW,SOURCE-PASS,"Visual/content triage: rectangular area is a coherent integral brand tile, badge or stripe; no separable unrelated raster/background was found.",8a300a0933cdac4dbe423de3be102a767f39a268682f11394de0409ee5826253,7.0w,tda,1_0_2_14_1_FFFF_DCA2DA0_0_0_0.png,picons/7.0w/tda/transparent/1_0_2_14_1_FFFF_DCA2DA0_0_0_0.png
SOURCE-REVIEW,SOURCE-PASS,"Visual/content triage: rectangular area is a coherent integral brand tile, badge or stripe; no separable unrelated raster/background was found.",a0bac930ac9aff159a7b4cc7793feb5362d9f187b02ca579d422162a521675f4,7.0w,viewmedia,1_0_1_2_1_FFFF_DCA2A3F_0_0_0.png,picons/7.0w/viewmedia/transparent/1_0_1_2_1_FFFF_DCA2A3F_0_0_0.png
SOURCE-REVIEW,SOURCE-PASS,"Visual/content triage: rectangular area is a coherent integral brand tile, badge or stripe; no separable unrelated raster/background was found.",a0bac930ac9aff159a7b4cc7793feb5362d9f187b02ca579d422162a521675f4,7.0w,viewmedia,1_0_1_32_1_FFFF_DCA2A3F_0_0_0.png,picons/7.0w/viewmedia/transparent/1_0_1_32_1_FFFF_DCA2A3F_0_0_0.png
SOURCE-REVIEW,RECOVERY-SEARCH,Canonical PLAN B TELEVISION fake-transparent: semi-transparent dark raster rectangle surrounds the wordmark; visible bbox fill/edge/corners are 1.0.,25d4857741b6329f8c3e813669f661c0b8ac9d248698470a42c98f2da1ba0efd,80.0e,orion-express,1_0_1_198_CA_1_3200000_0_0_0.png,picons/80.0e/orion-express/transparent/1_0_1_198_CA_1_3200000_0_0_0.png
SOURCE-REVIEW,SOURCE-PASS,"Visual/content triage: rectangular area is a coherent integral brand tile, badge or stripe; no separable unrelated raster/background was found.",135b67a8fb9cda5ed388e2497ad8fd1f3e5657bfa63bd8d5c223746bfc974e8c,80.0e,orion-express,1_0_1_200_CB_1_3200000_0_0_0.png,picons/80.0e/orion-express/transparent/1_0_1_200_CB_1_3200000_0_0_0.png
SOURCE-REVIEW,RECOVERY-SEARCH,Canonical PLAN B TELEVISION fake-transparent: semi-transparent dark raster rectangle surrounds the wordmark; visible bbox fill/edge/corners are 1.0.,25d4857741b6329f8c3e813669f661c0b8ac9d248698470a42c98f2da1ba0efd,80.0e,orion-express,1_0_1_353_D1_1_3200000_0_0_0.png,picons/80.0e/orion-express/transparent/1_0_1_353_D1_1_3200000_0_0_0.png
SOURCE-REVIEW,SOURCE-PASS,"Visual/content triage: rectangular area is a coherent integral brand tile, badge or stripe; no separable unrelated raster/background was found.",13c9d27c8d5245a367b31d05191b9908ea1ea86fabb25f461694cb6ef35643e3,80.0e,orion-express,1_0_1_396_CF_1_3200000_0_0_0.png,picons/80.0e/orion-express/transparent/1_0_1_396_CF_1_3200000_0_0_0.png
SOURCE-REVIEW,SOURCE-PASS,"Visual/content triage: rectangular area is a coherent integral brand tile, badge or stripe; no separable unrelated raster/background was found.",40d27c0a4a76cf6a3590cb0467a829aa78b7054c2c766f1ded19a9b71b937dbd,80.0e,orion-express,1_0_1_D0_66_1_3200000_0_0_0.png,picons/80.0e/orion-express/transparent/1_0_1_D0_66_1_3200000_0_0_0.png
SOURCE-REVIEW,SOURCE-PASS,"Visual/content triage: rectangular area is a coherent integral brand tile, badge or stripe; no separable unrelated raster/background was found.",8cc65a99667eb74bb13dc11f61f3ed7325981f6c64d48163901ac3a23513c9aa,80.0e,rscc,1_0_1_1_13_1113_3200000_0_0_0.png,picons/80.0e/rscc/transparent/1_0_1_1_13_1113_3200000_0_0_0.png
SOURCE-REVIEW,SOURCE-PASS,"Visual/content triage: rectangular area is a coherent integral brand tile, badge or stripe; no separable unrelated raster/background was found.",c77c757e2cebe5e670241e9bdec40be4f17b60ef25ad25ffbd2d938cea98d444,80.0e,rscc,1_0_2_B_14_1113_3200000_0_0_0.png,picons/80.0e/rscc/transparent/1_0_2_B_14_1113_3200000_0_0_0.png
SOURCE-REVIEW,SOURCE-PASS,"Visual/content triage: rectangular area is a coherent integral brand tile, badge or stripe; no separable unrelated raster/background was found.",4472b913cc75337d3b76a6a68b9472f002602c1563ddda30ad899f5492c8d04f,9.0e,canale-italia,1_0_1_12CD_48E1_217C_5A0000_0_0_0.png,picons/9.0e/canale-italia/transparent/1_0_1_12CD_48E1_217C_5A0000_0_0_0.png
SOURCE-REVIEW,SOURCE-PASS,"Visual/content triage: rectangular area is a coherent integral brand tile, badge or stripe; no separable unrelated raster/background was found.",4472b913cc75337d3b76a6a68b9472f002602c1563ddda30ad899f5492c8d04f,9.0e,canale-italia,1_0_1_139A_50E1_217C_5A0000_0_0_0.png,picons/9.0e/canale-italia/transparent/1_0_1_139A_50E1_217C_5A0000_0_0_0.png
SOURCE-REVIEW,SOURCE-PASS,"Visual/content triage: rectangular area is a coherent integral brand tile, badge or stripe; no separable unrelated raster/background was found.",4472b913cc75337d3b76a6a68b9472f002602c1563ddda30ad899f5492c8d04f,9.0e,canale-italia,1_0_1_1775_60E1_217C_5A0000_0_0_0.png,picons/9.0e/canale-italia/transparent/1_0_1_1775_60E1_217C_5A0000_0_0_0.png
SOURCE-REVIEW,SOURCE-PASS,"Visual/content triage: rectangular area is a coherent integral brand tile, badge or stripe; no separable unrelated raster/background was found.",8070d762cc8641a5c014454d0c9cf21546e771f395b38876ee017ad57e86a797,9.0e,canale-italia,1_0_1_1789_60E1_217C_5A0000_0_0_0.png,picons/9.0e/canale-italia/transparent/1_0_1_1789_60E1_217C_5A0000_0_0_0.png
SOURCE-REVIEW,SOURCE-PASS,"Visual/content triage: rectangular area is a coherent integral brand tile, badge or stripe; no separable unrelated raster/background was found.",4472b913cc75337d3b76a6a68b9472f002602c1563ddda30ad899f5492c8d04f,9.0e,canale-italia,1_0_1_1A9C_68E1_217C_5A0000_0_0_0.png,picons/9.0e/canale-italia/transparent/1_0_1_1A9C_68E1_217C_5A0000_0_0_0.png
SOURCE-REVIEW,SOURCE-PASS,"Visual/content triage: rectangular area is a coherent integral brand tile, badge or stripe; no separable unrelated raster/background was found.",4472b913cc75337d3b76a6a68b9472f002602c1563ddda30ad899f5492c8d04f,9.0e,canale-italia,1_0_1_1B62_70E1_217C_5A0000_0_0_0.png,picons/9.0e/canale-italia/transparent/1_0_1_1B62_70E1_217C_5A0000_0_0_0.png
SOURCE-REVIEW,SOURCE-PASS,"Visual/content triage: rectangular area is a coherent integral brand tile, badge or stripe; no separable unrelated raster/background was found.",8070d762cc8641a5c014454d0c9cf21546e771f395b38876ee017ad57e86a797,9.0e,canale-italia,1_0_1_1B76_70E1_217C_5A0000_0_0_0.png,picons/9.0e/canale-italia/transparent/1_0_1_1B76_70E1_217C_5A0000_0_0_0.png
SOURCE-REVIEW,SOURCE-PASS,"Visual/content triage: rectangular area is a coherent integral brand tile, badge or stripe; no separable unrelated raster/background was found.",4472b913cc75337d3b76a6a68b9472f002602c1563ddda30ad899f5492c8d04f,9.0e,canale-italia,1_0_1_1F60_80E3_217C_5A0000_0_0_0.png,picons/9.0e/canale-italia/transparent/1_0_1_1F60_80E3_217C_5A0000_0_0_0.png
SOURCE-REVIEW,SOURCE-PASS,"Visual/content triage: rectangular area is a coherent integral brand tile, badge or stripe; no separable unrelated raster/background was found.",4472b913cc75337d3b76a6a68b9472f002602c1563ddda30ad899f5492c8d04f,9.0e,canale-italia,1_0_1_2652_98E1_217C_5A0000_0_0_0.png,picons/9.0e/canale-italia/transparent/1_0_1_2652_98E1_217C_5A0000_0_0_0.png
SOURCE-REVIEW,SOURCE-PASS,"Visual/content triage: rectangular area is a coherent integral brand tile, badge or stripe; no separable unrelated raster/background was found.",8070d762cc8641a5c014454d0c9cf21546e771f395b38876ee017ad57e86a797,9.0e,canale-italia,1_0_1_2666_98E1_217C_5A0000_0_0_0.png,picons/9.0e/canale-italia/transparent/1_0_1_2666_98E1_217C_5A0000_0_0_0.png
SOURCE-REVIEW,SOURCE-PASS,"Visual/content triage: rectangular area is a coherent integral brand tile, badge or stripe; no separable unrelated raster/background was found.",4472b913cc75337d3b76a6a68b9472f002602c1563ddda30ad899f5492c8d04f,9.0e,canale-italia,1_0_1_3EE_10E1_217C_5A0000_0_0_0.png,picons/9.0e/canale-italia/transparent/1_0_1_3EE_10E1_217C_5A0000_0_0_0.png
SOURCE-REVIEW,SOURCE-PASS,"Visual/content triage: rectangular area is a coherent integral brand tile, badge or stripe; no separable unrelated raster/background was found.",94be39687e46d7bde1978258f16363bfc126910164eca739dd28db097e1a5be5,9.0e,canale-italia,1_0_1_3EF_10E1_217C_5A0000_0_0_0.png,picons/9.0e/canale-italia/transparent/1_0_1_3EF_10E1_217C_5A0000_0_0_0.png
SOURCE-REVIEW,SOURCE-PASS,"Visual/content triage: rectangular area is a coherent integral brand tile, badge or stripe; no separable unrelated raster/background was found.",4472b913cc75337d3b76a6a68b9472f002602c1563ddda30ad899f5492c8d04f,9.0e,canale-italia,1_0_1_70B_18E1_217C_5A0000_0_0_0.png,picons/9.0e/canale-italia/transparent/1_0_1_70B_18E1_217C_5A0000_0_0_0.png
SOURCE-REVIEW,SOURCE-PASS,"Visual/content triage: rectangular area is a coherent integral brand tile, badge or stripe; no separable unrelated raster/background was found.",39b3e56260a82190bcdb35672a9e957d2cb03489ccd39745d867ae10ac72cff3,9.0e,canale-italia,1_0_1_714_18E1_217C_5A0000_0_0_0.png,picons/9.0e/canale-italia/transparent/1_0_1_714_18E1_217C_5A0000_0_0_0.png
SOURCE-REVIEW,SOURCE-PASS,"Visual/content triage: rectangular area is a coherent integral brand tile, badge or stripe; no separable unrelated raster/background was found.",3023fd03433375c0bab45a8c3f6bf42a7af132fbe59d85574c2937f4ff89379a,9.0e,canale-italia,1_0_1_71F_18E1_217C_5A0000_0_0_0.png,picons/9.0e/canale-italia/transparent/1_0_1_71F_18E1_217C_5A0000_0_0_0.png
SOURCE-REVIEW,SOURCE-PASS,"Visual/content triage: rectangular area is a coherent integral brand tile, badge or stripe; no separable unrelated raster/background was found.",4472b913cc75337d3b76a6a68b9472f002602c1563ddda30ad899f5492c8d04f,9.0e,canale-italia,1_0_1_AFB_28E1_217C_5A0000_0_0_0.png,picons/9.0e/canale-italia/transparent/1_0_1_AFB_28E1_217C_5A0000_0_0_0.png
SOURCE-REVIEW,SOURCE-PASS,"Visual/content triage: rectangular area is a coherent integral brand tile, badge or stripe; no separable unrelated raster/background was found.",3023fd03433375c0bab45a8c3f6bf42a7af132fbe59d85574c2937f4ff89379a,9.0e,canale-italia,1_0_1_B0F_28E1_217C_5A0000_0_0_0.png,picons/9.0e/canale-italia/transparent/1_0_1_B0F_28E1_217C_5A0000_0_0_0.png
SOURCE-REVIEW,SOURCE-PASS,"Visual/content triage: rectangular area is a coherent integral brand tile, badge or stripe; no separable unrelated raster/background was found.",4472b913cc75337d3b76a6a68b9472f002602c1563ddda30ad899f5492c8d04f,9.0e,canale-italia,1_0_1_FA9_40E1_217C_5A0000_0_0_0.png,picons/9.0e/canale-italia/transparent/1_0_1_FA9_40E1_217C_5A0000_0_0_0.png
SOURCE-REVIEW,SOURCE-PASS,"Visual/content triage: rectangular area is a coherent integral brand tile, badge or stripe; no separable unrelated raster/background was found.",8070d762cc8641a5c014454d0c9cf21546e771f395b38876ee017ad57e86a797,9.0e,canale-italia,1_0_1_FBD_40E1_217C_5A0000_0_0_0.png,picons/9.0e/canale-italia/transparent/1_0_1_FBD_40E1_217C_5A0000_0_0_0.png
SOURCE-REVIEW,SOURCE-PASS,"Visual/content triage: rectangular area is a coherent integral brand tile, badge or stripe; no separable unrelated raster/background was found.",8b623b3e9b8c77a7a755b983d2b09f18bb2b2d9d70fa5c9fd397f199a744847d,9.0e,epiqa,1_0_16_1C02_384_110_5A0000_0_0_0.png,picons/9.0e/epiqa/transparent/1_0_16_1C02_384_110_5A0000_0_0_0.png
SOURCE-REVIEW,SOURCE-PASS,"Visual/content triage: rectangular area is a coherent integral brand tile, badge or stripe; no separable unrelated raster/background was found.",f781b6ad2c1cb0cddecc380814edc4fe16a4f0636e02feabf1373a0de740115a,9.0e,m7-group,1_0_1_200_2134_9C_5A0000_0_0_0.png,picons/9.0e/m7-group/transparent/1_0_1_200_2134_9C_5A0000_0_0_0.png
SOURCE-REVIEW,SOURCE-PASS,"Visual/content triage: rectangular area is a coherent integral brand tile, badge or stripe; no separable unrelated raster/background was found.",b9b9484a35932ae46a48b6560f2a94bff64c5781134eb2f20e62da742a3f2fd0,9.0e,ote,1_0_1_3E9_2_AA_5A0000_0_0_0.png,picons/9.0e/ote/transparent/1_0_1_3E9_2_AA_5A0000_0_0_0.png
SOURCE-REVIEW,SOURCE-PASS,"Visual/content triage: rectangular area is a coherent integral brand tile, badge or stripe; no separable unrelated raster/background was found.",b9b9484a35932ae46a48b6560f2a94bff64c5781134eb2f20e62da742a3f2fd0,9.0e,ote,1_0_1_3EF_5_AA_5A0000_0_0_0.png,picons/9.0e/ote/transparent/1_0_1_3EF_5_AA_5A0000_0_0_0.png
SOURCE-REVIEW,SOURCE-PASS,"Visual/content triage: rectangular area is a coherent integral brand tile, badge or stripe; no separable unrelated raster/background was found.",b9b9484a35932ae46a48b6560f2a94bff64c5781134eb2f20e62da742a3f2fd0,9.0e,ote,1_0_1_3F3_5_AA_5A0000_0_0_0.png,picons/9.0e/ote/transparent/1_0_1_3F3_5_AA_5A0000_0_0_0.png
SOURCE-REVIEW,SOURCE-PASS,"Visual/content triage: rectangular area is a coherent integral brand tile, badge or stripe; no separable unrelated raster/background was found.",b9b9484a35932ae46a48b6560f2a94bff64c5781134eb2f20e62da742a3f2fd0,9.0e,ote,1_0_1_3F6_2_AA_5A0000_0_0_0.png,picons/9.0e/ote/transparent/1_0_1_3F6_2_AA_5A0000_0_0_0.png
SOURCE-REVIEW,SOURCE-PASS,"Visual/content triage: rectangular area is a coherent integral brand tile, badge or stripe; no separable unrelated raster/background was found.",b9b9484a35932ae46a48b6560f2a94bff64c5781134eb2f20e62da742a3f2fd0,9.0e,ote,1_0_1_3FA_6_AA_5A0000_0_0_0.png,picons/9.0e/ote/transparent/1_0_1_3FA_6_AA_5A0000_0_0_0.png
SOURCE-REVIEW,SOURCE-PASS,"Visual/content triage: rectangular area is a coherent integral brand tile, badge or stripe; no separable unrelated raster/background was found.",b9b9484a35932ae46a48b6560f2a94bff64c5781134eb2f20e62da742a3f2fd0,9.0e,ote,1_0_1_41F_5_AA_5A0000_0_0_0.png,picons/9.0e/ote/transparent/1_0_1_41F_5_AA_5A0000_0_0_0.png
SOURCE-REVIEW,SOURCE-PASS,"Visual/content triage: rectangular area is a coherent integral brand tile, badge or stripe; no separable unrelated raster/background was found.",b9b9484a35932ae46a48b6560f2a94bff64c5781134eb2f20e62da742a3f2fd0,9.0e,ote,1_0_1_448_4_AA_5A0000_0_0_0.png,picons/9.0e/ote/transparent/1_0_1_448_4_AA_5A0000_0_0_0.png
SOURCE-REVIEW,SOURCE-PASS,"Visual/content triage: rectangular area is a coherent integral brand tile, badge or stripe; no separable unrelated raster/background was found.",b9b9484a35932ae46a48b6560f2a94bff64c5781134eb2f20e62da742a3f2fd0,9.0e,ote,1_0_1_456_5_AA_5A0000_0_0_0.png,picons/9.0e/ote/transparent/1_0_1_456_5_AA_5A0000_0_0_0.png
SOURCE-REVIEW,SOURCE-PASS,"Visual/content triage: rectangular area is a coherent integral brand tile, badge or stripe; no separable unrelated raster/background was found.",b9b9484a35932ae46a48b6560f2a94bff64c5781134eb2f20e62da742a3f2fd0,9.0e,ote,1_0_1_45A_1_AA_5A0000_0_0_0.png,picons/9.0e/ote/transparent/1_0_1_45A_1_AA_5A0000_0_0_0.png
SOURCE-REVIEW,SOURCE-PASS,"Visual/content triage: rectangular area is a coherent integral brand tile, badge or stripe; no separable unrelated raster/background was found.",b9b9484a35932ae46a48b6560f2a94bff64c5781134eb2f20e62da742a3f2fd0,9.0e,ote,1_0_1_45F_1_AA_5A0000_0_0_0.png,picons/9.0e/ote/transparent/1_0_1_45F_1_AA_5A0000_0_0_0.png
SOURCE-REVIEW,SOURCE-PASS,"Visual/content triage: rectangular area is a coherent integral brand tile, badge or stripe; no separable unrelated raster/background was found.",b9b9484a35932ae46a48b6560f2a94bff64c5781134eb2f20e62da742a3f2fd0,9.0e,ote,1_0_1_46B_8_AA_5A0000_0_0_0.png,picons/9.0e/ote/transparent/1_0_1_46B_8_AA_5A0000_0_0_0.png
